Record_ID,Date,Country,Population,New_Cases,New_Deaths,Recovered,Active_Cases,Tests_Conducted,Vaccinations,Positivity_Rate,Hospitalized,ICU_Patients
1,2020-01-01,UK,172644825,7296,25,1222.0,6074,94848,65737657.0,0.0769,1143.0,377
2,2020-01-02,Japan,28513338,44348,758,8607.0,35741,310436,19813640.0,0.1429,2082.0,15
3,2020-01-03,UK,26151125,14328,238,6049.0,8279,71640,18832259.0,0.2,11731.0,332
4,2020-01-04,Germany,189260488,35713,429,21267.0,14446,678547,158179802.0,0.0526,425.0,388
5,2020-01-05,UK,43858220,45753,432,23455.0,22298,594789,10434052.0,0.0769,22059.0,52
6,2020-01-06,Germany,25896273,24898,99,13135.0,11763,398368,20257684.0,0.0625,1423.0,373
7,2020-01-07,Germany,124325926,35142,127,10335.0,24807,245994,74093639.0,0.1429,23700.0,295
8,2020-01-08,Germany,52617074,46174,71,43171.0,3003,554088,51879738.0,0.0833,5229.0,437
9,2020-01-09,Canada,63489327,6619,389,4342.0,2277,125761,42660060.0,0.0526,1332.0,189
10,2020-01-10,Brazil,96367253,13730,686,9356.0,4374,96110,81756179.0,0.1429,8751.0,373
11,2020-01-11,France,66715932,10708,473,4492.0,6216,139204,66405787.0,0.0769,3598.0,350
12,2020-01-12,Japan,88048983,3665,234,299.0,3366,21990,42339391.0,0.1667,1096.0,33
13,2020-01-13,Australia,57635274,37170,897,16548.0,20622,408870,43985744.0,0.0909,25928.0,452
14,2020-01-14,France,173564235,30071,146,21392.0,8679,270639,66203567.0,0.1111,17661.0,134
15,2020-01-15,UK,157923607,28077,919,8956.0,19121,477309,97172681.0,0.0588,4532.0,260
16,2020-01-16,Brazil,133477149,5957,773,5572.0,385,47656,20514014.0,0.125,5574.0,216
17,2020-01-17,Germany,161097331,4163,394,1037.0,3126,79097,142033050.0,0.0526,94.0,348
18,2020-01-18,Canada,194467291,7507,698,259.0,7248,97591,172056873.0,0.0769,913.0,150
19,2020-01-19,Brazil,117706409,10365,464,10312.0,53,134745,67187530.0,0.0769,8317.0,467
20,2020-01-20,Canada,29564437,40979,305,7709.0,33270,450769,5128434.0,0.0909,10587.0,276
21,2020-01-21,Canada,143365729,37,20,6.0,31,185,30029263.0,0.2,19.0,122
22,2020-01-22,Australia,16549169,15785,899,6490.0,9295,110495,1437026.0,0.1429,13369.0,35
23,2020-01-23,France,143997222,8241,131,454.0,7787,82410,71150596.0,0.1,6932.0,493
24,2020-01-24,Canada,57854146,35343,773,22161.0,13182,494802,26775919.0,0.0714,28711.0,460
25,2020-01-25,Canada,139935707,29588,123,21465.0,8123,355056,17186821.0,0.0833,689.0,301
26,2020-01-26,India,149692176,15080,602,11472.0,3608,75400,19057061.0,0.2,3750.0,34
27,2020-01-27,Australia,9432351,21654,72,4807.0,16847,259848,4672073.0,0.0833,7020.0,276
28,2020-01-28,Australia,36517190,47405,957,9982.0,37423,948100,16307268.0,0.05,26677.0,97
29,2020-01-29,Japan,26320389,6352,674,2821.0,3531,101632,14212940.0,0.0625,3825.0,442
30,2020-01-30,Japan,196709809,3550,689,874.0,2676,28400,16270590.0,0.125,2982.0,173
31,2020-01-31,Japan,30331682,16295,196,13179.0,3116,309605,4703737.0,0.0526,3006.0,142
32,2020-02-01,France,125185777,16371,895,1245.0,15126,114597,59476001.0,0.1429,1604.0,25
33,2020-02-02,Brazil,176058811,35427,856,34460.0,967,247989,63452636.0,0.1429,26634.0,248
34,2020-02-03,Japan,130213667,14008,885,7438.0,6570,84048,22097220.0,0.1667,35.0,199
35,2020-02-04,UK,72189903,29819,292,15958.0,13861,596380,20776478.0,0.05,9722.0,111
36,2020-02-05,Canada,16698989,37957,753,2424.0,35533,227742,12548947.0,0.1667,3746.0,25
37,2020-02-06,France,157813979,31246,514,1120.0,30126,312460,15268494.0,0.1,2625.0,435
38,2020-02-07,USA,50882009,4490,609,3934.0,556,53880,27096918.0,0.0833,2016.0,296
39,2020-02-08,Italy,160590021,2604,634,2269.0,335,46872,156678336.0,0.0556,2141.0,161
40,2020-02-09,Germany,70998758,13386,685,1652.0,11734,200790,32035886.0,0.0667,6484.0,67
41,2020-02-10,India,181305471,42303,307,12339.0,29964,634545,19473144.0,0.0667,30034.0,318
42,2020-02-11,Germany,152127454,6552,75,2148.0,4404,72072,135797388.0,0.0909,1085.0,477
43,2020-02-12,Brazil,94686345,4508,900,2507.0,2001,72128,38250360.0,0.0625,3589.0,426
44,2020-02-13,USA,146818960,46107,309,6021.0,40086,230535,80363870.0,0.2,8800.0,135
45,2020-02-14,Germany,31985146,7014,760,2482.0,4532,63126,9138489.0,0.1111,4954.0,107
46,2020-02-15,Australia,193632554,22471,208,1689.0,20782,292123,135669711.0,0.0769,8228.0,463
47,2020-02-16,India,14636224,6048,649,2579.0,3469,78624,739653.0,0.0769,2732.0,394
48,2020-02-17,France,36116634,41753,268,31164.0,10589,793307,28701583.0,0.0526,633.0,57
49,2020-02-18,Italy,21198118,45286,925,35518.0,9768,271716,12388832.0,0.1667,36210.0,75
50,2020-02-19,India,116369993,8352,42,3302.0,5050,133632,106853726.0,0.0625,5862.0,107
51,2020-02-20,Japan,184090883,16353,682,14669.0,1684,261648,150292587.0,0.0625,15955.0,317
52,2020-02-21,India,42487595,15514,885,12852.0,2662,155140,27668609.0,0.1,2938.0,377
53,2020-02-22,Brazil,90170356,26982,821,5031.0,21951,323784,35810056.0,0.0833,25800.0,359
54,2020-02-23,UK,30016698,25070,893,23802.0,1268,501400,7463637.0,0.05,15083.0,179
55,2020-02-24,Canada,82924049,14915,228,14528.0,387,164065,53481198.0,0.0909,4564.0,442
56,2020-02-25,Canada,19634991,18292,359,1600.0,16692,310964,17992414.0,0.0588,904.0,59
57,2020-02-26,Italy,71119420,11702,594,7353.0,4349,70212,14549543.0,0.1667,7119.0,176
58,2020-02-27,Italy,196567325,20557,446,693.0,19864,164456,103400110.0,0.125,6228.0,130
59,2020-02-28,Japan,12914918,46450,446,46340.0,110,510950,6110622.0,0.0909,4585.0,485
60,2020-02-29,France,179304945,21639,638,11353.0,10286,173112,80617145.0,0.125,10134.0,341
61,2020-03-01,Japan,110627137,21376,412,11688.0,9688,192384,25748341.0,0.1111,12423.0,346
62,2020-03-02,India,47715108,40338,582,20615.0,19723,685746,36771443.0,0.0588,19914.0,146
63,2020-03-03,Australia,57420484,28173,804,9169.0,19004,422595,31204829.0,0.0667,14488.0,345
64,2020-03-04,France,58365033,33500,484,22380.0,11120,234500,19044583.0,0.1429,21966.0,47
65,2020-03-05,India,64047058,44092,317,29370.0,14722,485012,9888757.0,0.0909,3028.0,125
66,2020-03-06,Italy,128543440,40060,870,35288.0,4772,761140,55625330.0,0.0526,12742.0,367
67,2020-03-07,India,187926170,25164,506,12069.0,13095,301968,39613380.0,0.0833,24607.0,440
68,2020-03-08,France,29611809,27862,224,22099.0,5763,529378,1685049.0,0.0526,8165.0,469
69,2020-03-09,Australia,33576951,29914,136,3654.0,26260,568366,21293505.0,0.0526,20075.0,417
70,2020-03-10,Australia,194078632,33081,436,3858.0,29223,330810,127419448.0,0.1,16986.0,384
71,2020-03-11,Germany,67367911,41789,283,7626.0,34163,835780,32111036.0,0.05,28827.0,39
72,2020-03-12,France,192540741,18725,240,9822.0,8903,280875,85821382.0,0.0667,2640.0,70
73,2020-03-13,USA,41488297,15155,392,3786.0,11369,136395,14358134.0,0.1111,6797.0,208
74,2020-03-14,Japan,89820296,35560,477,8312.0,27248,213360,27760841.0,0.1667,25524.0,463
75,2020-03-15,India,157787623,45581,20,7853.0,37728,774877,128038272.0,0.0588,23052.0,152
76,2020-03-16,UK,105686243,27460,551,2966.0,24494,329520,65529051.0,0.0833,8943.0,223
77,2020-03-17,Brazil,131363531,1902,398,1214.0,688,32334,97197979.0,0.0588,1721.0,239
78,2020-03-18,USA,35259824,40780,546,39013.0,1767,693260,1818787.0,0.0588,28089.0,69
79,2020-03-19,UK,124936233,11909,51,7647.0,4262,202453,43936531.0,0.0588,7449.0,167
80,2020-03-20,Germany,91597113,49887,900,,24846,648531,,0.0769,,240
81,2020-03-21,USA,6203160,49088,552,45675.0,3413,785408,1880911.0,0.0625,42713.0,20
82,2020-03-22,UK,9329551,16205,204,2456.0,13749,81025,2556551.0,0.2,2068.0,242
83,2020-03-23,Canada,180706491,7496,577,5711.0,1785,142424,68784893.0,0.0526,1374.0,310
84,2020-03-24,USA,164006756,49016,735,41510.0,7506,490160,83493874.0,0.1,37924.0,13
85,2020-03-25,USA,84740385,37735,693,13139.0,24596,641495,26619372.0,0.0588,15915.0,52
86,2020-03-26,India,188151321,19764,870,90.0,19674,158112,151916362.0,0.125,11377.0,272
87,2020-03-27,Japan,115991846,43353,379,38834.0,4519,650295,1698142.0,0.0667,32125.0,54
88,2020-03-28,Brazil,117373051,23736,650,8672.0,15064,213624,58450095.0,0.1111,17096.0,494
89,2020-03-29,Japan,175605833,17700,630,66.0,17634,354000,124788603.0,0.05,8794.0,165
90,2020-03-30,Australia,66899606,5679,285,1987.0,3692,68148,50363610.0,0.0833,4668.0,312
91,2020-03-31,Brazil,180365476,24837,344,23897.0,940,496740,87245326.0,0.05,15976.0,108
92,2020-04-01,India,96247600,16931,348,7768.0,9163,220103,74597009.0,0.0769,16928.0,485
93,2020-04-02,UK,52286319,5610,247,2281.0,3329,112200,37257244.0,0.05,3900.0,330
94,2020-04-03,Germany,192083740,32166,458,6184.0,25982,160830,24978818.0,0.2,7261.0,207
95,2020-04-04,France,186700200,15945,313,5067.0,10878,255120,127039895.0,0.0625,8698.0,176
96,2020-04-05,Australia,115220309,48885,563,27207.0,21678,782160,94335593.0,0.0625,17754.0,156
97,2020-04-06,USA,68485660,15108,123,3291.0,11817,166188,42352128.0,0.0909,12171.0,274
98,2020-04-07,Italy,186264368,12133,196,8588.0,3545,242660,74222303.0,0.05,8595.0,305
99,2020-04-08,Canada,76966884,6588,852,,1590,92232,,0.0714,,154
100,2020-04-09,India,4797922,46400,546,38105.0,8295,603200,381813.0,0.0769,36264.0,149
101,2020-04-10,Italy,188211554,8275,653,233.0,8042,66200,3292468.0,0.125,4658.0,240
102,2020-04-11,Australia,129503866,28866,348,22825.0,6041,173196,33887075.0,0.1667,3738.0,420
103,2020-04-12,Brazil,18540494,26260,503,23833.0,2427,157560,5091113.0,0.1667,18443.0,485
104,2020-04-13,Italy,82560225,5582,254,4612.0,970,100476,81378577.0,0.0556,5066.0,115
105,2020-04-14,Germany,141276996,24928,461,10421.0,14507,348992,115113132.0,0.0714,18632.0,317
106,2020-04-15,Germany,17167949,39952,983,33449.0,6503,439472,7080830.0,0.0909,5320.0,80
107,2020-04-16,Japan,65388318,11391,565,10162.0,1229,113910,179564.0,0.1,7381.0,352
108,2020-04-17,Germany,160399978,30796,298,29727.0,1069,369552,77337566.0,0.0833,23035.0,440
109,2020-04-18,Italy,122878106,4664,703,2752.0,1912,60632,105740487.0,0.0769,1620.0,217
110,2020-04-19,Brazil,31810028,35688,230,25924.0,9764,463944,27737139.0,0.0769,4679.0,30
111,2020-04-20,USA,45539558,20159,609,1508.0,18651,282226,29471089.0,0.0714,15358.0,352
112,2020-04-21,USA,82628856,45857,412,28016.0,17841,917140,58755000.0,0.05,39192.0,20
113,2020-04-22,USA,116971811,48138,330,8574.0,39564,625794,3471527.0,0.0769,15002.0,492
114,2020-04-23,India,182005589,37696,601,36337.0,1359,490048,154685122.0,0.0769,11481.0,240
115,2020-04-24,Australia,140308294,42697,452,24468.0,18229,426970,117006984.0,0.1,5979.0,240
116,2020-04-25,Canada,94405085,26761,341,16241.0,10520,214088,21585546.0,0.125,13488.0,355
117,2020-04-26,USA,134001453,18888,678,5766.0,13122,113328,61045700.0,0.1667,10306.0,129
118,2020-04-27,India,87778146,7597,993,1269.0,6328,129149,69067939.0,0.0588,5387.0,445
119,2020-04-28,Canada,146651358,30276,423,28500.0,1776,333036,139167515.0,0.0909,20402.0,387
120,2020-04-29,France,134813222,40986,452,37604.0,3382,450846,71687363.0,0.0909,8586.0,474
121,2020-04-30,India,78317235,28712,901,5832.0,22880,574240,16297533.0,0.05,20644.0,311
122,2020-05-01,Japan,65235923,46516,162,26151.0,20365,232580,37060964.0,0.2,6108.0,115
123,2020-05-02,Germany,31456987,30241,969,26392.0,3849,272169,16722706.0,0.1111,16674.0,361
124,2020-05-03,Australia,74396936,27229,854,11419.0,15810,544580,32713008.0,0.05,18063.0,74
125,2020-05-04,Germany,103968087,12491,943,2671.0,9820,112419,9369750.0,0.1111,6798.0,174
126,2020-05-05,Italy,137294795,17509,840,17425.0,84,245126,80142975.0,0.0714,16044.0,443
127,2020-05-06,France,40888278,29264,551,13394.0,15870,468224,22309667.0,0.0625,24997.0,278
128,2020-05-07,UK,102256553,29841,955,19297.0,10544,328251,93616654.0,0.0909,18736.0,196
129,2020-05-08,Japan,63696440,26920,44,16494.0,10426,538400,47327041.0,0.05,12651.0,339
130,2020-05-09,Italy,176025017,9968,507,9362.0,606,89712,134832753.0,0.1111,5439.0,445
131,2020-05-10,Brazil,27941416,28855,102,11621.0,17234,548245,514979.0,0.0526,13434.0,445
132,2020-05-11,Italy,176766522,10116,76,2424.0,7692,131508,90881839.0,0.0769,6512.0,332
133,2020-05-12,Australia,22559479,21532,872,4047.0,17485,366044,10625385.0,0.0588,17728.0,18
134,2020-05-13,Japan,166748012,4484,240,2130.0,2354,53808,24261017.0,0.0833,806.0,389
135,2020-05-14,Germany,171120386,46130,893,39544.0,6586,876470,44658206.0,0.0526,1897.0,23
136,2020-05-15,Brazil,88073661,3677,300,2209.0,1468,58832,57805802.0,0.0625,1000.0,271
137,2020-05-16,USA,111609298,37088,698,25288.0,11800,370880,23497411.0,0.1,25070.0,317
138,2020-05-17,Australia,184377542,15783,509,828.0,14955,142047,62327610.0,0.1111,10451.0,130
139,2020-05-18,Germany,124365016,16733,682,16426.0,307,317927,120958281.0,0.0526,5176.0,37
140,2020-05-19,Germany,119575935,22646,601,12844.0,9802,407628,92652311.0,0.0556,14969.0,432
141,2020-05-20,Japan,82100168,13055,393,5139.0,7916,104440,31837210.0,0.125,9370.0,183
142,2020-05-21,Germany,155299903,19390,716,9716.0,9674,96950,106248295.0,0.2,265.0,289
143,2020-05-22,UK,185092899,48802,996,45588.0,3214,976040,76824657.0,0.05,39784.0,410
144,2020-05-23,Brazil,95575436,14352,651,11237.0,3115,186576,90968005.0,0.0769,10293.0,49
145,2020-05-24,Italy,169432003,42358,40,22112.0,20246,804802,8956222.0,0.0526,23911.0,374
146,2020-05-25,Brazil,36275588,5906,931,3489.0,2417,88590,27883940.0,0.0667,1644.0,67
147,2020-05-26,Germany,145796166,23976,543,7534.0,16442,311688,44169557.0,0.0769,15789.0,495
148,2020-05-27,USA,80226429,48926,891,26728.0,22198,391408,62858374.0,0.125,9224.0,386
149,2020-05-28,France,61562982,44323,741,126.0,44197,753491,56756951.0,0.0588,23971.0,46
150,2020-05-29,Canada,106917802,912,270,363.0,549,7296,61040347.0,0.125,688.0,383
151,2020-05-30,UK,181480109,17181,598,4696.0,12485,274896,29083935.0,0.0625,15449.0,12
152,2020-05-31,Germany,167308344,36792,335,22285.0,14507,257544,124625866.0,0.1429,26758.0,59
153,2020-06-01,USA,38521107,2971,968,2819.0,152,41594,33059478.0,0.0714,398.0,120
154,2020-06-02,Japan,145296568,8890,397,1458.0,7432,142240,145006818.0,0.0625,2531.0,453
155,2020-06-03,India,112369717,42920,101,10851.0,32069,772560,37546086.0,0.0556,24283.0,111
156,2020-06-04,Canada,120019740,29143,973,21407.0,7736,466288,13335151.0,0.0625,17841.0,461
157,2020-06-05,USA,174094378,23506,62,10460.0,13046,305578,50951346.0,0.0769,14900.0,46
158,2020-06-06,Canada,178910628,13900,657,3423.0,10477,69500,13577065.0,0.2,3990.0,64
159,2020-06-07,UK,152552746,13448,70,912.0,12536,147928,57968999.0,0.0909,5383.0,396
160,2020-06-08,France,40608772,39058,2,20887.0,18171,351522,8723624.0,0.1111,16426.0,408
161,2020-06-09,India,47841214,7204,676,107.0,7097,36020,8845165.0,0.2,2934.0,404
162,2020-06-10,India,64869278,38591,331,37557.0,1034,385910,17808512.0,0.1,8307.0,379
163,2020-06-11,Canada,114000739,34477,116,30312.0,4165,689540,60166480.0,0.05,33635.0,303
164,2020-06-12,France,30273962,29622,515,22363.0,7259,177732,24402225.0,0.1667,9883.0,234
165,2020-06-13,USA,173695449,2041,62,1061.0,980,34697,114426953.0,0.0588,1004.0,364
166,2020-06-14,Brazil,120067856,4816,920,4155.0,661,72240,81644298.0,0.0667,538.0,64
167,2020-06-15,Italy,74824044,40915,648,2553.0,38362,613725,51124122.0,0.0667,34770.0,150
168,2020-06-16,USA,122793305,33131,619,4938.0,28193,265048,106447555.0,0.125,14091.0,220
169,2020-06-17,Japan,122213348,14974,423,9421.0,5553,284506,53516659.0,0.0526,11953.0,48
170,2020-06-18,Brazil,84899059,27968,320,,21794,363584,,0.0769,,472
171,2020-06-19,USA,128310317,4399,93,3700.0,699,30793,57965485.0,0.1429,3052.0,415
172,2020-06-20,Canada,35927601,36462,61,14859.0,21603,291696,27568900.0,0.125,27717.0,444
173,2020-06-21,USA,194558252,3371,991,2193.0,1178,47194,94394305.0,0.0714,2367.0,259
174,2020-06-22,USA,58106638,10140,672,2240.0,7900,121680,56859652.0,0.0833,5736.0,432
175,2020-06-23,France,150321376,24088,117,14960.0,9128,289056,115188984.0,0.0833,20372.0,314
176,2020-06-24,Brazil,182187681,42119,570,40399.0,1720,547547,7772061.0,0.0769,17909.0,359
177,2020-06-25,Italy,83942444,22270,359,22070.0,200,222700,19226889.0,0.1,21539.0,205
178,2020-06-26,UK,19679195,9297,758,8795.0,502,65079,17800045.0,0.1429,6163.0,214
179,2020-06-27,Canada,122774614,22340,161,10215.0,12125,312760,96850971.0,0.0714,18598.0,305
180,2020-06-28,USA,23805481,3447,159,2803.0,644,20682,22614637.0,0.1667,1114.0,226
181,2020-06-29,Germany,178687815,27788,497,7896.0,19892,527972,111181601.0,0.0526,7063.0,386
182,2020-06-30,Italy,138531915,7459,353,3938.0,3521,59672,76033395.0,0.125,3986.0,269
183,2020-07-01,India,180082033,20212,46,12987.0,7225,343604,160880069.0,0.0588,251.0,104
184,2020-07-02,Canada,81911642,13843,785,11595.0,2248,179959,38848936.0,0.0769,1965.0,3
185,2020-07-03,France,134515857,48956,440,37442.0,11514,440604,102061158.0,0.1111,46115.0,117
186,2020-07-04,India,135288150,36616,853,13406.0,23210,256312,106587980.0,0.1429,28588.0,9
187,2020-07-05,Japan,124414341,5102,882,2538.0,2564,91836,76960402.0,0.0556,3421.0,148
188,2020-07-06,Italy,31916617,26544,21,15902.0,10642,265440,26887909.0,0.1,15076.0,425
189,2020-07-07,Japan,186115785,23714,90,9404.0,14310,189712,65314768.0,0.125,19296.0,205
190,2020-07-08,Canada,141650125,5154,405,2613.0,2541,77310,59477796.0,0.0667,1377.0,39
191,2020-07-09,Canada,138031813,41499,116,6726.0,34773,456489,93784709.0,0.0909,9679.0,120
192,2020-07-10,Brazil,28596380,9597,262,6365.0,3232,95970,20213155.0,0.1,1234.0,90
193,2020-07-11,Italy,169563715,32382,475,7661.0,24721,615258,151529609.0,0.0526,10590.0,442
194,2020-07-12,Australia,169367390,20718,154,6308.0,14410,145026,125875045.0,0.1429,20689.0,155
195,2020-07-13,Australia,74732150,38759,57,15695.0,23064,271313,41662236.0,0.1429,29616.0,19
196,2020-07-14,USA,16271307,24165,851,14759.0,9406,169155,10815708.0,0.1429,20152.0,304
197,2020-07-15,Italy,137114981,25197,473,6181.0,19016,151182,120724470.0,0.1667,21359.0,96
198,2020-07-16,Australia,87309183,39649,487,6792.0,32857,356841,8304547.0,0.1111,6783.0,415
199,2020-07-17,UK,93190875,46813,86,13747.0,33066,468130,5253567.0,0.1,46374.0,224
200,2020-07-18,Germany,118956389,34345,535,23942.0,10403,549520,50043345.0,0.0625,25389.0,209
201,2020-07-19,Canada,91829739,44492,612,,3431,667380,,0.0667,,285
202,2020-07-20,USA,183101068,25333,290,17076.0,8257,227997,89486191.0,0.1111,19095.0,339
203,2020-07-21,Italy,38964391,22925,317,1428.0,21497,389725,8653799.0,0.0588,2776.0,158
204,2020-07-22,USA,151034500,24686,658,13923.0,10763,222174,141302636.0,0.1111,21168.0,343
205,2020-07-23,Brazil,114657281,33324,370,32130.0,1194,533184,41455302.0,0.0625,14037.0,174
206,2020-07-24,Germany,131532356,12583,231,10330.0,2253,113247,10356922.0,0.1111,1657.0,259
207,2020-07-25,Italy,145893609,48407,904,,34506,290442,,0.1667,,305
208,2020-07-26,Australia,102124970,10109,166,7147.0,2962,101090,96795543.0,0.1,715.0,210
209,2020-07-27,Germany,98790878,44326,736,28760.0,15566,842194,81952730.0,0.0526,29420.0,119
210,2020-07-28,Canada,144347527,15674,316,2426.0,13248,313480,52080821.0,0.05,11113.0,484
211,2020-07-29,France,154120789,28874,472,3662.0,25212,404236,102508101.0,0.0714,17283.0,214
212,2020-07-30,India,44502159,13087,820,3181.0,9906,117783,16777431.0,0.1111,10505.0,246
213,2020-07-31,USA,100646490,36342,956,29619.0,6723,290736,38260510.0,0.125,10506.0,139
214,2020-08-01,Australia,121613208,33643,150,4973.0,28670,235501,29801436.0,0.1429,22910.0,476
215,2020-08-02,Japan,8159225,27190,54,14199.0,12991,435040,1977849.0,0.0625,2674.0,191
216,2020-08-03,Brazil,61274165,1847,326,1645.0,202,27705,53108655.0,0.0667,281.0,19
217,2020-08-04,Australia,78008601,30962,712,3729.0,27233,278658,62962895.0,0.1111,20163.0,2
218,2020-08-05,Italy,22267007,1245,262,804.0,441,11205,18414814.0,0.1111,1080.0,216
219,2020-08-06,UK,30846495,18881,243,9013.0,9868,151048,1602205.0,0.125,13756.0,327
220,2020-08-07,France,168184438,29957,64,,3632,599140,,0.05,,323
221,2020-08-08,India,139345119,37686,247,28277.0,9409,527604,115222938.0,0.0714,23122.0,123
222,2020-08-09,Canada,154186375,27300,191,5530.0,21770,191100,140521814.0,0.1429,2217.0,488
223,2020-08-10,Australia,142213006,35656,519,2389.0,33267,178280,104811625.0,0.2,2853.0,325
224,2020-08-11,Canada,104852662,24464,259,23932.0,532,391424,9067690.0,0.0625,7901.0,375
225,2020-08-12,India,177390118,41173,106,3038.0,38135,617595,35811865.0,0.0667,23088.0,279
226,2020-08-13,Brazil,91878087,42126,179,11677.0,30449,842520,84790150.0,0.05,8837.0,32
227,2020-08-14,UK,193211881,29994,37,20379.0,9615,329934,11759157.0,0.0909,29025.0,21
228,2020-08-15,India,85717106,20321,527,7272.0,13049,406420,33999198.0,0.05,6262.0,146
229,2020-08-16,USA,96824525,3132,886,447.0,2685,46980,36670512.0,0.0667,1507.0,223
230,2020-08-17,Australia,108380027,48713,450,23374.0,25339,730695,25074182.0,0.0667,45355.0,254
231,2020-08-18,Japan,99608938,34031,273,28617.0,5414,612558,10593403.0,0.0556,11826.0,279
232,2020-08-19,Germany,79857323,21050,105,18427.0,2623,315750,39680122.0,0.0667,14611.0,308
233,2020-08-20,Australia,193646170,27925,170,5323.0,22602,530575,94367675.0,0.0526,1387.0,372
234,2020-08-21,Japan,95639419,40294,445,22301.0,17993,241764,10071854.0,0.1667,23809.0,262
235,2020-08-22,Australia,183377896,10484,975,9974.0,510,94356,163094108.0,0.1111,570.0,64
236,2020-08-23,Japan,19047818,15466,797,4896.0,10570,247456,12151757.0,0.0625,9293.0,16
237,2020-08-24,Australia,163428906,10055,695,2684.0,7371,160880,99861581.0,0.0625,1259.0,293
238,2020-08-25,UK,37962248,34698,375,8613.0,26085,520470,18702553.0,0.0667,7434.0,13
239,2020-08-26,USA,198481216,12192,511,3710.0,8482,207264,150772870.0,0.0588,4288.0,396
240,2020-08-27,UK,70871002,46139,456,32077.0,14062,645946,65927774.0,0.0714,8037.0,69
241,2020-08-28,Canada,20878193,29625,176,178.0,29447,562875,2945768.0,0.0526,21883.0,177
242,2020-08-29,Brazil,191465824,4255,563,1877.0,2378,59570,42279992.0,0.0714,2961.0,260
243,2020-08-30,Australia,61194400,7953,205,1465.0,6488,71577,15887096.0,0.1111,215.0,184
244,2020-08-31,USA,149718997,37504,377,6873.0,30631,337536,23143292.0,0.1111,20269.0,203
245,2020-09-01,Italy,193450397,47111,490,12660.0,34451,847998,109906474.0,0.0556,4833.0,64
246,2020-09-02,Canada,86101467,42096,75,12607.0,29489,799824,69438885.0,0.0526,8410.0,449
247,2020-09-03,France,148989390,41929,601,30004.0,11925,377361,116130086.0,0.1111,3631.0,425
248,2020-09-04,Canada,34329247,33954,156,14023.0,19931,339540,10869418.0,0.1,14776.0,177
249,2020-09-05,France,140290564,18615,866,,2584,241995,,0.0769,,64
250,2020-09-06,Brazil,168778162,19845,629,2364.0,17481,138915,134908451.0,0.1429,19392.0,482
251,2020-09-07,India,156866109,10105,175,191.0,9914,151575,151295064.0,0.0667,464.0,41
252,2020-09-08,UK,13203559,42038,789,4239.0,37799,546494,10924148.0,0.0769,37495.0,213
253,2020-09-09,Australia,166922216,41876,31,9237.0,32639,586264,81092771.0,0.0714,16048.0,412
254,2020-09-10,India,184875828,26613,304,11752.0,14861,186291,184848298.0,0.1429,5179.0,225
255,2020-09-11,Brazil,112567612,31735,475,25050.0,6685,476025,81424562.0,0.0667,10242.0,441
256,2020-09-12,Canada,193834068,20926,751,9609.0,11317,355742,35102271.0,0.0588,16874.0,287
257,2020-09-13,Australia,29503533,20913,247,5628.0,15285,167304,8974860.0,0.125,8123.0,72
258,2020-09-14,Brazil,26987681,3316,297,1743.0,1573,59688,8330568.0,0.0556,1341.0,478
259,2020-09-15,France,156071683,47259,320,34819.0,12440,472590,133752136.0,0.1,30593.0,255
260,2020-09-16,Australia,83823204,32595,23,29645.0,2950,554115,67839607.0,0.0588,31676.0,123
261,2020-09-17,Australia,58752390,38230,361,35042.0,3188,229380,18881504.0,0.1667,30840.0,146
262,2020-09-18,Canada,145066826,535,110,94.0,441,4815,70993902.0,0.1111,412.0,187
263,2020-09-19,France,13144663,26252,52,7566.0,18686,288772,6082139.0,0.0909,9456.0,37
264,2020-09-20,USA,104709722,33046,461,14715.0,18331,264368,17268907.0,0.125,25814.0,191
265,2020-09-21,Italy,92022516,36558,961,12598.0,23960,329022,26717096.0,0.1111,33365.0,205
266,2020-09-22,Australia,135238641,2638,46,2479.0,159,23742,89399933.0,0.1111,2127.0,233
267,2020-09-23,Italy,40980954,39731,914,5947.0,33784,357579,22009415.0,0.1111,20875.0,83
268,2020-09-24,France,106482942,40402,757,20792.0,19610,606030,68090664.0,0.0667,34887.0,250
269,2020-09-25,Canada,191250892,36891,306,5769.0,31122,184455,98880296.0,0.2,7183.0,213
270,2020-09-26,Italy,157686350,20163,815,19290.0,873,403260,71277782.0,0.05,18927.0,116
271,2020-09-27,Italy,194649368,3365,597,1398.0,1967,33650,140722545.0,0.1,3172.0,430
272,2020-09-28,USA,103056566,9684,841,5716.0,3968,58104,76849080.0,0.1667,3125.0,9
273,2020-09-29,UK,119390389,20558,428,15596.0,4962,370044,92677376.0,0.0556,13447.0,256
274,2020-09-30,France,165142391,30907,893,3108.0,27799,185442,37066234.0,0.1667,6794.0,287
275,2020-10-01,Brazil,88254819,43399,489,8962.0,34437,737783,42111160.0,0.0588,30124.0,467
276,2020-10-02,UK,144110206,22434,559,10825.0,11609,291642,129971107.0,0.0769,8077.0,142
277,2020-10-03,Australia,150810244,19562,230,9810.0,9752,273868,55640709.0,0.0714,10388.0,245
278,2020-10-04,Italy,94631139,36732,956,18811.0,17921,514248,16357665.0,0.0714,35598.0,194
279,2020-10-05,Germany,106906498,22618,977,17819.0,4799,316652,5646068.0,0.0714,2589.0,177
280,2020-10-06,France,119749432,42989,262,11593.0,31396,472879,27121108.0,0.0909,17768.0,477
281,2020-10-07,UK,151865563,45624,278,,8996,364992,,0.125,,342
282,2020-10-08,Japan,143550365,14789,653,10975.0,3814,88734,26896684.0,0.1667,5411.0,367
283,2020-10-09,France,127809958,6589,697,275.0,6314,59301,695441.0,0.1111,1293.0,208
284,2020-10-10,Canada,176259575,31175,488,9859.0,21316,342925,77106753.0,0.0909,9352.0,330
285,2020-10-11,Brazil,16881335,5862,667,1159.0,4703,70344,1251521.0,0.0833,3423.0,451
286,2020-10-12,Germany,48187920,2381,856,,1626,47620,,0.05,,4
287,2020-10-13,Australia,81099049,37221,617,30189.0,7032,558315,38193218.0,0.0667,35605.0,268
288,2020-10-14,UK,133583605,8794,871,533.0,8261,167086,36619573.0,0.0526,1845.0,169
289,2020-10-15,India,44619220,47914,469,5428.0,42486,622882,12495608.0,0.0769,22092.0,404
290,2020-10-16,Japan,80194970,37210,690,24551.0,12659,372100,54423996.0,0.1,33769.0,167
291,2020-10-17,Australia,24283493,26269,685,23144.0,3125,262690,4718151.0,0.1,10603.0,479
292,2020-10-18,Germany,67584632,447,133,251.0,196,5364,59959826.0,0.0833,168.0,154
293,2020-10-19,UK,157353117,47374,586,46625.0,749,615862,96516529.0,0.0769,4071.0,341
294,2020-10-20,France,32735741,30500,314,25267.0,5233,518500,23020810.0,0.0588,30248.0,458
295,2020-10-21,Italy,189859652,20380,706,16533.0,3847,285320,98661814.0,0.0714,7236.0,112
296,2020-10-22,France,36854597,31338,156,16430.0,14908,501408,27906926.0,0.0625,29910.0,241
297,2020-10-23,France,145288805,43522,845,29209.0,14313,522264,21976893.0,0.0833,29278.0,270
298,2020-10-24,France,189915781,23709,79,5223.0,18486,189672,16578049.0,0.125,16563.0,103
299,2020-10-25,Australia,154733435,35170,153,24387.0,10783,527550,139678118.0,0.0667,7617.0,348
300,2020-10-26,Australia,56137041,46983,597,14948.0,32035,328881,34250710.0,0.1429,3646.0,232
301,2020-10-27,Germany,36418538,33636,425,3700.0,29936,201816,31029682.0,0.1667,1426.0,202
302,2020-10-28,Japan,69305339,197,190,142.0,55,1379,6078694.0,0.1429,88.0,358
303,2020-10-29,Germany,18115421,35465,61,30942.0,4523,709300,1064845.0,0.05,26795.0,92
304,2020-10-30,Australia,37353909,42042,746,14494.0,27548,672672,25667772.0,0.0625,24739.0,192
305,2020-10-31,Canada,22541943,44743,987,1372.0,43371,402687,21928965.0,0.1111,7774.0,91
306,2020-11-01,India,145219226,25759,541,21587.0,4172,309108,932354.0,0.0833,9776.0,237
307,2020-11-02,UK,181791240,47126,557,19331.0,27795,801142,61649978.0,0.0588,30187.0,177
308,2020-11-03,Italy,42640077,18064,193,14367.0,3697,108384,28134760.0,0.1667,512.0,123
309,2020-11-04,India,56319614,4409,103,4134.0,275,83771,40116665.0,0.0526,2004.0,379
310,2020-11-05,India,12874707,26362,449,18684.0,7678,289982,12656491.0,0.0909,4591.0,257
311,2020-11-06,Italy,78648567,15346,835,332.0,15014,230190,77507357.0,0.0667,12657.0,344
312,2020-11-07,UK,87077887,15525,309,1169.0,14356,139725,69961132.0,0.1111,6775.0,153
313,2020-11-08,France,74861069,3994,570,109.0,3885,39940,57337891.0,0.1,2030.0,24
314,2020-11-09,Japan,93453150,42160,687,17181.0,24979,632400,55878146.0,0.0667,9779.0,153
315,2020-11-10,UK,102055262,12050,772,3237.0,8813,241000,32342202.0,0.05,4927.0,439
316,2020-11-11,Japan,190938701,9460,825,1874.0,7586,56760,150964329.0,0.1667,6824.0,285
317,2020-11-12,Canada,143268594,8787,397,4809.0,3978,114231,54582788.0,0.0769,1295.0,472
318,2020-11-13,Germany,121738730,24318,94,6767.0,17551,267498,6917129.0,0.0909,12359.0,344
319,2020-11-14,France,163395248,39513,40,34744.0,4769,434643,157728295.0,0.0909,14222.0,245
320,2020-11-15,USA,57073236,21821,310,21319.0,502,240031,12752274.0,0.0909,15693.0,468
321,2020-11-16,UK,66120611,45588,618,32186.0,13402,774996,61413097.0,0.0588,36181.0,164
322,2020-11-17,Germany,76983125,24947,477,7461.0,17486,399152,41395738.0,0.0625,11784.0,262
323,2020-11-18,UK,134486856,30540,100,4234.0,26306,610800,85961967.0,0.05,12147.0,160
324,2020-11-19,Germany,112113535,2996,576,2090.0,906,26964,2176998.0,0.1111,2266.0,478
325,2020-11-20,UK,157774869,37954,737,10588.0,27366,531356,40912626.0,0.0714,21618.0,117
326,2020-11-21,Canada,102962462,37341,853,,16104,746820,,0.05,,390
327,2020-11-22,Canada,132163226,47419,657,15268.0,32151,900961,22579937.0,0.0526,11092.0,71
328,2020-11-23,India,194357690,35818,500,23757.0,12061,214908,140645258.0,0.1667,4871.0,483
329,2020-11-24,UK,180372745,3179,782,3153.0,26,57222,36907600.0,0.0556,278.0,362
330,2020-11-25,India,41541712,599,223,82.0,517,11381,25045074.0,0.0526,494.0,337
331,2020-11-26,France,131957415,1030,6,188.0,842,5150,2244945.0,0.2,562.0,274
332,2020-11-27,USA,77957369,1123,514,242.0,881,11230,14363501.0,0.1,1073.0,76
333,2020-11-28,Canada,65684579,12578,634,3953.0,8625,163514,54708111.0,0.0769,4379.0,407
334,2020-11-29,UK,107541072,5178,382,1852.0,3326,98382,75833309.0,0.0526,1850.0,153
335,2020-11-30,Japan,184621025,5283,669,5024.0,259,36981,108791064.0,0.1429,3089.0,282
336,2020-12-01,Australia,128776646,3677,652,3639.0,38,36770,11097943.0,0.1,3462.0,222
337,2020-12-02,UK,174115969,21710,579,18586.0,3124,130260,61677475.0,0.1667,18572.0,243
338,2020-12-03,Italy,73771524,3051,946,2747.0,304,39663,72884346.0,0.0769,2695.0,16
339,2020-12-04,Japan,49145106,20610,16,13822.0,6788,185490,47829252.0,0.1111,2521.0,153
340,2020-12-05,Brazil,44607406,36959,246,11456.0,25503,554385,25759483.0,0.0667,5139.0,256
341,2020-12-06,Canada,93840952,3519,100,1729.0,1790,42228,10202996.0,0.0833,2478.0,393
342,2020-12-07,Australia,165783193,39033,406,17644.0,21389,195165,73370664.0,0.2,32152.0,116
343,2020-12-08,Italy,96512341,36243,963,11640.0,24603,652374,24929311.0,0.0556,24908.0,43
344,2020-12-09,Germany,167058439,19357,817,11282.0,8075,135499,22021911.0,0.1429,5053.0,194
345,2020-12-10,USA,192039380,41543,157,16009.0,25534,623145,96824731.0,0.0667,5997.0,2
346,2020-12-11,Brazil,83749915,29146,368,4199.0,24947,378898,13721268.0,0.0769,2860.0,95
347,2020-12-12,India,116690182,29415,570,11238.0,18177,529470,13863742.0,0.0556,2936.0,181
348,2020-12-13,India,149772246,6099,611,1200.0,4899,91485,103411517.0,0.0667,2390.0,211
349,2020-12-14,France,105099150,5550,742,,4583,66600,,0.0833,,350
350,2020-12-15,Australia,103201975,11108,142,,4405,155512,,0.0714,,32
351,2020-12-16,USA,45884394,28486,282,14688.0,13798,398804,32496213.0,0.0714,11833.0,128
352,2020-12-17,USA,67193516,47244,640,14752.0,32492,519684,61453148.0,0.0909,8879.0,155
353,2020-12-18,Australia,2816601,25932,340,5610.0,20322,440844,1382198.0,0.0588,10968.0,220
354,2020-12-19,UK,175761374,38954,139,19265.0,19689,584310,161923291.0,0.0667,31392.0,160
355,2020-12-20,Australia,48684141,26099,991,15642.0,10457,365386,46637826.0,0.0714,18870.0,400
356,2020-12-21,USA,66075276,21357,385,12173.0,9184,363069,24495778.0,0.0588,18476.0,102
357,2020-12-22,Australia,159974732,35758,184,33995.0,1763,679402,56277062.0,0.0526,19092.0,425
358,2020-12-23,Germany,186981554,4532,838,1181.0,3351,90640,37360610.0,0.05,1982.0,129
359,2020-12-24,Australia,177808495,10101,732,3169.0,6932,171717,19854864.0,0.0588,9796.0,245
360,2020-12-25,India,157294938,26267,547,9667.0,16600,472806,145933648.0,0.0556,25910.0,495
361,2020-12-26,UK,97510462,45982,916,10796.0,35186,321874,14679315.0,0.1429,43096.0,340
362,2020-12-27,Japan,96296954,10901,662,863.0,10038,65406,75594147.0,0.1667,5432.0,494
363,2020-12-28,France,116549530,6943,10,6136.0,807,90259,29796480.0,0.0769,6118.0,265
364,2020-12-29,Canada,150785216,38044,704,346.0,37698,456528,119662769.0,0.0833,25633.0,237
365,2020-12-30,India,183416786,38573,707,5775.0,32798,347157,92601477.0,0.1111,31638.0,53
366,2020-12-31,Canada,80304483,27261,942,24448.0,2813,218088,19015320.0,0.125,10220.0,175
367,2021-01-01,USA,123227422,13557,533,5645.0,7912,216912,63909453.0,0.0625,7178.0,369
368,2021-01-02,USA,188035965,29651,326,27450.0,2201,415114,11994515.0,0.0714,740.0,434
369,2021-01-03,Brazil,93094285,42465,111,31694.0,10771,509580,69255529.0,0.0833,36169.0,81
370,2021-01-04,Brazil,89849359,36690,436,6409.0,30281,440280,54364546.0,0.0833,12215.0,327
371,2021-01-05,Italy,177444748,28320,405,27364.0,956,311520,120681873.0,0.0909,14075.0,199
372,2021-01-06,Italy,2194548,46185,219,32699.0,13486,600405,262411.0,0.0769,6668.0,409
373,2021-01-07,USA,145120046,12252,374,,5340,134772,,0.0909,,343
374,2021-01-08,Japan,132394854,34584,989,14045.0,20539,587928,82048427.0,0.0588,7486.0,178
375,2021-01-09,Italy,95485232,30006,632,24353.0,5653,420084,82474715.0,0.0714,2777.0,344
376,2021-01-10,Brazil,36956330,20524,120,12707.0,7817,287336,7848308.0,0.0714,12232.0,355
377,2021-01-11,Japan,38945645,33477,397,6068.0,27409,301293,38574580.0,0.1111,27724.0,95
378,2021-01-12,Germany,131639541,41648,550,30295.0,11353,416480,65718640.0,0.1,9194.0,95
379,2021-01-13,Australia,85444429,29556,634,27800.0,1756,472896,1286267.0,0.0625,4473.0,99
380,2021-01-14,Australia,104064229,36803,517,4365.0,32438,662454,91898431.0,0.0556,27238.0,363
381,2021-01-15,UK,120145545,32027,171,29319.0,2708,160135,106821324.0,0.2,9571.0,16
382,2021-01-16,Italy,74780268,14735,550,10006.0,4729,147350,61380637.0,0.1,12165.0,395
383,2021-01-17,France,133959663,36026,523,28607.0,7419,288208,35955440.0,0.125,24042.0,277
384,2021-01-18,USA,12169739,49807,736,20882.0,28925,547877,7132912.0,0.0909,48233.0,424
385,2021-01-19,Germany,176468661,49240,253,29730.0,19510,295440,120724107.0,0.1667,22844.0,441
386,2021-01-20,Italy,24349322,28774,886,24928.0,3846,345288,7042342.0,0.0833,22581.0,179
387,2021-01-21,Brazil,191791562,39994,647,11934.0,28060,399940,165396828.0,0.1,13541.0,416
388,2021-01-22,France,56550763,3890,583,2454.0,1436,50570,40054441.0,0.0769,689.0,165
389,2021-01-23,USA,189992992,19178,296,411.0,18767,249314,138087221.0,0.0769,4442.0,492
390,2021-01-24,Brazil,111487018,3885,283,334.0,3551,34965,94143874.0,0.1111,1022.0,74
391,2021-01-25,Brazil,191963600,21108,848,12997.0,8111,358836,131388077.0,0.0588,18921.0,323
392,2021-01-26,USA,73133210,41144,424,16557.0,24587,781736,10135622.0,0.0526,26401.0,263
393,2021-01-27,Canada,75685639,45528,958,21341.0,24187,865032,65504221.0,0.0526,38139.0,1
394,2021-01-28,France,197689108,6104,748,2349.0,3755,97664,17000200.0,0.0625,3258.0,111
395,2021-01-29,Germany,116331441,13883,506,9484.0,4399,208245,111178398.0,0.0667,5533.0,280
396,2021-01-30,India,156137881,8558,579,607.0,7951,128370,12994762.0,0.0667,1631.0,320
397,2021-01-31,India,124368040,1067,127,744.0,323,20273,61272827.0,0.0526,876.0,103
398,2021-02-01,USA,185842474,8645,903,3700.0,4945,86450,73556539.0,0.1,5905.0,128
399,2021-02-02,Japan,23124592,24369,680,3106.0,21263,243690,1737692.0,0.1,20499.0,156
400,2021-02-03,USA,195881016,45838,773,30494.0,15344,825084,175955476.0,0.0556,6237.0,0
401,2021-02-04,Australia,58289810,31248,79,26900.0,4348,374976,34859313.0,0.0833,304.0,4
402,2021-02-05,Brazil,187722926,22516,836,18565.0,3951,405288,186302528.0,0.0556,15653.0,36
403,2021-02-06,Canada,62457456,25104,91,1159.0,23945,200832,6925737.0,0.125,12044.0,451
404,2021-02-07,France,81330741,8986,391,6805.0,2181,80874,9182050.0,0.1111,138.0,312
405,2021-02-08,Brazil,175488472,10755,450,5002.0,5753,118305,168598951.0,0.0909,6745.0,315
406,2021-02-09,Brazil,185298703,28992,880,21874.0,7118,202944,26968399.0,0.1429,24656.0,63
407,2021-02-10,Brazil,159262542,47841,393,24803.0,23038,861138,84423934.0,0.0556,16238.0,141
408,2021-02-11,Germany,174039017,5521,254,988.0,4533,77294,7200620.0,0.0714,1683.0,265
409,2021-02-12,UK,163920691,33392,193,7719.0,25673,467488,14648289.0,0.0714,32432.0,197
410,2021-02-13,India,31264396,15799,511,5345.0,10454,110593,17726353.0,0.1429,5916.0,478
411,2021-02-14,Brazil,85952481,8649,396,1754.0,6895,138384,73330690.0,0.0625,7717.0,488
412,2021-02-15,UK,20593598,1093,601,955.0,138,5465,8797478.0,0.2,81.0,472
413,2021-02-16,Japan,17231984,26081,518,16694.0,9387,469458,14212826.0,0.0556,2700.0,327
414,2021-02-17,Germany,145033021,35235,630,25229.0,10006,458055,22440419.0,0.0769,5178.0,261
415,2021-02-18,USA,55545410,10182,549,4829.0,5353,173094,39355131.0,0.0588,5081.0,357
416,2021-02-19,USA,118436764,47838,976,32199.0,15639,287028,32813517.0,0.1667,28474.0,59
417,2021-02-20,Brazil,122701077,40127,623,36521.0,3606,561778,89399687.0,0.0714,7827.0,6
418,2021-02-21,Canada,191025622,8992,718,8807.0,185,89920,133254831.0,0.1,8568.0,264
419,2021-02-22,USA,194479021,16990,170,4805.0,12185,152910,72145917.0,0.1111,961.0,171
420,2021-02-23,Italy,116245936,17824,536,15732.0,2092,231712,95606407.0,0.0769,2525.0,254
421,2021-02-24,Italy,123191223,33474,368,29841.0,3633,669480,115341317.0,0.05,10936.0,188
422,2021-02-25,France,43227576,16719,791,13348.0,3371,133752,15327961.0,0.125,84.0,22
423,2021-02-26,Brazil,4298555,16026,47,8297.0,7729,256416,3212664.0,0.0625,2932.0,476
424,2021-02-27,UK,10492837,36232,822,8749.0,27483,434784,5398941.0,0.0833,27279.0,468
425,2021-02-28,France,194350816,20967,277,18415.0,2552,335472,32051443.0,0.0625,1725.0,91
426,2021-03-01,Australia,60910782,33801,47,7526.0,26275,236607,58853885.0,0.1429,18501.0,396
427,2021-03-02,Canada,84402299,21449,88,3326.0,18123,407531,1069604.0,0.0526,6575.0,149
428,2021-03-03,Italy,152345718,19917,757,11969.0,7948,378423,98857698.0,0.0526,16166.0,395
429,2021-03-04,India,53458307,48002,922,,35819,576024,,0.0833,,12
430,2021-03-05,Japan,63544855,35490,354,34862.0,628,532350,98115.0,0.0667,20153.0,53
431,2021-03-06,Brazil,56081444,34721,243,7208.0,27513,694420,4019490.0,0.05,18338.0,47
432,2021-03-07,Canada,12784387,15169,918,1317.0,13852,273042,11758259.0,0.0556,7511.0,498
433,2021-03-08,Japan,23790819,38061,97,4938.0,33123,342549,21381410.0,0.1111,4904.0,303
434,2021-03-09,Germany,153423217,4081,445,1368.0,2713,36729,63557928.0,0.1111,1069.0,435
435,2021-03-10,Australia,85559560,25752,717,1656.0,24096,386280,42688984.0,0.0667,8911.0,119
436,2021-03-11,USA,21048754,13284,139,506.0,12778,106272,5214712.0,0.125,2693.0,230
437,2021-03-12,UK,126105717,20580,416,16624.0,3956,329280,103392848.0,0.0625,14808.0,157
438,2021-03-13,Germany,125378654,17367,872,13438.0,3929,121569,21154777.0,0.1429,1321.0,110
439,2021-03-14,France,88991441,9720,93,5654.0,4066,155520,53183031.0,0.0625,802.0,346
440,2021-03-15,Australia,81219443,17050,839,11353.0,5697,85250,54276605.0,0.2,8187.0,48
441,2021-03-16,India,125028790,6678,823,,6502,60102,,0.1111,,425
442,2021-03-17,USA,60670017,8566,202,2003.0,6563,137056,46055824.0,0.0625,4240.0,469
443,2021-03-18,USA,21129219,1428,66,1024.0,404,27132,4321527.0,0.0526,679.0,62
444,2021-03-19,Japan,12461205,30211,51,24707.0,5504,543798,12153932.0,0.0556,16257.0,15
445,2021-03-20,Brazil,103738151,44775,436,33450.0,11325,716400,28818707.0,0.0625,18021.0,143
446,2021-03-21,Japan,120725281,9740,35,5714.0,4026,136360,66960098.0,0.0714,9022.0,245
447,2021-03-22,UK,17368944,5748,286,2611.0,3137,51732,14067186.0,0.1111,5264.0,452
448,2021-03-23,Canada,142147136,16328,645,41.0,16287,81640,102676046.0,0.2,7859.0,278
449,2021-03-24,Germany,131105159,22546,934,4011.0,18535,338190,52127652.0,0.0667,5892.0,13
450,2021-03-25,Australia,86598045,39132,224,37212.0,1920,508716,7863981.0,0.0769,34696.0,183
451,2021-03-26,UK,157763330,15254,997,12639.0,2615,122032,66533621.0,0.125,4366.0,273
452,2021-03-27,Brazil,198853075,3664,782,2766.0,898,62288,95242142.0,0.0588,721.0,121
453,2021-03-28,Italy,160053245,20840,825,9084.0,11756,104200,94403957.0,0.2,18468.0,72
454,2021-03-29,Australia,152158391,12336,856,4272.0,8064,172704,47125660.0,0.0714,621.0,46
455,2021-03-30,Australia,16077477,15245,616,11661.0,3584,76225,8832340.0,0.2,11.0,169
456,2021-03-31,Canada,165855547,13203,825,11066.0,2137,198045,47636521.0,0.0667,975.0,11
457,2021-04-01,Canada,40651142,38444,721,29161.0,9283,307552,35319051.0,0.125,4753.0,191
458,2021-04-02,Germany,190122981,43393,405,4988.0,38405,347144,90344924.0,0.125,21142.0,69
459,2021-04-03,Brazil,43279626,47995,971,19365.0,28630,959900,21292528.0,0.05,46345.0,495
460,2021-04-04,Italy,151854635,45453,910,5233.0,40220,727248,59924782.0,0.0625,11491.0,193
461,2021-04-05,India,83362232,48103,705,28802.0,19301,432927,23851602.0,0.1111,46006.0,485
462,2021-04-06,Italy,154769168,25663,871,405.0,25258,153978,48877199.0,0.1667,10427.0,471
463,2021-04-07,Brazil,165116378,14476,654,5211.0,9265,115808,133193663.0,0.125,5425.0,381
464,2021-04-08,USA,21886060,15597,355,10363.0,5234,155970,21346885.0,0.1,13462.0,362
465,2021-04-09,Germany,180858351,41884,746,19881.0,22003,795796,3058989.0,0.0526,13741.0,127
466,2021-04-10,India,187073037,4442,358,2340.0,2102,35536,343908.0,0.125,3161.0,224
467,2021-04-11,Japan,197651652,27502,992,22052.0,5450,495036,132360688.0,0.0556,11509.0,279
468,2021-04-12,Australia,101756596,6647,848,2720.0,3927,79764,21831387.0,0.0833,603.0,409
469,2021-04-13,USA,9969176,19327,20,8884.0,10443,251251,1756994.0,0.0769,11200.0,87
470,2021-04-14,Italy,101786209,10545,749,9317.0,1228,73815,45358959.0,0.1429,10053.0,457
471,2021-04-15,Japan,130583668,46170,31,17903.0,28267,461700,81512791.0,0.1,10295.0,27
472,2021-04-16,France,28181186,21698,210,15473.0,6225,390564,23394039.0,0.0556,17698.0,135
473,2021-04-17,Japan,178327897,18449,304,10666.0,7783,147592,13323913.0,0.125,18011.0,430
474,2021-04-18,USA,132787924,10065,55,4154.0,5911,50325,57392300.0,0.2,4825.0,421
475,2021-04-19,India,178709700,40965,614,9487.0,31478,450615,26034723.0,0.0909,13562.0,87
476,2021-04-20,Germany,172313000,19124,1000,16440.0,2684,382480,31006691.0,0.05,13024.0,241
477,2021-04-21,Canada,132290924,43321,271,37349.0,5972,736457,24814337.0,0.0588,24998.0,189
478,2021-04-22,Germany,51085476,29214,45,20587.0,8627,555066,31209511.0,0.0526,7413.0,428
479,2021-04-23,Canada,73091561,36978,63,27074.0,9904,295824,11503440.0,0.125,35484.0,211
480,2021-04-24,Japan,159303487,14910,566,13911.0,999,253470,140279611.0,0.0588,8773.0,351
481,2021-04-25,USA,128459701,37533,902,22090.0,15443,750660,40111251.0,0.05,25873.0,462
482,2021-04-26,Australia,192744976,2275,514,159.0,2116,20475,32287918.0,0.1111,708.0,485
483,2021-04-27,Japan,45872955,13886,827,10729.0,3157,124974,2863931.0,0.1111,1283.0,349
484,2021-04-28,Italy,117874984,13232,842,2956.0,10276,119088,111952096.0,0.1111,4225.0,163
485,2021-04-29,Canada,196180226,4391,89,1212.0,3179,74647,148190919.0,0.0588,2262.0,266
486,2021-04-30,Japan,123985631,810,805,93.0,717,14580,15102023.0,0.0556,153.0,75
487,2021-05-01,USA,153093899,38530,596,31964.0,6566,308240,151044271.0,0.125,18749.0,444
488,2021-05-02,Australia,144783016,22535,898,9071.0,13464,292955,102822448.0,0.0769,18744.0,311
489,2021-05-03,Italy,127982485,2455,176,1327.0,1128,41735,19307578.0,0.0588,1645.0,19
490,2021-05-04,Australia,107244805,21724,707,13940.0,7784,130344,100092846.0,0.1667,8800.0,459
491,2021-05-05,Australia,100976288,1325,345,705.0,620,18550,37627490.0,0.0714,201.0,497
492,2021-05-06,Japan,62191852,8807,307,1548.0,7259,132105,18080468.0,0.0667,1462.0,96
493,2021-05-07,Australia,119572397,13853,935,354.0,13499,249354,99447927.0,0.0556,12443.0,264
494,2021-05-08,Germany,101370756,3683,527,442.0,3241,36830,8806960.0,0.1,2906.0,259
495,2021-05-09,UK,109282875,8889,799,300.0,8589,44445,23318633.0,0.2,3288.0,428
496,2021-05-10,Canada,16469268,16350,33,8872.0,7478,98100,15402005.0,0.1667,11544.0,101
497,2021-05-11,India,74545274,24140,843,8929.0,15211,410380,16625933.0,0.0588,7927.0,190
498,2021-05-12,France,132207690,38931,456,27293.0,11638,778620,78769733.0,0.05,22921.0,176
499,2021-05-13,Japan,44892851,16951,766,13990.0,2961,237314,1842171.0,0.0714,1626.0,83
500,2021-05-14,Germany,154614352,14045,877,10419.0,3626,168540,55493926.0,0.0833,10675.0,209
501,2021-05-15,Brazil,138782883,1314,885,1296.0,18,26280,35517792.0,0.05,1231.0,410
502,2021-05-16,Germany,3271965,14664,258,,9967,205296,,0.0714,,458
503,2021-05-17,Germany,102059358,22853,470,14596.0,8257,251383,62639147.0,0.0909,22190.0,266
504,2021-05-18,Canada,168397986,26027,598,,3352,130135,,0.2,,331
505,2021-05-19,USA,160389602,39914,289,20354.0,19560,319312,129315673.0,0.125,22038.0,141
506,2021-05-20,UK,172958343,21308,882,12236.0,9072,277004,80206129.0,0.0769,4912.0,264
507,2021-05-21,Canada,65505596,3720,824,209.0,3511,63240,44327439.0,0.0588,2788.0,71
508,2021-05-22,Japan,194617984,1668,671,650.0,1018,23352,69639208.0,0.0714,828.0,198
509,2021-05-23,UK,198765017,2314,597,1537.0,777,34710,195031746.0,0.0667,2189.0,326
510,2021-05-24,Brazil,128704195,44031,367,10784.0,33247,616434,113470250.0,0.0714,43097.0,448
511,2021-05-25,Germany,150853569,11870,300,10271.0,1599,237400,34344743.0,0.05,9159.0,390
512,2021-05-26,Canada,50142036,44545,921,22549.0,21996,311815,14915180.0,0.1429,14636.0,381
513,2021-05-27,Italy,83432574,27556,807,16700.0,10856,440896,34971668.0,0.0625,9635.0,237
514,2021-05-28,UK,32616723,30837,54,2448.0,28389,215859,15845063.0,0.1429,16399.0,61
515,2021-05-29,Brazil,183723414,25013,542,15237.0,9776,450234,14512149.0,0.0556,4501.0,102
516,2021-05-30,Brazil,92984747,26816,583,11823.0,14993,241344,42464268.0,0.1111,25524.0,41
517,2021-05-31,India,131883986,21799,646,,5794,326985,,0.0667,,231
518,2021-06-01,Australia,74424576,13722,779,1049.0,12673,137220,21264801.0,0.1,12864.0,390
519,2021-06-02,Japan,24633419,8480,629,1375.0,7105,152640,13535639.0,0.0556,7821.0,196
520,2021-06-03,Canada,2253363,2472,546,1656.0,816,39552,59043.0,0.0625,2175.0,97
521,2021-06-04,Canada,5809323,44351,4,3281.0,41070,532212,1898054.0,0.0833,20453.0,66
522,2021-06-05,USA,28570528,25136,515,5847.0,19289,351904,5604267.0,0.0714,1498.0,152
523,2021-06-06,Brazil,79068491,29879,745,12831.0,17048,448185,58205561.0,0.0667,11230.0,461
524,2021-06-07,Japan,132581338,23543,768,17369.0,6174,235430,127249727.0,0.1,626.0,116
525,2021-06-08,France,61215807,47655,134,33815.0,13840,238275,39573616.0,0.2,11074.0,63
526,2021-06-09,Germany,99406143,46603,666,44155.0,2448,792251,85942441.0,0.0588,35044.0,319
527,2021-06-10,USA,14042462,38923,49,31838.0,7085,194615,809249.0,0.2,27313.0,227
528,2021-06-11,Brazil,103073592,8099,560,6029.0,2070,161980,94203157.0,0.05,1683.0,355
529,2021-06-12,USA,185076936,41308,9,21575.0,19733,743544,177614233.0,0.0556,34098.0,138
530,2021-06-13,France,168181004,39690,717,30701.0,8989,714420,28162700.0,0.0556,7715.0,144
531,2021-06-14,Germany,31605010,6964,509,5337.0,1627,76604,26103969.0,0.0909,6811.0,267
532,2021-06-15,India,55136234,23456,720,10030.0,13426,328384,10762490.0,0.0714,17961.0,254
533,2021-06-16,India,56752428,45102,955,13602.0,31500,676530,15737382.0,0.0667,835.0,343
534,2021-06-17,USA,24891517,7237,855,2534.0,4703,144740,5004458.0,0.05,6385.0,261
535,2021-06-18,Australia,21145600,47419,740,40781.0,6638,616447,7756452.0,0.0769,19400.0,135
536,2021-06-19,Germany,125628505,3282,102,2567.0,715,19692,114386882.0,0.1667,1475.0,410
537,2021-06-20,India,182668132,20493,436,16696.0,3797,163944,12318259.0,0.125,4534.0,339
538,2021-06-21,Germany,174731059,11174,336,5317.0,5857,212306,166915055.0,0.0526,1522.0,190
539,2021-06-22,Germany,92998931,11984,116,5418.0,6566,203728,61275585.0,0.0588,6319.0,353
540,2021-06-23,Brazil,129377917,27639,664,1526.0,26113,276390,15174194.0,0.1,22812.0,371
541,2021-06-24,Italy,16742771,10446,106,3630.0,6816,208920,13459769.0,0.05,7178.0,92
542,2021-06-25,Australia,165100810,24887,797,13137.0,11750,124435,35072522.0,0.2,15994.0,57
543,2021-06-26,Canada,111403278,28880,47,26805.0,2075,375440,87909064.0,0.0769,405.0,360
544,2021-06-27,France,182980158,34394,785,19715.0,14679,515910,139344759.0,0.0667,6241.0,221
545,2021-06-28,Japan,178627301,47621,254,16038.0,31583,761936,178163469.0,0.0625,9742.0,429
546,2021-06-29,Australia,150879389,40167,55,39404.0,763,401670,135712261.0,0.1,32495.0,445
547,2021-06-30,Canada,45400264,4906,769,879.0,4027,73590,16165976.0,0.0667,2278.0,25
548,2021-07-01,UK,137077806,14595,563,4055.0,10540,248115,108253842.0,0.0588,1291.0,235
549,2021-07-02,Canada,120236042,37554,458,31786.0,5768,751080,60004467.0,0.05,7779.0,254
550,2021-07-03,France,176388480,1164,105,338.0,826,20952,9618560.0,0.0556,1124.0,0
551,2021-07-04,Australia,25399587,39597,986,19635.0,19962,435567,21964596.0,0.0909,22338.0,186
552,2021-07-05,Italy,15569391,14609,864,7164.0,7445,219135,9397771.0,0.0667,9829.0,242
553,2021-07-06,UK,193376434,43068,372,,29657,344544,,0.125,,174
554,2021-07-07,USA,96331893,41527,987,22392.0,19135,664432,94233737.0,0.0625,3000.0,459
555,2021-07-08,Germany,45065120,32271,143,5341.0,26930,580878,7178065.0,0.0556,20016.0,100
556,2021-07-09,Australia,51343299,7913,952,932.0,6981,134521,14467966.0,0.0588,6754.0,400
557,2021-07-10,Italy,52158097,46975,346,,7062,845550,,0.0556,,395
558,2021-07-11,India,121931407,29975,674,10665.0,19310,269775,66951647.0,0.1111,17378.0,376
559,2021-07-12,Brazil,14038341,36256,957,7892.0,28364,725120,8528410.0,0.05,11380.0,374
560,2021-07-13,Japan,35462223,6786,396,1400.0,5386,101790,33830257.0,0.0667,3429.0,311
561,2021-07-14,Germany,186895722,49962,254,32032.0,17930,849354,92035458.0,0.0588,29677.0,412
562,2021-07-15,Canada,36801728,9055,422,662.0,8393,126770,36762636.0,0.0714,3560.0,102
563,2021-07-16,Brazil,57294322,40905,731,21862.0,19043,654480,45122236.0,0.0625,11653.0,257
564,2021-07-17,France,146623946,45502,652,24375.0,21127,364016,94553115.0,0.125,31481.0,298
565,2021-07-18,India,154179523,43722,727,16363.0,27359,612108,113383477.0,0.0714,34257.0,54
566,2021-07-19,Germany,7783939,24960,148,23222.0,1738,149760,1676903.0,0.1667,24582.0,402
567,2021-07-20,Germany,44200764,18783,699,10573.0,8210,169047,4162952.0,0.1111,6684.0,385
568,2021-07-21,France,146269776,2117,367,264.0,1853,16936,60212055.0,0.125,1592.0,121
569,2021-07-22,Japan,138149660,45621,294,209.0,45412,273726,102430307.0,0.1667,27300.0,489
570,2021-07-23,Germany,184918220,20490,989,2398.0,18092,122940,3480329.0,0.1667,6654.0,317
571,2021-07-24,Italy,119934047,14781,933,4398.0,10383,236496,101348840.0,0.0625,8955.0,378
572,2021-07-25,Australia,162970458,12875,794,999.0,11876,141625,78967730.0,0.0909,2906.0,349
573,2021-07-26,India,20990118,12253,985,9406.0,2847,98024,12656672.0,0.125,7020.0,142
574,2021-07-27,Canada,150410805,17317,133,,5273,225121,,0.0769,,363
575,2021-07-28,Italy,42555338,2617,157,,1321,15702,,0.1667,,251
576,2021-07-29,UK,154726808,36055,366,31279.0,4776,540825,141034664.0,0.0667,12050.0,266
577,2021-07-30,Canada,19300981,33104,163,5846.0,27258,562768,3085180.0,0.0588,14496.0,452
578,2021-07-31,UK,58271727,43472,339,21776.0,21696,695552,19701441.0,0.0625,40519.0,271
579,2021-08-01,Canada,128468505,36787,843,36211.0,576,294296,89783401.0,0.125,29207.0,123
580,2021-08-02,Japan,173406524,40219,940,24240.0,15979,241314,86150872.0,0.1667,7430.0,197
581,2021-08-03,Canada,69878002,35404,741,16869.0,18535,177020,69372824.0,0.2,33705.0,411
582,2021-08-04,Canada,137562671,29200,498,27764.0,1436,408800,51677151.0,0.0714,16839.0,42
583,2021-08-05,USA,26758108,10970,994,2156.0,8814,54850,21036383.0,0.2,3453.0,343
584,2021-08-06,UK,169984006,13970,885,2741.0,11229,251460,27897641.0,0.0556,8810.0,424
585,2021-08-07,Brazil,189641100,48586,793,20063.0,28523,340102,184158411.0,0.1429,1556.0,235
586,2021-08-08,Brazil,193432864,21739,38,18872.0,2867,152173,14567475.0,0.1429,8254.0,285
587,2021-08-09,Japan,19909154,37680,841,22762.0,14918,489840,13677886.0,0.0769,29564.0,322
588,2021-08-10,USA,109568189,28378,323,27825.0,553,482426,90368626.0,0.0588,17525.0,3
589,2021-08-11,Canada,173180607,47204,633,43060.0,4144,283224,19485581.0,0.1667,32953.0,54
590,2021-08-12,Australia,78802418,44949,308,5198.0,39751,314643,37784631.0,0.1429,24996.0,202
591,2021-08-13,Japan,178361524,2019,485,1699.0,320,24228,36609618.0,0.0833,1631.0,408
592,2021-08-14,India,147491797,19331,983,14610.0,4721,270634,100161458.0,0.0714,18137.0,447
593,2021-08-15,France,150000400,9265,126,8581.0,684,46325,105785500.0,0.2,8970.0,484
594,2021-08-16,France,23851066,19968,215,8701.0,11267,219648,13846387.0,0.0909,4667.0,82
595,2021-08-17,USA,50390170,14469,631,793.0,13676,188097,13041011.0,0.0769,2971.0,343
596,2021-08-18,USA,153281459,3564,871,488.0,3076,67716,147549471.0,0.0526,1190.0,343
597,2021-08-19,Canada,19082552,16429,100,9961.0,6468,328580,11101515.0,0.05,4201.0,343
598,2021-08-20,Canada,176952188,15370,102,10699.0,4671,107590,51941876.0,0.1429,7960.0,230
599,2021-08-21,Italy,89139728,40392,675,20360.0,20032,363528,75907105.0,0.1111,23887.0,413
600,2021-08-22,UK,85915035,28069,172,27911.0,158,421035,33041067.0,0.0667,23337.0,378
601,2021-08-23,Canada,173023786,28581,283,1053.0,27528,457296,36052446.0,0.0625,15727.0,236
602,2021-08-24,USA,120549870,23510,793,13501.0,10009,470200,74044139.0,0.05,5759.0,330
603,2021-08-25,UK,163840375,5372,861,3074.0,2298,48348,144584178.0,0.1111,2156.0,375
604,2021-08-26,India,169206727,5011,744,4394.0,617,25055,136144641.0,0.2,4766.0,296
605,2021-08-27,France,109752454,38668,217,36266.0,2402,502684,72943217.0,0.0769,30939.0,334
606,2021-08-28,Australia,40898363,23974,401,16657.0,7317,335636,8984619.0,0.0714,16420.0,261
607,2021-08-29,UK,25307910,26003,372,9548.0,16455,130015,22235800.0,0.2,20120.0,350
608,2021-08-30,Brazil,45518288,49624,526,40425.0,9199,942856,10685235.0,0.0526,37116.0,485
609,2021-08-31,India,152884144,43215,893,,9581,864300,,0.05,,389
610,2021-09-01,India,131900442,15187,64,10856.0,4331,242992,31409454.0,0.0625,10954.0,105
611,2021-09-02,India,140018757,23674,397,,15390,449806,,0.0526,,165
612,2021-09-03,Germany,28709253,46120,991,11952.0,34168,599560,28013664.0,0.0769,37921.0,278
613,2021-09-04,Italy,154051200,11393,385,684.0,10709,193681,98058606.0,0.0588,10704.0,459
614,2021-09-05,Japan,21894336,33860,257,9197.0,24663,406320,17326561.0,0.0833,23127.0,418
615,2021-09-06,Brazil,93618909,31906,811,16109.0,15797,159530,67355419.0,0.2,14414.0,84
616,2021-09-07,Brazil,62737677,5052,526,2752.0,2300,55572,10082463.0,0.0909,1289.0,185
617,2021-09-08,Canada,162603587,47009,836,39255.0,7754,564108,111297012.0,0.0833,7427.0,246
618,2021-09-09,Japan,182255519,31379,490,24475.0,6904,313790,173747326.0,0.1,735.0,124
619,2021-09-10,France,12581469,8381,587,5742.0,2639,75429,10561935.0,0.1111,642.0,456
620,2021-09-11,France,154617370,9624,57,6899.0,2725,125112,48328459.0,0.0769,6642.0,306
621,2021-09-12,Australia,152291484,41787,19,23211.0,18576,292509,58141353.0,0.1429,39749.0,241
622,2021-09-13,Italy,130296876,11178,224,4448.0,6730,100602,106651563.0,0.1111,2979.0,319
623,2021-09-14,Italy,178073112,33476,270,22485.0,10991,502140,121727464.0,0.0667,4511.0,117
624,2021-09-15,France,102525337,25261,135,21704.0,3557,126305,27158762.0,0.2,16526.0,350
625,2021-09-16,Italy,113687865,9801,620,8224.0,1577,98010,63870080.0,0.1,639.0,449
626,2021-09-17,Brazil,143654640,32986,770,25285.0,7701,230902,129450564.0,0.1429,78.0,459
627,2021-09-18,India,183149391,42548,441,8336.0,34212,765864,99422439.0,0.0556,34722.0,219
628,2021-09-19,Italy,62602246,31596,808,6409.0,25187,537132,23522852.0,0.0588,26365.0,379
629,2021-09-20,Australia,188021022,37756,100,9872.0,27884,339804,68321662.0,0.1111,15237.0,465
630,2021-09-21,UK,23499610,18564,612,748.0,17816,334152,8650499.0,0.0556,179.0,363
631,2021-09-22,UK,2909671,37878,535,30156.0,7722,189390,1572989.0,0.2,20702.0,209
632,2021-09-23,France,98246056,6985,158,3495.0,3490,90805,35071480.0,0.0769,3469.0,289
633,2021-09-24,France,99151839,40100,282,14053.0,26047,441100,55462544.0,0.0909,36540.0,247
634,2021-09-25,Germany,48974677,24262,572,6079.0,18183,485240,17030729.0,0.05,18928.0,176
635,2021-09-26,Australia,190379767,26091,753,21567.0,4524,208728,61678764.0,0.125,25660.0,358
636,2021-09-27,France,44431547,6571,219,2407.0,4164,111707,22712179.0,0.0588,5030.0,356
637,2021-09-28,India,184761369,46320,53,,10534,787440,,0.0588,,421
638,2021-09-29,USA,40011304,30911,948,11243.0,19668,556398,5915021.0,0.0556,8620.0,113
639,2021-09-30,Italy,100545297,5245,623,4936.0,309,89165,53773642.0,0.0588,4268.0,146
640,2021-10-01,India,192020235,39155,58,27669.0,11486,783100,117835662.0,0.05,13219.0,435
641,2021-10-02,France,177331015,33957,292,21195.0,12762,203742,160931058.0,0.1667,33804.0,357
642,2021-10-03,India,63188703,40317,173,37954.0,2363,645072,16056240.0,0.0625,10318.0,44
643,2021-10-04,Italy,75071239,26177,361,4234.0,21943,445009,54418707.0,0.0588,6563.0,265
644,2021-10-05,Germany,5124919,48295,720,43799.0,4496,338065,4610317.0,0.1429,47588.0,424
645,2021-10-06,Italy,151085984,38203,356,,22772,496639,,0.0769,,232
646,2021-10-07,France,109436239,37677,4,20566.0,17111,376770,54644684.0,0.1,6977.0,286
647,2021-10-08,Germany,20430961,32975,301,10695.0,22280,263800,17223043.0,0.125,16393.0,355
648,2021-10-09,Canada,119854801,24712,576,8865.0,15847,296544,101666343.0,0.0833,15035.0,348
649,2021-10-10,Germany,124673701,38458,882,36666.0,1792,769160,15605267.0,0.05,4427.0,195
650,2021-10-11,Japan,171097292,14442,693,2954.0,11488,173304,84753312.0,0.0833,5785.0,264
651,2021-10-12,Japan,144787964,637,269,383.0,254,8918,24967029.0,0.0714,350.0,38
652,2021-10-13,Italy,149861284,11697,487,6555.0,5142,187152,58670898.0,0.0625,4408.0,93
653,2021-10-14,UK,184370220,12462,510,386.0,12076,137082,63045119.0,0.0909,4348.0,105
654,2021-10-15,USA,62527428,13288,854,9197.0,4091,212608,10468685.0,0.0625,1964.0,471
655,2021-10-16,India,22068847,44290,978,812.0,43478,885800,20596615.0,0.05,35486.0,490
656,2021-10-17,Italy,12344920,31607,380,11269.0,20338,474105,8260100.0,0.0667,28467.0,140
657,2021-10-18,UK,132749558,11984,782,3610.0,8374,155792,53402482.0,0.0769,9448.0,65
658,2021-10-19,India,15535288,34454,818,6721.0,27733,689080,9072580.0,0.05,32930.0,177
659,2021-10-20,France,106687580,44979,794,33524.0,11455,854601,16155543.0,0.0526,30151.0,161
660,2021-10-21,USA,186008549,551,12,336.0,215,9367,155963207.0,0.0588,333.0,185
661,2021-10-22,Australia,165491366,17019,191,8406.0,8613,204228,72318721.0,0.0833,11242.0,187
662,2021-10-23,Canada,50368951,32687,434,25789.0,6898,588366,47024028.0,0.0556,11962.0,437
663,2021-10-24,UK,108533256,18325,461,12431.0,5894,164925,77295013.0,0.1111,3272.0,369
664,2021-10-25,Brazil,73463910,15453,568,8372.0,7081,262701,26315159.0,0.0588,13107.0,491
665,2021-10-26,Australia,199250862,9800,484,9641.0,159,98000,113151093.0,0.1,2203.0,457
666,2021-10-27,Germany,170289352,33882,546,13191.0,20691,677640,80539812.0,0.05,3126.0,203
667,2021-10-28,Germany,27568345,45255,167,41321.0,3934,497805,27307203.0,0.0909,31230.0,429
668,2021-10-29,Canada,170077350,6311,460,212.0,6099,94665,69731242.0,0.0667,2951.0,286
669,2021-10-30,Canada,150650480,16889,352,16240.0,649,304002,32544441.0,0.0556,6519.0,295
670,2021-10-31,Canada,155590490,42589,664,7302.0,35287,425890,76399074.0,0.1,21305.0,344
671,2021-11-01,Japan,138021409,31948,793,7814.0,24134,607012,21047359.0,0.0526,20108.0,146
672,2021-11-02,Canada,125487501,41399,979,31907.0,9492,413990,85977279.0,0.1,27644.0,323
673,2021-11-03,Canada,165365750,37462,414,32787.0,4675,262234,43486407.0,0.1429,14956.0,160
674,2021-11-04,Australia,86061355,42795,298,25266.0,17529,727515,36406303.0,0.0588,23800.0,382
675,2021-11-05,Brazil,158550076,34140,988,4630.0,29510,614520,44914112.0,0.0556,1513.0,64
676,2021-11-06,Brazil,196359920,15376,677,11254.0,4122,107632,56524854.0,0.1429,6505.0,52
677,2021-11-07,Japan,26650007,4180,959,304.0,3876,25080,884659.0,0.1667,681.0,53
678,2021-11-08,UK,71451493,40507,159,34982.0,5525,688619,41523026.0,0.0588,16213.0,377
679,2021-11-09,Brazil,77282720,29042,641,24900.0,4142,261378,70698159.0,0.1111,936.0,17
680,2021-11-10,France,179120114,23385,881,12729.0,10656,467700,125411293.0,0.05,8926.0,280
681,2021-11-11,Italy,120412153,8854,992,19.0,8835,88540,79299984.0,0.1,7480.0,323
682,2021-11-12,Australia,171684989,36961,445,2656.0,34305,517454,93192280.0,0.0714,35367.0,116
683,2021-11-13,Brazil,25039475,28957,315,16972.0,11985,521226,8717677.0,0.0556,9947.0,5
684,2021-11-14,Australia,1024789,34296,834,25364.0,8932,548736,300692.0,0.0625,545.0,352
685,2021-11-15,Japan,133051896,49510,488,29875.0,19635,247550,102793224.0,0.2,19196.0,305
686,2021-11-16,France,63066409,473,280,282.0,191,5203,27631126.0,0.0909,223.0,202
687,2021-11-17,UK,68080979,10700,732,117.0,10583,181900,50782359.0,0.0588,4308.0,40
688,2021-11-18,France,114344021,40981,245,7125.0,33856,532753,38208680.0,0.0769,17617.0,211
689,2021-11-19,Australia,51466032,4486,186,3367.0,1119,62804,7405889.0,0.0714,3709.0,139
690,2021-11-20,Brazil,189031681,40812,503,28506.0,12306,612180,5206412.0,0.0667,3252.0,496
691,2021-11-21,Brazil,144605118,1450,190,1241.0,209,20300,72261519.0,0.0714,897.0,372
692,2021-11-22,UK,3202268,15257,92,12789.0,2468,76285,2070222.0,0.2,5601.0,215
693,2021-11-23,USA,84638228,32662,380,17468.0,15194,195972,44325223.0,0.1667,27641.0,384
694,2021-11-24,France,40215153,3672,272,495.0,3177,62424,4790545.0,0.0588,1925.0,92
695,2021-11-25,UK,52591225,16389,836,,12503,81945,,0.2,,394
696,2021-11-26,USA,119906422,16198,755,15649.0,549,178178,61852177.0,0.0909,8538.0,340
697,2021-11-27,Brazil,56954601,30987,398,8658.0,22329,433818,21680403.0,0.0714,20616.0,372
698,2021-11-28,Australia,12324195,48806,959,12789.0,36017,390448,4249882.0,0.125,41846.0,152
699,2021-11-29,UK,54344468,23620,908,21914.0,1706,259820,7578500.0,0.0909,20739.0,222
700,2021-11-30,USA,88110926,987,171,174.0,813,12831,78476684.0,0.0769,405.0,404
701,2021-12-01,USA,66253796,585,43,99.0,486,5265,24924142.0,0.1111,254.0,80
702,2021-12-02,India,135196041,5990,702,923.0,5067,89850,16120176.0,0.0667,2912.0,330
703,2021-12-03,UK,42317165,45962,549,38924.0,7038,413658,32738581.0,0.1111,20757.0,285
704,2021-12-04,Japan,174045836,49590,355,20839.0,28751,545490,5731856.0,0.0909,23472.0,370
705,2021-12-05,France,37166892,16429,920,15136.0,1293,328580,29360128.0,0.05,9657.0,277
706,2021-12-06,Canada,188109653,32118,194,13549.0,18569,321180,145927029.0,0.1,10606.0,374
707,2021-12-07,Brazil,126733750,18043,888,12789.0,5254,126301,71288059.0,0.1429,14725.0,151
708,2021-12-08,Japan,71692281,35494,375,5736.0,29758,177470,67908497.0,0.2,12159.0,452
709,2021-12-09,USA,6025072,40614,877,16754.0,23860,487368,2690177.0,0.0833,35321.0,419
710,2021-12-10,France,105016281,12443,536,1250.0,11193,248860,102775090.0,0.05,2525.0,313
711,2021-12-11,USA,77001885,21141,419,140.0,21001,317115,14826245.0,0.0667,17144.0,337
712,2021-12-12,UK,18899234,2868,855,2337.0,531,28680,1049373.0,0.1,438.0,248
713,2021-12-13,Australia,52436701,6471,32,1794.0,4677,110007,44152348.0,0.0588,4307.0,319
714,2021-12-14,Italy,189257548,38685,262,35469.0,3216,618960,59249821.0,0.0625,4644.0,6
715,2021-12-15,India,57032704,42975,503,37735.0,5240,816525,53755538.0,0.0526,23653.0,285
716,2021-12-16,Italy,112656587,24187,813,974.0,23213,145122,110547487.0,0.1667,8710.0,270
717,2021-12-17,France,11912747,48123,72,28207.0,19916,336861,3622201.0,0.1429,6364.0,51
718,2021-12-18,France,195661858,15139,544,8826.0,6313,166529,51840107.0,0.0909,10762.0,127
719,2021-12-19,Italy,154015636,40981,970,,11724,737658,,0.0556,,345
720,2021-12-20,Brazil,124136871,46042,681,18054.0,27988,368336,22388767.0,0.125,36042.0,205
721,2021-12-21,Canada,136477437,22119,673,16936.0,5183,420261,94576273.0,0.0526,18025.0,166
722,2021-12-22,Canada,100782697,27023,782,6273.0,20750,486414,97424311.0,0.0556,19936.0,123
723,2021-12-23,Australia,152168005,35758,219,11178.0,24580,464854,96639056.0,0.0769,29327.0,491
724,2021-12-24,India,107593187,12,11,12.0,0,168,79961933.0,0.0714,8.0,69
725,2021-12-25,India,82025002,430,153,,113,4730,,0.0909,,420
726,2021-12-26,India,186145083,18085,941,1332.0,16753,162765,25310008.0,0.1111,15085.0,182
727,2021-12-27,Germany,42904682,9070,271,3056.0,6014,108840,15635972.0,0.0833,4920.0,47
728,2021-12-28,Australia,154138981,26201,582,19077.0,7124,183407,87158858.0,0.1429,5665.0,249
729,2021-12-29,Italy,186111774,46061,590,39812.0,6249,644854,10031860.0,0.0714,25005.0,40
730,2021-12-30,USA,16011637,21914,356,,14231,394452,,0.0556,,382
731,2021-12-31,Germany,176229076,39472,950,38723.0,749,671024,14529861.0,0.0588,34365.0,21
732,2022-01-01,UK,86715880,35384,578,25582.0,9802,530760,67431202.0,0.0667,10039.0,25
733,2022-01-02,Japan,181827582,47944,402,18741.0,29203,335608,59615657.0,0.1429,18991.0,402
734,2022-01-03,Italy,106850114,9700,135,4193.0,5507,67900,63868130.0,0.1429,807.0,280
735,2022-01-04,Brazil,108157098,17206,87,4148.0,13058,309708,103861051.0,0.0556,4419.0,246
736,2022-01-05,Italy,151134925,12983,499,6507.0,6476,142813,150637283.0,0.0909,12053.0,268
737,2022-01-06,Italy,67101114,15880,73,11518.0,4362,285840,21703787.0,0.0556,1467.0,57
738,2022-01-07,Canada,181320861,27104,433,15135.0,11969,433664,51134200.0,0.0625,11289.0,304
739,2022-01-08,Italy,176935244,1586,788,962.0,624,15860,93876280.0,0.1,905.0,319
740,2022-01-09,Canada,40142849,28866,45,2057.0,26809,346392,13400647.0,0.0833,5111.0,387
741,2022-01-10,Brazil,196551672,5623,115,5177.0,446,67476,166699072.0,0.0833,2356.0,7
742,2022-01-11,Australia,93146207,45468,823,38176.0,7292,636552,60406241.0,0.0714,1490.0,169
743,2022-01-12,France,57105571,48497,550,34612.0,13885,533467,36669908.0,0.0909,16951.0,280
744,2022-01-13,Italy,130661392,40831,747,31568.0,9263,204155,50547291.0,0.2,34524.0,22
745,2022-01-14,India,69573540,11162,61,6509.0,4653,122782,36410780.0,0.0909,7617.0,335
746,2022-01-15,India,3237189,4364,397,,2222,69824,,0.0625,,444
747,2022-01-16,Australia,175324977,25331,236,12857.0,12474,202648,84679567.0,0.125,19565.0,272
748,2022-01-17,India,24627868,12217,203,4015.0,8202,232123,18813551.0,0.0526,651.0,126
749,2022-01-18,India,143113855,19983,341,3929.0,16054,339711,42145776.0,0.0588,11363.0,350
750,2022-01-19,Germany,95465949,23290,640,13384.0,9906,279480,67276832.0,0.0833,2031.0,320
751,2022-01-20,Brazil,70170277,25373,911,24408.0,965,329849,30277197.0,0.0769,11199.0,459
752,2022-01-21,Italy,106453954,43052,140,37299.0,5753,731884,69889565.0,0.0588,40994.0,351
753,2022-01-22,Germany,62049732,27350,246,8578.0,18772,246150,28619581.0,0.1111,19836.0,168
754,2022-01-23,France,121572935,35535,134,21985.0,13550,319815,77984620.0,0.1111,13258.0,441
755,2022-01-24,Brazil,38073525,20250,705,3086.0,17164,182250,28861126.0,0.1111,18508.0,469
756,2022-01-25,Canada,43425664,20807,69,2545.0,18262,166456,12357105.0,0.125,4768.0,372
757,2022-01-26,Australia,8914375,20885,901,7318.0,13567,375930,5089336.0,0.0556,20868.0,477
758,2022-01-27,Brazil,199196531,17943,155,11785.0,6158,143544,35311579.0,0.125,858.0,390
759,2022-01-28,UK,165277559,40432,273,744.0,39688,485184,160084354.0,0.0833,15133.0,351
760,2022-01-29,France,8002002,23544,81,,22549,470880,,0.05,,240
761,2022-01-30,Australia,192131179,42570,382,30513.0,12057,723690,131921423.0,0.0588,9012.0,83
762,2022-01-31,Japan,52877791,14829,33,8135.0,6694,74145,18109910.0,0.2,3646.0,380
763,2022-02-01,Australia,181211213,13292,775,9941.0,3351,93044,47534066.0,0.1429,10109.0,250
764,2022-02-02,Japan,185646739,21292,887,,14992,255504,,0.0833,,311
765,2022-02-03,Italy,198389120,24928,737,14675.0,10253,423776,164149589.0,0.0588,19457.0,274
766,2022-02-04,Australia,141990496,42034,896,39511.0,2523,336272,121228026.0,0.125,2779.0,449
767,2022-02-05,Japan,66960403,33993,550,8067.0,25926,203958,37426677.0,0.1667,33824.0,391
768,2022-02-06,Germany,170288430,3230,194,2038.0,1192,61370,106848019.0,0.0526,3168.0,423
769,2022-02-07,France,77749613,30234,170,16391.0,13843,423276,7321129.0,0.0714,29611.0,72
770,2022-02-08,Italy,125441027,42342,462,36415.0,5927,338736,24128507.0,0.125,35809.0,69
771,2022-02-09,Australia,106513043,27103,331,12329.0,14774,135515,24008676.0,0.2,19343.0,459
772,2022-02-10,Canada,192296336,13233,903,5784.0,7449,92631,67130955.0,0.1429,11333.0,332
773,2022-02-11,Australia,191983704,10747,735,8723.0,2024,75229,30645916.0,0.1429,10388.0,185
774,2022-02-12,France,23899301,34328,724,9157.0,25171,343280,12706346.0,0.1,24943.0,22
775,2022-02-13,Brazil,46871587,21967,579,356.0,21611,197703,10879963.0,0.1111,5861.0,393
776,2022-02-14,Germany,192138792,3362,429,2101.0,1261,47068,119791532.0,0.0714,2565.0,92
777,2022-02-15,Germany,32555654,8622,983,5299.0,3323,43110,20889658.0,0.2,200.0,234
778,2022-02-16,UK,134580893,32679,556,6221.0,26458,163395,132463984.0,0.2,7106.0,301
779,2022-02-17,Italy,178025296,31176,464,17737.0,13439,592344,21315095.0,0.0526,19664.0,3
780,2022-02-18,Brazil,66689690,35870,284,22263.0,13607,215220,12404401.0,0.1667,3608.0,334
781,2022-02-19,USA,94689298,2406,148,2274.0,132,33684,44440977.0,0.0714,200.0,55
782,2022-02-20,Italy,112926021,11681,165,670.0,11011,163534,82019078.0,0.0714,9376.0,403
783,2022-02-21,USA,151908292,11627,989,4167.0,7460,186032,9620739.0,0.0625,4903.0,165
784,2022-02-22,USA,99937100,24834,839,22617.0,2217,447012,73882978.0,0.0556,9595.0,241
785,2022-02-23,France,37116860,7996,711,956.0,7040,103948,22092810.0,0.0769,3389.0,268
786,2022-02-24,Italy,57329936,45601,214,5490.0,40111,273606,7335148.0,0.1667,41220.0,270
787,2022-02-25,Italy,24533667,31697,741,9132.0,22565,443758,14329541.0,0.0714,27780.0,162
788,2022-02-26,France,70701961,34432,588,11242.0,23190,309888,66625267.0,0.1111,32619.0,252
789,2022-02-27,USA,49293479,39938,238,20901.0,19037,439318,106093.0,0.0909,1571.0,238
790,2022-02-28,Japan,168895839,7728,755,781.0,6947,85008,165170480.0,0.0909,3391.0,23
791,2022-03-01,UK,90601676,22914,573,2025.0,20889,252054,1516293.0,0.0909,22610.0,144
792,2022-03-02,USA,69294682,4445,315,1986.0,2459,66675,822924.0,0.0667,2730.0,174
793,2022-03-03,UK,107313681,47474,582,,40369,237370,,0.2,,426
794,2022-03-04,Brazil,91714232,44071,490,12975.0,31096,264426,86657974.0,0.1667,31555.0,79
795,2022-03-05,Japan,169362848,30187,913,1836.0,28351,452805,124143364.0,0.0667,24333.0,28
796,2022-03-06,Italy,140874528,19617,578,9279.0,10338,98085,55905031.0,0.2,10869.0,409
797,2022-03-07,Canada,95917581,4339,992,3116.0,1223,56407,4183991.0,0.0769,3073.0,320
798,2022-03-08,Italy,144417862,10876,584,953.0,9923,184892,50299143.0,0.0588,1914.0,442
799,2022-03-09,Japan,83753663,46220,878,25609.0,20611,277320,36439766.0,0.1667,5688.0,254
800,2022-03-10,Germany,64791605,24352,462,,9916,267872,,0.0909,,57
801,2022-03-11,France,101452759,2450,796,1623.0,827,17150,59562350.0,0.1429,102.0,409
802,2022-03-12,Australia,130563913,32771,157,20306.0,12465,491565,123968428.0,0.0667,20339.0,397
803,2022-03-13,India,88869113,9390,787,7781.0,1609,84510,27539747.0,0.1111,7526.0,198
804,2022-03-14,Italy,192576315,34232,118,33963.0,269,479248,11819202.0,0.0714,5706.0,170
805,2022-03-15,Italy,126326045,3023,105,,2132,42322,,0.0714,,327
806,2022-03-16,France,57330022,21029,205,14720.0,6309,294406,18565636.0,0.0714,10457.0,395
807,2022-03-17,Germany,119411073,43982,120,26114.0,17868,395838,21138757.0,0.1111,7501.0,7
808,2022-03-18,Canada,168220514,36675,526,29966.0,6709,403425,145633943.0,0.0909,36003.0,163
809,2022-03-19,USA,73759995,9277,965,4636.0,4641,111324,22988138.0,0.0833,5101.0,313
810,2022-03-20,Australia,91929529,35427,454,32103.0,3324,318843,3891332.0,0.1111,3306.0,54
811,2022-03-21,Italy,103971744,3525,88,1779.0,1746,59925,24022690.0,0.0588,2427.0,322
812,2022-03-22,Canada,186253991,45833,456,5443.0,40390,733328,83870149.0,0.0625,12985.0,365
813,2022-03-23,Australia,181085364,34962,80,4443.0,30519,314658,24941994.0,0.1111,6374.0,233
814,2022-03-24,UK,84320133,44857,659,14357.0,30500,897140,31097470.0,0.05,9418.0,440
815,2022-03-25,Canada,166609131,16911,934,5002.0,11909,287487,49218465.0,0.0588,10641.0,232
816,2022-03-26,Australia,131864092,1983,66,1010.0,973,15864,47169588.0,0.125,944.0,433
817,2022-03-27,USA,46849190,18498,786,7075.0,11423,166482,34087925.0,0.1111,13293.0,418
818,2022-03-28,France,192736220,7011,333,2456.0,4555,49077,81099216.0,0.1429,3776.0,205
819,2022-03-29,Brazil,159520789,27095,244,6751.0,20344,325140,147088944.0,0.0833,15806.0,196
820,2022-03-30,Italy,18732828,22329,213,2965.0,19364,401922,14608046.0,0.0556,11213.0,278
821,2022-03-31,Australia,187329951,15476,177,4620.0,10856,108332,154132494.0,0.1429,1873.0,303
822,2022-04-01,Brazil,161007797,30337,333,12148.0,18189,242696,119511822.0,0.125,10093.0,489
823,2022-04-02,Australia,109929417,4561,612,3671.0,890,77537,43943990.0,0.0588,503.0,46
824,2022-04-03,Brazil,59414715,9104,908,9101.0,3,81936,44350999.0,0.1111,7421.0,272
825,2022-04-04,UK,79249808,25557,630,6620.0,18937,485583,26261929.0,0.0526,22331.0,449
826,2022-04-05,USA,85986052,19643,583,9664.0,9979,353574,46206415.0,0.0556,19094.0,4
827,2022-04-06,Canada,165145799,33451,413,25092.0,8359,468314,16753206.0,0.0714,3481.0,0
828,2022-04-07,India,189805184,36702,840,13159.0,23543,293616,75754966.0,0.125,15416.0,221
829,2022-04-08,Japan,189501251,38676,403,17828.0,20848,657492,108993560.0,0.0588,28520.0,279
830,2022-04-09,France,57697883,43416,177,12295.0,31121,390744,12631689.0,0.1111,25204.0,431
831,2022-04-10,India,97714043,27343,157,17891.0,9452,246087,18022414.0,0.1111,2350.0,331
832,2022-04-11,USA,5216530,9436,738,1462.0,7974,169848,1138969.0,0.0556,2248.0,328
833,2022-04-12,Brazil,112630350,29886,915,4035.0,25851,537948,83650995.0,0.0556,14889.0,260
834,2022-04-13,UK,114850102,36179,839,6685.0,29494,615043,47688529.0,0.0588,12176.0,217
835,2022-04-14,Germany,163288898,486,295,231.0,255,5832,134681800.0,0.0833,210.0,474
836,2022-04-15,Canada,147610388,37771,375,35579.0,2192,226626,129726301.0,0.1667,7416.0,297
837,2022-04-16,France,130260505,45252,81,35941.0,9311,588276,62402697.0,0.0769,5127.0,267
838,2022-04-17,Italy,164764583,5796,251,1926.0,3870,40572,144739648.0,0.1429,2559.0,313
839,2022-04-18,France,15166485,22514,547,22161.0,353,450280,7617439.0,0.05,15375.0,293
840,2022-04-19,Brazil,197981843,21726,431,10162.0,11564,304164,77633800.0,0.0714,1157.0,355
841,2022-04-20,Australia,161426831,49114,311,1472.0,47642,638482,16486704.0,0.0769,37889.0,86
842,2022-04-21,Australia,154775934,3382,672,2187.0,1195,16910,76991491.0,0.2,337.0,64
843,2022-04-22,Italy,136719923,5037,871,2761.0,2276,65481,35578102.0,0.0769,2301.0,140
844,2022-04-23,Australia,69976027,930,759,816.0,114,9300,20285078.0,0.1,378.0,413
845,2022-04-24,France,48083408,17121,801,9382.0,7739,342420,12133899.0,0.05,1084.0,175
846,2022-04-25,Japan,23656344,9507,609,6982.0,2525,190140,13856231.0,0.05,3898.0,338
847,2022-04-26,Canada,119161262,47579,652,36616.0,10963,523369,77545284.0,0.0909,3560.0,328
848,2022-04-27,Australia,71973124,49511,839,41910.0,7601,297066,22494944.0,0.1667,26132.0,243
849,2022-04-28,Japan,81897623,31212,764,140.0,31072,374544,50975999.0,0.0833,15551.0,134
850,2022-04-29,Australia,39963361,34763,891,6273.0,28490,173815,19380517.0,0.2,25035.0,347
851,2022-04-30,Canada,85742019,34750,699,32062.0,2688,278000,71308986.0,0.125,28297.0,312
852,2022-05-01,Germany,176037613,17864,343,9006.0,8858,232232,26380974.0,0.0769,12817.0,236
853,2022-05-02,Canada,182272079,49092,247,969.0,48123,540012,139573638.0,0.0909,44414.0,353
854,2022-05-03,India,49296008,20530,560,20184.0,346,102650,4560178.0,0.2,13475.0,50
855,2022-05-04,Germany,141999553,6809,701,3156.0,3653,108944,58899121.0,0.0625,2063.0,98
856,2022-05-05,UK,10138017,1553,634,1365.0,188,9318,9967991.0,0.1667,1227.0,326
857,2022-05-06,Japan,33692788,46404,980,38542.0,7862,324828,8717928.0,0.1429,43017.0,391
858,2022-05-07,Germany,174920899,37097,822,24989.0,12108,296776,49462721.0,0.125,19304.0,239
859,2022-05-08,Canada,178295670,4962,654,1248.0,3714,64506,114617482.0,0.0769,2108.0,82
860,2022-05-09,Canada,20863435,18172,795,16128.0,2044,308924,13038931.0,0.0588,1968.0,132
861,2022-05-10,Italy,72045430,11660,451,10523.0,1137,233200,26933352.0,0.05,6432.0,91
862,2022-05-11,Italy,174270571,32247,111,27533.0,4714,580446,58622679.0,0.0556,21080.0,54
863,2022-05-12,USA,119536186,46884,265,40115.0,6769,281304,9787090.0,0.1667,37443.0,372
864,2022-05-13,India,68268945,29221,19,12913.0,16308,262989,116452.0,0.1111,21777.0,199
865,2022-05-14,France,72520998,9935,716,4532.0,5403,168895,497109.0,0.0588,8039.0,244
866,2022-05-15,UK,118053338,26470,864,2623.0,23847,185290,72494849.0,0.1429,108.0,196
867,2022-05-16,Germany,186022173,31592,124,13005.0,18587,505472,89507041.0,0.0625,13127.0,28
868,2022-05-17,Australia,170724362,42406,92,18463.0,23943,636090,21597453.0,0.0667,19002.0,331
869,2022-05-18,UK,55524736,11574,567,10930.0,644,196758,44341114.0,0.0588,4896.0,356
870,2022-05-19,USA,105717939,6997,645,1355.0,5642,111952,65297400.0,0.0625,5183.0,224
871,2022-05-20,Italy,198387082,12416,143,,584,136576,,0.0909,,250
872,2022-05-21,Australia,105358990,4128,811,,2520,82560,,0.05,,18
873,2022-05-22,USA,92076152,3673,345,447.0,3226,22038,54426343.0,0.1667,867.0,413
874,2022-05-23,UK,176516505,43733,535,13694.0,30039,393597,155516930.0,0.1111,4720.0,18
875,2022-05-24,India,198423466,9279,500,,312,185580,,0.05,,359
876,2022-05-25,USA,175157278,8554,14,5732.0,2822,51324,82500237.0,0.1667,7474.0,312
877,2022-05-26,Italy,46819083,38734,65,31766.0,6968,309872,33362735.0,0.125,14455.0,32
878,2022-05-27,USA,55396067,27932,345,1341.0,26591,474844,21759038.0,0.0588,22416.0,294
879,2022-05-28,Canada,147534835,9000,329,5507.0,3493,54000,46559499.0,0.1667,1035.0,61
880,2022-05-29,France,74522689,9256,775,2455.0,6801,92560,49650807.0,0.1,2703.0,224
881,2022-05-30,Italy,66402850,38141,41,29401.0,8740,305128,53086620.0,0.125,24650.0,398
882,2022-05-31,India,43346676,1024,900,,997,7168,,0.1429,,474
883,2022-06-01,Australia,24928668,46316,667,7406.0,38910,648424,13966100.0,0.0714,45374.0,64
884,2022-06-02,UK,56340713,9377,655,4938.0,4439,178163,27650954.0,0.0526,2859.0,312
885,2022-06-03,USA,186669710,2465,610,1728.0,737,49300,164295871.0,0.05,1233.0,178
886,2022-06-04,France,113416977,299,285,179.0,120,3289,15771632.0,0.0909,48.0,316
887,2022-06-05,UK,98147141,49881,552,16619.0,33262,598572,62306017.0,0.0833,18115.0,27
888,2022-06-06,Brazil,53001046,7384,815,6162.0,1222,147680,33387655.0,0.05,1308.0,343
889,2022-06-07,Japan,12573756,3540,660,2049.0,1491,49560,3516332.0,0.0714,1029.0,171
890,2022-06-08,France,166576183,49703,464,46865.0,2838,397624,14081204.0,0.125,11526.0,80
891,2022-06-09,Australia,8802136,31788,527,27985.0,3803,222516,3947676.0,0.1429,19421.0,296
892,2022-06-10,USA,88502526,27463,203,2983.0,24480,411945,30878564.0,0.0667,10686.0,116
893,2022-06-11,UK,27323891,15539,755,8780.0,6759,170929,12600775.0,0.0909,1204.0,241
894,2022-06-12,UK,158059506,31746,55,2567.0,29179,571428,38907376.0,0.0556,30405.0,312
895,2022-06-13,UK,123135682,11669,396,5550.0,6119,105021,61436848.0,0.1111,10355.0,183
896,2022-06-14,Germany,73395574,13252,343,11168.0,2084,79512,8006318.0,0.1667,2236.0,56
897,2022-06-15,Germany,125965910,30053,428,24444.0,5609,450795,29508245.0,0.0667,19779.0,80
898,2022-06-16,Japan,172261609,40077,927,28941.0,11136,480924,23212776.0,0.0833,34194.0,250
899,2022-06-17,Japan,59100869,38769,484,8442.0,30327,503997,973337.0,0.0769,16164.0,126
900,2022-06-18,India,88857836,28458,593,21171.0,7287,256122,77000815.0,0.1111,13689.0,22
901,2022-06-19,France,11753169,30844,751,5659.0,25185,185064,7142021.0,0.1667,12921.0,245
902,2022-06-20,France,188006501,6422,463,2365.0,4057,77064,22304710.0,0.0833,6169.0,6
903,2022-06-21,Germany,187068677,47958,416,33671.0,14287,431622,96208792.0,0.1111,15667.0,331
904,2022-06-22,Australia,25355017,1043,491,419.0,624,10430,23598982.0,0.1,49.0,499
905,2022-06-23,Canada,123095396,30393,790,25851.0,4542,516681,24822996.0,0.0588,20539.0,237
906,2022-06-24,Canada,189952270,41510,1,399.0,41111,290570,103315241.0,0.1429,34794.0,16
907,2022-06-25,Italy,80615267,27911,770,19071.0,8840,307021,10866138.0,0.0909,11000.0,376
908,2022-06-26,Japan,15713396,33733,968,9879.0,23854,202398,1861709.0,0.1667,23959.0,238
909,2022-06-27,USA,167197370,2678,374,1178.0,1500,26780,149999170.0,0.1,2296.0,363
910,2022-06-28,Australia,55952118,9070,342,5161.0,3909,72560,43556229.0,0.125,3437.0,385
911,2022-06-29,India,61515344,21001,361,12241.0,8760,378018,18598908.0,0.0556,2076.0,190
912,2022-06-30,France,93671055,29649,497,13218.0,16431,237192,63104323.0,0.125,22226.0,422
913,2022-07-01,Australia,144037298,19153,462,7090.0,12063,134071,50560779.0,0.1429,2860.0,41
914,2022-07-02,Germany,105873035,11718,295,10458.0,1260,93744,22114547.0,0.125,1835.0,356
915,2022-07-03,India,40716111,32527,154,3856.0,28671,357797,34942755.0,0.0909,9606.0,213
916,2022-07-04,Japan,184181261,35483,954,26831.0,8652,709660,93066638.0,0.05,29088.0,377
917,2022-07-05,UK,174056162,1407,298,1020.0,387,9849,5915409.0,0.1429,1064.0,330
918,2022-07-06,Italy,91161394,26980,592,15748.0,11232,404700,65249732.0,0.0667,21818.0,356
919,2022-07-07,Germany,143315413,35944,455,5929.0,30015,503216,35421199.0,0.0714,11254.0,404
920,2022-07-08,Brazil,70795220,14862,495,8769.0,6093,208068,6351040.0,0.0714,5785.0,145
921,2022-07-09,Brazil,123386846,10902,633,8268.0,2634,152628,24465275.0,0.0714,2514.0,82
922,2022-07-10,Germany,64862225,7662,42,5069.0,2593,68958,29587535.0,0.1111,3028.0,94
923,2022-07-11,Brazil,56070972,36863,724,34590.0,2273,552945,23075182.0,0.0667,24439.0,229
924,2022-07-12,Japan,145919334,10655,546,5715.0,4940,85240,6690809.0,0.125,8182.0,393
925,2022-07-13,France,40026189,30018,950,19526.0,10492,270162,288185.0,0.1111,16626.0,169
926,2022-07-14,Brazil,174743225,46232,302,15174.0,31058,647248,154008825.0,0.0714,37043.0,373
927,2022-07-15,Brazil,119676800,22196,705,18516.0,3680,443920,5379569.0,0.05,18053.0,59
928,2022-07-16,Canada,83700187,1625,411,,1264,19500,,0.0833,,167
929,2022-07-17,Germany,15772979,39855,656,27066.0,12789,478260,13107759.0,0.0833,12826.0,11
930,2022-07-18,Japan,23438398,35285,869,6092.0,29193,246995,17172739.0,0.1429,12743.0,251
931,2022-07-19,Japan,86297463,39529,619,6004.0,33525,237174,48461306.0,0.1667,9695.0,366
932,2022-07-20,Canada,115793867,24224,395,12008.0,12216,121120,38205125.0,0.2,11513.0,157
933,2022-07-21,Japan,120608407,36767,89,,14135,698573,,0.0526,,147
934,2022-07-22,Italy,44967135,47710,993,19934.0,27776,858780,9366228.0,0.0556,39186.0,44
935,2022-07-23,Italy,39557876,13617,310,5841.0,7776,204255,4436954.0,0.0667,12388.0,192
936,2022-07-24,Brazil,24742655,433,209,106.0,327,5629,13908782.0,0.0769,284.0,236
937,2022-07-25,Japan,191655479,37218,773,28245.0,8973,409398,49930717.0,0.0909,18970.0,283
938,2022-07-26,France,132690575,2767,842,1531.0,1236,38738,66317044.0,0.0714,1898.0,114
939,2022-07-27,Australia,8204810,160,39,93.0,67,2240,8019732.0,0.0714,31.0,334
940,2022-07-28,UK,179754782,18853,427,12976.0,5877,377060,173083382.0,0.05,932.0,61
941,2022-07-29,Italy,75414880,32312,993,30126.0,2186,516992,64489726.0,0.0625,14289.0,444
942,2022-07-30,France,70232600,41156,702,9959.0,31197,329248,50090353.0,0.125,37700.0,8
943,2022-07-31,Australia,70668983,10672,595,9714.0,958,96048,42906872.0,0.1111,2219.0,182
944,2022-08-01,Canada,44837887,3466,279,1987.0,1479,62388,42697822.0,0.0556,199.0,148
945,2022-08-02,USA,79292985,34708,654,29674.0,5034,381788,24595062.0,0.0909,10953.0,278
946,2022-08-03,USA,87599119,20723,846,10858.0,9865,269399,48656970.0,0.0769,17511.0,296
947,2022-08-04,Australia,95389788,9418,13,7175.0,2243,131852,50065117.0,0.0714,6750.0,174
948,2022-08-05,France,44762803,6712,223,5446.0,1266,80544,12644436.0,0.0833,5025.0,353
949,2022-08-06,USA,142103855,34871,729,27403.0,7468,627678,123612207.0,0.0556,7639.0,419
950,2022-08-07,Brazil,36227363,1138,491,425.0,713,15932,24331564.0,0.0714,905.0,455
951,2022-08-08,India,161430085,34283,781,11867.0,22416,342830,81788058.0,0.1,7772.0,113
952,2022-08-09,Brazil,35551529,45497,145,406.0,45091,545964,20631165.0,0.0833,13752.0,66
953,2022-08-10,India,22100358,27840,707,2838.0,25002,222720,2608363.0,0.125,25385.0,247
954,2022-08-11,France,116762112,2786,201,2345.0,441,16716,106442064.0,0.1667,2429.0,30
955,2022-08-12,Germany,126918333,7793,930,5721.0,2072,46758,8891570.0,0.1667,5468.0,5
956,2022-08-13,UK,26904987,8112,942,3183.0,4929,89232,19716686.0,0.0909,1513.0,343
957,2022-08-14,Canada,95364100,1917,92,1619.0,298,24921,77812909.0,0.0769,721.0,82
958,2022-08-15,Italy,135388027,47746,627,31898.0,15848,334222,26603479.0,0.1429,916.0,270
959,2022-08-16,France,59249976,46911,196,28440.0,18471,469110,50601282.0,0.1,283.0,498
960,2022-08-17,Italy,195709484,6467,946,4714.0,1753,129340,98371669.0,0.05,1516.0,225
961,2022-08-18,Japan,181798177,7033,185,195.0,6838,112528,101902140.0,0.0625,1755.0,263
962,2022-08-19,Australia,62083619,26711,115,1762.0,24949,400665,8295689.0,0.0667,3614.0,266
963,2022-08-20,India,37483698,32493,780,20656.0,11837,454902,37388503.0,0.0714,2695.0,167
964,2022-08-21,Germany,133530021,7583,394,5260.0,2323,144077,80582915.0,0.0526,5628.0,499
965,2022-08-22,Japan,120173496,14802,567,8130.0,6672,207228,114805236.0,0.0714,3093.0,438
966,2022-08-23,India,19685565,31173,961,8920.0,22253,498768,6016218.0,0.0625,22090.0,251
967,2022-08-24,Brazil,181414256,6892,405,3304.0,3588,48244,32002296.0,0.1429,3234.0,205
968,2022-08-25,UK,187572605,38702,104,27645.0,11057,270914,97632656.0,0.1429,22192.0,102
969,2022-08-26,Germany,160708581,26495,125,18865.0,7630,476910,133978850.0,0.0556,25061.0,365
970,2022-08-27,Italy,157207590,38905,279,12676.0,26229,622480,127728644.0,0.0625,26505.0,248
971,2022-08-28,Germany,138281788,18277,150,3380.0,14897,146216,32800144.0,0.125,16034.0,254
972,2022-08-29,India,62960753,41180,965,32359.0,8821,205900,6684270.0,0.2,4471.0,255
973,2022-08-30,Canada,183028080,1753,995,1387.0,366,29801,162291760.0,0.0588,312.0,155
974,2022-08-31,UK,167957930,40844,98,35830.0,5014,816880,125096783.0,0.05,19238.0,338
975,2022-09-01,India,134653756,32129,516,23555.0,8574,481935,4743358.0,0.0667,14103.0,450
976,2022-09-02,Australia,32979818,25141,460,14834.0,10307,427397,14849720.0,0.0588,1179.0,16
977,2022-09-03,Japan,48477956,36481,675,16621.0,19860,364810,32982638.0,0.1,8813.0,159
978,2022-09-04,Australia,193125480,25498,499,463.0,25035,203984,152700911.0,0.125,21629.0,283
979,2022-09-05,Brazil,184978726,35349,585,4559.0,30790,706980,150929287.0,0.05,33206.0,28
980,2022-09-06,Germany,106061563,17261,506,4882.0,12379,276176,102873964.0,0.0625,10501.0,31
981,2022-09-07,Italy,8555648,38696,46,30295.0,8401,619136,5853181.0,0.0625,1762.0,391
982,2022-09-08,Canada,168813230,22364,389,19175.0,3189,402552,92648625.0,0.0556,13498.0,179
983,2022-09-09,Germany,16152978,43335,250,27108.0,16227,520020,10873025.0,0.0833,38832.0,43
984,2022-09-10,Brazil,185681249,4292,889,1795.0,2497,34336,90622268.0,0.125,161.0,275
985,2022-09-11,India,88541323,2449,471,719.0,1730,44082,35784981.0,0.0556,1923.0,301
986,2022-09-12,Italy,6969050,20743,386,2054.0,18689,352631,2704666.0,0.0588,3202.0,413
987,2022-09-13,Australia,132092769,6557,707,1027.0,5530,72127,45092789.0,0.0909,4118.0,415
988,2022-09-14,Japan,180150483,22252,170,2106.0,20146,311528,97531808.0,0.0714,6611.0,254
989,2022-09-15,Germany,171575753,4936,860,,4389,54296,,0.0909,,152
990,2022-09-16,Italy,154953288,26347,823,18946.0,7401,184429,25429860.0,0.1429,11037.0,139
991,2022-09-17,UK,19057592,37121,820,2318.0,34803,742420,14331295.0,0.05,22761.0,407
992,2022-09-18,France,21578689,42699,843,22918.0,19781,597786,14526065.0,0.0714,20535.0,102
993,2022-09-19,France,112216635,26365,257,5887.0,20478,500935,90135290.0,0.0526,5917.0,451
994,2022-09-20,Australia,5993790,41146,720,7315.0,33831,411460,4838912.0,0.1,13956.0,338
995,2022-09-21,Italy,126438631,17559,959,103.0,17456,316062,125444711.0,0.0556,1962.0,267
996,2022-09-22,Germany,54861044,23873,473,19032.0,4841,286476,10098048.0,0.0833,14266.0,210
997,2022-09-23,Germany,86537810,4222,649,2555.0,1667,75996,35827376.0,0.0556,1315.0,131
998,2022-09-24,Brazil,185376208,39402,241,12804.0,26598,472824,30483148.0,0.0833,12577.0,14
999,2022-09-25,India,66924152,20351,475,4446.0,15905,366318,28321224.0,0.0556,6618.0,81
1000,2022-09-26,Brazil,74205560,8941,29,4708.0,4233,116233,73914523.0,0.0769,691.0,493
1001,2022-09-27,Canada,194937637,31840,801,31188.0,652,191040,22529665.0,0.1667,19713.0,152
1002,2022-09-28,Brazil,18067581,26673,918,14764.0,11909,186711,13317587.0,0.1429,7734.0,57
1003,2022-09-29,USA,154269499,48134,512,40228.0,7906,625742,133265077.0,0.0769,15602.0,307
1004,2022-09-30,Japan,33823436,20539,337,1392.0,19147,349163,15833536.0,0.0588,7143.0,73
1005,2022-10-01,Germany,29672668,11478,219,6980.0,4498,218082,13702809.0,0.0526,9658.0,28
1006,2022-10-02,Japan,132629629,34961,383,27558.0,7403,524415,73248658.0,0.0667,31120.0,349
1007,2022-10-03,Canada,67128184,18201,900,13453.0,4748,291216,63783187.0,0.0625,10098.0,10
1008,2022-10-04,France,174247594,39702,35,36119.0,3583,476424,67909579.0,0.0833,25211.0,158
1009,2022-10-05,UK,172516580,45915,371,1007.0,44908,367320,143588994.0,0.125,28993.0,198
1010,2022-10-06,UK,3111540,25754,949,17381.0,8373,360556,378537.0,0.0714,9745.0,107
1011,2022-10-07,Germany,44010669,28760,646,,10393,517680,,0.0556,,41
1012,2022-10-08,Japan,132987528,30873,754,17342.0,13531,463095,96285921.0,0.0667,28729.0,470
1013,2022-10-09,Japan,27949729,10508,715,6233.0,4275,73556,11806339.0,0.1429,9865.0,373
1014,2022-10-10,Brazil,148029542,48351,334,18647.0,29704,241755,13985170.0,0.2,41297.0,227
1015,2022-10-11,Germany,173093651,8918,3,2354.0,6564,98098,168656997.0,0.0909,5140.0,294
1016,2022-10-12,Japan,23073998,7263,161,5219.0,2044,65367,19931873.0,0.1111,6493.0,480
1017,2022-10-13,Brazil,86738051,29588,489,965.0,28623,266292,34987861.0,0.1111,22526.0,303
1018,2022-10-14,Brazil,88934202,18467,203,15702.0,2765,332406,49338378.0,0.0556,12894.0,448
1019,2022-10-15,Italy,102286073,37381,229,36023.0,1358,186905,74964625.0,0.2,14988.0,464
1020,2022-10-16,Japan,24884465,30305,203,21727.0,8578,303050,1670439.0,0.1,20250.0,219
1021,2022-10-17,Italy,162166696,17049,152,14131.0,2918,272784,45667012.0,0.0625,3845.0,7
1022,2022-10-18,UK,193893269,34461,445,4727.0,29734,689220,31812916.0,0.05,13313.0,97
1023,2022-10-19,Japan,72458282,18871,764,2679.0,16192,320807,17475058.0,0.0588,6770.0,307
1024,2022-10-20,Japan,58865716,18544,744,12339.0,6205,333792,12104417.0,0.0556,4782.0,14
1025,2022-10-21,Italy,78898078,17157,241,2380.0,14777,205884,49611937.0,0.0833,15013.0,43
1026,2022-10-22,Japan,3770318,30728,136,2173.0,28555,460920,2906751.0,0.0667,22506.0,108
1027,2022-10-23,USA,192484660,25132,725,11262.0,13870,326716,19610718.0,0.0769,18251.0,30
1028,2022-10-24,Italy,14988872,21814,953,14119.0,7695,436280,5944195.0,0.05,19602.0,363
1029,2022-10-25,Japan,13217000,351,129,93.0,258,5967,5075231.0,0.0588,343.0,189
1030,2022-10-26,France,36497435,36671,42,24916.0,11755,476723,11399547.0,0.0769,32298.0,476
1031,2022-10-27,Japan,92047061,30676,135,27739.0,2937,460140,71192277.0,0.0667,4646.0,133
1032,2022-10-28,Germany,32364551,20530,45,16340.0,4190,410600,29248712.0,0.05,11815.0,474
1033,2022-10-29,Canada,116450337,18541,924,9916.0,8625,241033,69386899.0,0.0769,14279.0,457
1034,2022-10-30,Australia,45287507,20679,754,4581.0,16098,186111,37290698.0,0.1111,1743.0,96
1035,2022-10-31,Germany,40895095,3576,235,2826.0,750,21456,31557777.0,0.1667,669.0,361
1036,2022-11-01,Canada,126395016,28601,118,12384.0,16217,171606,59259769.0,0.1667,23233.0,287
1037,2022-11-02,Canada,131244752,29999,504,26313.0,3686,269991,16596590.0,0.1111,3066.0,104
1038,2022-11-03,Italy,77266929,11839,854,9082.0,2757,153907,75597784.0,0.0769,3479.0,298
1039,2022-11-04,UK,2107490,34472,785,,11833,620496,,0.0556,,346
1040,2022-11-05,Canada,26314865,21538,26,12223.0,9315,172304,13226143.0,0.125,19344.0,475
1041,2022-11-06,Australia,29472927,21203,157,20257.0,946,148421,15442862.0,0.1429,14878.0,321
1042,2022-11-07,Italy,73294617,38941,673,38561.0,380,584115,5885044.0,0.0667,29694.0,166
1043,2022-11-08,India,197372673,48124,928,10824.0,37300,433116,56738359.0,0.1111,42181.0,144
1044,2022-11-09,Japan,87750512,3639,761,3350.0,289,61863,12421986.0,0.0588,1045.0,91
1045,2022-11-10,Japan,65446018,26143,91,,672,287573,,0.0909,,206
1046,2022-11-11,Australia,77486894,42412,770,32311.0,10101,339296,40070254.0,0.125,28335.0,376
1047,2022-11-12,Canada,84242185,44889,617,36285.0,8604,718224,12899866.0,0.0625,33597.0,102
1048,2022-11-13,Italy,132432182,29192,906,16476.0,12716,583840,36034695.0,0.05,19671.0,216
1049,2022-11-14,Japan,25218877,49577,432,25445.0,24132,495770,14566177.0,0.1,6091.0,20
1050,2022-11-15,Australia,138799048,22396,996,7208.0,15188,268752,41626204.0,0.0833,17277.0,322
1051,2022-11-16,USA,174738242,34385,85,,19051,653315,,0.0526,,153
1052,2022-11-17,Japan,40891262,8374,700,3453.0,4921,100488,35104113.0,0.0833,4841.0,291
1053,2022-11-18,Japan,13811960,36109,78,33154.0,2955,288872,8567311.0,0.125,27067.0,48
1054,2022-11-19,Germany,125730277,43309,737,6054.0,37255,563017,47708716.0,0.0769,38375.0,41
1055,2022-11-20,Japan,136142372,1066,116,119.0,947,10660,48911122.0,0.1,92.0,42
1056,2022-11-21,Australia,112736677,46162,304,25588.0,20574,877078,101650368.0,0.0526,40882.0,413
1057,2022-11-22,USA,72155364,22369,989,16236.0,6133,246059,24842009.0,0.0909,19793.0,132
1058,2022-11-23,Japan,181766789,6968,444,2591.0,4377,34840,1569561.0,0.2,955.0,6
1059,2022-11-24,Italy,47099857,42978,488,12821.0,30157,730626,44138646.0,0.0588,31897.0,155
1060,2022-11-25,Brazil,167027160,40418,369,14532.0,25886,565852,23524377.0,0.0714,8854.0,7
1061,2022-11-26,UK,52218044,7334,835,,130,80674,,0.0909,,332
1062,2022-11-27,Germany,39964530,42581,247,14022.0,28559,468391,5777640.0,0.0909,30371.0,75
1063,2022-11-28,Brazil,128235477,27648,22,23832.0,3816,276480,121120136.0,0.1,24208.0,359
1064,2022-11-29,UK,120525166,31788,482,31145.0,643,603972,78547740.0,0.0526,6597.0,150
1065,2022-11-30,Japan,153855324,25672,52,14733.0,10939,128360,27558528.0,0.2,13621.0,434
1066,2022-12-01,Australia,134064317,48305,592,9257.0,39048,676270,4968366.0,0.0714,26193.0,248
1067,2022-12-02,France,138802876,38734,742,6759.0,31975,464808,16295289.0,0.0833,1246.0,216
1068,2022-12-03,Australia,155727097,20699,566,18618.0,2081,269087,111974482.0,0.0769,3831.0,253
1069,2022-12-04,Brazil,168153869,42348,355,12967.0,29381,762264,5585317.0,0.0556,18875.0,371
1070,2022-12-05,UK,52593643,30752,352,16396.0,14356,369024,34066871.0,0.0833,19256.0,465
1071,2022-12-06,Germany,184871331,22226,943,2497.0,19729,422294,35207609.0,0.0526,12791.0,491
1072,2022-12-07,Brazil,112900292,44112,668,20503.0,23609,882240,107341306.0,0.05,40753.0,106
1073,2022-12-08,Brazil,76821531,45265,767,39617.0,5648,905300,17327046.0,0.05,13073.0,80
1074,2022-12-09,Germany,163604511,32255,103,6255.0,26000,580590,132533316.0,0.0556,7691.0,107
1075,2022-12-10,Brazil,150473053,3083,18,1614.0,1469,40079,95843234.0,0.0769,715.0,423
1076,2022-12-11,USA,136151588,2095,826,1835.0,260,31425,115593801.0,0.0667,928.0,61
1077,2022-12-12,India,151855746,14686,498,10462.0,4224,220290,95359272.0,0.0667,12617.0,449
1078,2022-12-13,Australia,150524549,17530,917,12577.0,4953,140240,13535063.0,0.125,14979.0,492
1079,2022-12-14,France,30777771,6939,800,1938.0,5001,55512,27635773.0,0.125,343.0,259
1080,2022-12-15,Brazil,29296072,10947,645,9013.0,1934,120417,12134572.0,0.0909,4786.0,362
1081,2022-12-16,Canada,119519060,49936,518,17274.0,32662,399488,20709222.0,0.125,21928.0,419
1082,2022-12-17,India,37983015,8059,868,6406.0,1653,153121,27900499.0,0.0526,2009.0,427
1083,2022-12-18,Germany,128148032,22368,293,5820.0,16548,223680,11439895.0,0.1,12203.0,366
1084,2022-12-19,France,112403024,23635,644,1845.0,21790,283620,20348912.0,0.0833,13818.0,403
1085,2022-12-20,Japan,62252141,9043,821,2018.0,7025,162774,61607283.0,0.0556,7516.0,487
1086,2022-12-21,India,139554380,44708,370,42758.0,1950,849452,39079988.0,0.0526,33904.0,483
1087,2022-12-22,Japan,19678058,5556,346,2978.0,2578,94452,5513821.0,0.0588,503.0,201
1088,2022-12-23,India,10957272,43265,944,1226.0,42039,389385,9639471.0,0.1111,41393.0,365
1089,2022-12-24,France,178264474,34064,996,14684.0,19380,613152,107911808.0,0.0556,19944.0,369
1090,2022-12-25,Australia,85206922,22554,8,13387.0,9167,202986,54215650.0,0.1111,21098.0,105
1091,2022-12-26,Japan,147143050,40918,807,405.0,40513,777442,92677505.0,0.0526,12929.0,451
1092,2022-12-27,Brazil,81941723,5523,37,1121.0,4402,82845,52344046.0,0.0667,4263.0,276
1093,2022-12-28,Canada,77216305,14007,95,5624.0,8383,196098,69972515.0,0.0714,12403.0,325
1094,2022-12-29,Germany,43957012,1534,28,429.0,1105,19942,16196038.0,0.0769,1487.0,216
1095,2022-12-30,France,136633614,7237,749,,491,115792,,0.0625,,63
1096,2022-12-31,Italy,13813194,49581,666,41406.0,8175,942039,4998957.0,0.0526,48290.0,2
1097,2023-01-01,Germany,122640764,22215,241,3158.0,19057,266580,47021454.0,0.0833,9323.0,341
1098,2023-01-02,UK,192892284,37536,688,28363.0,9173,638112,139496953.0,0.0588,6896.0,167
1099,2023-01-03,Brazil,139633980,38166,197,,23676,725154,,0.0526,,424
1100,2023-01-04,Australia,111609623,5370,94,4861.0,509,96660,17456803.0,0.0556,1759.0,228
1101,2023-01-05,France,21957479,24202,693,6958.0,17244,411434,19738040.0,0.0588,17004.0,398
1102,2023-01-06,Australia,106973613,17281,598,936.0,16345,311058,59066531.0,0.0556,13661.0,421
1103,2023-01-07,Brazil,44712774,9459,517,7377.0,2082,189180,30716586.0,0.05,8408.0,441
1104,2023-01-08,India,143040235,7737,711,5996.0,1741,147003,127065417.0,0.0526,6115.0,80
1105,2023-01-09,USA,151062584,24204,943,20313.0,3891,435672,29618138.0,0.0556,12110.0,292
1106,2023-01-10,Germany,78736378,2639,535,2012.0,627,21112,49857504.0,0.125,1533.0,155
1107,2023-01-11,Italy,79915003,31845,28,5919.0,25926,286605,19077681.0,0.1111,13820.0,24
1108,2023-01-12,USA,82916827,18578,220,12579.0,5999,371560,279945.0,0.05,17941.0,178
1109,2023-01-13,Australia,19136716,2928,427,958.0,1970,40992,18983888.0,0.0714,1383.0,400
1110,2023-01-14,Brazil,102282209,31144,854,7550.0,23594,280296,102267363.0,0.1111,16540.0,325
1111,2023-01-15,Canada,124731609,49917,460,6191.0,43726,948423,19996104.0,0.0526,5853.0,409
1112,2023-01-16,Japan,168710534,43548,638,16703.0,26845,740316,62497754.0,0.0588,22216.0,276
1113,2023-01-17,USA,13299634,43938,911,14900.0,29038,571194,10836681.0,0.0769,10853.0,362
1114,2023-01-18,France,7658296,37486,645,,20240,299888,,0.125,,98
1115,2023-01-19,France,167082104,35509,590,32044.0,3465,390599,127731170.0,0.0909,1223.0,61
1116,2023-01-20,UK,177698822,34855,184,33612.0,1243,453115,55245358.0,0.0769,29113.0,43
1117,2023-01-21,India,144222091,39770,328,13438.0,26332,238620,131928789.0,0.1667,22279.0,223
1118,2023-01-22,Germany,49454748,27193,24,9895.0,17298,407895,25636323.0,0.0667,2982.0,58
1119,2023-01-23,Germany,27664668,35506,172,16806.0,18700,319554,6129352.0,0.1111,5873.0,78
1120,2023-01-24,Canada,83354444,26691,694,21147.0,5544,160146,82473495.0,0.1667,5946.0,13
1121,2023-01-25,Brazil,192475178,3833,305,2236.0,1597,30664,85910476.0,0.125,1690.0,457
1122,2023-01-26,UK,88031551,16903,384,12940.0,3963,101418,27187070.0,0.1667,7749.0,252
1123,2023-01-27,India,137531983,49308,516,24074.0,25234,394464,72286321.0,0.125,20862.0,237
1124,2023-01-28,UK,149477311,26678,67,10813.0,15865,133390,109385780.0,0.2,610.0,137
1125,2023-01-29,Brazil,149733445,38415,691,31763.0,6652,460980,148903147.0,0.0833,19963.0,290
1126,2023-01-30,Brazil,110185026,29227,85,1497.0,27730,321497,105076587.0,0.0909,12232.0,276
1127,2023-01-31,Australia,46147711,16066,550,459.0,15607,289188,37255636.0,0.0556,684.0,0
1128,2023-02-01,Australia,125729084,40680,296,29711.0,10969,203400,8076555.0,0.2,17911.0,306
1129,2023-02-02,India,68347491,44564,389,21534.0,23030,490204,37756962.0,0.0909,10578.0,378
1130,2023-02-03,USA,144368501,36902,71,17200.0,19702,258314,106113850.0,0.1429,9152.0,371
1131,2023-02-04,Canada,150378715,18314,899,4160.0,14154,201454,135511652.0,0.0909,11227.0,325
1132,2023-02-05,Canada,71158432,49328,724,19659.0,29669,641264,33007935.0,0.0769,22389.0,107
1133,2023-02-06,India,124426445,39289,336,,1040,353601,,0.1111,,2
1134,2023-02-07,Japan,3571238,44086,177,17009.0,27077,881720,3198011.0,0.05,35266.0,41
1135,2023-02-08,USA,175240723,42681,79,7381.0,35300,213405,119501229.0,0.2,23133.0,497
1136,2023-02-09,India,102032783,39407,366,14061.0,25346,394070,93553800.0,0.1,8176.0,236
1137,2023-02-10,India,100450138,12647,455,12494.0,153,151764,99743159.0,0.0833,12425.0,143
1138,2023-02-11,Germany,183684916,46477,366,33927.0,12550,325339,164669773.0,0.1429,14493.0,119
1139,2023-02-12,Italy,133555754,23789,37,14590.0,9199,475780,121400953.0,0.05,6851.0,3
1140,2023-02-13,France,53636647,41840,405,34570.0,7270,543920,38191804.0,0.0769,32375.0,87
1141,2023-02-14,Italy,149118708,12698,675,594.0,12104,126980,17545108.0,0.1,2101.0,381
1142,2023-02-15,India,18461545,8351,265,4617.0,3734,108563,6437469.0,0.0769,4143.0,348
1143,2023-02-16,Japan,151354987,29748,2,15753.0,13995,178488,86704455.0,0.1667,27667.0,208
1144,2023-02-17,Canada,74560871,7976,696,3731.0,4245,151544,66514912.0,0.0526,4237.0,388
1145,2023-02-18,France,12667458,47265,229,44188.0,3077,614445,7047472.0,0.0769,29416.0,161
1146,2023-02-19,UK,2384934,25680,199,14713.0,10967,179760,106417.0,0.1429,22595.0,216
1147,2023-02-20,USA,20982433,16382,201,13688.0,2694,245730,10428914.0,0.0667,10256.0,320
1148,2023-02-21,Canada,26964714,1826,491,942.0,884,9130,19882033.0,0.2,1721.0,128
1149,2023-02-22,Canada,67344781,7067,484,5115.0,1952,106005,7305854.0,0.0667,4257.0,406
1150,2023-02-23,Australia,64550392,4778,794,1186.0,3592,38224,41966444.0,0.125,4742.0,63
1151,2023-02-24,USA,23960544,3977,938,3841.0,136,67609,10511913.0,0.0588,3205.0,65
1152,2023-02-25,USA,17643597,28961,56,19083.0,9878,521298,2207554.0,0.0556,22202.0,28
1153,2023-02-26,Italy,151124690,3421,301,1859.0,1562,58157,25724237.0,0.0588,3080.0,210
1154,2023-02-27,Australia,63575520,39293,806,38598.0,695,746567,25764436.0,0.0526,28056.0,450
1155,2023-02-28,France,167486542,40581,103,18324.0,22257,202905,121890302.0,0.2,21508.0,300
1156,2023-03-01,UK,52668810,7078,105,6978.0,100,49546,39787939.0,0.1429,4695.0,64
1157,2023-03-02,Italy,172091025,33351,262,,23290,600318,,0.0556,,95
1158,2023-03-03,Germany,66270746,9022,816,8300.0,722,54132,8568510.0,0.1667,7140.0,262
1159,2023-03-04,Australia,175940723,49438,366,29044.0,20394,444942,39569818.0,0.1111,20229.0,308
1160,2023-03-05,UK,93046603,19075,377,18811.0,264,171675,7693044.0,0.1111,16616.0,419
1161,2023-03-06,UK,151176192,3578,432,2170.0,1408,39358,53786922.0,0.0909,3216.0,35
1162,2023-03-07,Canada,92684646,12409,683,4615.0,7794,235771,80498733.0,0.0526,9476.0,289
1163,2023-03-08,USA,91103174,40376,306,12937.0,27439,605640,21780851.0,0.0667,29773.0,448
1164,2023-03-09,UK,12325868,32501,224,2356.0,30145,162505,10716732.0,0.2,22715.0,117
1165,2023-03-10,Canada,126235006,40889,218,25225.0,15664,817780,98594487.0,0.05,24635.0,105
1166,2023-03-11,USA,108458087,12074,845,11964.0,110,193184,1327694.0,0.0625,5863.0,15
1167,2023-03-12,Italy,149898894,7549,145,5169.0,2380,143431,52184777.0,0.0526,7476.0,391
1168,2023-03-13,Germany,97612400,2877,998,2756.0,121,31647,26551621.0,0.0909,713.0,112
1169,2023-03-14,UK,71329781,47109,178,24839.0,22270,565308,23963425.0,0.0833,1408.0,90
1170,2023-03-15,USA,71273343,6631,21,1082.0,5549,59679,50858151.0,0.1111,2772.0,479
1171,2023-03-16,Canada,57435166,19993,467,12124.0,7869,319888,54323804.0,0.0625,5615.0,481
1172,2023-03-17,Brazil,142445818,40842,902,12418.0,28424,285894,31807809.0,0.1429,8571.0,406
1173,2023-03-18,Italy,51906403,12562,545,6366.0,6196,200992,21337371.0,0.0625,7037.0,500
1174,2023-03-19,Germany,171763322,16026,943,15270.0,756,176286,143738689.0,0.0909,12936.0,76
1175,2023-03-20,France,88961092,16198,54,5885.0,10313,210574,16972976.0,0.0769,15866.0,299
1176,2023-03-21,Italy,132262425,13712,744,12379.0,1333,274240,106165849.0,0.05,1062.0,85
1177,2023-03-22,France,137529978,25435,769,4298.0,21137,406960,133838636.0,0.0625,15213.0,91
1178,2023-03-23,Australia,87388738,46693,382,12256.0,34437,933860,66409861.0,0.05,17585.0,297
1179,2023-03-24,UK,108628141,41818,943,3547.0,38271,250908,27809859.0,0.1667,13303.0,231
1180,2023-03-25,Japan,63917135,25945,223,,10026,467010,,0.0556,,80
1181,2023-03-26,USA,101423679,16680,563,13903.0,2777,150120,100881098.0,0.1111,9668.0,227
1182,2023-03-27,France,140269877,23040,235,3905.0,19135,138240,124890431.0,0.1667,20353.0,172
1183,2023-03-28,Australia,115380976,29566,478,15394.0,14172,532188,49326617.0,0.0556,10388.0,139
1184,2023-03-29,USA,103641915,1619,183,715.0,904,19428,35651567.0,0.0833,735.0,461
1185,2023-03-30,UK,23124051,19301,862,2860.0,16441,135107,9275282.0,0.1429,3224.0,60
1186,2023-03-31,UK,20152515,23608,39,,17892,259688,,0.0909,,168
1187,2023-04-01,France,68115211,19838,763,10845.0,8993,218218,18503943.0,0.0909,8556.0,4
1188,2023-04-02,Italy,81389480,18471,842,7113.0,11358,314007,54459981.0,0.0588,389.0,241
1189,2023-04-03,UK,176581225,33596,779,23813.0,9783,571132,61090136.0,0.0588,13754.0,242
1190,2023-04-04,USA,63739590,33805,601,3086.0,30719,642295,22861276.0,0.0526,20517.0,433
1191,2023-04-05,Australia,51424674,28101,788,5231.0,22870,505818,14064994.0,0.0556,14744.0,436
1192,2023-04-06,India,150906926,1972,383,1688.0,284,17748,82026341.0,0.1111,1023.0,414
1193,2023-04-07,Japan,177858196,23243,347,15855.0,7388,418374,114278167.0,0.0556,22626.0,275
1194,2023-04-08,Brazil,81433250,21369,601,20608.0,761,128214,18674348.0,0.1667,10821.0,290
1195,2023-04-09,UK,170071200,39518,935,1909.0,37609,671806,102359423.0,0.0588,25600.0,32
1196,2023-04-10,Italy,144476223,25325,192,9768.0,15557,202600,88272681.0,0.125,14795.0,327
1197,2023-04-11,Italy,82777644,6110,175,5256.0,854,61100,4302906.0,0.1,4002.0,13
1198,2023-04-12,UK,51114780,13041,71,6719.0,6322,182574,13817198.0,0.0714,4769.0,337
1199,2023-04-13,India,141766398,4586,465,4116.0,470,73376,139192289.0,0.0625,1407.0,167
1200,2023-04-14,Japan,111289723,25631,160,22003.0,3628,230679,72001505.0,0.1111,15671.0,380
1201,2020-01-01,Germany,19458425,25493,978,18728.0,6765,229437,6901375.0,0.1111,14162.0,418
1202,2020-01-02,UK,191501023,43567,486,33162.0,10405,609938,157703671.0,0.0714,32930.0,366
1203,2020-01-03,Australia,184834245,30078,282,23469.0,6609,150390,38303589.0,0.2,2096.0,422
1204,2020-01-04,Australia,108169342,39639,826,23463.0,16176,594585,76400632.0,0.0667,30159.0,236
1205,2020-01-05,Canada,155654459,2561,754,2188.0,373,35854,122488876.0,0.0714,1218.0,200
1206,2020-01-06,Australia,165558319,11477,425,7396.0,4081,114770,115984683.0,0.1,6302.0,466
1207,2020-01-07,India,177920450,12022,715,2706.0,9316,96176,105643126.0,0.125,3927.0,453
1208,2020-01-08,UK,43394608,17942,903,322.0,17620,251188,4479104.0,0.0714,16170.0,210
1209,2020-01-09,Canada,149397535,7944,377,7318.0,626,63552,135397459.0,0.125,3359.0,230
1210,2020-01-10,USA,45248661,16565,212,15103.0,1462,314735,1793006.0,0.0526,15135.0,195
1211,2020-01-11,India,93249914,48887,408,36147.0,12740,831079,5070029.0,0.0588,16423.0,58
1212,2020-01-12,USA,191347475,8944,334,1338.0,7606,178880,123844577.0,0.05,1352.0,280
1213,2020-01-13,Australia,177368162,15878,730,313.0,15565,301682,37649618.0,0.0526,13441.0,142
1214,2020-01-14,Germany,44316499,11179,858,,295,89432,,0.125,,273
1215,2020-01-15,Germany,105917864,11039,79,39.0,11000,55195,90916826.0,0.2,2514.0,225
1216,2020-01-16,India,97123244,11661,221,11097.0,564,128271,59332039.0,0.0909,10400.0,415
1217,2020-01-17,Australia,141358045,42009,678,,6736,714153,,0.0588,,306
1218,2020-01-18,Canada,2252448,3189,790,1644.0,1545,35079,1047316.0,0.0909,977.0,102
1219,2020-01-19,UK,25531358,1051,431,994.0,57,5255,11311757.0,0.2,129.0,112
1220,2020-01-20,France,26931724,43523,171,32576.0,10947,261138,13947906.0,0.1667,7057.0,417
1221,2020-01-21,UK,88816369,21147,575,609.0,20538,232617,83842238.0,0.0909,17750.0,202
1222,2020-01-22,Canada,115858243,7917,237,6166.0,1751,63336,47858864.0,0.125,1422.0,7
1223,2020-01-23,Australia,108948497,42860,323,42075.0,785,728620,28557229.0,0.0588,14424.0,33
1224,2020-01-24,UK,177620249,18248,665,6158.0,12090,109488,18074098.0,0.1667,13470.0,154
1225,2020-01-25,USA,161757699,32740,104,9392.0,23348,327400,67629669.0,0.1,19656.0,166
1226,2020-01-26,Brazil,170348928,45633,397,1207.0,44426,410697,89133067.0,0.1111,41638.0,389
1227,2020-01-27,India,185582957,20838,871,5040.0,15798,145866,89954122.0,0.1429,19940.0,466
1228,2020-01-28,Italy,158044651,29419,391,12674.0,16745,353028,135135788.0,0.0833,23089.0,6
1229,2020-01-29,Japan,63439672,1390,631,1136.0,254,19460,15864288.0,0.0714,498.0,317
1230,2020-01-30,UK,22310995,3927,140,2393.0,1534,78540,9952738.0,0.05,621.0,192
1231,2020-01-31,Canada,55864268,42076,38,26475.0,15601,799444,49610605.0,0.0526,8799.0,142
1232,2020-02-01,India,86238635,42179,805,39584.0,2595,759222,38715788.0,0.0556,15008.0,433
1233,2020-02-02,India,197729132,21710,350,13772.0,7938,238810,144770396.0,0.0909,8137.0,410
1234,2020-02-03,Canada,185509067,45631,736,31053.0,14578,775727,139981555.0,0.0588,12028.0,226
1235,2020-02-04,India,170055956,396,33,145.0,251,2772,51664550.0,0.1429,324.0,72
1236,2020-02-05,France,55819892,8228,93,,2845,90508,,0.0909,,218
1237,2020-02-06,Japan,195612781,30610,318,25231.0,5379,336710,65746543.0,0.0909,5781.0,310
1238,2020-02-07,Germany,67832222,19864,292,976.0,18888,377416,27031585.0,0.0526,15767.0,40
1239,2020-02-08,Japan,97524540,26099,386,20602.0,5497,521980,59240493.0,0.05,16557.0,312
1240,2020-02-09,Japan,198280761,28405,778,23298.0,5107,568100,5317995.0,0.05,14004.0,437
1241,2020-02-10,Brazil,23342649,49732,928,30057.0,19675,447588,18550639.0,0.1111,16861.0,194
1242,2020-02-11,Italy,125460431,20044,464,10764.0,9280,340748,75449435.0,0.0588,15756.0,36
1243,2020-02-12,UK,90451858,8955,732,1267.0,7688,98505,20766764.0,0.0909,68.0,6
1244,2020-02-13,Japan,135405580,47865,742,23338.0,24527,957300,108596974.0,0.05,25863.0,496
1245,2020-02-14,India,101165320,25168,501,15082.0,10086,176176,54866540.0,0.1429,4078.0,197
1246,2020-02-15,France,152829400,10640,198,3492.0,7148,138320,93570879.0,0.0769,8005.0,325
1247,2020-02-16,UK,185814965,24129,713,22239.0,1890,410193,113827460.0,0.0588,7941.0,244
1248,2020-02-17,Germany,10263055,23685,646,533.0,23152,118425,2481086.0,0.2,19838.0,233
1249,2020-02-18,USA,183822393,9657,260,5604.0,4053,96570,3311792.0,0.1,1512.0,329
1250,2020-02-19,UK,192021211,25188,407,2052.0,23136,176316,139193726.0,0.1429,13859.0,84
1251,2020-02-20,Germany,115587439,16572,708,6669.0,9903,281724,78662295.0,0.0588,13487.0,385
1252,2020-02-21,Germany,196327616,5824,111,613.0,5211,93184,38309358.0,0.0625,1716.0,476
1253,2020-02-22,India,107829317,45810,315,45390.0,420,458100,65997979.0,0.1,6348.0,35
1254,2020-02-23,Brazil,187916093,27383,537,13724.0,13659,383362,115682151.0,0.0714,5780.0,191
1255,2020-02-24,France,51036379,46140,137,33163.0,12977,922800,12212761.0,0.05,7224.0,230
1256,2020-02-25,UK,153227634,13931,190,10639.0,3292,83586,49051048.0,0.1667,4249.0,461
1257,2020-02-26,Brazil,110734375,28883,641,8422.0,20461,231064,85420677.0,0.125,2615.0,150
1258,2020-02-27,India,24006814,24754,127,15686.0,9068,173278,11480713.0,0.1429,19190.0,120
1259,2020-02-28,India,129284530,31797,688,6876.0,24921,254376,1275951.0,0.125,8718.0,384
1260,2020-02-29,France,2939891,43602,596,40859.0,2743,348816,885284.0,0.125,475.0,192
1261,2020-03-01,Canada,162862518,34083,985,16662.0,17421,681660,127032189.0,0.05,28144.0,172
1262,2020-03-02,Canada,100531873,44686,911,22203.0,22483,670290,32158168.0,0.0667,43586.0,204
1263,2020-03-03,India,102585559,40029,58,16697.0,23332,600435,13445578.0,0.0667,29944.0,445
1264,2020-03-04,USA,188450698,26332,742,21782.0,4550,131660,161573765.0,0.2,17387.0,143
1265,2020-03-05,Italy,188707416,49246,834,32958.0,16288,787936,121310835.0,0.0625,44969.0,337
1266,2020-03-06,Canada,128560375,33745,423,21429.0,12316,168725,85640742.0,0.2,1089.0,324
1267,2020-03-07,Italy,97691957,2998,992,1665.0,1333,56962,31347711.0,0.0526,1984.0,204
1268,2020-03-08,Australia,199428732,40146,813,34814.0,5332,642336,114867900.0,0.0625,6583.0,375
1269,2020-03-09,Italy,104309679,19258,621,12866.0,6392,173322,69800523.0,0.1111,16535.0,16
1270,2020-03-10,Brazil,35322521,32632,815,29779.0,2853,456848,31326622.0,0.0714,29373.0,228
1271,2020-03-11,UK,32052248,31599,678,13883.0,17716,379188,8165672.0,0.0833,5584.0,385
1272,2020-03-12,Brazil,178098976,45869,91,38957.0,6912,825642,7844162.0,0.0556,21397.0,462
1273,2020-03-13,USA,103942262,18373,225,9932.0,8441,367460,90006579.0,0.05,4448.0,472
1274,2020-03-14,UK,144490375,41520,742,,32241,290640,,0.1429,,392
1275,2020-03-15,France,162243655,4238,659,1427.0,2811,72046,102448527.0,0.0588,3579.0,413
1276,2020-03-16,USA,63644096,14650,265,12755.0,1895,205100,5884128.0,0.0714,1460.0,174
1277,2020-03-17,Canada,199798256,38810,959,26479.0,12331,310480,153770300.0,0.125,8350.0,436
1278,2020-03-18,India,85120232,24916,590,769.0,24147,124580,41714724.0,0.2,19335.0,274
1279,2020-03-19,Brazil,51964530,25437,433,14963.0,10474,406992,45587196.0,0.0625,17031.0,339
1280,2020-03-20,France,162495504,38717,227,31732.0,6985,658189,2466525.0,0.0588,30186.0,161
1281,2020-03-21,Brazil,39842821,19452,857,12279.0,7173,389040,30587182.0,0.05,9286.0,74
1282,2020-03-22,France,179603719,46069,35,6821.0,39248,691035,82917411.0,0.0667,45128.0,63
1283,2020-03-23,Germany,74404357,46302,587,14958.0,31344,509322,66441201.0,0.0909,46146.0,494
1284,2020-03-24,UK,102121953,3854,829,2490.0,1364,34686,96202745.0,0.1111,3473.0,375
1285,2020-03-25,Australia,61417232,45901,753,42457.0,3444,459010,57497451.0,0.1,25677.0,153
1286,2020-03-26,Japan,177966156,10432,22,1455.0,8977,177344,90572846.0,0.0588,7756.0,178
1287,2020-03-27,UK,106055629,25628,73,8332.0,17296,358792,37898265.0,0.0714,22973.0,438
1288,2020-03-28,Germany,148105323,25806,99,21517.0,4289,387090,14528613.0,0.0667,14992.0,335
1289,2020-03-29,Brazil,44941399,37824,140,8865.0,28959,756480,19534153.0,0.05,13747.0,111
1290,2020-03-30,Italy,53520756,48189,666,47591.0,598,771024,48718183.0,0.0625,6681.0,347
1291,2020-03-31,USA,40622539,24677,973,10682.0,13995,246770,3780343.0,0.1,11651.0,498
1292,2020-04-01,Canada,128205054,11772,967,10913.0,859,94176,69180538.0,0.125,9722.0,222
1293,2020-04-02,USA,40881005,41089,739,14613.0,26476,493068,2281220.0,0.0833,15784.0,203
1294,2020-04-03,Japan,132164515,19837,704,303.0,19534,198370,87616925.0,0.1,2936.0,398
1295,2020-04-04,India,125466480,42618,391,24582.0,18036,809742,49301266.0,0.0526,7864.0,59
1296,2020-04-05,Italy,23182698,7998,500,2744.0,5254,95976,772649.0,0.0833,4693.0,293
1297,2020-04-06,Australia,129714362,17938,710,14840.0,3098,179380,51534222.0,0.1,14210.0,152
1298,2020-04-07,Brazil,154390220,8207,101,2879.0,5328,57449,144287028.0,0.1429,6640.0,416
1299,2020-04-08,France,189103975,1294,403,156.0,1138,25880,17161525.0,0.05,1197.0,275
1300,2020-04-09,Italy,192595570,42709,127,29113.0,13596,341672,48496668.0,0.125,11792.0,2
1301,2020-04-10,Brazil,149906991,29309,819,19011.0,10298,234472,10507413.0,0.125,18844.0,105
1302,2020-04-11,USA,176191850,10565,89,1350.0,9215,137345,9396659.0,0.0769,2043.0,259
1303,2020-04-12,India,81148900,23826,989,5987.0,17839,238260,56780987.0,0.1,8137.0,153
1304,2020-04-13,Italy,13392660,34042,926,14814.0,19228,646798,2346378.0,0.0526,32141.0,355
1305,2020-04-14,India,85003130,34253,932,11177.0,23076,376783,13288780.0,0.0909,15538.0,18
1306,2020-04-15,France,51485637,9284,306,5758.0,3526,83556,40409225.0,0.1111,3539.0,302
1307,2020-04-16,Germany,97385820,18179,131,4351.0,13828,127253,73799431.0,0.1429,8541.0,195
1308,2020-04-17,Japan,175421021,10703,409,3231.0,7472,74921,68230760.0,0.1429,2346.0,274
1309,2020-04-18,Canada,55697187,4624,644,2418.0,2206,50864,47945590.0,0.0909,4617.0,336
1310,2020-04-19,Canada,174884732,33516,619,22766.0,10750,603288,41202537.0,0.0556,28418.0,194
1311,2020-04-20,France,7955124,39558,253,34478.0,5080,514254,1045398.0,0.0769,7208.0,350
1312,2020-04-21,Canada,148201625,26658,67,15866.0,10792,186606,97393612.0,0.1429,25495.0,139
1313,2020-04-22,UK,40280061,14795,280,14634.0,161,118360,25310509.0,0.125,6203.0,487
1314,2020-04-23,Australia,29186454,8093,179,3781.0,4312,113302,19757757.0,0.0714,782.0,270
1315,2020-04-24,USA,94657186,45905,585,27425.0,18480,596765,81532833.0,0.0769,3143.0,87
1316,2020-04-25,France,86361505,49274,398,37434.0,11840,788384,71361168.0,0.0625,38968.0,451
1317,2020-04-26,France,109085874,31251,606,27071.0,4180,406263,1274728.0,0.0769,23370.0,79
1318,2020-04-27,Canada,177513207,8281,146,2075.0,6206,107653,14190739.0,0.0769,4081.0,347
1319,2020-04-28,Canada,164397464,27410,723,12410.0,15000,274100,117832428.0,0.1,26164.0,239
1320,2020-04-29,USA,135816137,18797,282,4780.0,14017,225564,81923127.0,0.0833,10015.0,208
1321,2020-04-30,USA,84949675,5907,649,5256.0,651,41349,32217185.0,0.1429,1352.0,294
1322,2020-05-01,India,16411288,5543,761,3202.0,2341,110860,13561810.0,0.05,3473.0,346
1323,2020-05-02,Japan,137548380,47893,139,16459.0,31434,957860,33471642.0,0.05,910.0,315
1324,2020-05-03,France,52052129,48884,7,2081.0,46803,879912,47150131.0,0.0556,22613.0,125
1325,2020-05-04,Australia,199369279,43330,973,8720.0,34610,259980,163040595.0,0.1667,11044.0,345
1326,2020-05-05,France,141530366,14750,179,13520.0,1230,236000,35787493.0,0.0625,5788.0,487
1327,2020-05-06,USA,14665127,27703,507,15281.0,12422,277030,6262661.0,0.1,11074.0,467
1328,2020-05-07,Germany,183284633,16368,851,7536.0,8832,130944,77863661.0,0.125,7915.0,150
1329,2020-05-08,Germany,72068499,13963,2,1872.0,12091,237371,29187415.0,0.0588,10534.0,263
1330,2020-05-09,Canada,10510433,30346,913,10104.0,20242,606920,964635.0,0.05,193.0,315
1331,2020-05-10,Canada,124575303,21531,305,9935.0,11596,172248,691813.0,0.125,6100.0,205
1332,2020-05-11,USA,96169047,580,103,139.0,441,11600,26513965.0,0.05,541.0,263
1333,2020-05-12,Germany,42261393,26916,126,10945.0,15971,134580,10444179.0,0.2,7408.0,240
1334,2020-05-13,France,107128327,24530,306,12587.0,11943,441540,24452059.0,0.0556,8830.0,55
1335,2020-05-14,Canada,118728293,43009,859,14216.0,28793,430090,18773624.0,0.1,28440.0,2
1336,2020-05-15,India,97431878,46479,203,39227.0,7252,511269,38238599.0,0.0909,8760.0,202
1337,2020-05-16,UK,114026296,48753,339,46682.0,2071,487530,89416497.0,0.1,31411.0,491
1338,2020-05-17,Australia,179574779,17419,121,3621.0,13798,348380,147672699.0,0.05,4175.0,166
1339,2020-05-18,USA,108340903,32889,743,7406.0,25483,296001,14728084.0,0.1111,1386.0,64
1340,2020-05-19,Canada,42752985,22552,512,22105.0,447,270624,3492334.0,0.0833,14079.0,499
1341,2020-05-20,Germany,161279272,48328,8,19864.0,28464,966560,77703106.0,0.05,31845.0,42
1342,2020-05-21,Germany,116145909,16236,632,13738.0,2498,162360,33482865.0,0.1,12562.0,58
1343,2020-05-22,Australia,71740991,45937,253,2269.0,43668,826866,26630469.0,0.0556,6754.0,358
1344,2020-05-23,Brazil,197080481,32920,625,21046.0,11874,362120,158698021.0,0.0909,15032.0,61
1345,2020-05-24,Japan,36512886,26298,39,,8973,289278,,0.0909,,315
1346,2020-05-25,France,54591392,5959,885,5542.0,417,101303,27333251.0,0.0588,2510.0,358
1347,2020-05-26,India,171002851,15166,227,9659.0,5507,272988,128632992.0,0.0556,8353.0,218
1348,2020-05-27,Germany,173838385,3385,311,2935.0,450,44005,97596729.0,0.0769,1437.0,364
1349,2020-05-28,India,113225938,16185,327,1520.0,14665,97110,24394290.0,0.1667,8.0,26
1350,2020-05-29,Germany,178283030,48808,329,34916.0,13892,683312,126717149.0,0.0714,39749.0,51
1351,2020-05-30,Germany,116670858,12113,258,4064.0,8049,193808,44866590.0,0.0625,1827.0,49
1352,2020-05-31,Canada,180569238,895,699,330.0,565,8055,88908973.0,0.1111,759.0,414
1353,2020-06-01,Germany,98008536,48688,797,10094.0,38594,779008,31977671.0,0.0625,13764.0,299
1354,2020-06-02,Italy,104092464,5716,908,4845.0,871,51444,84497928.0,0.1111,985.0,21
1355,2020-06-03,USA,158453890,42883,837,30403.0,12480,471713,119660419.0,0.0909,4907.0,482
1356,2020-06-04,France,147721189,40567,351,,19757,811340,,0.05,,22
1357,2020-06-05,Canada,35314627,12563,428,3544.0,9019,163319,23309561.0,0.0769,7347.0,322
1358,2020-06-06,Japan,193555699,7695,932,4123.0,3572,53865,129606172.0,0.1429,4290.0,476
1359,2020-06-07,Germany,136256419,1433,170,206.0,1227,18629,34610521.0,0.0769,93.0,489
1360,2020-06-08,Australia,152981383,3984,813,1.0,3983,43824,106701436.0,0.0909,2804.0,272
1361,2020-06-09,Japan,138838303,4914,169,1328.0,3586,83538,104756105.0,0.0588,2224.0,105
1362,2020-06-10,India,50409933,235,40,89.0,146,2585,39736014.0,0.0909,225.0,475
1363,2020-06-11,UK,138652541,29847,515,6656.0,23191,388011,81446047.0,0.0769,9711.0,362
1364,2020-06-12,France,73078852,36185,121,24972.0,11213,434220,6122001.0,0.0833,15611.0,149
1365,2020-06-13,India,11493323,41917,151,23714.0,18203,377253,4537143.0,0.1111,16318.0,421
1366,2020-06-14,Italy,57364032,35035,118,34944.0,91,560560,42458629.0,0.0625,24190.0,166
1367,2020-06-15,Japan,23346219,46233,905,10236.0,35997,601029,4483261.0,0.0769,40074.0,150
1368,2020-06-16,UK,88143581,3752,640,410.0,3342,18760,47712141.0,0.2,2992.0,494
1369,2020-06-17,Germany,76078660,11582,262,11326.0,256,92656,51268618.0,0.125,10260.0,324
1370,2020-06-18,Germany,163226737,36102,211,7123.0,28979,433224,87043694.0,0.0833,13364.0,297
1371,2020-06-19,Japan,170060826,49341,404,39141.0,10200,937479,62202706.0,0.0526,24159.0,75
1372,2020-06-20,Brazil,129582432,6140,507,4654.0,1486,116660,24834040.0,0.0526,1547.0,291
1373,2020-06-21,Germany,132672524,47807,184,5369.0,42438,669298,2824921.0,0.0714,10677.0,453
1374,2020-06-22,Brazil,48710178,25834,703,5917.0,19917,284174,4660987.0,0.0909,2360.0,218
1375,2020-06-23,France,66834824,29820,930,8681.0,21139,506940,6726576.0,0.0588,4498.0,372
1376,2020-06-24,USA,4164459,39537,102,14773.0,24764,672129,86888.0,0.0588,888.0,390
1377,2020-06-25,Brazil,174001849,2866,135,1849.0,1017,20062,71848489.0,0.1429,2569.0,307
1378,2020-06-26,UK,4623046,615,108,60.0,555,9225,712739.0,0.0667,142.0,245
1379,2020-06-27,Australia,152089226,29119,835,23774.0,5345,407666,89055159.0,0.0714,5063.0,124
1380,2020-06-28,India,15998967,35620,708,18092.0,17528,284960,355809.0,0.125,6738.0,278
1381,2020-06-29,UK,80655132,6721,523,3319.0,3402,60489,162459.0,0.1111,196.0,116
1382,2020-06-30,Japan,115658294,25256,150,13679.0,11577,353584,30317689.0,0.0714,22503.0,452
1383,2020-07-01,USA,192891406,7366,503,5977.0,1389,58928,60269788.0,0.125,2308.0,182
1384,2020-07-02,India,21478925,40350,341,32594.0,7756,645600,2845560.0,0.0625,39616.0,77
1385,2020-07-03,Japan,48799704,28090,543,17118.0,10972,280900,45595997.0,0.1,4922.0,457
1386,2020-07-04,USA,180119835,45033,308,4089.0,40944,630462,93519068.0,0.0714,17766.0,469
1387,2020-07-05,Brazil,135016610,43367,377,25974.0,17393,303569,584857.0,0.1429,42982.0,75
1388,2020-07-06,USA,86968066,9684,399,2366.0,7318,193680,9034683.0,0.05,9467.0,218
1389,2020-07-07,Brazil,196074120,18250,148,15287.0,2963,273750,34235117.0,0.0667,12616.0,180
1390,2020-07-08,Canada,86715676,32388,434,16618.0,15770,582984,80764593.0,0.0556,4529.0,410
1391,2020-07-09,France,176544498,16115,392,9256.0,6859,322300,144618860.0,0.05,8070.0,272
1392,2020-07-10,Italy,144938462,15080,393,13711.0,1369,271440,141450975.0,0.0556,12723.0,355
1393,2020-07-11,UK,59877018,46077,89,30664.0,15413,737232,192341.0,0.0625,1124.0,185
1394,2020-07-12,Canada,150887505,31059,980,26682.0,4377,248472,15992682.0,0.125,11824.0,434
1395,2020-07-13,UK,38406286,19313,471,14590.0,4723,347634,16273725.0,0.0556,7359.0,28
1396,2020-07-14,India,37990758,7683,985,1984.0,5699,69147,25330964.0,0.1111,5702.0,494
1397,2020-07-15,Italy,115006885,24358,55,1375.0,22983,194864,88952439.0,0.125,2417.0,244
1398,2020-07-16,USA,160430700,10366,30,7960.0,2406,165856,37923888.0,0.0625,4014.0,39
1399,2020-07-17,Australia,4349456,37301,851,10006.0,27295,335709,1530287.0,0.1111,9182.0,383
1400,2020-07-18,Canada,142586290,45781,971,26153.0,19628,915620,110467224.0,0.05,29096.0,400
1401,2020-07-19,India,174099839,45563,13,26770.0,18793,364504,41845688.0,0.125,42103.0,16
1402,2020-07-20,Japan,163181615,49226,177,16243.0,32983,492260,2917243.0,0.1,27762.0,348
1403,2020-07-21,UK,122949290,36317,728,19406.0,16911,508438,95207723.0,0.0714,27765.0,476
1404,2020-07-22,UK,43090850,17814,996,,3012,302838,,0.0588,,316
1405,2020-07-23,Australia,16031533,14346,401,11337.0,3009,100422,13699583.0,0.1429,7821.0,160
1406,2020-07-24,Canada,176207808,42066,414,17132.0,24934,420660,14675811.0,0.1,27801.0,99
1407,2020-07-25,India,73455980,7104,106,6467.0,637,113664,45026244.0,0.0625,1962.0,144
1408,2020-07-26,India,44690663,35492,109,31212.0,4280,390412,40071424.0,0.0909,20258.0,96
1409,2020-07-27,USA,149093527,13220,653,12690.0,530,158640,72254238.0,0.0833,9340.0,289
1410,2020-07-28,Canada,13045916,36945,809,5239.0,31706,221670,806126.0,0.1667,6108.0,483
1411,2020-07-29,UK,83840486,555,365,266.0,289,9435,67137866.0,0.0588,322.0,384
1412,2020-07-30,Japan,105861976,47558,364,39070.0,8488,380464,44468774.0,0.125,33002.0,51
1413,2020-07-31,Italy,135802143,9842,24,,9620,167314,,0.0588,,148
1414,2020-08-01,USA,44277971,9931,698,,7587,69517,,0.1429,,452
1415,2020-08-02,France,58887352,44660,669,35429.0,9231,446600,33663142.0,0.1,39894.0,333
1416,2020-08-03,Canada,141468806,22374,458,18075.0,4299,335610,78072194.0,0.0667,20429.0,438
1417,2020-08-04,Italy,116669226,2622,912,1035.0,1587,31464,28027431.0,0.0833,2485.0,38
1418,2020-08-05,Brazil,41909941,37152,642,4547.0,32605,297216,1002724.0,0.125,20286.0,280
1419,2020-08-06,Germany,24398897,32696,96,17793.0,14903,490440,5694778.0,0.0667,5291.0,34
1420,2020-08-07,Brazil,76193420,37782,372,14624.0,23158,264474,9547433.0,0.1429,30195.0,132
1421,2020-08-08,USA,128040019,16778,781,2294.0,14484,151002,126141776.0,0.1111,15999.0,20
1422,2020-08-09,Canada,98568800,18784,410,5381.0,13403,169056,59166889.0,0.1111,16792.0,432
1423,2020-08-10,Australia,168673350,20555,382,17820.0,2735,369990,135812886.0,0.0556,8612.0,449
1424,2020-08-11,France,184222121,2796,635,159.0,2637,16776,65717505.0,0.1667,32.0,79
1425,2020-08-12,USA,29265719,19048,384,13864.0,5184,323816,28649753.0,0.0588,7308.0,198
1426,2020-08-13,France,125091959,43853,95,20986.0,22867,833207,62879488.0,0.0526,30464.0,55
1427,2020-08-14,UK,24037814,11814,749,10039.0,1775,200838,14532907.0,0.0588,6578.0,168
1428,2020-08-15,Australia,18306445,20793,350,990.0,19803,415860,7134852.0,0.05,3746.0,142
1429,2020-08-16,UK,123025027,2508,558,1871.0,637,50160,19530531.0,0.05,1311.0,290
1430,2020-08-17,Japan,9408270,39392,792,14470.0,24922,236352,6064842.0,0.1667,31025.0,109
1431,2020-08-18,Germany,15516323,13860,888,13485.0,375,249480,4527300.0,0.0556,10415.0,90
1432,2020-08-19,Germany,23438865,9288,70,4801.0,4487,157896,2741702.0,0.0588,7396.0,446
1433,2020-08-20,India,113668229,34391,219,17388.0,17003,343910,111474412.0,0.1,6058.0,458
1434,2020-08-21,Canada,116033799,22414,986,12686.0,9728,224140,26656353.0,0.1,13733.0,246
1435,2020-08-22,Italy,128640903,35094,705,24564.0,10530,631692,47606004.0,0.0556,25502.0,421
1436,2020-08-23,Italy,3665969,36759,801,23747.0,13012,257313,3031322.0,0.1429,9477.0,165
1437,2020-08-24,Brazil,179258037,48126,760,80.0,48046,721890,3808234.0,0.0667,30058.0,478
1438,2020-08-25,Germany,40590628,32731,885,22363.0,10368,261848,27272145.0,0.125,17062.0,369
1439,2020-08-26,Australia,1987007,29527,965,2248.0,27279,265743,1330208.0,0.1111,20936.0,496
1440,2020-08-27,France,156256899,6386,37,4596.0,1790,70246,112790165.0,0.0909,6343.0,85
1441,2020-08-28,Italy,162314505,24743,221,13337.0,11406,272173,51313853.0,0.0909,470.0,189
1442,2020-08-29,Australia,98655331,1061,309,,628,8488,,0.125,,211
1443,2020-08-30,Canada,111162371,23050,360,5275.0,17775,414900,70218664.0,0.0556,3715.0,474
1444,2020-08-31,Italy,48194659,30069,438,17843.0,12226,300690,37094664.0,0.1,5329.0,277
1445,2020-09-01,Germany,118004616,25006,291,,21613,450108,,0.0556,,317
1446,2020-09-02,India,27635524,5742,825,4892.0,850,40194,21797784.0,0.1429,5048.0,477
1447,2020-09-03,Australia,111402044,6794,508,651.0,6143,54352,85030306.0,0.125,4123.0,297
1448,2020-09-04,Australia,9760534,43759,296,16192.0,27567,481349,3739295.0,0.0909,36148.0,195
1449,2020-09-05,Australia,31736156,12816,876,5123.0,7693,102528,11764642.0,0.125,6765.0,464
1450,2020-09-06,UK,174103131,46126,803,20187.0,25939,230630,100567679.0,0.2,33263.0,145
1451,2020-09-07,India,72835781,43167,270,23022.0,20145,777006,32420888.0,0.0556,27168.0,16
1452,2020-09-08,Italy,5168820,1720,157,102.0,1618,27520,4353379.0,0.0625,650.0,171
1453,2020-09-09,Italy,46744286,37498,440,21650.0,15848,637466,12929220.0,0.0588,25776.0,424
1454,2020-09-10,Brazil,14846167,37870,439,,8445,643790,,0.0588,,462
1455,2020-09-11,Brazil,86396014,33900,162,5235.0,28665,406800,13365122.0,0.0833,33046.0,60
1456,2020-09-12,Brazil,170501171,37809,803,12119.0,25690,491517,148419442.0,0.0769,21129.0,104
1457,2020-09-13,Italy,26032795,6112,26,2529.0,3583,30560,21102185.0,0.2,1253.0,14
1458,2020-09-14,Brazil,166919859,46371,556,41209.0,5162,788307,6788698.0,0.0588,29734.0,324
1459,2020-09-15,UK,170517471,23469,191,15614.0,7855,281628,79704529.0,0.0833,17544.0,430
1460,2020-09-16,India,66834981,47599,798,22820.0,24779,618787,44242035.0,0.0769,18020.0,42
1461,2020-09-17,Australia,39592838,41119,23,3151.0,37968,328952,7444488.0,0.125,39052.0,62
1462,2020-09-18,USA,29743171,9295,289,5003.0,4292,92950,3113084.0,0.1,8097.0,432
1463,2020-09-19,Japan,98011853,13629,400,11980.0,1649,272580,2947014.0,0.05,1205.0,249
1464,2020-09-20,Australia,168955437,5001,215,1562.0,3439,85017,84177315.0,0.0588,1319.0,92
1465,2020-09-21,Canada,81196430,664,182,84.0,580,3984,15731275.0,0.1667,355.0,247
1466,2020-09-22,Germany,165820711,39321,559,38993.0,328,393210,140055811.0,0.1,7968.0,98
1467,2020-09-23,Canada,163701623,1936,548,1889.0,47,17424,58064341.0,0.1111,235.0,460
1468,2020-09-24,Brazil,59239162,1933,335,1650.0,283,23196,5599748.0,0.0833,548.0,140
1469,2020-09-25,France,130271771,13057,976,11551.0,1506,208912,95037368.0,0.0625,10681.0,150
1470,2020-09-26,Japan,126371101,48837,828,16345.0,32492,879066,68807596.0,0.0556,12652.0,128
1471,2020-09-27,USA,47428467,12968,703,1215.0,11753,168584,26362101.0,0.0769,9562.0,406
1472,2020-09-28,Australia,158727006,20420,169,13676.0,6744,408400,116359164.0,0.05,13885.0,305
1473,2020-09-29,UK,73926912,20889,637,17365.0,3524,355113,57621412.0,0.0588,18584.0,180
1474,2020-09-30,India,101384253,41464,839,37253.0,4211,787816,22447787.0,0.0526,33512.0,129
1475,2020-10-01,India,158536513,26857,300,7069.0,19788,429712,106919632.0,0.0625,3756.0,92
1476,2020-10-02,USA,87619065,28140,809,22048.0,6092,450240,32926044.0,0.0625,7051.0,336
1477,2020-10-03,Canada,100766800,24377,148,14074.0,10303,195016,1292919.0,0.125,22553.0,5
1478,2020-10-04,France,193415238,21552,218,6303.0,15249,323280,62451171.0,0.0667,2170.0,197
1479,2020-10-05,France,77132121,39439,217,4885.0,34554,433829,13813714.0,0.0909,18222.0,366
1480,2020-10-06,Canada,164183087,43997,76,6383.0,37614,791946,116824604.0,0.0556,20979.0,101
1481,2020-10-07,Germany,53914871,3254,821,1231.0,2023,65080,3140147.0,0.05,1725.0,61
1482,2020-10-08,UK,34310875,29673,175,9966.0,19707,445095,25693133.0,0.0667,18887.0,10
1483,2020-10-09,Brazil,77514015,1168,659,1159.0,9,22192,38166934.0,0.0526,824.0,18
1484,2020-10-10,Australia,144201458,34571,40,12460.0,22111,172855,18643947.0,0.2,6233.0,424
1485,2020-10-11,Canada,112421885,47399,308,29398.0,18001,710985,101158865.0,0.0667,26236.0,40
1486,2020-10-12,Germany,150370962,20524,505,460.0,20064,123144,105583044.0,0.1667,14895.0,252
1487,2020-10-13,UK,173093201,7956,863,4893.0,3063,63648,7861987.0,0.125,391.0,422
1488,2020-10-14,Brazil,3790662,9092,107,3803.0,5289,163656,949344.0,0.0556,1442.0,97
1489,2020-10-15,India,195376237,24174,835,6560.0,17614,120870,184748353.0,0.2,8509.0,452
1490,2020-10-16,Canada,12563174,7261,49,4769.0,2492,50827,4424607.0,0.1429,5635.0,313
1491,2020-10-17,Australia,102886412,17688,715,12107.0,5581,159192,78309763.0,0.1111,3928.0,64
1492,2020-10-18,Australia,86720212,9699,771,129.0,9570,174582,85483760.0,0.0556,2004.0,267
1493,2020-10-19,Canada,142623575,15762,591,7932.0,7830,315240,75307313.0,0.05,12658.0,374
1494,2020-10-20,USA,130575489,14800,94,10478.0,4322,207200,95479992.0,0.0714,5783.0,285
1495,2020-10-21,Australia,66062380,43219,662,29726.0,13493,302533,5042855.0,0.1429,3949.0,108
1496,2020-10-22,Australia,4524048,43941,221,13261.0,30680,746997,1576365.0,0.0588,6850.0,174
1497,2020-10-23,Germany,57012133,38700,779,4121.0,34579,580500,51035482.0,0.0667,29754.0,335
1498,2020-10-24,Japan,42338771,33063,108,24540.0,8523,396756,24403721.0,0.0833,29650.0,444
1499,2020-10-25,Germany,167558309,33650,207,7423.0,26227,370150,18425224.0,0.0909,27727.0,84
1500,2020-10-26,Australia,185218126,20129,974,1214.0,18915,161032,39537786.0,0.125,3511.0,381
1501,2020-10-27,Germany,30581366,15765,16,1117.0,14648,299535,6275677.0,0.0526,468.0,243
1502,2020-10-28,France,178673536,34792,463,11727.0,23065,452296,31762945.0,0.0769,5509.0,181
1503,2020-10-29,Canada,116822823,13897,154,7394.0,6503,250146,68172784.0,0.0556,870.0,225
1504,2020-10-30,UK,74172516,24233,100,22623.0,1610,411961,56718851.0,0.0588,9633.0,96
1505,2020-10-31,Japan,109096838,11576,608,7056.0,4520,231520,69607791.0,0.05,1788.0,348
1506,2020-11-01,India,14387264,42358,254,35079.0,7279,508296,1932532.0,0.0833,2338.0,294
1507,2020-11-02,UK,72451678,15647,67,6929.0,8718,125176,36971545.0,0.125,14460.0,317
1508,2020-11-03,UK,188773896,46912,414,21228.0,25684,797504,27193659.0,0.0588,45330.0,137
1509,2020-11-04,Germany,133921630,13481,175,608.0,12873,148291,46658526.0,0.0909,11564.0,305
1510,2020-11-05,Italy,78303675,48095,3,41919.0,6176,480950,67543749.0,0.1,31244.0,378
1511,2020-11-06,Brazil,82959837,45084,244,33928.0,11156,676260,9322043.0,0.0667,12277.0,170
1512,2020-11-07,Canada,123196200,9295,985,9087.0,208,185900,57434792.0,0.05,341.0,90
1513,2020-11-08,Italy,71821913,5044,174,,79,80704,,0.0625,,250
1514,2020-11-09,UK,67440574,30970,112,,1480,154850,,0.2,,257
1515,2020-11-10,Canada,45910523,49479,150,43325.0,6154,395832,20441512.0,0.125,29662.0,251
1516,2020-11-11,Canada,198250400,22988,558,14556.0,8432,459760,68058279.0,0.05,15032.0,6
1517,2020-11-12,Germany,95657422,19735,727,8800.0,10935,394700,15134534.0,0.05,17016.0,372
1518,2020-11-13,Canada,172745088,1358,151,518.0,840,16296,38019353.0,0.0833,1019.0,15
1519,2020-11-14,USA,66596982,37852,758,,28227,605632,,0.0625,,471
1520,2020-11-15,Brazil,102409078,41860,110,23909.0,17951,795340,70720244.0,0.0526,17387.0,466
1521,2020-11-16,Japan,183285488,22861,909,12009.0,10852,388637,158148168.0,0.0588,9052.0,158
1522,2020-11-17,USA,52156460,2693,593,563.0,2130,40395,41095282.0,0.0667,1775.0,407
1523,2020-11-18,India,123145560,37136,991,14396.0,22740,519904,14789528.0,0.0714,32697.0,474
1524,2020-11-19,France,185019673,9642,477,7181.0,2461,134988,167448730.0,0.0714,2664.0,155
1525,2020-11-20,India,131681037,18891,66,,9657,94455,,0.2,,144
1526,2020-11-21,Japan,160201451,8089,54,4089.0,4000,113246,1366402.0,0.0714,2885.0,338
1527,2020-11-22,France,1172259,3270,257,2706.0,564,52320,594050.0,0.0625,2725.0,490
1528,2020-11-23,UK,151524944,10160,976,8751.0,1409,132080,38290775.0,0.0769,7078.0,299
1529,2020-11-24,UK,22667557,19058,224,18005.0,1053,381160,11899483.0,0.05,12656.0,216
1530,2020-11-25,Germany,108136240,6431,914,4291.0,2140,90034,80133190.0,0.0714,1419.0,288
1531,2020-11-26,UK,117988539,44493,896,23359.0,21134,400437,91713816.0,0.1111,16385.0,69
1532,2020-11-27,Germany,112752982,36325,204,16595.0,19730,508550,11488759.0,0.0714,30222.0,279
1533,2020-11-28,France,50223593,24639,801,10323.0,14316,197112,9301951.0,0.125,14480.0,355
1534,2020-11-29,Japan,85090214,33018,957,9586.0,23432,627342,47539093.0,0.0526,30575.0,215
1535,2020-11-30,Japan,111127960,30230,28,328.0,29902,151150,102914087.0,0.2,2897.0,386
1536,2020-12-01,Canada,38738157,40318,928,20501.0,19817,483816,34373616.0,0.0833,8341.0,317
1537,2020-12-02,Brazil,146832808,37065,898,17841.0,19224,222390,105403685.0,0.1667,26407.0,343
1538,2020-12-03,USA,2597954,30330,826,5329.0,25001,576270,227944.0,0.0526,1792.0,138
1539,2020-12-04,Italy,175450819,7015,341,2147.0,4868,56120,78001148.0,0.125,3944.0,353
1540,2020-12-05,France,89934705,3988,124,956.0,3032,23928,27523284.0,0.1667,590.0,287
1541,2020-12-06,Germany,199756084,32460,139,25135.0,7325,292140,80770136.0,0.1111,23564.0,479
1542,2020-12-07,USA,2731622,31782,638,9245.0,22537,349602,481123.0,0.0909,1.0,78
1543,2020-12-08,USA,163078821,7932,532,7139.0,793,95184,54839660.0,0.0833,3880.0,12
1544,2020-12-09,Japan,136775863,29085,400,27262.0,1823,232680,80510170.0,0.125,15850.0,94
1545,2020-12-10,Brazil,64062964,35829,266,7051.0,28778,286632,29014765.0,0.125,1419.0,94
1546,2020-12-11,France,39033594,48798,673,33025.0,15773,487980,34327190.0,0.1,13130.0,243
1547,2020-12-12,Germany,129974235,19007,296,,3277,380140,,0.05,,197
1548,2020-12-13,India,188274721,7034,475,3619.0,3415,126612,39773151.0,0.0556,2321.0,234
1549,2020-12-14,Italy,33246211,36976,398,,722,517664,,0.0714,,21
1550,2020-12-15,Brazil,96221268,9129,479,1620.0,7509,118677,1224073.0,0.0769,5861.0,256
1551,2020-12-16,Brazil,136078231,13813,357,2243.0,11570,234821,16848559.0,0.0588,10746.0,77
1552,2020-12-17,Brazil,95453579,42987,736,6081.0,36906,644805,61670595.0,0.0667,18241.0,401
1553,2020-12-18,Australia,177749701,19852,945,,12908,138964,,0.1429,,492
1554,2020-12-19,Canada,127635047,39704,674,27883.0,11821,516152,17370722.0,0.0769,38591.0,489
1555,2020-12-20,India,156887104,22812,598,,20233,387804,,0.0588,,436
1556,2020-12-21,Australia,197730307,10431,237,8850.0,1581,83448,134065766.0,0.125,5302.0,389
1557,2020-12-22,Brazil,63152087,48014,814,32508.0,15506,384112,60384173.0,0.125,47720.0,456
1558,2020-12-23,Italy,104101618,49533,996,22005.0,27528,346731,8311653.0,0.1429,16415.0,58
1559,2020-12-24,India,11044391,49147,74,20211.0,28936,786352,10175940.0,0.0625,11407.0,164
1560,2020-12-25,Italy,29900030,45791,460,21043.0,24748,412119,21387453.0,0.1111,36468.0,102
1561,2020-12-26,UK,53537636,16547,502,2211.0,14336,231658,15132816.0,0.0714,5311.0,222
1562,2020-12-27,UK,142876042,12602,88,3065.0,9537,63010,25825132.0,0.2,544.0,414
1563,2020-12-28,Brazil,38731983,343,184,135.0,208,2401,22864749.0,0.1429,328.0,270
1564,2020-12-29,Canada,134191089,12460,852,9061.0,3399,249200,67222987.0,0.05,5840.0,316
1565,2020-12-30,Japan,150974166,9035,820,7935.0,1100,171665,114759310.0,0.0526,1161.0,291
1566,2020-12-31,Australia,21976569,8335,801,3449.0,4886,66680,3956990.0,0.125,3777.0,26
1567,2021-01-01,Germany,162461130,35424,338,33947.0,1477,425088,77818492.0,0.0833,25586.0,360
1568,2021-01-02,France,97074445,4453,893,3160.0,1293,62342,10036415.0,0.0714,1977.0,436
1569,2021-01-03,France,139985074,40058,512,19596.0,20462,680986,15206384.0,0.0588,7266.0,298
1570,2021-01-04,Japan,127427383,17239,668,16257.0,982,103434,45371664.0,0.1667,8548.0,102
1571,2021-01-05,India,90802730,3892,142,3056.0,836,58380,89031467.0,0.0667,965.0,252
1572,2021-01-06,Japan,20572139,36952,926,34635.0,2317,591232,2374415.0,0.0625,5281.0,454
1573,2021-01-07,USA,149022088,31376,969,27134.0,4242,407888,11204758.0,0.0769,1166.0,254
1574,2021-01-08,Germany,137258983,14761,665,,5738,265698,,0.0556,,435
1575,2021-01-09,UK,62137554,1405,953,1292.0,113,7025,51916305.0,0.2,1094.0,311
1576,2021-01-10,Japan,102841294,44691,700,43506.0,1185,893820,6998168.0,0.05,24722.0,356
1577,2021-01-11,Australia,34618157,28162,718,14176.0,13986,253458,7756657.0,0.1111,3866.0,459
1578,2021-01-12,India,166263147,24098,360,17753.0,6345,361470,117178740.0,0.0667,7804.0,118
1579,2021-01-13,France,25693594,38575,10,23691.0,14884,694350,25081122.0,0.0556,37227.0,23
1580,2021-01-14,Brazil,4999301,47174,255,43447.0,3727,330218,475253.0,0.1429,28741.0,92
1581,2021-01-15,Brazil,76858781,2865,321,1433.0,1432,34380,39246971.0,0.0833,2482.0,203
1582,2021-01-16,Germany,129500419,43095,125,65.0,43030,301665,10251264.0,0.1429,35628.0,105
1583,2021-01-17,Germany,133856559,46219,752,22826.0,23393,554628,59531177.0,0.0833,24047.0,399
1584,2021-01-18,France,149016879,19181,889,11179.0,8002,249353,85593047.0,0.0769,16496.0,53
1585,2021-01-19,USA,15494852,22717,922,9255.0,13462,454340,4693994.0,0.05,6670.0,466
1586,2021-01-20,Canada,37810952,34143,236,14159.0,19984,375573,8237482.0,0.0909,9303.0,18
1587,2021-01-21,USA,64110583,45766,450,,42592,869554,,0.0526,,255
1588,2021-01-22,India,10061356,17714,284,5126.0,12588,247996,1417562.0,0.0714,9145.0,437
1589,2021-01-23,Australia,164677908,25161,507,24544.0,617,427737,103257254.0,0.0588,1455.0,114
1590,2021-01-24,India,56225259,24859,188,3235.0,21624,447462,35734929.0,0.0556,21640.0,156
1591,2021-01-25,Germany,9403667,35490,781,12697.0,22793,177450,5640806.0,0.2,14191.0,387
1592,2021-01-26,Japan,8340405,22344,743,1978.0,20366,402192,7262372.0,0.0556,1871.0,413
1593,2021-01-27,Italy,30315891,36260,397,17424.0,18836,688940,14221543.0,0.0526,34007.0,133
1594,2021-01-28,India,44633879,24988,478,556.0,24432,299856,8849827.0,0.0833,9197.0,409
1595,2021-01-29,Italy,184233701,17982,87,9793.0,8189,251748,90605651.0,0.0714,12930.0,19
1596,2021-01-30,India,166234707,17974,370,9168.0,8806,233662,163208536.0,0.0769,4073.0,157
1597,2021-01-31,Australia,153589739,43304,328,25969.0,17335,433040,119133986.0,0.1,1131.0,225
1598,2021-02-01,France,3381210,30568,37,18814.0,11754,611360,2674888.0,0.05,7138.0,209
1599,2021-02-02,Italy,16726246,37982,961,32769.0,5213,493766,15049905.0,0.0769,36139.0,160
1600,2021-02-03,Australia,18191542,28864,184,20410.0,8454,375232,8708744.0,0.0769,4168.0,116
1601,2021-02-04,USA,170205116,11435,150,,10124,68610,,0.1667,,19
1602,2021-02-05,France,50460707,44855,518,15999.0,28856,672825,2815591.0,0.0667,14939.0,31
1603,2021-02-06,Canada,192810436,16977,998,8542.0,8435,84885,182103343.0,0.2,1465.0,307
1604,2021-02-07,France,64000959,22919,111,20381.0,2538,435461,7595553.0,0.0526,2537.0,121
1605,2021-02-08,Japan,55772085,21350,584,9182.0,12168,384300,4791114.0,0.0556,9276.0,73
1606,2021-02-09,Canada,7628906,21400,621,9595.0,11805,321000,3423705.0,0.0667,15423.0,482
1607,2021-02-10,Germany,79936945,40757,31,30251.0,10506,652112,5987530.0,0.0625,9834.0,466
1608,2021-02-11,France,159706406,1673,108,426.0,1247,18403,84048688.0,0.0909,1465.0,399
1609,2021-02-12,Italy,137414139,38108,729,15561.0,22547,419188,101694004.0,0.0909,2136.0,336
1610,2021-02-13,Italy,195953871,9835,390,8550.0,1285,68845,60285505.0,0.1429,8249.0,294
1611,2021-02-14,India,170201411,35928,751,8529.0,27399,287424,141668529.0,0.125,30954.0,337
1612,2021-02-15,Italy,141780456,34100,451,13330.0,20770,443300,52351247.0,0.0769,19206.0,466
1613,2021-02-16,Canada,66506034,21540,248,9680.0,11860,258480,30589641.0,0.0833,3781.0,354
1614,2021-02-17,USA,65705420,29164,750,321.0,28843,524952,24285433.0,0.0556,11533.0,286
1615,2021-02-18,Australia,136732629,5009,936,2042.0,2967,100180,61834063.0,0.05,3431.0,117
1616,2021-02-19,Italy,153831646,8210,947,4197.0,4013,147780,37081714.0,0.0556,4264.0,407
1617,2021-02-20,Japan,78010156,22385,321,18520.0,3865,156695,54828316.0,0.1429,16548.0,75
1618,2021-02-21,Australia,155621977,32387,647,3504.0,28883,356257,48295754.0,0.0909,508.0,85
1619,2021-02-22,USA,33424008,27435,269,2351.0,25084,548700,24926043.0,0.05,4141.0,445
1620,2021-02-23,Brazil,10147117,28273,24,5662.0,22611,282730,1224983.0,0.1,16872.0,443
1621,2021-02-24,Japan,143085484,25435,925,11596.0,13839,406960,34212900.0,0.0625,22836.0,285
1622,2021-02-25,Canada,65809689,46660,300,,7800,699900,,0.0667,,311
1623,2021-02-26,Australia,166525246,7062,739,6692.0,370,49434,95283213.0,0.1429,3349.0,322
1624,2021-02-27,Australia,121729842,48542,854,19989.0,28553,679588,101691412.0,0.0714,45882.0,68
1625,2021-02-28,India,197882142,12022,741,2363.0,9659,84154,40871014.0,0.1429,9724.0,303
1626,2021-03-01,Australia,100287270,44165,664,14443.0,29722,750805,43008309.0,0.0588,11581.0,260
1627,2021-03-02,Australia,194953524,38540,286,,6350,462480,,0.0833,,24
1628,2021-03-03,Canada,152432853,33926,918,619.0,33307,610668,76573146.0,0.0556,25170.0,163
1629,2021-03-04,Germany,48893128,9384,42,5933.0,3451,168912,34838558.0,0.0556,5150.0,50
1630,2021-03-05,Australia,94239878,18664,169,14780.0,3884,261296,36755323.0,0.0714,14382.0,114
1631,2021-03-06,Germany,46451699,18905,961,10405.0,8500,151240,15547418.0,0.125,4620.0,49
1632,2021-03-07,Italy,56524024,36186,858,2848.0,33338,361860,1835435.0,0.1,2604.0,491
1633,2021-03-08,India,145909444,35252,818,22464.0,12788,176260,131094720.0,0.2,24218.0,104
1634,2021-03-09,Germany,76655183,37431,436,8279.0,29152,336879,60914632.0,0.1111,7183.0,366
1635,2021-03-10,Germany,190601920,7860,455,579.0,7281,141480,132407278.0,0.0556,711.0,442
1636,2021-03-11,UK,37726810,18248,749,14432.0,3816,291968,5306101.0,0.0625,2436.0,167
1637,2021-03-12,France,43071135,33230,343,15135.0,18095,631370,42320456.0,0.0526,4855.0,361
1638,2021-03-13,France,185666836,20631,913,19375.0,1256,371358,26961334.0,0.0556,10404.0,97
1639,2021-03-14,UK,150832695,43327,857,2297.0,41030,259962,2139588.0,0.1667,8970.0,300
1640,2021-03-15,Brazil,101987848,14431,689,11226.0,3205,187603,63097822.0,0.0769,7938.0,416
1641,2021-03-16,USA,51225576,48074,508,29554.0,18520,432666,13326006.0,0.1111,33836.0,438
1642,2021-03-17,Australia,195154963,49115,219,48906.0,209,884070,18055309.0,0.0556,36551.0,312
1643,2021-03-18,Germany,56981401,46529,182,,2543,837522,,0.0556,,194
1644,2021-03-19,Brazil,170389855,38266,240,15414.0,22852,765320,142394577.0,0.05,19667.0,430
1645,2021-03-20,Japan,63248393,19144,684,3250.0,15894,382880,53468730.0,0.05,11702.0,278
1646,2021-03-21,Germany,130106463,19360,98,12187.0,7173,154880,129240793.0,0.125,13749.0,496
1647,2021-03-22,Australia,121037065,21325,253,7404.0,13921,170600,23648417.0,0.125,10449.0,338
1648,2021-03-23,Australia,31477167,22778,713,9734.0,13044,205002,25960452.0,0.1111,16029.0,307
1649,2021-03-24,France,111596190,45037,240,43139.0,1898,630518,35960132.0,0.0714,14097.0,455
1650,2021-03-25,Canada,110791664,3984,575,823.0,3161,59760,35112062.0,0.0667,1684.0,200
1651,2021-03-26,Australia,119635465,27865,408,19323.0,8542,167190,36012929.0,0.1667,23861.0,112
1652,2021-03-27,Japan,92225523,41698,838,38708.0,2990,583772,60080733.0,0.0714,14503.0,293
1653,2021-03-28,Italy,45703937,35128,211,27899.0,7229,526920,8671494.0,0.0667,1305.0,486
1654,2021-03-29,Canada,194871796,1383,821,607.0,776,9681,189174658.0,0.1429,722.0,392
1655,2021-03-30,France,149416405,4159,670,3756.0,403,45749,97199875.0,0.0909,1625.0,80
1656,2021-03-31,Brazil,144800555,25921,880,2400.0,23521,311052,77896609.0,0.0833,12251.0,169
1657,2021-04-01,India,111969951,14130,566,2116.0,12014,169560,1830849.0,0.0833,13852.0,10
1658,2021-04-02,Brazil,142346134,6718,513,3459.0,3259,134360,11350838.0,0.05,2319.0,154
1659,2021-04-03,Germany,7508046,15073,646,2418.0,12655,180876,283350.0,0.0833,12286.0,63
1660,2021-04-04,USA,102430144,42944,410,34347.0,8597,558272,11397317.0,0.0769,4842.0,258
1661,2021-04-05,France,194840697,46103,780,,27222,230515,,0.2,,470
1662,2021-04-06,Italy,41761269,6262,753,1444.0,4818,106454,13038183.0,0.0588,2557.0,401
1663,2021-04-07,Germany,87899733,27862,524,3500.0,24362,139310,40554420.0,0.2,15037.0,103
1664,2021-04-08,Japan,27757436,17319,992,1873.0,15446,294423,9772347.0,0.0588,3049.0,113
1665,2021-04-09,France,110073570,36765,285,5089.0,31676,514710,94338884.0,0.0714,33200.0,125
1666,2021-04-10,France,103651957,1128,508,322.0,806,18048,102367912.0,0.0625,221.0,231
1667,2021-04-11,UK,61145878,37871,998,36240.0,1631,643807,51754744.0,0.0588,29300.0,189
1668,2021-04-12,USA,128991720,36906,111,16550.0,20356,553590,19296651.0,0.0667,6251.0,287
1669,2021-04-13,Brazil,46434235,13610,885,5585.0,8025,163320,5629680.0,0.0833,6605.0,315
1670,2021-04-14,Australia,128108122,34301,740,19069.0,15232,205806,102999822.0,0.1667,16516.0,210
1671,2021-04-15,Italy,84605553,48530,345,38660.0,9870,291180,43143346.0,0.1667,39238.0,208
1672,2021-04-16,Australia,2495661,17573,706,10718.0,6855,351460,2288365.0,0.05,10256.0,491
1673,2021-04-17,France,176022233,15449,329,7890.0,7559,308980,138091550.0,0.05,14068.0,378
1674,2021-04-18,USA,197781796,5336,943,4476.0,860,96048,187704986.0,0.0556,3077.0,65
1675,2021-04-19,Australia,4657305,10622,532,8632.0,1990,106220,1655639.0,0.1,1862.0,19
1676,2021-04-20,France,114865548,32452,174,11934.0,20518,649040,18772414.0,0.05,13701.0,204
1677,2021-04-21,Germany,3485316,19447,120,5178.0,14269,272258,3019659.0,0.0714,17120.0,165
1678,2021-04-22,Germany,166114779,24355,577,3049.0,21306,243550,37988341.0,0.1,17145.0,350
1679,2021-04-23,Australia,55884807,40239,974,,24330,523107,,0.0769,,479
1680,2021-04-24,Australia,89631259,48939,737,40070.0,8869,489390,70380884.0,0.1,643.0,162
1681,2021-04-25,Germany,112750471,11745,153,4037.0,7708,82215,751945.0,0.1429,11492.0,96
1682,2021-04-26,USA,54490499,45484,96,10244.0,35240,864196,22215391.0,0.0526,4004.0,319
1683,2021-04-27,France,126814114,38958,160,34583.0,4375,623328,85408582.0,0.0625,14813.0,176
1684,2021-04-28,Italy,169798054,925,197,644.0,281,12950,114397970.0,0.0714,746.0,156
1685,2021-04-29,France,99589579,40927,785,14499.0,26428,532051,75311217.0,0.0769,13276.0,39
1686,2021-04-30,Germany,160085355,9989,105,6443.0,3546,129857,47868823.0,0.0769,9235.0,52
1687,2021-05-01,Italy,35011869,34230,601,9134.0,25096,513450,18605093.0,0.0667,31025.0,107
1688,2021-05-02,Brazil,46123836,175,59,,55,1225,,0.1429,,84
1689,2021-05-03,France,128631395,16,10,14.0,2,96,18384463.0,0.1667,14.0,217
1690,2021-05-04,France,179467227,30912,334,20998.0,9914,247296,64631980.0,0.125,12885.0,193
1691,2021-05-05,Canada,104489882,46284,485,23020.0,23264,647976,70059735.0,0.0714,34779.0,40
1692,2021-05-06,Japan,163505723,14018,978,11297.0,2721,182234,38355131.0,0.0769,9183.0,226
1693,2021-05-07,Japan,132558473,45554,807,29135.0,16419,364432,74880752.0,0.125,42735.0,178
1694,2021-05-08,Canada,48784842,1657,886,909.0,748,31483,44965562.0,0.0526,1491.0,217
1695,2021-05-09,Brazil,58386121,40434,573,27918.0,12516,687378,25112530.0,0.0588,699.0,100
1696,2021-05-10,Germany,119670098,23657,538,17271.0,6386,118285,78676876.0,0.2,10762.0,48
1697,2021-05-11,Germany,100017095,16630,514,16205.0,425,216190,4500077.0,0.0769,15687.0,203
1698,2021-05-12,India,12788982,45580,721,28997.0,16583,592540,10490296.0,0.0769,37498.0,421
1699,2021-05-13,Brazil,9167549,47056,949,16202.0,30854,894064,8225877.0,0.0526,31027.0,383
1700,2021-05-14,India,174824974,49190,558,42382.0,6808,295140,99195990.0,0.1667,40168.0,457
1701,2021-05-15,Japan,192477817,10039,722,7141.0,2898,90351,22233064.0,0.1111,1956.0,28
1702,2021-05-16,France,120018377,41777,727,37693.0,4084,626655,13082934.0,0.0667,18184.0,436
1703,2021-05-17,Canada,53125435,42932,628,41840.0,1092,643980,45096547.0,0.0667,11089.0,463
1704,2021-05-18,Japan,158530673,47325,966,23323.0,24002,236625,108225950.0,0.2,43759.0,342
1705,2021-05-19,USA,17504326,4256,197,148.0,4108,38304,8946817.0,0.1111,1413.0,227
1706,2021-05-20,India,12947640,18056,623,11546.0,6510,325008,2901925.0,0.0556,10196.0,140
1707,2021-05-21,Italy,151474014,22982,120,11794.0,11188,436658,23111013.0,0.0526,15171.0,45
1708,2021-05-22,Italy,32208758,5935,186,5228.0,707,59350,10653575.0,0.1,5133.0,494
1709,2021-05-23,Canada,6397531,11097,807,10926.0,171,122067,5351475.0,0.0909,7542.0,41
1710,2021-05-24,Germany,195421562,16169,315,2451.0,13718,177859,35630730.0,0.0909,873.0,194
1711,2021-05-25,Canada,190492336,18813,182,,9141,169317,,0.1111,,115
1712,2021-05-26,Germany,51531711,17878,904,11350.0,6528,178780,19792574.0,0.1,14404.0,135
1713,2021-05-27,France,25806672,32105,363,13143.0,18962,513680,11705772.0,0.0625,14734.0,424
1714,2021-05-28,Japan,170389860,45025,851,33853.0,11172,270150,157094599.0,0.1667,10204.0,275
1715,2021-05-29,UK,153662279,13805,719,6697.0,7108,220880,77494364.0,0.0625,5606.0,358
1716,2021-05-30,Germany,136228454,36150,849,18525.0,17625,253050,56565252.0,0.1429,14303.0,239
1717,2021-05-31,Brazil,71020292,2060,944,1588.0,472,20600,63781582.0,0.1,1913.0,300
1718,2021-06-01,USA,87702225,24397,577,12014.0,12383,146382,43268043.0,0.1667,20626.0,183
1719,2021-06-02,USA,3120184,10403,431,2613.0,7790,156045,1412104.0,0.0667,3065.0,467
1720,2021-06-03,Australia,97101111,20072,166,4775.0,15297,200720,2919231.0,0.1,14956.0,303
1721,2021-06-04,Germany,155609480,45514,445,19344.0,26170,910280,65387850.0,0.05,24459.0,307
1722,2021-06-05,UK,91698505,31624,694,18480.0,13144,442736,5386018.0,0.0714,25007.0,478
1723,2021-06-06,Italy,137086242,7068,431,3580.0,3488,91884,107575543.0,0.0769,233.0,83
1724,2021-06-07,Brazil,138493808,10904,944,5980.0,4924,119944,37459955.0,0.0909,10869.0,170
1725,2021-06-08,Japan,15441853,5924,316,,1158,94784,,0.0625,,235
1726,2021-06-09,Germany,1226346,43162,151,30029.0,13133,431620,631834.0,0.1,5267.0,94
1727,2021-06-10,France,64400046,13324,447,11847.0,1477,159888,10344021.0,0.0833,12707.0,191
1728,2021-06-11,France,2327354,31283,163,19988.0,11295,250264,1974681.0,0.125,22504.0,201
1729,2021-06-12,UK,188577261,13925,934,6187.0,7738,236725,124415534.0,0.0588,12501.0,469
1730,2021-06-13,Canada,26722790,25400,131,14969.0,10431,228600,13417865.0,0.1111,9279.0,419
1731,2021-06-14,USA,182126718,47865,893,20039.0,27826,813705,143375451.0,0.0588,22732.0,250
1732,2021-06-15,Italy,180818651,48524,993,10092.0,38432,242620,59510540.0,0.2,11675.0,393
1733,2021-06-16,Italy,64124633,24191,370,13055.0,11136,120955,40974425.0,0.2,13047.0,468
1734,2021-06-17,India,21741908,42308,235,33259.0,9049,846160,6307245.0,0.05,13843.0,154
1735,2021-06-18,Brazil,117876967,6085,347,2939.0,3146,60850,57138006.0,0.1,2334.0,159
1736,2021-06-19,Japan,104834998,44254,840,12754.0,31500,265524,35033443.0,0.1667,11764.0,83
1737,2021-06-20,Canada,107895331,44717,529,37742.0,6975,849623,11091816.0,0.0526,6645.0,335
1738,2021-06-21,France,109575041,801,164,475.0,326,7209,77132540.0,0.1111,393.0,351
1739,2021-06-22,India,123055473,759,497,90.0,669,12903,56701227.0,0.0588,310.0,217
1740,2021-06-23,Canada,70430575,48631,649,41032.0,7599,923989,67385565.0,0.0526,31034.0,364
1741,2021-06-24,Japan,90942925,35063,995,11152.0,23911,280504,24003439.0,0.125,34846.0,388
1742,2021-06-25,Italy,103937432,44218,81,34363.0,9855,221090,45246901.0,0.2,16897.0,101
1743,2021-06-26,Australia,139216419,40273,745,10455.0,29818,724914,13030823.0,0.0556,18462.0,20
1744,2021-06-27,Germany,33628717,32087,471,,12029,192522,,0.1667,,172
1745,2021-06-28,Germany,182192935,19408,785,18637.0,771,252304,47976980.0,0.0769,11694.0,213
1746,2021-06-29,USA,5702718,29279,332,19525.0,9754,175674,4997755.0,0.1667,11706.0,374
1747,2021-06-30,USA,10828052,34817,756,8851.0,25966,417804,2939932.0,0.0833,6197.0,64
1748,2021-07-01,Canada,196095509,9479,648,1395.0,8084,170622,73738209.0,0.0556,7504.0,352
1749,2021-07-02,USA,166689405,15997,940,2471.0,13526,303943,10909481.0,0.0526,5350.0,190
1750,2021-07-03,USA,11277690,9617,623,7961.0,1656,163489,8600542.0,0.0588,5534.0,474
1751,2021-07-04,Brazil,171923879,49103,309,,27690,834751,,0.0588,,131
1752,2021-07-05,UK,194701403,42788,760,37593.0,5195,770184,31252712.0,0.0556,37414.0,133
1753,2021-07-06,Canada,82390011,40342,526,5008.0,35334,484104,6554015.0,0.0833,37574.0,242
1754,2021-07-07,Brazil,58769796,49854,957,21219.0,28635,648102,50121583.0,0.0769,18143.0,256
1755,2021-07-08,Germany,181238207,2997,619,1365.0,1632,29970,76480618.0,0.1,20.0,208
1756,2021-07-09,Germany,56602739,1226,800,378.0,848,11034,18439412.0,0.1111,947.0,306
1757,2021-07-10,Canada,171418038,20850,99,13598.0,7252,250200,4851413.0,0.0833,7243.0,32
1758,2021-07-11,Canada,165117754,18863,745,3769.0,15094,339534,159781040.0,0.0556,17742.0,199
1759,2021-07-12,Canada,128668676,36546,12,14071.0,22475,548190,42901731.0,0.0667,29123.0,77
1760,2021-07-13,Japan,125003100,48665,510,34861.0,13804,486650,90326645.0,0.1,16757.0,206
1761,2021-07-14,France,9661474,43299,872,5858.0,37441,303093,8162761.0,0.1429,22629.0,42
1762,2021-07-15,Canada,56714100,49021,542,24826.0,24195,686294,19583912.0,0.0714,29589.0,345
1763,2021-07-16,Canada,126461393,1937,159,658.0,1279,19370,83787448.0,0.1,1156.0,220
1764,2021-07-17,Japan,112506207,1534,769,953.0,581,30680,31503392.0,0.05,1100.0,67
1765,2021-07-18,UK,102583719,39788,971,,8093,318304,,0.125,,56
1766,2021-07-19,Japan,154208199,18962,182,13749.0,5213,322354,147658386.0,0.0588,11535.0,384
1767,2021-07-20,Canada,59452518,27405,922,7769.0,19636,356265,21434805.0,0.0769,20652.0,54
1768,2021-07-21,France,179304110,45013,983,3521.0,41492,675195,134836383.0,0.0667,34898.0,200
1769,2021-07-22,Australia,61424608,26474,506,1675.0,24799,503006,19212155.0,0.0526,5143.0,473
1770,2021-07-23,Brazil,48681284,26217,295,26108.0,109,393255,31139954.0,0.0667,22392.0,464
1771,2021-07-24,Japan,27393403,25123,594,3723.0,21400,452214,14034798.0,0.0556,6189.0,325
1772,2021-07-25,India,8795632,40558,229,31477.0,9081,283906,6858110.0,0.1429,21300.0,312
1773,2021-07-26,Canada,68092961,10909,582,,10248,218180,,0.05,,380
1774,2021-07-27,Australia,162421671,42868,398,6689.0,36179,471548,43319918.0,0.0909,24186.0,370
1775,2021-07-28,Germany,65240719,11482,483,8209.0,3273,172230,8901994.0,0.0667,1061.0,457
1776,2021-07-29,Italy,9291906,13566,591,6011.0,7555,257754,4111205.0,0.0526,7268.0,123
1777,2021-07-30,Canada,48480297,30238,512,9222.0,21016,241904,40534209.0,0.125,28576.0,471
1778,2021-07-31,India,43752798,16047,473,4217.0,11830,112329,461931.0,0.1429,11174.0,346
1779,2021-08-01,Japan,110077863,34063,481,8811.0,25252,238441,105098216.0,0.1429,17041.0,452
1780,2021-08-02,Australia,193193499,35215,123,208.0,35007,176075,117714617.0,0.2,3918.0,149
1781,2021-08-03,France,107943809,47523,787,44908.0,2615,760368,53610511.0,0.0625,41239.0,332
1782,2021-08-04,Germany,119123896,28087,806,24022.0,4065,224696,19593605.0,0.125,24836.0,422
1783,2021-08-05,Japan,156642092,49386,810,42061.0,7325,493860,98372067.0,0.1,43026.0,173
1784,2021-08-06,USA,39104438,15929,814,8023.0,7906,175219,17750811.0,0.0909,5407.0,328
1785,2021-08-07,Canada,187217987,4854,469,828.0,4026,58248,69793098.0,0.0833,2419.0,352
1786,2021-08-08,Germany,120365748,21670,806,6913.0,14757,281710,76266699.0,0.0769,19478.0,18
1787,2021-08-09,Canada,38586596,9700,534,4975.0,4725,48500,14832504.0,0.2,9233.0,185
1788,2021-08-10,Australia,192610069,19085,314,13898.0,5187,267190,127583302.0,0.0714,9662.0,79
1789,2021-08-11,UK,187584793,8424,150,3635.0,4789,143208,69069988.0,0.0588,458.0,435
1790,2021-08-12,Canada,57817596,38222,310,28499.0,9723,191110,17409460.0,0.2,33331.0,381
1791,2021-08-13,Brazil,139732264,26597,488,6332.0,20265,265970,92399118.0,0.1,19239.0,436
1792,2021-08-14,Brazil,135511742,20597,535,8330.0,12267,350149,130257173.0,0.0588,17210.0,246
1793,2021-08-15,USA,48080185,31719,918,19272.0,12447,158595,44878704.0,0.2,11218.0,115
1794,2021-08-16,USA,84029310,13528,229,11069.0,2459,175864,81690443.0,0.0769,10649.0,100
1795,2021-08-17,UK,96697633,32688,470,14030.0,18658,163440,70345971.0,0.2,24293.0,103
1796,2021-08-18,France,98592482,43531,33,17416.0,26115,348248,44226765.0,0.125,4403.0,138
1797,2021-08-19,Italy,149521170,35045,866,29839.0,5206,210270,119892092.0,0.1667,34271.0,126
1798,2021-08-20,Australia,66684075,16781,816,10795.0,5986,201372,15323633.0,0.0833,5814.0,20
1799,2021-08-21,USA,164514158,17417,565,8325.0,9092,121919,51006539.0,0.1429,4343.0,267
1800,2021-08-22,Italy,82271749,3988,212,3056.0,932,47856,78608288.0,0.0833,1954.0,237
1801,2021-08-23,USA,27379215,35188,902,31841.0,3347,527820,26508542.0,0.0667,12872.0,244
1802,2021-08-24,France,32247602,28960,85,13362.0,15598,318560,3351279.0,0.0909,19312.0,110
1803,2021-08-25,Japan,161603260,31931,307,13276.0,18655,159655,156152541.0,0.2,28217.0,463
1804,2021-08-26,Italy,30936969,47184,907,18176.0,29008,519024,19761464.0,0.0909,29901.0,0
1805,2021-08-27,Brazil,68578029,49450,416,10040.0,39410,642850,66116342.0,0.0769,21537.0,259
1806,2021-08-28,France,130729395,33698,290,14061.0,19637,438074,116401796.0,0.0769,16319.0,174
1807,2021-08-29,USA,74897153,44423,574,11455.0,32968,621922,59061679.0,0.0714,11939.0,249
1808,2021-08-30,Brazil,2749471,20919,914,4223.0,16696,418380,2079485.0,0.05,5858.0,33
1809,2021-08-31,France,116968121,44104,311,37907.0,6197,837976,45960407.0,0.0526,11970.0,99
1810,2021-09-01,Germany,30182075,49994,237,36021.0,13973,699916,16836931.0,0.0714,20972.0,392
1811,2021-09-02,Italy,143378036,30924,105,8487.0,22437,432936,56449809.0,0.0714,22016.0,79
1812,2021-09-03,Italy,87910120,10249,196,3758.0,6491,102490,21198772.0,0.1,2574.0,166
1813,2021-09-04,UK,139637864,31049,669,11545.0,19504,558882,72311998.0,0.0556,30567.0,134
1814,2021-09-05,Canada,127696614,19897,379,15147.0,4750,278558,44791430.0,0.0714,10333.0,230
1815,2021-09-06,Japan,83682652,27872,576,14977.0,12895,501696,761353.0,0.0556,1812.0,495
1816,2021-09-07,Germany,110733132,23174,661,18589.0,4585,440306,102951520.0,0.0526,638.0,419
1817,2021-09-08,Canada,190069537,13252,213,2405.0,10847,172276,79133937.0,0.0769,387.0,164
1818,2021-09-09,UK,115755713,25061,333,6775.0,18286,275671,107035231.0,0.0909,20236.0,257
1819,2021-09-10,Canada,119139289,17954,109,15516.0,2438,215448,21530932.0,0.0833,15718.0,482
1820,2021-09-11,Australia,194612825,38858,481,35844.0,3014,660586,184630165.0,0.0588,16373.0,143
1821,2021-09-12,Canada,163861091,38411,384,34524.0,3887,307288,15063138.0,0.125,18090.0,275
1822,2021-09-13,Brazil,100173165,28712,945,19399.0,9313,229696,63329409.0,0.125,24570.0,37
1823,2021-09-14,Germany,88119522,48001,423,38055.0,9946,432009,79162732.0,0.1111,37623.0,102
1824,2021-09-15,Germany,151816807,5767,448,3759.0,2008,86505,146722832.0,0.0667,4560.0,271
1825,2021-09-16,Canada,79227295,45191,22,35986.0,9205,316337,42139163.0,0.1429,29218.0,382
1826,2021-09-17,Canada,58663377,12067,328,4394.0,7673,144804,30924012.0,0.0833,5456.0,101
1827,2021-09-18,USA,182910332,46141,265,29406.0,16735,230705,37653424.0,0.2,42089.0,210
1828,2021-09-19,France,115710772,25972,825,10036.0,15936,155832,111625454.0,0.1667,1975.0,467
1829,2021-09-20,France,138509195,24476,16,5939.0,18537,440568,8612486.0,0.0556,10717.0,404
1830,2021-09-21,USA,145635544,32244,289,13409.0,18835,483660,18014562.0,0.0667,18523.0,47
1831,2021-09-22,Italy,150865002,7361,544,6065.0,1296,51527,125747728.0,0.1429,5326.0,97
1832,2021-09-23,Brazil,20618218,44823,441,26679.0,18144,851637,15142732.0,0.0526,42627.0,169
1833,2021-09-24,France,20602711,11906,663,2482.0,9424,178590,15235291.0,0.0667,11347.0,378
1834,2021-09-25,Italy,117070731,1407,411,230.0,1177,19698,852813.0,0.0714,798.0,9
1835,2021-09-26,UK,3291876,14760,330,7762.0,6998,132840,1085707.0,0.1111,9574.0,345
1836,2021-09-27,Brazil,88676194,34889,468,21761.0,13128,558224,77424312.0,0.0625,12376.0,395
1837,2021-09-28,France,40804630,13509,315,10534.0,2975,108072,1759895.0,0.125,9861.0,483
1838,2021-09-29,Canada,11590472,8344,553,2634.0,5710,58408,5493884.0,0.1429,3770.0,336
1839,2021-09-30,UK,57051271,13218,310,10543.0,2675,237924,18191732.0,0.0556,3559.0,395
1840,2021-10-01,India,96387134,1788,140,888.0,900,14304,50346941.0,0.125,909.0,444
1841,2021-10-02,Japan,199618821,13669,389,12863.0,806,259711,117721525.0,0.0526,3254.0,105
1842,2021-10-03,France,103141002,38680,834,30511.0,8169,270760,23501092.0,0.1429,37899.0,370
1843,2021-10-04,Australia,139645889,7975,166,1777.0,6198,87725,32308440.0,0.0909,6067.0,309
1844,2021-10-05,USA,97204677,49131,324,21926.0,27205,540441,28229673.0,0.0909,33220.0,184
1845,2021-10-06,India,129306498,16730,520,13061.0,3669,317870,2167007.0,0.0526,12452.0,411
1846,2021-10-07,Germany,113746637,26234,984,22956.0,3278,419744,48371054.0,0.0625,2139.0,222
1847,2021-10-08,India,176020410,19706,234,16939.0,2767,335002,126530129.0,0.0588,9001.0,373
1848,2021-10-09,Italy,174774273,21185,46,16574.0,4611,254220,47609278.0,0.0833,303.0,65
1849,2021-10-10,Italy,140216539,10207,143,2510.0,7697,61242,16423273.0,0.1667,3437.0,443
1850,2021-10-11,Japan,199601760,43316,300,18957.0,24359,779688,42273939.0,0.0556,11299.0,89
1851,2021-10-12,Brazil,140210540,9920,759,6945.0,2975,158720,29364576.0,0.0625,491.0,254
1852,2021-10-13,Canada,55781475,20058,413,7830.0,12228,260754,41735913.0,0.0769,933.0,401
1853,2021-10-14,Brazil,7933696,21730,29,,15417,130380,,0.1667,,23
1854,2021-10-15,USA,145814196,24709,780,5098.0,19611,247090,42459128.0,0.1,489.0,178
1855,2021-10-16,Australia,60780490,6037,429,5494.0,543,48296,31922973.0,0.125,3400.0,438
1856,2021-10-17,Australia,145076610,28863,137,784.0,28079,144315,83599091.0,0.2,15384.0,460
1857,2021-10-18,Australia,69950766,8401,330,2412.0,5989,67208,64127867.0,0.125,3215.0,64
1858,2021-10-19,USA,59870882,33733,132,24388.0,9345,404796,44238829.0,0.0833,6212.0,367
1859,2021-10-20,Germany,109404580,18500,908,15052.0,3448,222000,30363191.0,0.0833,6049.0,373
1860,2021-10-21,Canada,177998115,19733,336,4590.0,15143,256529,35354855.0,0.0769,13828.0,191
1861,2021-10-22,India,178490014,9517,593,8957.0,560,161789,169619056.0,0.0588,3242.0,93
1862,2021-10-23,Japan,4844461,9368,649,8810.0,558,112416,1357991.0,0.0833,5284.0,5
1863,2021-10-24,Italy,154568363,31508,495,3404.0,28104,504128,50398290.0,0.0625,13292.0,231
1864,2021-10-25,Germany,58669650,29700,636,21089.0,8611,564300,7906707.0,0.0526,21478.0,393
1865,2021-10-26,Australia,139107600,22108,345,16003.0,6105,287404,91531924.0,0.0769,17986.0,233
1866,2021-10-27,Canada,179039299,6324,684,,2804,82212,,0.0769,,328
1867,2021-10-28,USA,7822014,35606,129,29408.0,6198,427272,3837229.0,0.0833,7882.0,281
1868,2021-10-29,Japan,192312702,19379,129,7989.0,11390,271306,121484445.0,0.0714,18130.0,481
1869,2021-10-30,UK,23271349,33077,186,7023.0,26054,363847,4754945.0,0.0909,1095.0,101
1870,2021-10-31,France,197873870,48797,362,14353.0,34444,439173,151097755.0,0.1111,34409.0,24
1871,2021-11-01,Brazil,144118043,23767,552,16217.0,7550,237670,100521595.0,0.1,3281.0,348
1872,2021-11-02,France,45462445,41609,649,1096.0,40513,499308,10203975.0,0.0833,39955.0,217
1873,2021-11-03,France,55276609,18246,50,5111.0,13135,255444,26157182.0,0.0714,13803.0,457
1874,2021-11-04,USA,128921796,30671,329,26211.0,4460,429394,47461.0,0.0714,8235.0,362
1875,2021-11-05,Japan,150184984,43785,319,30105.0,13680,306495,15897345.0,0.1429,9194.0,73
1876,2021-11-06,Brazil,130099233,10502,782,6530.0,3972,178534,105537124.0,0.0588,6865.0,200
1877,2021-11-07,Germany,159757133,12672,254,6931.0,5741,88704,60748302.0,0.1429,2300.0,457
1878,2021-11-08,Australia,108760873,8091,743,2032.0,6059,72819,27626181.0,0.1111,1166.0,344
1879,2021-11-09,Germany,74945995,49845,335,49140.0,705,398760,69876471.0,0.125,34356.0,52
1880,2021-11-10,USA,169723960,39219,482,24003.0,15216,745161,80214477.0,0.0526,35471.0,380
1881,2021-11-11,India,164755210,29777,157,27471.0,2306,446655,73042035.0,0.0667,12501.0,429
1882,2021-11-12,Australia,69572474,7394,641,3573.0,3821,133092,22609782.0,0.0556,6213.0,149
1883,2021-11-13,Australia,61299573,34264,105,28460.0,5804,548224,16192871.0,0.0625,28342.0,215
1884,2021-11-14,Germany,16207544,41815,107,23452.0,18363,543595,15178873.0,0.0769,33280.0,168
1885,2021-11-15,India,113647693,43711,856,27246.0,16465,699376,11152602.0,0.0625,6627.0,365
1886,2021-11-16,Japan,131338503,15908,599,7799.0,8109,190896,79334010.0,0.0833,10905.0,136
1887,2021-11-17,France,28908012,46434,499,9690.0,36744,789378,20355052.0,0.0588,43749.0,195
1888,2021-11-18,USA,12301462,39430,110,742.0,38688,315440,9657393.0,0.125,7698.0,494
1889,2021-11-19,Japan,65052542,23638,594,1598.0,22040,425484,54712752.0,0.0556,23536.0,381
1890,2021-11-20,France,11701159,22760,662,8335.0,14425,432440,9619131.0,0.0526,1221.0,481
1891,2021-11-21,Italy,108023266,41164,762,12866.0,28298,205820,28996335.0,0.2,11844.0,12
1892,2021-11-22,Australia,170254265,21558,101,11981.0,9577,388044,7616742.0,0.0556,8307.0,183
1893,2021-11-23,India,184344556,22547,360,14398.0,8149,293111,119724089.0,0.0769,10633.0,234
1894,2021-11-24,France,188664414,41602,269,31078.0,10524,457622,149915233.0,0.0909,21094.0,379
1895,2021-11-25,Canada,108728751,49369,356,38094.0,11275,987380,11927856.0,0.05,23055.0,315
1896,2021-11-26,USA,145481295,48487,824,33573.0,14914,727305,82097002.0,0.0667,47313.0,46
1897,2021-11-27,Brazil,172651518,26611,320,6236.0,20375,532220,171657764.0,0.05,24791.0,195
1898,2021-11-28,Australia,55263991,17346,876,1440.0,15906,277536,22615770.0,0.0625,11844.0,386
1899,2021-11-29,Italy,43739587,11045,330,10785.0,260,88360,12736574.0,0.125,5087.0,465
1900,2021-11-30,Japan,136860358,45890,657,,36731,642460,,0.0714,,356
1901,2021-12-01,Brazil,21383740,13016,95,11533.0,1483,221272,8837232.0,0.0588,11729.0,174
1902,2021-12-02,Germany,144029860,23186,406,18827.0,4359,394162,27816898.0,0.0588,20100.0,291
1903,2021-12-03,France,23068509,21222,230,6721.0,14501,127332,8251155.0,0.1667,5079.0,341
1904,2021-12-04,UK,74494486,1727,506,1268.0,459,20724,32930552.0,0.0833,901.0,331
1905,2021-12-05,Italy,58973494,9527,12,4665.0,4862,114324,1394116.0,0.0833,7917.0,429
1906,2021-12-06,Brazil,118829714,27166,569,9104.0,18062,298826,55341132.0,0.0909,16992.0,297
1907,2021-12-07,Canada,108271327,41107,589,15738.0,25369,534391,94857832.0,0.0769,17272.0,220
1908,2021-12-08,Canada,100382457,23888,921,16198.0,7690,358320,72527114.0,0.0667,2524.0,490
1909,2021-12-09,France,187079207,8814,329,4769.0,4045,79326,25936611.0,0.1111,7794.0,274
1910,2021-12-10,France,85150431,6868,826,100.0,6768,82416,46753777.0,0.0833,6726.0,114
1911,2021-12-11,Australia,125899376,17637,588,15894.0,1743,335103,83054727.0,0.0526,16290.0,302
1912,2021-12-12,Australia,118087319,4237,976,2834.0,1403,21185,75156388.0,0.2,471.0,458
1913,2021-12-13,Canada,94308996,31236,888,8092.0,23144,281124,8559981.0,0.1111,2143.0,488
1914,2021-12-14,Italy,193969873,18093,583,9836.0,8257,90465,191558813.0,0.2,16082.0,220
1915,2021-12-15,France,190037031,8739,405,5214.0,3525,166041,83168089.0,0.0526,4991.0,169
1916,2021-12-16,France,63428516,37346,817,,33289,672228,,0.0556,,441
1917,2021-12-17,Italy,2818741,39950,54,16466.0,23484,319600,297851.0,0.125,4169.0,271
1918,2021-12-18,Brazil,112054818,47866,165,35112.0,12754,574392,80735381.0,0.0833,11877.0,15
1919,2021-12-19,USA,175323867,32438,746,28523.0,3915,486570,23919137.0,0.0667,31003.0,206
1920,2021-12-20,Japan,155082726,45936,971,1021.0,44915,780912,109407362.0,0.0588,45640.0,242
1921,2021-12-21,Brazil,38180860,22498,187,19357.0,3141,314972,23834179.0,0.0714,14102.0,450
1922,2021-12-22,UK,68649528,32747,92,26700.0,6047,425711,53878721.0,0.0769,7426.0,179
1923,2021-12-23,France,174738210,41484,83,19221.0,22263,788196,25240418.0,0.0526,16893.0,10
1924,2021-12-24,Brazil,163714682,3991,570,3749.0,242,63856,25632988.0,0.0625,7.0,493
1925,2021-12-25,India,143034829,824,4,490.0,334,14008,82212087.0,0.0588,819.0,463
1926,2021-12-26,Italy,153492452,36920,383,,4547,369200,,0.1,,93
1927,2021-12-27,Italy,144670412,14311,999,8655.0,5656,114488,41519225.0,0.125,6130.0,293
1928,2021-12-28,Brazil,48493825,28881,723,1161.0,27720,288810,34046254.0,0.1,26684.0,419
1929,2021-12-29,Germany,120482352,1988,637,1909.0,79,15904,108341198.0,0.125,1914.0,149
1930,2021-12-30,Australia,29930611,22875,699,16964.0,5911,228750,3346100.0,0.1,6329.0,308
1931,2021-12-31,Japan,42675307,40186,942,18075.0,22111,763534,36774344.0,0.0526,29355.0,483
1932,2022-01-01,Canada,32240955,43824,567,39534.0,4290,657360,8261845.0,0.0667,9265.0,122
1933,2022-01-02,India,132739572,12343,813,5720.0,6623,74058,48093085.0,0.1667,7871.0,415
1934,2022-01-03,USA,178076138,46375,772,7635.0,38740,371000,139544508.0,0.125,43483.0,335
1935,2022-01-04,UK,87047806,34559,576,371.0,34188,587503,73334032.0,0.0588,18517.0,164
1936,2022-01-05,Japan,37366472,29353,781,22864.0,6489,410942,28609797.0,0.0714,14258.0,193
1937,2022-01-06,France,23116099,32143,24,16047.0,16096,257144,10788236.0,0.125,15863.0,312
1938,2022-01-07,India,105370029,20047,509,10637.0,9410,120282,70806579.0,0.1667,6162.0,484
1939,2022-01-08,Canada,24941087,20127,913,877.0,19250,201270,21506123.0,0.1,1571.0,273
1940,2022-01-09,Canada,8506289,3093,989,,1240,52581,,0.0588,,26
1941,2022-01-10,Canada,184654242,28429,756,11771.0,16658,284290,136565353.0,0.1,22319.0,357
1942,2022-01-11,Canada,13004622,14057,101,6566.0,7491,140570,3717279.0,0.1,1195.0,365
1943,2022-01-12,Japan,55655668,32458,211,13743.0,18715,162290,3035594.0,0.2,6751.0,460
1944,2022-01-13,Canada,186056590,7623,946,5244.0,2379,38115,64528496.0,0.2,1450.0,199
1945,2022-01-14,Brazil,62303095,24365,939,11194.0,13171,146190,10464217.0,0.1667,19619.0,126
1946,2022-01-15,Germany,167903435,43812,264,16101.0,27711,613368,54996057.0,0.0714,26817.0,353
1947,2022-01-16,UK,3745397,27255,843,13701.0,13554,463335,1166380.0,0.0588,26762.0,398
1948,2022-01-17,Australia,132054616,16608,614,16267.0,341,282336,5610213.0,0.0588,4223.0,339
1949,2022-01-18,Brazil,186086078,14612,72,4166.0,10446,116896,30944810.0,0.125,12962.0,250
1950,2022-01-19,Japan,18851043,12016,549,6653.0,5363,120160,8606683.0,0.1,4666.0,274
1951,2022-01-20,Japan,77890373,18658,876,10090.0,8568,149264,16025691.0,0.125,6623.0,486
1952,2022-01-21,France,24220488,36356,866,3722.0,32634,399916,4265272.0,0.0909,2339.0,240
1953,2022-01-22,Japan,129532208,7165,114,5292.0,1873,42990,111816082.0,0.1667,1511.0,42
1954,2022-01-23,Brazil,187191338,4417,247,846.0,3571,70672,117603871.0,0.0625,3621.0,305
1955,2022-01-24,Canada,12019787,43442,956,10437.0,33005,477862,3530452.0,0.0909,2867.0,291
1956,2022-01-25,Australia,4814772,10008,349,5899.0,4109,100080,2936996.0,0.1,3287.0,461
1957,2022-01-26,France,173908719,3698,400,2142.0,1556,33282,78330969.0,0.1111,260.0,115
1958,2022-01-27,Australia,50382235,41105,199,19093.0,22012,780995,1698503.0,0.0526,4547.0,431
1959,2022-01-28,France,66975024,39430,541,20569.0,18861,394300,9620958.0,0.1,20811.0,29
1960,2022-01-29,Brazil,30894528,44876,66,18012.0,26864,224380,20756309.0,0.2,21080.0,189
1961,2022-01-30,Japan,11315981,9403,923,7703.0,1700,112836,99012.0,0.0833,56.0,288
1962,2022-01-31,UK,16681338,25396,787,6819.0,18577,203168,14378124.0,0.125,24974.0,321
1963,2022-02-01,Italy,10447645,36938,558,32094.0,4844,184690,7993139.0,0.2,25300.0,144
1964,2022-02-02,Australia,185042028,40373,396,10904.0,29469,484476,183309518.0,0.0833,40147.0,128
1965,2022-02-03,France,93649490,41726,465,10326.0,31400,375534,60964805.0,0.1111,23601.0,114
1966,2022-02-04,Brazil,39764067,18799,652,13086.0,5713,319583,17261134.0,0.0588,12061.0,378
1967,2022-02-05,Australia,6620266,28294,824,18469.0,9825,254646,356976.0,0.1111,13447.0,363
1968,2022-02-06,Japan,146357402,14875,411,12827.0,2048,238000,55861665.0,0.0625,6899.0,452
1969,2022-02-07,Australia,113132368,30184,751,15363.0,14821,573496,52135917.0,0.0526,11913.0,172
1970,2022-02-08,UK,88512907,43605,408,34882.0,8723,479655,33018516.0,0.0909,12515.0,291
1971,2022-02-09,France,53238058,47795,675,7237.0,40558,764720,31096632.0,0.0625,26752.0,191
1972,2022-02-10,USA,173872446,20112,218,,12872,181008,,0.1111,,333
1973,2022-02-11,UK,122418675,19681,926,6177.0,13504,118086,26764323.0,0.1667,11065.0,282
1974,2022-02-12,Australia,43069029,43230,393,9316.0,33914,778140,12100750.0,0.0556,1562.0,355
1975,2022-02-13,Italy,56419381,25294,581,3438.0,21856,252940,18342193.0,0.1,25206.0,79
1976,2022-02-14,Japan,173131052,26337,588,718.0,25619,289707,40448729.0,0.0909,10370.0,239
1977,2022-02-15,Italy,66954183,48396,133,16501.0,31895,725940,40960434.0,0.0667,34772.0,376
1978,2022-02-16,India,169600449,2313,692,1916.0,397,16191,23018356.0,0.1429,35.0,471
1979,2022-02-17,Canada,15160697,21725,873,18778.0,2947,325875,15129756.0,0.0667,6652.0,380
1980,2022-02-18,Italy,41427167,13959,314,186.0,13773,97713,24356495.0,0.1429,5169.0,298
1981,2022-02-19,Germany,120887844,31135,346,8080.0,23055,311350,38888385.0,0.1,3325.0,410
1982,2022-02-20,USA,151830542,10473,922,7983.0,2490,104730,111450608.0,0.1,8721.0,466
1983,2022-02-21,UK,166970660,26848,162,8444.0,18404,536960,75493341.0,0.05,3714.0,339
1984,2022-02-22,Japan,40365062,29157,99,4396.0,24761,174942,9099877.0,0.1667,15493.0,194
1985,2022-02-23,Australia,129011513,11171,785,10845.0,326,178736,124948944.0,0.0625,9582.0,292
1986,2022-02-24,Italy,49810603,29316,915,28666.0,650,586320,45081166.0,0.05,11266.0,453
1987,2022-02-25,Brazil,92208098,5571,907,2541.0,3030,38997,23788142.0,0.1429,5112.0,153
1988,2022-02-26,UK,182830972,25796,938,20898.0,4898,206368,179557514.0,0.125,20782.0,164
1989,2022-02-27,India,79476960,46622,811,41178.0,5444,745952,66404207.0,0.0625,40754.0,456
1990,2022-02-28,France,159463552,27376,173,15409.0,11967,355888,51545820.0,0.0769,9183.0,266
1991,2022-03-01,UK,7293292,32087,326,2406.0,29681,320870,436300.0,0.1,22954.0,156
1992,2022-03-02,Australia,71628962,29421,443,18362.0,11059,176526,36619501.0,0.1667,21607.0,41
1993,2022-03-03,India,90367226,36128,32,27566.0,8562,180640,76994349.0,0.2,19838.0,194
1994,2022-03-04,Germany,54591096,30809,389,18083.0,12726,184854,46660006.0,0.1667,22834.0,192
1995,2022-03-05,Canada,91096311,24038,822,7242.0,16796,432684,54652792.0,0.0556,4336.0,482
1996,2022-03-06,Germany,93942849,47128,267,10928.0,36200,518408,65609708.0,0.0909,17476.0,42
1997,2022-03-07,France,121762190,44027,86,366.0,43661,660405,115625772.0,0.0667,7439.0,11
1998,2022-03-08,Canada,35500888,49942,109,34020.0,15922,349594,11885464.0,0.1429,4257.0,78
1999,2022-03-09,India,154520600,15528,797,14097.0,1431,108696,2589124.0,0.1429,12066.0,413
2000,2022-03-10,Canada,92572676,40465,72,30226.0,10239,768835,84691777.0,0.0526,6935.0,313
2001,2022-03-11,Brazil,33743327,3680,721,,568,40480,,0.0909,,367
2002,2022-03-12,India,25584911,251,110,49.0,202,3012,7053780.0,0.0833,183.0,40
2003,2022-03-13,UK,104857933,20998,640,3653.0,17345,230978,63893558.0,0.0909,16230.0,309
2004,2022-03-14,Brazil,190588979,12193,480,7474.0,4719,73158,118787072.0,0.1667,8316.0,3
2005,2022-03-15,France,22356268,11524,997,8285.0,3239,149812,4828240.0,0.0769,9427.0,498
2006,2022-03-16,Canada,51827069,45873,126,40907.0,4966,504603,12552582.0,0.0909,14923.0,83
2007,2022-03-17,Japan,106942876,41634,856,2817.0,38817,582876,80739206.0,0.0714,33204.0,327
2008,2022-03-18,France,77612289,14303,436,10192.0,4111,228848,32315695.0,0.0625,114.0,335
2009,2022-03-19,USA,184483963,16493,288,11209.0,5284,115451,16540879.0,0.1429,16184.0,176
2010,2022-03-20,Australia,197740153,3958,634,863.0,3095,71244,21461846.0,0.0556,49.0,500
2011,2022-03-21,USA,182060017,5782,326,964.0,4818,92512,162539509.0,0.0625,4662.0,134
2012,2022-03-22,Australia,196192552,20910,461,9176.0,11734,418200,99440140.0,0.05,9838.0,390
2013,2022-03-23,Brazil,132288414,20543,559,14308.0,6235,246516,78816559.0,0.0833,1399.0,353
2014,2022-03-24,Australia,95729520,26852,476,11725.0,15127,402780,54122182.0,0.0667,15217.0,231
2015,2022-03-25,Brazil,41986027,9311,755,2994.0,6317,167598,1642812.0,0.0556,5189.0,195
2016,2022-03-26,Brazil,170703027,9790,409,3799.0,5991,48950,116603333.0,0.2,2474.0,303
2017,2022-03-27,Brazil,50367862,14220,97,13952.0,268,241740,31694726.0,0.0588,4438.0,172
2018,2022-03-28,France,54084853,1420,509,617.0,803,14200,20369025.0,0.1,568.0,116
2019,2022-03-29,Japan,51988256,31885,621,8170.0,23715,637700,29048490.0,0.05,31042.0,436
2020,2022-03-30,USA,43901529,31938,992,10122.0,21816,191628,23714219.0,0.1667,2192.0,487
2021,2022-03-31,UK,87780484,46269,488,6436.0,39833,647766,18988828.0,0.0714,33997.0,482
2022,2022-04-01,Germany,133669281,14182,426,6146.0,8036,70910,128427134.0,0.2,10346.0,81
2023,2022-04-02,USA,91887012,41317,318,785.0,40532,743706,82091154.0,0.0556,39263.0,66
2024,2022-04-03,Italy,143173275,18474,349,6240.0,12234,166266,99205030.0,0.1111,15516.0,32
2025,2022-04-04,Canada,5753934,29299,378,15635.0,13664,351588,1757044.0,0.0833,22553.0,119
2026,2022-04-05,Canada,84896022,41541,937,10334.0,31207,540033,74490268.0,0.0769,37828.0,406
2027,2022-04-06,Italy,89868434,45765,199,37434.0,8331,686475,84917104.0,0.0667,15002.0,362
2028,2022-04-07,Australia,160137875,39936,242,23612.0,16324,798720,151209160.0,0.05,1271.0,160
2029,2022-04-08,USA,138159904,6264,393,119.0,6145,56376,86343589.0,0.1111,4335.0,251
2030,2022-04-09,Japan,125202203,39491,922,22058.0,17433,276437,60328845.0,0.1429,12660.0,405
2031,2022-04-10,UK,75144655,46655,146,22815.0,23840,279930,63585237.0,0.1667,14636.0,324
2032,2022-04-11,Brazil,1819595,21444,364,1107.0,20337,428880,1178343.0,0.05,8937.0,489
2033,2022-04-12,UK,86908920,31765,321,11948.0,19817,349415,86683389.0,0.0909,31382.0,472
2034,2022-04-13,France,161413589,39654,123,20281.0,19373,237924,52329635.0,0.1667,33038.0,144
2035,2022-04-14,Germany,67632784,24642,433,1684.0,22958,123210,40020641.0,0.2,6692.0,73
2036,2022-04-15,Canada,80484644,1656,29,322.0,1334,29808,10564233.0,0.0556,952.0,397
2037,2022-04-16,Australia,40625031,29273,640,16755.0,12518,292730,39852267.0,0.1,24853.0,160
2038,2022-04-17,Italy,29922542,17927,466,8885.0,9042,197197,23699385.0,0.0909,14854.0,145
2039,2022-04-18,India,44728429,38435,131,17280.0,21155,192175,8315791.0,0.2,21399.0,282
2040,2022-04-19,India,129070963,24171,145,13841.0,10330,410907,73836812.0,0.0588,20607.0,222
2041,2022-04-20,India,174497436,21226,405,,5832,318390,,0.0667,,144
2042,2022-04-21,Australia,87976888,37068,774,34488.0,2580,222408,17698856.0,0.1667,4186.0,474
2043,2022-04-22,USA,19225333,9169,155,7494.0,1675,91690,7885747.0,0.1,5903.0,497
2044,2022-04-23,Australia,96853210,22161,83,8640.0,13521,332415,9338403.0,0.0667,13125.0,279
2045,2022-04-24,UK,17683384,34385,426,8434.0,25951,309465,3002239.0,0.1111,29392.0,81
2046,2022-04-25,India,31936956,49988,933,32900.0,17088,599856,8028413.0,0.0833,42254.0,349
2047,2022-04-26,India,150702314,1587,53,271.0,1316,19044,128498236.0,0.0833,86.0,112
2048,2022-04-27,Japan,63455709,10002,977,7747.0,2255,150030,21672824.0,0.0667,6484.0,9
2049,2022-04-28,India,137968371,18981,504,18211.0,770,341658,18243287.0,0.0556,6557.0,301
2050,2022-04-29,Canada,10665176,13686,235,4139.0,9547,273720,119996.0,0.05,11498.0,41
2051,2022-04-30,Brazil,157117555,24124,521,18745.0,5379,410108,57117249.0,0.0588,17571.0,3
2052,2022-05-01,Canada,169491510,48775,637,30333.0,18442,634075,149320636.0,0.0769,33481.0,198
2053,2022-05-02,UK,43912983,13211,772,3256.0,9955,171743,22446958.0,0.0769,5358.0,459
2054,2022-05-03,India,70884983,25731,122,4417.0,21314,360234,60619406.0,0.0714,14599.0,308
2055,2022-05-04,USA,175861169,44030,524,17443.0,26587,484330,49615472.0,0.0909,2730.0,198
2056,2022-05-05,Italy,29650014,48681,955,35208.0,13473,535491,25493291.0,0.0909,48215.0,382
2057,2022-05-06,Australia,81157453,45203,690,31156.0,14047,632842,48444321.0,0.0714,3563.0,331
2058,2022-05-07,France,169072173,15060,580,475.0,14585,195780,58198432.0,0.0769,390.0,158
2059,2022-05-08,Australia,4317952,14183,849,11219.0,2964,212745,1731011.0,0.0667,11795.0,198
2060,2022-05-09,Australia,194265281,21453,468,8649.0,12804,214530,131984951.0,0.1,18377.0,305
2061,2022-05-10,India,77596036,43714,877,27428.0,16286,305998,14396406.0,0.1429,2044.0,317
2062,2022-05-11,Japan,14429298,734,280,734.0,0,10276,7466878.0,0.0714,581.0,492
2063,2022-05-12,UK,43812018,6372,54,3357.0,3015,70092,43337033.0,0.0909,3466.0,379
2064,2022-05-13,India,101078366,4987,286,1567.0,3420,24935,39925737.0,0.2,983.0,154
2065,2022-05-14,Australia,39074370,17217,467,10511.0,6706,137736,2037935.0,0.125,5720.0,7
2066,2022-05-15,Italy,31222281,5642,742,3719.0,1923,107198,29185369.0,0.0526,4566.0,139
2067,2022-05-16,Brazil,73495514,1478,719,325.0,1153,29560,8493813.0,0.05,441.0,33
2068,2022-05-17,Japan,107713545,44434,386,42475.0,1959,266604,66763043.0,0.1667,30520.0,211
2069,2022-05-18,Germany,47982348,869,590,824.0,45,6083,18845707.0,0.1429,736.0,245
2070,2022-05-19,Australia,55411498,17516,24,8605.0,8911,192676,15758402.0,0.0909,63.0,332
2071,2022-05-20,India,12844204,36910,855,8380.0,28530,738200,3884275.0,0.05,18777.0,186
2072,2022-05-21,Brazil,24733989,39193,376,9292.0,29901,783860,18273433.0,0.05,24462.0,337
2073,2022-05-22,Canada,100662642,47592,564,12153.0,35439,428328,43045133.0,0.1111,26673.0,89
2074,2022-05-23,Brazil,156749416,26331,381,11013.0,15318,421296,78503824.0,0.0625,22041.0,384
2075,2022-05-24,Japan,133744198,44283,555,17556.0,26727,708528,129035100.0,0.0625,5665.0,308
2076,2022-05-25,France,68967939,9020,340,3144.0,5876,171380,60501156.0,0.0526,2691.0,455
2077,2022-05-26,Canada,12477154,22508,518,2026.0,20482,202572,10046071.0,0.1111,17701.0,323
2078,2022-05-27,Japan,43796118,37597,142,24109.0,13488,639149,5485706.0,0.0588,7332.0,256
2079,2022-05-28,France,147028012,2751,532,2326.0,425,13755,68375117.0,0.2,2722.0,482
2080,2022-05-29,USA,45211829,48477,232,,44827,727155,,0.0667,,374
2081,2022-05-30,Italy,101212894,35943,959,10059.0,25884,611031,29403268.0,0.0588,23011.0,383
2082,2022-05-31,Australia,110521248,45075,769,38101.0,6974,540900,85962340.0,0.0833,10204.0,427
2083,2022-06-01,USA,187278860,49369,192,2432.0,46937,246845,135428662.0,0.2,32453.0,73
2084,2022-06-02,Germany,20382831,45543,972,25453.0,20090,546516,13627121.0,0.0833,13713.0,277
2085,2022-06-03,India,172328558,6329,974,4765.0,1564,31645,4354023.0,0.2,2423.0,61
2086,2022-06-04,Germany,56589600,12170,847,1021.0,11149,85190,4497760.0,0.1429,7415.0,486
2087,2022-06-05,Italy,32931184,27650,967,15935.0,11715,470050,354618.0,0.0588,9837.0,175
2088,2022-06-06,Italy,105085127,24570,213,14616.0,9954,442260,83115371.0,0.0556,15677.0,325
2089,2022-06-07,Canada,166034970,38884,42,6684.0,32200,233304,134216344.0,0.1667,23035.0,15
2090,2022-06-08,Italy,69661004,45916,484,20767.0,25149,367328,56734057.0,0.125,40647.0,450
2091,2022-06-09,Australia,95235587,44882,502,43092.0,1790,762994,5190410.0,0.0588,5690.0,243
2092,2022-06-10,Australia,68687713,35634,94,30197.0,5437,427608,12617221.0,0.0833,24893.0,383
2093,2022-06-11,Germany,91565479,15818,618,8130.0,7688,94908,43335214.0,0.1667,9054.0,397
2094,2022-06-12,India,189989320,29569,221,9459.0,20110,532242,25488957.0,0.0556,22407.0,65
2095,2022-06-13,France,160297401,44252,799,42402.0,1850,840788,18548784.0,0.0526,11877.0,237
2096,2022-06-14,Italy,74750265,45687,578,20248.0,25439,274122,33984506.0,0.1667,7711.0,357
2097,2022-06-15,Brazil,139710350,32184,178,2619.0,29565,611496,78756136.0,0.0526,1304.0,148
2098,2022-06-16,UK,162362014,21719,436,18126.0,3593,195471,20621387.0,0.1111,15798.0,248
2099,2022-06-17,India,67851880,373,198,39.0,334,3730,50562450.0,0.1,154.0,93
2100,2022-06-18,Australia,60974560,22286,886,3164.0,19122,445720,15349979.0,0.05,3804.0,51
2101,2022-06-19,Canada,45139723,9122,135,8735.0,387,173318,33295771.0,0.0526,7044.0,10
2102,2022-06-20,Australia,191162040,34417,919,10281.0,24136,275336,112373683.0,0.125,2197.0,142
2103,2022-06-21,USA,118116006,36522,718,8850.0,27672,255654,8747686.0,0.1429,17221.0,449
2104,2022-06-22,USA,179429668,23438,486,10288.0,13150,281256,36917196.0,0.0833,790.0,82
2105,2022-06-23,France,24186791,37383,191,24505.0,12878,710277,22141293.0,0.0526,24465.0,285
2106,2022-06-24,USA,71600318,31318,68,5432.0,25886,313180,55466250.0,0.1,18339.0,20
2107,2022-06-25,Japan,63343677,13267,150,8347.0,4920,119403,50106306.0,0.1111,183.0,190
2108,2022-06-26,Italy,17104512,33436,807,32639.0,797,267488,8921704.0,0.125,580.0,155
2109,2022-06-27,UK,37792245,20940,942,12956.0,7984,418800,14331839.0,0.05,15556.0,244
2110,2022-06-28,France,129509274,14032,101,11208.0,2824,238544,74226771.0,0.0588,13170.0,36
2111,2022-06-29,Australia,40221746,43717,130,10303.0,33414,393453,4563001.0,0.1111,33645.0,37
2112,2022-06-30,UK,152976722,10795,252,524.0,10271,194310,97099146.0,0.0556,4300.0,208
2113,2022-07-01,India,17018353,49307,442,46495.0,2812,739605,13241546.0,0.0667,12622.0,343
2114,2022-07-02,Australia,196017083,24489,400,9750.0,14739,293868,34178907.0,0.0833,20148.0,486
2115,2022-07-03,Italy,137780557,26642,661,1889.0,24753,266420,64784375.0,0.1,17080.0,147
2116,2022-07-04,USA,134448253,4918,443,5.0,4913,24590,112022529.0,0.2,4601.0,43
2117,2022-07-05,Japan,190105898,9539,791,8885.0,654,152624,74461159.0,0.0625,4601.0,237
2118,2022-07-06,Australia,175527836,22379,310,4839.0,17540,335685,82716201.0,0.0667,16758.0,249
2119,2022-07-07,Canada,104641278,49638,892,4520.0,45118,446742,62992151.0,0.1111,5962.0,354
2120,2022-07-08,Germany,132446275,22440,545,5500.0,16940,157080,33768232.0,0.1429,8888.0,447
2121,2022-07-09,UK,78563609,38956,525,24025.0,14931,584340,43508602.0,0.0667,37094.0,97
2122,2022-07-10,Germany,94553303,20076,196,9099.0,10977,361368,37382608.0,0.0556,19587.0,217
2123,2022-07-11,UK,180767096,43195,192,3018.0,40177,388755,79192566.0,0.1111,23690.0,364
2124,2022-07-12,Brazil,146700301,36235,328,22836.0,13399,688465,139616685.0,0.0526,7681.0,370
2125,2022-07-13,Canada,195009723,19101,653,11007.0,8094,210111,160559632.0,0.0909,5999.0,454
2126,2022-07-14,Germany,174805872,32568,383,24520.0,8048,553656,130014919.0,0.0588,30555.0,290
2127,2022-07-15,USA,124233140,35219,349,25629.0,9590,457847,81333763.0,0.0769,16550.0,63
2128,2022-07-16,Germany,102082597,36089,402,35875.0,214,252623,25357498.0,0.1429,32443.0,232
2129,2022-07-17,Germany,148812423,38245,840,20086.0,18159,688410,53469662.0,0.0556,3341.0,218
2130,2022-07-18,Japan,169607724,32083,609,28542.0,3541,641660,117352527.0,0.05,10261.0,61
2131,2022-07-19,USA,38507779,11868,125,5948.0,5920,71208,2753786.0,0.1667,4544.0,55
2132,2022-07-20,UK,148234350,35076,274,26726.0,8350,280608,113619033.0,0.125,2617.0,456
2133,2022-07-21,Italy,178247112,37130,61,,645,297040,,0.125,,145
2134,2022-07-22,Canada,116374269,15773,236,12162.0,3611,205049,74170836.0,0.0769,13775.0,121
2135,2022-07-23,Brazil,41722436,1504,566,308.0,1196,22560,14755380.0,0.0667,784.0,104
2136,2022-07-24,Australia,146414512,40389,17,29878.0,10511,282723,72404868.0,0.1429,8163.0,48
2137,2022-07-25,Brazil,67086917,26633,226,18703.0,7930,506027,40910047.0,0.0526,5686.0,469
2138,2022-07-26,Germany,60147502,18315,109,18212.0,103,219780,45040892.0,0.0833,14260.0,296
2139,2022-07-27,USA,161985126,25342,456,18350.0,6992,304104,26941956.0,0.0833,13386.0,364
2140,2022-07-28,Italy,120221063,29001,153,4781.0,24220,493017,114163771.0,0.0588,24598.0,194
2141,2022-07-29,Australia,7181152,35472,783,17665.0,17807,390192,5648143.0,0.0909,28616.0,404
2142,2022-07-30,Italy,141642832,22432,329,21754.0,678,448640,136246920.0,0.05,12710.0,429
2143,2022-07-31,USA,119699332,39751,210,15309.0,24442,357759,94416318.0,0.1111,39384.0,428
2144,2022-08-01,UK,188617283,44779,386,33744.0,11035,761243,55601280.0,0.0588,20592.0,180
2145,2022-08-02,Italy,109743817,17966,254,8442.0,9524,215592,50928119.0,0.0833,15391.0,491
2146,2022-08-03,USA,7516533,44989,957,8072.0,36917,539868,5414655.0,0.0833,29638.0,365
2147,2022-08-04,India,6873183,25484,585,14174.0,11310,407744,3195815.0,0.0625,16087.0,223
2148,2022-08-05,Germany,195395183,29184,931,,13898,204288,,0.1429,,117
2149,2022-08-06,Brazil,73241790,24025,933,15510.0,8515,480500,21219581.0,0.05,7180.0,437
2150,2022-08-07,Japan,158167505,42271,529,3009.0,39262,464981,9742409.0,0.0909,23892.0,24
2151,2022-08-08,France,62359027,5896,724,4596.0,1300,41272,41302147.0,0.1429,410.0,128
2152,2022-08-09,Germany,22274949,34423,954,17702.0,16721,654037,5000594.0,0.0526,9282.0,439
2153,2022-08-10,Germany,118009343,18252,891,12157.0,6095,219024,54957378.0,0.0833,5460.0,266
2154,2022-08-11,Germany,18925825,15192,892,13681.0,1511,91152,5903698.0,0.1667,8977.0,240
2155,2022-08-12,USA,114619067,11005,241,10724.0,281,121055,80884211.0,0.0909,1103.0,395
2156,2022-08-13,Australia,28248964,17632,836,11776.0,5856,141056,26140892.0,0.125,12089.0,370
2157,2022-08-14,Canada,49029541,10008,546,6948.0,3060,120096,586967.0,0.0833,2814.0,392
2158,2022-08-15,Brazil,74105027,33636,832,32279.0,1357,201816,52855703.0,0.1667,10944.0,24
2159,2022-08-16,Italy,126914185,10217,866,8050.0,2167,122604,115653844.0,0.0833,6016.0,293
2160,2022-08-17,UK,75967863,30304,251,15397.0,14907,303040,14747331.0,0.1,5311.0,327
2161,2022-08-18,India,163674772,49447,43,45052.0,4395,840599,36481520.0,0.0588,18822.0,235
2162,2022-08-19,France,142973647,32109,693,7394.0,24715,545853,108420667.0,0.0588,15290.0,492
2163,2022-08-20,Japan,174772565,34056,362,7501.0,26555,442728,140518019.0,0.0769,10937.0,257
2164,2022-08-21,Italy,135144364,8273,824,7677.0,596,91003,19707744.0,0.0909,6021.0,431
2165,2022-08-22,Japan,81112462,7571,618,165.0,7406,136278,51347982.0,0.0556,2453.0,191
2166,2022-08-23,Japan,7409124,20614,498,14103.0,6511,103070,1808335.0,0.2,4822.0,230
2167,2022-08-24,UK,159492322,49725,767,40561.0,9164,696150,106397284.0,0.0714,9326.0,8
2168,2022-08-25,Australia,61954037,28772,258,12822.0,15950,489124,31296154.0,0.0588,12175.0,451
2169,2022-08-26,Brazil,55946703,30362,133,16738.0,13624,182172,16466233.0,0.1667,29394.0,327
2170,2022-08-27,Japan,28188443,19360,383,17620.0,1740,309760,15605811.0,0.0625,14201.0,39
2171,2022-08-28,Australia,161587878,19264,363,2469.0,16795,385280,10878189.0,0.05,2220.0,180
2172,2022-08-29,USA,89973569,12679,317,4377.0,8302,126790,1483935.0,0.1,2391.0,381
2173,2022-08-30,UK,191885801,36804,276,32880.0,3924,184020,136769665.0,0.2,34150.0,190
2174,2022-08-31,Italy,7479991,29383,413,18438.0,10945,558277,2910224.0,0.0526,10700.0,145
2175,2022-09-01,Australia,99775533,3336,820,1219.0,2117,26688,58840762.0,0.125,1775.0,390
2176,2022-09-02,Japan,138968212,2369,682,125.0,2244,16583,41159209.0,0.1429,1352.0,338
2177,2022-09-03,Brazil,192735707,28826,749,5150.0,23676,374738,38641680.0,0.0769,24972.0,468
2178,2022-09-04,UK,53703073,6107,631,2963.0,3144,79391,26467696.0,0.0769,343.0,22
2179,2022-09-05,UK,82311862,793,136,594.0,199,14274,76409465.0,0.0556,427.0,409
2180,2022-09-06,India,41707284,27978,560,9360.0,18618,363714,14134199.0,0.0769,2170.0,83
2181,2022-09-07,Australia,11055858,17400,744,1585.0,15815,121800,3675794.0,0.1429,5426.0,473
2182,2022-09-08,Italy,181552855,32340,116,,2620,614460,,0.0526,,190
2183,2022-09-09,Brazil,126876444,16913,590,6080.0,10833,253695,70693706.0,0.0667,9141.0,412
2184,2022-09-10,Australia,160410481,16075,231,2724.0,13351,80375,116466994.0,0.2,4459.0,168
2185,2022-09-11,Germany,137589362,19698,510,6437.0,13261,118188,80622573.0,0.1667,3489.0,421
2186,2022-09-12,Brazil,40720922,36373,228,22024.0,14349,436476,31161838.0,0.0833,6461.0,357
2187,2022-09-13,Italy,146548193,33150,371,6107.0,27043,563550,112552713.0,0.0588,21706.0,153
2188,2022-09-14,USA,22777954,15892,166,5684.0,10208,317840,22242640.0,0.05,12697.0,160
2189,2022-09-15,Japan,16274793,28549,415,,26707,513882,,0.0556,,500
2190,2022-09-16,UK,9212921,21874,960,9738.0,12136,174992,5167506.0,0.125,15942.0,450
2191,2022-09-17,UK,133032871,25974,602,18961.0,7013,441558,57727800.0,0.0588,9386.0,124
2192,2022-09-18,Japan,164899367,10806,344,8198.0,2608,162090,159301959.0,0.0667,1357.0,51
2193,2022-09-19,Japan,23037172,5394,815,,69,48546,,0.1111,,459
2194,2022-09-20,Australia,25780630,45703,663,35749.0,9954,274218,70036.0,0.1667,11637.0,16
2195,2022-09-21,India,36831650,19098,863,7080.0,12018,305568,5873380.0,0.0625,5413.0,457
2196,2022-09-22,Italy,84152551,21636,102,20360.0,1276,151452,5303441.0,0.1429,6.0,420
2197,2022-09-23,Germany,52606218,11136,918,4733.0,6403,222720,7216784.0,0.05,9721.0,149
2198,2022-09-24,Australia,166204597,34477,73,,18641,310293,,0.1111,,80
2199,2022-09-25,UK,173728559,45871,527,39572.0,6299,917420,162801699.0,0.05,45156.0,145
2200,2022-09-26,Australia,9598990,25781,872,14684.0,11097,257810,7929924.0,0.1,11755.0,487
2201,2022-09-27,Germany,137600328,20080,300,6937.0,13143,361440,63115909.0,0.0556,10702.0,107
2202,2022-09-28,USA,65607389,30230,152,7187.0,23043,272070,2469448.0,0.1111,1925.0,300
2203,2022-09-29,USA,32599723,9678,110,2323.0,7355,87102,5010576.0,0.1111,4628.0,394
2204,2022-09-30,Japan,90316048,45070,327,7107.0,37963,540840,64638823.0,0.0833,26861.0,62
2205,2022-10-01,Australia,173955922,43795,965,7612.0,36183,613130,56310208.0,0.0714,43003.0,17
2206,2022-10-02,India,98766699,10258,400,7121.0,3137,164128,8865799.0,0.0625,514.0,430
2207,2022-10-03,Canada,68694579,25530,191,9225.0,16305,485070,53350155.0,0.0526,14732.0,68
2208,2022-10-04,Canada,88753747,48842,989,2483.0,46359,879156,88369598.0,0.0556,37130.0,444
2209,2022-10-05,USA,188865962,12056,7,9367.0,2689,156728,111615741.0,0.0769,7977.0,448
2210,2022-10-06,Italy,90806765,9710,43,7411.0,2299,116520,68824758.0,0.0833,8115.0,490
2211,2022-10-07,India,75588094,13255,738,10298.0,2957,238590,5160548.0,0.0556,10347.0,184
2212,2022-10-08,India,191955646,22476,819,2328.0,20148,359616,90511019.0,0.0625,3427.0,247
2213,2022-10-09,France,135506805,13219,216,10798.0,2421,198285,73402611.0,0.0667,6401.0,455
2214,2022-10-10,Australia,142931262,38698,627,25810.0,12888,696564,10583130.0,0.0556,35856.0,148
2215,2022-10-11,India,145630942,49530,467,46613.0,2917,693420,89283085.0,0.0714,26695.0,301
2216,2022-10-12,Italy,169320500,4115,485,697.0,3418,78185,163412891.0,0.0526,1891.0,472
2217,2022-10-13,India,85605365,38724,228,9281.0,29443,503412,40303235.0,0.0769,15038.0,342
2218,2022-10-14,UK,156575452,16655,404,7960.0,8695,83275,142470190.0,0.2,1328.0,113
2219,2022-10-15,USA,121594610,15661,406,15625.0,36,281898,6410742.0,0.0556,13146.0,411
2220,2022-10-16,Germany,74453256,35078,833,7766.0,27312,175390,67343991.0,0.2,3355.0,254
2221,2022-10-17,UK,156739875,13986,546,3152.0,10834,195804,31104060.0,0.0714,6373.0,287
2222,2022-10-18,Japan,195809309,21534,181,3674.0,17860,236874,3814830.0,0.0909,2610.0,168
2223,2022-10-19,Brazil,174635590,16095,969,8233.0,7862,80475,26698574.0,0.2,15254.0,383
2224,2022-10-20,Brazil,197230769,16920,173,7342.0,9578,219960,111555238.0,0.0769,13973.0,104
2225,2022-10-21,France,196732879,10741,370,9142.0,1599,150374,83078739.0,0.0714,8989.0,327
2226,2022-10-22,USA,19411927,4995,159,4001.0,994,24975,8038011.0,0.2,2212.0,494
2227,2022-10-23,France,49042021,7429,783,3733.0,3696,111435,8149636.0,0.0667,6275.0,427
2228,2022-10-24,USA,144503417,30493,523,26493.0,4000,609860,74705739.0,0.05,11673.0,403
2229,2022-10-25,Germany,25704142,23149,180,10439.0,12710,254639,18297381.0,0.0909,597.0,466
2230,2022-10-26,Brazil,167521778,5663,64,4334.0,1329,50967,91832089.0,0.1111,4276.0,417
2231,2022-10-27,Canada,186094247,35049,198,3678.0,31371,560784,7996452.0,0.0625,25511.0,405
2232,2022-10-28,Brazil,117071909,6787,826,2590.0,4197,115379,28502474.0,0.0588,1557.0,317
2233,2022-10-29,Australia,172124713,31681,792,12468.0,19213,221767,60868060.0,0.1429,18266.0,394
2234,2022-10-30,India,123904028,25380,329,4326.0,21054,406080,26724504.0,0.0625,1192.0,231
2235,2022-10-31,Canada,51487483,243,146,153.0,90,1215,44599224.0,0.2,166.0,173
2236,2022-11-01,USA,112543972,49134,857,48647.0,487,737010,62207404.0,0.0667,8787.0,431
2237,2022-11-02,Brazil,26763724,38970,533,,36792,311760,,0.125,,253
2238,2022-11-03,Canada,149601858,36149,743,13821.0,22328,289192,8718809.0,0.125,16124.0,159
2239,2022-11-04,Germany,145171726,27894,300,26619.0,1275,223152,14740597.0,0.125,21784.0,493
2240,2022-11-05,Canada,37754043,45606,264,20730.0,24876,410454,18835316.0,0.1111,27002.0,38
2241,2022-11-06,Japan,143529114,23841,76,7514.0,16327,333774,80482354.0,0.0714,744.0,13
2242,2022-11-07,Italy,77545770,21479,189,18430.0,3049,193311,70458179.0,0.1111,19645.0,436
2243,2022-11-08,Canada,27876461,23758,116,20640.0,3118,308854,25769762.0,0.0769,10430.0,454
2244,2022-11-09,India,34212705,11968,590,8490.0,3478,83776,15537002.0,0.1429,4530.0,159
2245,2022-11-10,Germany,148695438,49469,554,44249.0,5220,692566,148274818.0,0.0714,6582.0,458
2246,2022-11-11,USA,109353912,49302,953,46633.0,2669,690228,56394418.0,0.0714,43115.0,170
2247,2022-11-12,Italy,73222072,48568,53,39597.0,8971,339976,12658740.0,0.1429,262.0,54
2248,2022-11-13,USA,129037563,2786,480,1307.0,1479,47362,72741232.0,0.0588,1082.0,81
2249,2022-11-14,Brazil,159606122,36778,916,20553.0,16225,257446,89674308.0,0.1429,12132.0,332
2250,2022-11-15,UK,153743861,45920,887,39113.0,6807,229600,126249402.0,0.2,8300.0,86
2251,2022-11-16,France,199068232,44724,521,29088.0,15636,805032,1419081.0,0.0556,17911.0,295
2252,2022-11-17,Japan,196917958,12291,504,3320.0,8971,147492,15937459.0,0.0833,3457.0,313
2253,2022-11-18,Brazil,180014851,25456,197,8162.0,17294,356384,92413703.0,0.0714,13255.0,498
2254,2022-11-19,UK,159583649,26970,932,8020.0,18950,377580,72305838.0,0.0714,20197.0,438
2255,2022-11-20,USA,34460158,46327,430,29616.0,16711,926540,97484.0,0.05,26577.0,302
2256,2022-11-21,Brazil,52315446,48941,259,3636.0,45305,440469,38696045.0,0.1111,41996.0,297
2257,2022-11-22,UK,33206143,43976,254,35296.0,8680,263856,7746230.0,0.1667,3051.0,374
2258,2022-11-23,USA,20380838,44831,404,36118.0,8713,493141,9279446.0,0.0909,37655.0,1
2259,2022-11-24,USA,175980457,13775,734,11961.0,1814,68875,110959363.0,0.2,5592.0,105
2260,2022-11-25,Japan,121010649,9462,150,7443.0,2019,151392,43635741.0,0.0625,6205.0,337
2261,2022-11-26,UK,140282013,44585,281,15526.0,29059,490435,39168888.0,0.0909,25507.0,180
2262,2022-11-27,Australia,51466051,43637,878,233.0,43404,523644,32877527.0,0.0833,17950.0,223
2263,2022-11-28,India,14135467,16522,3,2324.0,14198,313918,2660952.0,0.0526,1952.0,383
2264,2022-11-29,Germany,124144125,34359,296,21001.0,13358,618462,14819849.0,0.0556,9220.0,145
2265,2022-11-30,USA,75981561,11603,436,11378.0,225,232060,71080683.0,0.05,9608.0,232
2266,2022-12-01,Germany,94373389,19870,659,12520.0,7350,377530,26967563.0,0.0526,15624.0,493
2267,2022-12-02,Brazil,105849521,17671,164,1931.0,15740,212052,58804717.0,0.0833,561.0,399
2268,2022-12-03,France,63926898,42285,497,17082.0,25203,507420,63653787.0,0.0833,33403.0,328
2269,2022-12-04,Germany,39840508,7197,274,1289.0,5908,115152,35032721.0,0.0625,5651.0,50
2270,2022-12-05,USA,73964006,43141,528,22811.0,20330,733397,2724561.0,0.0588,37169.0,490
2271,2022-12-06,UK,29754579,15808,920,11175.0,4633,205504,27169364.0,0.0769,12414.0,490
2272,2022-12-07,Australia,180434854,36435,876,1707.0,34728,364350,168448439.0,0.1,34624.0,1
2273,2022-12-08,Canada,41022733,1282,335,148.0,1134,23076,38114550.0,0.0556,2.0,246
2274,2022-12-09,Japan,52920555,12279,111,276.0,12003,171906,48377489.0,0.0714,4115.0,356
2275,2022-12-10,Japan,73998756,38416,204,12074.0,26342,614656,12896972.0,0.0625,30923.0,319
2276,2022-12-11,Australia,53685488,16048,332,15298.0,750,240720,23949855.0,0.0667,12434.0,123
2277,2022-12-12,USA,143938119,21851,504,14394.0,7457,393318,4410763.0,0.0556,3381.0,289
2278,2022-12-13,Australia,37774513,15158,420,961.0,14197,90948,13754589.0,0.1667,6756.0,273
2279,2022-12-14,Brazil,199270553,4758,105,265.0,4493,90402,192852344.0,0.0526,1808.0,377
2280,2022-12-15,India,58588463,14317,379,12731.0,1586,85902,17210507.0,0.1667,9625.0,209
2281,2022-12-16,Canada,33286734,18377,658,3637.0,14740,202147,3136767.0,0.0909,7756.0,313
2282,2022-12-17,Australia,32884522,6128,824,4078.0,2050,73536,1482117.0,0.0833,5644.0,141
2283,2022-12-18,Japan,146243752,10946,673,10842.0,104,218920,58078304.0,0.05,5418.0,51
2284,2022-12-19,Japan,24812959,33010,596,17981.0,15029,429130,3117.0,0.0769,22869.0,478
2285,2022-12-20,USA,96804526,49370,463,12914.0,36456,493700,3610372.0,0.1,41104.0,292
2286,2022-12-21,UK,6734156,43732,281,31114.0,12618,437320,1316626.0,0.1,2962.0,375
2287,2022-12-22,Germany,49155056,12835,847,9410.0,3425,141185,8900525.0,0.0909,7550.0,31
2288,2022-12-23,USA,178613345,29456,231,9185.0,20271,265104,8453275.0,0.1111,23781.0,467
2289,2022-12-24,Japan,195363885,13380,375,3106.0,10274,187320,184350664.0,0.0714,2521.0,352
2290,2022-12-25,Canada,17983368,10424,485,4230.0,6194,52120,5750395.0,0.2,575.0,272
2291,2022-12-26,Brazil,48001905,44855,863,17307.0,27548,358840,5692664.0,0.125,13879.0,37
2292,2022-12-27,Germany,42269186,27200,111,12959.0,14241,326400,11152767.0,0.0833,23386.0,266
2293,2022-12-28,Brazil,192588373,36372,905,1582.0,34790,545580,121616069.0,0.0667,34920.0,338
2294,2022-12-29,Italy,153281722,14128,976,6771.0,7357,254304,46207140.0,0.0556,13708.0,406
2295,2022-12-30,India,120474123,18296,323,9769.0,8527,201256,98437213.0,0.0909,6431.0,207
2296,2022-12-31,Italy,80331862,24610,791,7065.0,17545,467590,12217134.0,0.0526,3779.0,407
2297,2023-01-01,USA,187433154,8308,922,7427.0,881,99696,143221829.0,0.0833,7853.0,202
2298,2023-01-02,Brazil,175390511,38054,729,29193.0,8861,228324,139037334.0,0.1667,35325.0,448
2299,2023-01-03,France,63223453,8285,246,7454.0,831,57995,16206437.0,0.1429,1369.0,173
2300,2023-01-04,France,141948980,35229,95,18213.0,17016,457977,89140934.0,0.0769,8924.0,423
2301,2023-01-05,UK,48864742,2884,437,875.0,2009,31724,9375942.0,0.0909,2862.0,325
2302,2023-01-06,France,24993590,33944,151,4955.0,28989,237608,14164077.0,0.1429,5253.0,377
2303,2023-01-07,India,87393915,30205,168,7879.0,22326,392665,45322842.0,0.0769,1084.0,391
2304,2023-01-08,India,4094957,1790,793,429.0,1361,8950,3619205.0,0.2,171.0,165
2305,2023-01-09,UK,45271430,49647,760,7898.0,41749,347529,5545380.0,0.1429,31508.0,487
2306,2023-01-10,Italy,27376628,28768,802,11106.0,17662,460288,1920909.0,0.0625,846.0,368
2307,2023-01-11,Germany,41204987,23156,320,10736.0,12420,185248,33824215.0,0.125,9572.0,133
2308,2023-01-12,Australia,43754911,5573,558,4362.0,1211,111460,19272578.0,0.05,4278.0,466
2309,2023-01-13,Japan,21563197,9868,179,5134.0,4734,59208,10539904.0,0.1667,7682.0,20
2310,2023-01-14,India,137135346,28487,478,27627.0,860,170922,13113916.0,0.1667,21693.0,133
2311,2023-01-15,Canada,66931195,24765,353,3903.0,20862,371475,5951788.0,0.0667,23720.0,264
2312,2023-01-16,UK,74841041,34736,153,8182.0,26554,590512,16501040.0,0.0588,27064.0,76
2313,2023-01-17,Canada,73319003,33533,233,12454.0,21079,536528,6576388.0,0.0625,20324.0,420
2314,2023-01-18,Australia,46697286,37802,384,35058.0,2744,226812,41944174.0,0.1667,3475.0,208
2315,2023-01-19,Canada,56812164,15754,420,5890.0,9864,299326,41479391.0,0.0526,12886.0,8
2316,2023-01-20,USA,168610598,41696,975,7236.0,34460,416960,33760236.0,0.1,3978.0,137
2317,2023-01-21,USA,13612869,8022,886,4814.0,3208,104286,8868030.0,0.0769,7292.0,284
2318,2023-01-22,France,143080103,48398,5,31254.0,17144,629174,47632548.0,0.0769,31040.0,255
2319,2023-01-23,Japan,67844544,33794,198,9016.0,24778,371734,8612204.0,0.0909,17550.0,124
2320,2023-01-24,Germany,42570164,44105,67,34832.0,9273,749785,41545398.0,0.0588,11198.0,267
2321,2023-01-25,Brazil,154389502,42282,685,22130.0,20152,761076,79882829.0,0.0556,1357.0,124
2322,2023-01-26,France,113689126,49576,734,41023.0,8553,793216,96938683.0,0.0625,28238.0,109
2323,2023-01-27,India,28942222,20288,983,12036.0,8252,142016,15500982.0,0.1429,12785.0,149
2324,2023-01-28,India,170552510,25551,160,13929.0,11622,408816,78010535.0,0.0625,6114.0,206
2325,2023-01-29,Brazil,62492941,47259,691,23074.0,24185,708885,36471601.0,0.0667,19256.0,98
2326,2023-01-30,Germany,196755560,1524,684,1351.0,173,30480,101272948.0,0.05,842.0,405
2327,2023-01-31,USA,76104922,19044,525,180.0,18864,95220,30315274.0,0.2,12070.0,123
2328,2023-02-01,Canada,150274358,45705,512,,33996,457050,,0.1,,238
2329,2023-02-02,Germany,164771192,45691,63,1541.0,44150,685365,10077330.0,0.0667,45011.0,327
2330,2023-02-03,Canada,16441326,19095,244,12390.0,6705,210045,3505384.0,0.0909,6367.0,424
2331,2023-02-04,UK,142254100,16889,601,,10324,135112,,0.125,,412
2332,2023-02-05,Australia,28427570,5902,96,75.0,5827,112138,17656725.0,0.0526,1013.0,278
2333,2023-02-06,USA,13973574,39744,999,26728.0,13016,476928,9954219.0,0.0833,12975.0,252
2334,2023-02-07,Japan,59192044,8828,414,3536.0,5292,105936,2631415.0,0.0833,569.0,370
2335,2023-02-08,Japan,21626745,5496,940,,5012,109920,,0.05,,236
2336,2023-02-09,Brazil,135401205,26686,797,8581.0,18105,133430,2864727.0,0.2,6838.0,420
2337,2023-02-10,Japan,8132131,1926,600,1708.0,218,28890,6531647.0,0.0667,229.0,281
2338,2023-02-11,Canada,35334777,39137,536,38278.0,859,469644,25319578.0,0.0833,30950.0,326
2339,2023-02-12,USA,189666800,32594,270,8698.0,23896,456316,160006889.0,0.0714,31469.0,371
2340,2023-02-13,Canada,112537858,201,158,27.0,174,2211,52581326.0,0.0909,156.0,405
2341,2023-02-14,Italy,93822986,8776,907,7827.0,949,61432,41772295.0,0.1429,1161.0,413
2342,2023-02-15,UK,34064173,34469,654,15671.0,18798,275752,19612128.0,0.125,15161.0,203
2343,2023-02-16,Japan,143240867,31283,351,3822.0,27461,156415,37391355.0,0.2,6380.0,87
2344,2023-02-17,UK,195066500,10333,964,6801.0,3532,92997,19730423.0,0.1111,7393.0,140
2345,2023-02-18,India,90977221,22131,428,19617.0,2514,154917,34245294.0,0.1429,9632.0,66
2346,2023-02-19,Canada,140500602,35134,417,32326.0,2808,562144,5705383.0,0.0625,15574.0,252
2347,2023-02-20,USA,107165297,28093,445,2183.0,25910,168558,69704534.0,0.1667,3817.0,382
2348,2023-02-21,UK,35570848,27952,799,213.0,27739,139760,2829210.0,0.2,1814.0,266
2349,2023-02-22,India,55541309,23679,399,10643.0,13036,165753,54906613.0,0.1429,12657.0,78
2350,2023-02-23,Brazil,184853616,29860,74,19362.0,10498,328460,26828980.0,0.0909,25152.0,111
2351,2023-02-24,France,69189831,22317,364,20612.0,1705,401706,68326999.0,0.0556,6009.0,223
2352,2023-02-25,France,154556222,7128,497,1997.0,5131,142560,113943752.0,0.05,5276.0,462
2353,2023-02-26,India,39277767,40709,215,,34373,529217,,0.0769,,123
2354,2023-02-27,Canada,82606040,36341,5,1751.0,34590,690479,26047525.0,0.0526,19558.0,121
2355,2023-02-28,India,129013346,43719,934,,36063,393471,,0.1111,,119
2356,2023-03-01,USA,174177263,24530,629,811.0,23719,196240,14334544.0,0.125,21857.0,189
2357,2023-03-02,Canada,122207704,45292,710,44109.0,1183,271752,68102004.0,0.1667,36992.0,297
2358,2023-03-03,Brazil,190930761,4249,822,1879.0,2370,59486,154105438.0,0.0714,129.0,365
2359,2023-03-04,Italy,122630234,16727,596,11301.0,5426,284359,101497957.0,0.0588,13786.0,392
2360,2023-03-05,Italy,168633621,37533,827,12901.0,24632,525462,148363892.0,0.0714,29897.0,45
2361,2023-03-06,Italy,141180328,19369,148,1830.0,17539,309904,103105746.0,0.0625,8133.0,75
2362,2023-03-07,Germany,89678674,37050,105,17756.0,19294,185250,67167702.0,0.2,12743.0,488
2363,2023-03-08,Brazil,48009398,12476,110,9446.0,3030,149712,19758973.0,0.0833,7043.0,206
2364,2023-03-09,France,152374816,36690,983,33101.0,3589,660420,6163457.0,0.0556,30997.0,79
2365,2023-03-10,Australia,107835643,41958,120,11997.0,29961,755244,4096369.0,0.0556,11397.0,383
2366,2023-03-11,Italy,58957054,20283,575,12809.0,7474,243396,21862597.0,0.0833,11855.0,332
2367,2023-03-12,India,66487994,34092,141,32946.0,1146,477288,55567052.0,0.0714,22589.0,491
2368,2023-03-13,India,110379979,43488,120,34152.0,9336,782784,45813843.0,0.0556,35995.0,411
2369,2023-03-14,Brazil,40525073,26622,604,1617.0,25005,425952,36540804.0,0.0625,14226.0,338
2370,2023-03-15,Canada,72414179,6127,802,1617.0,4510,104159,50774044.0,0.0588,3333.0,322
2371,2023-03-16,USA,20543216,14197,15,4993.0,9204,283940,14292638.0,0.05,11010.0,425
2372,2023-03-17,Canada,185058425,9549,784,6432.0,3117,143235,153412747.0,0.0667,1969.0,128
2373,2023-03-18,Germany,52550586,17501,408,12621.0,4880,210012,39433920.0,0.0833,16679.0,139
2374,2023-03-19,UK,169051676,2658,875,2538.0,120,26580,128424173.0,0.1,4.0,3
2375,2023-03-20,India,180238738,33678,444,8075.0,25603,572526,16805390.0,0.0588,7653.0,426
2376,2023-03-21,UK,104934834,33023,206,28105.0,4918,231161,89699727.0,0.1429,21944.0,421
2377,2023-03-22,India,7841166,3140,968,2869.0,271,53380,4427611.0,0.0588,2507.0,331
2378,2023-03-23,India,75959816,5249,300,90.0,5159,36743,43136609.0,0.1429,3712.0,208
2379,2023-03-24,Japan,48563864,41257,534,28419.0,12838,783883,43088804.0,0.0526,41089.0,73
2380,2023-03-25,India,14502081,47839,377,33388.0,14451,621907,4531886.0,0.0769,32457.0,225
2381,2023-03-26,Australia,119835019,39245,288,13638.0,25607,392450,7809055.0,0.1,9157.0,371
2382,2023-03-27,India,109238337,26977,687,22717.0,4260,242793,46244783.0,0.1111,18201.0,408
2383,2023-03-28,India,25714723,48880,893,16631.0,32249,977600,12900779.0,0.05,10549.0,289
2384,2023-03-29,France,188711631,39439,68,22168.0,17271,197195,106643742.0,0.2,34965.0,134
2385,2023-03-30,USA,19027613,12797,203,9477.0,3320,243143,7788423.0,0.0526,2173.0,488
2386,2023-03-31,Japan,85342460,23453,732,17842.0,5611,257983,46270369.0,0.0909,3562.0,239
2387,2023-04-01,USA,147212876,5187,475,5100.0,87,57057,44096663.0,0.0909,643.0,308
2388,2023-04-02,UK,44857741,30,12,27.0,3,360,28313200.0,0.0833,26.0,262
2389,2023-04-03,Italy,180753207,20824,135,5498.0,15326,416480,146596034.0,0.05,11303.0,192
2390,2023-04-04,France,33551614,12477,223,5146.0,7331,87339,29910438.0,0.1429,4861.0,157
2391,2023-04-05,Brazil,72027665,38833,50,27778.0,11055,582495,6413678.0,0.0667,25925.0,150
2392,2023-04-06,Germany,137974190,2818,996,2431.0,387,50724,73924919.0,0.0556,216.0,121
2393,2023-04-07,Australia,122262668,13427,698,9329.0,4098,107416,53466917.0,0.125,8752.0,55
2394,2023-04-08,Brazil,39056965,30356,758,4439.0,25917,607120,34453072.0,0.05,29988.0,95
2395,2023-04-09,Italy,21180593,918,853,,165,6426,,0.1429,,423
2396,2023-04-10,Japan,49960483,6706,643,5122.0,1584,87178,34857987.0,0.0769,1405.0,293
2397,2023-04-11,Japan,147599333,22291,752,6192.0,16099,423529,62777526.0,0.0526,7590.0,447
2398,2023-04-12,Japan,145783320,15927,897,,1883,159270,,0.1,,173
2399,2023-04-13,Italy,62447100,37514,768,8047.0,29467,187570,33072998.0,0.2,35690.0,368
2400,2023-04-14,Australia,171899475,28094,412,5788.0,22306,224752,121755269.0,0.125,22941.0,31
2401,2020-01-01,Brazil,109088042,32536,241,3035.0,29501,553112,69562011.0,0.0588,28183.0,405
2402,2020-01-02,Brazil,5150503,23926,782,23853.0,73,406742,4535054.0,0.0588,2764.0,337
2403,2020-01-03,Brazil,46886429,11825,229,1517.0,10308,189200,22004365.0,0.0625,1412.0,201
2404,2020-01-04,Australia,183199793,43224,374,42252.0,972,648360,144706715.0,0.0667,6874.0,351
2405,2020-01-05,Brazil,72110863,26537,583,21611.0,4926,185759,70174055.0,0.1429,2383.0,292
2406,2020-01-06,France,38243833,21455,581,8416.0,13039,407645,2646425.0,0.0526,19353.0,273
2407,2020-01-07,India,184035936,17597,240,3509.0,14088,246358,146760673.0,0.0714,5188.0,64
2408,2020-01-08,France,11143674,21684,817,20573.0,1111,260208,11111777.0,0.0833,14193.0,499
2409,2020-01-09,Brazil,194055811,39205,733,22771.0,16434,548870,174045673.0,0.0714,19538.0,451
2410,2020-01-10,Germany,163563877,22132,866,2153.0,19979,154924,22552371.0,0.1429,11363.0,231
2411,2020-01-11,USA,169058270,35762,519,5755.0,30007,214572,118488903.0,0.1667,23392.0,472
2412,2020-01-12,Japan,49061301,15419,916,6507.0,8912,262123,30036529.0,0.0588,7825.0,100
2413,2020-01-13,Japan,145759215,43039,191,41321.0,1718,817741,73792918.0,0.0526,5111.0,493
2414,2020-01-14,France,165825871,4160,736,381.0,3779,83200,163861572.0,0.05,4034.0,196
2415,2020-01-15,Australia,146485784,9824,877,410.0,9414,176832,135776129.0,0.0556,2521.0,428
2416,2020-01-16,India,35759040,20979,528,2079.0,18900,230769,33145548.0,0.0909,17437.0,162
2417,2020-01-17,UK,183955602,34366,0,,26122,343660,,0.1,,26
2418,2020-01-18,Japan,187697297,17650,904,16671.0,979,282400,104731282.0,0.0625,10874.0,351
2419,2020-01-19,Germany,123577144,37302,39,35295.0,2007,298416,22537795.0,0.125,35505.0,90
2420,2020-01-20,Japan,92974439,24545,274,16314.0,8231,245450,70274372.0,0.1,15095.0,303
2421,2020-01-21,UK,106781556,12852,143,7069.0,5783,179928,24922740.0,0.0714,10386.0,487
2422,2020-01-22,UK,36728196,44795,545,7043.0,37752,582335,26265426.0,0.0769,12751.0,279
2423,2020-01-23,USA,154704657,6756,348,3440.0,3316,67560,69988749.0,0.1,5607.0,348
2424,2020-01-24,Canada,89014797,12229,545,6694.0,5535,244580,23877142.0,0.05,6374.0,85
2425,2020-01-25,Canada,155469487,11262,413,1610.0,9652,135144,59665264.0,0.0833,8679.0,311
2426,2020-01-26,Japan,185264157,24251,104,16926.0,7325,194008,150306009.0,0.125,12098.0,187
2427,2020-01-27,France,7887857,42324,501,8316.0,34008,550212,3240343.0,0.0769,21258.0,8
2428,2020-01-28,UK,164714450,21000,774,,15983,294000,,0.0714,,99
2429,2020-01-29,Australia,83307500,41164,638,33302.0,7862,288148,15193029.0,0.1429,39256.0,247
2430,2020-01-30,UK,45242161,3072,203,936.0,2136,46080,39055812.0,0.0667,1102.0,406
2431,2020-01-31,Germany,11117479,5636,858,2653.0,2983,61996,6619127.0,0.0909,722.0,166
2432,2020-02-01,USA,79826068,29732,110,19025.0,10707,445980,27151869.0,0.0667,7097.0,373
2433,2020-02-02,France,47576144,23993,634,16966.0,7027,431874,31934130.0,0.0556,3190.0,121
2434,2020-02-03,Italy,115420635,29316,871,18919.0,10397,175896,2155101.0,0.1667,8708.0,487
2435,2020-02-04,USA,41181162,45686,885,3526.0,42160,365488,19023940.0,0.125,2306.0,397
2436,2020-02-05,Italy,95988438,11621,467,5348.0,6273,92968,93426124.0,0.125,8580.0,242
2437,2020-02-06,India,151722643,3941,619,941.0,3000,35469,128315859.0,0.1111,1112.0,184
2438,2020-02-07,Brazil,35836451,15401,864,6976.0,8425,246416,26990756.0,0.0625,14584.0,70
2439,2020-02-08,Canada,89823472,36530,828,8471.0,28059,657540,7834175.0,0.0556,33190.0,212
2440,2020-02-09,Brazil,121736811,35318,452,16999.0,18319,494452,115775230.0,0.0714,9058.0,252
2441,2020-02-10,Canada,190542718,22143,522,11091.0,11052,287859,145317389.0,0.0769,19278.0,216
2442,2020-02-11,France,98632595,20796,806,688.0,20108,291144,23860571.0,0.0714,4223.0,155
2443,2020-02-12,India,165922052,7776,990,7097.0,679,139968,89199701.0,0.0556,1115.0,477
2444,2020-02-13,UK,2679748,2582,43,1944.0,638,36148,1562393.0,0.0714,2401.0,331
2445,2020-02-14,USA,63301068,4767,981,2831.0,1936,42903,43127544.0,0.1111,2670.0,444
2446,2020-02-15,Australia,86195216,4537,213,4492.0,45,68055,45624601.0,0.0667,276.0,267
2447,2020-02-16,USA,55785332,41511,648,13614.0,27897,415110,45767905.0,0.1,18606.0,155
2448,2020-02-17,Brazil,77333102,34066,537,8962.0,25104,579122,65851164.0,0.0588,32740.0,493
2449,2020-02-18,Japan,186317277,14554,433,7198.0,7356,276526,78562518.0,0.0526,2452.0,382
2450,2020-02-19,Germany,2708694,8502,375,60.0,8442,85020,1547003.0,0.1,3426.0,486
2451,2020-02-20,UK,19681287,34460,223,23131.0,11329,275680,4487092.0,0.125,4123.0,64
2452,2020-02-21,USA,54735703,39752,146,39288.0,464,556528,41880485.0,0.0714,3865.0,193
2453,2020-02-22,Australia,199184945,531,92,281.0,250,9558,70434878.0,0.0556,163.0,104
2454,2020-02-23,Brazil,193614407,36224,474,13614.0,22610,181120,142945400.0,0.2,30910.0,206
2455,2020-02-24,Brazil,140232450,46279,89,2688.0,43591,879301,47497281.0,0.0526,22943.0,245
2456,2020-02-25,Brazil,125624228,21027,266,9127.0,11900,273351,64939013.0,0.0769,12416.0,79
2457,2020-02-26,Australia,154335382,2142,333,1559.0,583,14994,137151235.0,0.1429,1566.0,460
2458,2020-02-27,France,177544056,36293,246,29592.0,6701,616981,14252973.0,0.0588,11904.0,367
2459,2020-02-28,Australia,118987184,7925,660,4085.0,3840,79250,8498926.0,0.1,5631.0,110
2460,2020-02-29,Italy,54236439,29025,806,5524.0,23501,319275,37881936.0,0.0909,6099.0,489
2461,2020-03-01,Japan,8856183,21353,186,15700.0,5653,192177,3591976.0,0.1111,5609.0,489
2462,2020-03-02,Germany,28060990,48025,437,26598.0,21427,336175,21486832.0,0.1429,15484.0,283
2463,2020-03-03,UK,148816381,9428,242,6700.0,2728,141420,97627906.0,0.0667,8850.0,104
2464,2020-03-04,USA,86954027,36434,962,16245.0,20189,473642,56086286.0,0.0769,32053.0,371
2465,2020-03-05,Brazil,174035237,30344,754,5976.0,24368,606880,58751400.0,0.05,26484.0,201
2466,2020-03-06,Germany,78804082,16196,964,15876.0,320,242940,35035917.0,0.0667,9463.0,415
2467,2020-03-07,Italy,134712366,40056,732,32423.0,7633,400560,119944134.0,0.1,38159.0,224
2468,2020-03-08,Brazil,1721576,12241,584,9385.0,2856,232579,146554.0,0.0526,908.0,169
2469,2020-03-09,USA,67166480,43694,922,4642.0,39052,830186,66800285.0,0.0526,14040.0,251
2470,2020-03-10,Brazil,191030464,21422,141,2431.0,18991,257064,35076012.0,0.0833,920.0,415
2471,2020-03-11,Japan,182253157,49332,995,42874.0,6458,443988,97792988.0,0.1111,47789.0,404
2472,2020-03-12,India,195913484,3557,561,2786.0,771,35570,10108503.0,0.1,1086.0,389
2473,2020-03-13,France,149769618,32043,621,5474.0,26569,608817,139217068.0,0.0526,16577.0,442
2474,2020-03-14,France,153718650,28729,357,6329.0,22400,316019,99909767.0,0.0909,11710.0,94
2475,2020-03-15,India,64564403,41774,547,15931.0,25843,250644,53599316.0,0.1667,13237.0,8
2476,2020-03-16,USA,75660002,19798,241,7089.0,12709,138586,43048207.0,0.1429,15080.0,34
2477,2020-03-17,Brazil,94116895,10682,976,7241.0,3441,74774,3065610.0,0.1429,10533.0,295
2478,2020-03-18,India,45957588,47825,964,9364.0,38461,765200,44560847.0,0.0625,6060.0,155
2479,2020-03-19,Italy,54375570,31324,283,,21422,344564,,0.0909,,100
2480,2020-03-20,Italy,2318682,37784,425,6976.0,30808,264488,882553.0,0.1429,32759.0,47
2481,2020-03-21,Brazil,164395911,7547,148,4289.0,3258,45282,40515425.0,0.1667,946.0,106
2482,2020-03-22,Australia,43252962,7738,887,2112.0,5626,147022,27522117.0,0.0526,6165.0,338
2483,2020-03-23,USA,38482999,3506,117,1025.0,2481,24542,7780192.0,0.1429,1567.0,206
2484,2020-03-24,Italy,29052991,8487,935,5527.0,2960,50922,4058636.0,0.1667,522.0,228
2485,2020-03-25,UK,37503671,47382,351,4016.0,43366,900258,16688219.0,0.0526,40827.0,382
2486,2020-03-26,Japan,196872234,14030,37,9220.0,4810,154330,115816089.0,0.0909,5526.0,106
2487,2020-03-27,France,144921257,878,676,695.0,183,16682,80923938.0,0.0526,106.0,76
2488,2020-03-28,France,76710875,11543,102,10067.0,1476,161602,3048008.0,0.0714,11190.0,202
2489,2020-03-29,Canada,168865680,34394,143,12299.0,22095,171970,154734129.0,0.2,8823.0,76
2490,2020-03-30,UK,161074306,18790,384,14570.0,4220,93950,158753054.0,0.2,12016.0,495
2491,2020-03-31,Italy,94945787,47289,389,42963.0,4326,236445,28805562.0,0.2,39072.0,176
2492,2020-04-01,UK,35414319,45518,597,12976.0,32542,227590,6520838.0,0.2,29735.0,60
2493,2020-04-02,Canada,39085359,18052,195,4163.0,13889,288832,36889405.0,0.0625,17682.0,187
2494,2020-04-03,Germany,104983506,20115,780,15845.0,4270,221265,3629536.0,0.0909,2455.0,454
2495,2020-04-04,USA,42921717,1680,144,694.0,986,10080,28350796.0,0.1667,741.0,314
2496,2020-04-05,India,44474159,31412,236,13143.0,18269,628240,18651618.0,0.05,5451.0,306
2497,2020-04-06,Japan,167275573,4031,453,1087.0,2944,28217,115755244.0,0.1429,3530.0,302
2498,2020-04-07,France,7007690,27023,233,22764.0,4259,243207,2360544.0,0.1111,21302.0,483
2499,2020-04-08,India,29733245,22438,327,13884.0,8554,224380,27775272.0,0.1,7269.0,359
2500,2020-04-09,India,191678218,18707,33,10525.0,8182,112242,33472474.0,0.1667,11900.0,464
2501,2020-04-10,Japan,109861315,32531,577,2575.0,29956,618089,49468104.0,0.0526,29263.0,402
2502,2020-04-11,Canada,83747733,40822,66,16516.0,24306,775618,79204954.0,0.0526,24377.0,145
2503,2020-04-12,USA,115130730,11303,968,7271.0,4032,146939,64366996.0,0.0769,2242.0,428
2504,2020-04-13,France,68404023,30260,444,30171.0,89,242080,5922169.0,0.125,1946.0,393
2505,2020-04-14,Japan,32812175,33697,125,31159.0,2538,370667,894071.0,0.0909,15063.0,51
2506,2020-04-15,Brazil,121614969,26125,282,1109.0,25016,182875,65630349.0,0.1429,13887.0,264
2507,2020-04-16,Canada,12441643,35676,13,1804.0,33872,285408,12193060.0,0.125,29344.0,54
2508,2020-04-17,Australia,40763918,38846,31,31757.0,7089,582690,4080382.0,0.0667,5533.0,100
2509,2020-04-18,India,137462675,2782,418,927.0,1855,22256,66170146.0,0.125,1892.0,364
2510,2020-04-19,France,62522455,21767,81,20201.0,1566,304738,24234428.0,0.0714,9029.0,251
2511,2020-04-20,UK,81594140,13074,820,6511.0,6563,130740,15328450.0,0.1,406.0,8
2512,2020-04-21,Japan,152701254,28514,186,17081.0,11433,456224,119942284.0,0.0625,23049.0,219
2513,2020-04-22,France,161030558,16630,508,15658.0,972,182930,32345498.0,0.0909,179.0,170
2514,2020-04-23,Australia,54409205,43977,822,,13131,747609,,0.0588,,429
2515,2020-04-24,Italy,118433766,25796,447,20917.0,4879,180572,47410229.0,0.1429,2099.0,268
2516,2020-04-25,India,65571567,9058,716,1276.0,7782,45290,2153163.0,0.2,4358.0,206
2517,2020-04-26,Italy,112348106,27889,102,17712.0,10177,418335,84132724.0,0.0667,817.0,386
2518,2020-04-27,USA,19202941,7633,51,3972.0,3661,152660,15681953.0,0.05,7486.0,129
2519,2020-04-28,France,11026263,1287,766,750.0,537,15444,9124758.0,0.0833,139.0,420
2520,2020-04-29,UK,192905249,36891,775,19226.0,17665,184455,84569778.0,0.2,4310.0,162
2521,2020-04-30,Germany,47203264,2771,261,271.0,2500,16626,39570455.0,0.1667,2648.0,425
2522,2020-05-01,Australia,161506507,32565,951,2662.0,29903,553605,142052798.0,0.0588,20934.0,114
2523,2020-05-02,Japan,174953400,4267,203,473.0,3794,81073,32286861.0,0.0526,3131.0,308
2524,2020-05-03,USA,150395608,49145,299,42457.0,6688,884610,102543423.0,0.0556,9728.0,110
2525,2020-05-04,Italy,131179230,18786,975,17177.0,1609,375720,64409997.0,0.05,8721.0,127
2526,2020-05-05,UK,63625691,11416,780,6136.0,5280,205488,12281951.0,0.0556,11286.0,495
2527,2020-05-06,Italy,139348443,43891,605,4890.0,39001,614474,30585117.0,0.0714,29233.0,413
2528,2020-05-07,Brazil,4935392,4390,728,2227.0,2163,43900,3613703.0,0.1,215.0,109
2529,2020-05-08,USA,126431427,3341,527,1454.0,1887,33410,14185631.0,0.1,1682.0,28
2530,2020-05-09,Germany,43509029,43303,681,98.0,43205,216515,42333924.0,0.2,6231.0,435
2531,2020-05-10,USA,147498023,5484,240,2459.0,3025,104196,39354218.0,0.0526,684.0,499
2532,2020-05-11,France,120307967,1468,748,368.0,1100,20552,88783194.0,0.0714,62.0,417
2533,2020-05-12,France,19954062,35823,950,9675.0,26148,465699,10204375.0,0.0769,9059.0,82
2534,2020-05-13,France,33277454,29575,969,734.0,28841,473200,17513611.0,0.0625,24164.0,474
2535,2020-05-14,India,63582456,37426,450,4210.0,33216,598816,29371391.0,0.0625,35330.0,88
2536,2020-05-15,Australia,17566354,1683,265,577.0,1106,10098,14052179.0,0.1667,655.0,242
2537,2020-05-16,Italy,179934789,6140,848,4667.0,1473,67540,102072556.0,0.0909,697.0,153
2538,2020-05-17,France,160901736,26426,93,1372.0,25054,184982,42367431.0,0.1429,16373.0,345
2539,2020-05-18,France,159492331,17721,810,12303.0,5418,318978,150240346.0,0.0556,4929.0,237
2540,2020-05-19,India,195939289,49293,401,11375.0,37918,985860,178397754.0,0.05,17506.0,22
2541,2020-05-20,Italy,159065985,23241,234,19378.0,3863,302133,23739620.0,0.0769,13877.0,57
2542,2020-05-21,Australia,96189908,27993,45,11794.0,16199,335916,23760468.0,0.0833,9309.0,345
2543,2020-05-22,Canada,186470229,36255,571,21567.0,14688,543825,101304008.0,0.0667,7012.0,398
2544,2020-05-23,India,124544599,38078,817,11985.0,26093,380780,39305644.0,0.1,27632.0,359
2545,2020-05-24,UK,172705815,18549,855,6218.0,12331,315333,146780088.0,0.0588,8677.0,479
2546,2020-05-25,Germany,165229868,28135,26,19431.0,8704,534565,137358589.0,0.0526,4970.0,33
2547,2020-05-26,Japan,120170962,761,156,187.0,574,11415,13718350.0,0.0667,145.0,81
2548,2020-05-27,France,96447960,38010,778,22075.0,15935,684180,36939031.0,0.0556,35829.0,64
2549,2020-05-28,France,1092154,32933,990,18384.0,14549,428129,839134.0,0.0769,32886.0,116
2550,2020-05-29,Japan,165840910,2692,901,907.0,1785,24228,69399043.0,0.1111,1964.0,77
2551,2020-05-30,India,142521668,29174,616,10308.0,18866,204218,114062101.0,0.1429,20422.0,426
2552,2020-05-31,Italy,18021486,5844,307,5239.0,605,64284,3789845.0,0.0909,2033.0,183
2553,2020-06-01,Japan,178484459,49511,614,7562.0,41949,495110,54914128.0,0.1,7075.0,119
2554,2020-06-02,Brazil,58269038,31136,736,17779.0,13357,155680,22933046.0,0.2,8146.0,22
2555,2020-06-03,Canada,69320187,21051,569,4306.0,16745,168408,53768735.0,0.125,718.0,465
2556,2020-06-04,Brazil,45445760,23613,928,14490.0,9123,330582,33258613.0,0.0714,8591.0,63
2557,2020-06-05,Germany,166431301,6380,439,3776.0,2604,38280,51874779.0,0.1667,2241.0,14
2558,2020-06-06,USA,153261780,27288,411,25218.0,2070,545760,129987074.0,0.05,25309.0,264
2559,2020-06-07,Japan,35031517,45887,264,6923.0,38964,275322,191364.0,0.1667,30259.0,426
2560,2020-06-08,Germany,148948994,9532,99,5084.0,4448,66724,118876900.0,0.1429,6778.0,264
2561,2020-06-09,Japan,29074662,14842,859,9494.0,5348,148420,13237882.0,0.1,4342.0,279
2562,2020-06-10,Italy,114329451,40400,679,5116.0,35284,484800,93802185.0,0.0833,25940.0,356
2563,2020-06-11,Germany,167039435,36015,450,15593.0,20422,612255,152262335.0,0.0588,5917.0,167
2564,2020-06-12,USA,92344556,38558,267,18009.0,20549,231348,14850652.0,0.1667,8832.0,369
2565,2020-06-13,UK,161821865,44533,184,40694.0,3839,890660,96990044.0,0.05,25001.0,455
2566,2020-06-14,USA,187500009,2915,359,2451.0,464,20405,127367478.0,0.1429,1730.0,349
2567,2020-06-15,Japan,196474069,4054,232,644.0,3410,68918,55604132.0,0.0588,1287.0,127
2568,2020-06-16,Italy,111270491,46488,663,38246.0,8242,371904,69077540.0,0.125,17033.0,167
2569,2020-06-17,India,100962242,39288,57,14451.0,24837,785760,1030568.0,0.05,1623.0,304
2570,2020-06-18,France,177110837,42685,586,22950.0,19735,384165,80185260.0,0.1111,38034.0,128
2571,2020-06-19,Germany,49030496,3077,300,1536.0,1541,52309,45795653.0,0.0588,3033.0,441
2572,2020-06-20,India,150452076,40199,445,11931.0,28268,803980,110182099.0,0.05,21422.0,404
2573,2020-06-21,Japan,117985242,17179,165,16709.0,470,240506,42244708.0,0.0714,11933.0,250
2574,2020-06-22,Germany,119942693,22276,550,21320.0,956,423244,105027631.0,0.0526,10450.0,493
2575,2020-06-23,Brazil,60252477,12601,800,4304.0,8297,63005,28531431.0,0.2,3973.0,438
2576,2020-06-24,Brazil,100194864,16914,818,,13252,287538,,0.0588,,172
2577,2020-06-25,Canada,189065457,18952,55,15400.0,3552,322184,169818715.0,0.0588,11371.0,117
2578,2020-06-26,Brazil,15414734,600,435,436.0,164,6000,1986662.0,0.1,155.0,150
2579,2020-06-27,Australia,49598615,49940,817,20323.0,29617,898920,32102524.0,0.0556,20356.0,205
2580,2020-06-28,USA,37060694,20709,627,18503.0,2206,352053,1862197.0,0.0588,2590.0,90
2581,2020-06-29,Germany,76411735,46474,102,40426.0,6048,743584,67559901.0,0.0625,34957.0,408
2582,2020-06-30,USA,139799787,41904,397,37974.0,3930,209520,4030293.0,0.2,31102.0,301
2583,2020-07-01,UK,139585273,25957,492,2661.0,23296,519140,34320051.0,0.05,2593.0,88
2584,2020-07-02,Germany,156112629,39028,903,15543.0,23485,741532,3656083.0,0.0526,29236.0,69
2585,2020-07-03,Japan,193811368,26774,811,18153.0,8621,267740,171421285.0,0.1,2494.0,75
2586,2020-07-04,France,197077837,7268,941,5920.0,1348,43608,54731559.0,0.1667,2058.0,117
2587,2020-07-05,Japan,198411664,49789,905,18416.0,31373,746835,61196827.0,0.0667,22657.0,356
2588,2020-07-06,France,159039281,47808,395,12924.0,34884,286848,123803579.0,0.1667,22960.0,498
2589,2020-07-07,Brazil,171606305,11062,377,6725.0,4337,110620,83151358.0,0.1,2021.0,343
2590,2020-07-08,Canada,150650640,45528,769,30287.0,15241,682920,67972635.0,0.0667,17586.0,24
2591,2020-07-09,Canada,9438410,44290,967,16160.0,28130,575770,5125491.0,0.0769,18691.0,333
2592,2020-07-10,USA,126419502,22186,757,17414.0,4772,244046,113482423.0,0.0909,3650.0,71
2593,2020-07-11,France,52955438,10103,957,2772.0,7331,141442,51657110.0,0.0714,10072.0,391
2594,2020-07-12,Australia,198697071,47904,1000,15710.0,32194,335328,120997313.0,0.1429,26092.0,391
2595,2020-07-13,Brazil,56372848,15918,680,11110.0,4808,159180,32835374.0,0.1,503.0,98
2596,2020-07-14,Canada,150005527,35317,388,24195.0,11122,247219,127435119.0,0.1429,826.0,335
2597,2020-07-15,UK,146734143,3983,820,515.0,3468,27881,103891196.0,0.1429,3386.0,21
2598,2020-07-16,Japan,69432228,21558,731,740.0,20818,237138,4456047.0,0.0909,19951.0,405
2599,2020-07-17,Italy,62617856,21299,736,3430.0,17869,191691,17902318.0,0.1111,7518.0,169
2600,2020-07-18,USA,62610872,20026,12,18855.0,1171,160208,34541081.0,0.125,12987.0,225
2601,2020-07-19,Brazil,128284211,33105,293,28717.0,4388,595890,46350800.0,0.0556,18274.0,130
2602,2020-07-20,Japan,69288181,43910,978,20353.0,23557,570830,35149954.0,0.0769,3505.0,422
2603,2020-07-21,Australia,143737057,13779,839,5013.0,8766,220464,17705301.0,0.0625,9875.0,317
2604,2020-07-22,Canada,59369328,29513,721,3814.0,25699,236104,1044857.0,0.125,7894.0,329
2605,2020-07-23,France,160922147,8082,150,3686.0,4396,153558,134845658.0,0.0526,5415.0,130
2606,2020-07-24,France,145650921,48191,395,7422.0,40769,867438,141651723.0,0.0556,10158.0,453
2607,2020-07-25,Italy,186381503,39246,62,19188.0,20058,588690,129182109.0,0.0667,8706.0,428
2608,2020-07-26,Japan,129672195,6858,280,3177.0,3681,61722,34063535.0,0.1111,1905.0,18
2609,2020-07-27,Germany,25036171,47769,612,12351.0,35418,812073,23839504.0,0.0588,11470.0,137
2610,2020-07-28,Brazil,36487480,13351,851,4230.0,9121,160212,30167478.0,0.0833,8543.0,120
2611,2020-07-29,France,64959354,37225,811,30462.0,6763,335025,7565156.0,0.1111,32765.0,15
2612,2020-07-30,France,106199095,10296,966,1014.0,9282,113256,23139468.0,0.0909,8432.0,473
2613,2020-07-31,Brazil,14254296,46641,591,10135.0,36506,513051,2814935.0,0.0909,7938.0,22
2614,2020-08-01,India,32399695,976,189,741.0,235,9760,29828670.0,0.1,16.0,32
2615,2020-08-02,USA,186667400,34211,395,3979.0,30232,615798,101845063.0,0.0556,2969.0,465
2616,2020-08-03,India,8999506,33287,861,1775.0,31512,565879,2041832.0,0.0588,5479.0,418
2617,2020-08-04,India,80315082,12409,381,6123.0,6286,86863,38757233.0,0.1429,11870.0,120
2618,2020-08-05,Italy,149453537,18963,950,8500.0,10463,227556,22831075.0,0.0833,16722.0,386
2619,2020-08-06,Canada,13714358,31626,282,17827.0,13799,284634,3271345.0,0.1111,10136.0,209
2620,2020-08-07,UK,159028380,20735,852,17535.0,3200,124410,979767.0,0.1667,553.0,234
2621,2020-08-08,Italy,109522468,11952,3,5889.0,6063,155376,44214537.0,0.0769,6212.0,224
2622,2020-08-09,Japan,21007266,21719,20,20210.0,1509,390942,14524063.0,0.0556,13830.0,137
2623,2020-08-10,USA,25703453,4838,13,1619.0,3219,77408,10035822.0,0.0625,739.0,360
2624,2020-08-11,Japan,61343068,18493,1,3846.0,14647,277395,6749244.0,0.0667,8810.0,395
2625,2020-08-12,France,167057866,30764,42,13634.0,17130,153820,98592115.0,0.2,24910.0,99
2626,2020-08-13,Brazil,116399465,27504,561,20875.0,6629,385056,74351399.0,0.0714,12383.0,273
2627,2020-08-14,Italy,195780955,37189,578,10631.0,26558,371890,104264163.0,0.1,30088.0,401
2628,2020-08-15,France,5141054,34600,239,6194.0,28406,276800,3963436.0,0.125,31804.0,400
2629,2020-08-16,Japan,165917411,4761,372,4511.0,250,76176,158742502.0,0.0625,1479.0,185
2630,2020-08-17,Italy,122744684,5081,583,1358.0,3723,86377,3137155.0,0.0588,1939.0,64
2631,2020-08-18,France,6979921,5700,135,2165.0,3535,91200,3813059.0,0.0625,4729.0,286
2632,2020-08-19,India,51136219,24912,15,14993.0,9919,174384,37131067.0,0.1429,18731.0,188
2633,2020-08-20,France,38366270,4773,802,997.0,3776,76368,22522701.0,0.0625,2575.0,497
2634,2020-08-21,USA,32615939,30183,498,15211.0,14972,422562,23691655.0,0.0714,21986.0,382
2635,2020-08-22,USA,38035971,31999,303,19381.0,12618,319990,5008219.0,0.1,17754.0,344
2636,2020-08-23,Italy,174135778,36138,148,17767.0,18371,252966,163356844.0,0.1429,26398.0,481
2637,2020-08-24,Italy,37982560,28556,272,,5800,285560,,0.1,,171
2638,2020-08-25,Canada,138499825,38511,76,9068.0,29443,231066,70956566.0,0.1667,17458.0,469
2639,2020-08-26,Canada,36404046,6896,843,2362.0,4534,110336,19706415.0,0.0625,3982.0,426
2640,2020-08-27,Italy,13179301,20903,445,4330.0,16573,188127,48421.0,0.1111,4637.0,64
2641,2020-08-28,India,99561143,32567,850,32566.0,1,162835,98558404.0,0.2,2076.0,323
2642,2020-08-29,Germany,108185858,14388,947,2852.0,11536,215820,55030442.0,0.0667,865.0,235
2643,2020-08-30,Brazil,47084212,13845,847,11617.0,2228,179985,31541347.0,0.0769,8242.0,83
2644,2020-08-31,USA,151321172,40044,335,21695.0,18349,200220,15679521.0,0.2,31816.0,266
2645,2020-09-01,UK,176006400,33863,187,23318.0,10545,440219,121500321.0,0.0769,5904.0,69
2646,2020-09-02,Australia,113658415,4750,398,308.0,4442,76000,838457.0,0.0625,539.0,30
2647,2020-09-03,Italy,95336881,36861,656,32995.0,3866,258027,15591892.0,0.1429,24366.0,499
2648,2020-09-04,Canada,1275332,40004,182,9607.0,30397,320032,180719.0,0.125,12185.0,218
2649,2020-09-05,Australia,22708597,48990,901,46132.0,2858,783840,7630706.0,0.0625,3489.0,420
2650,2020-09-06,USA,153877180,8923,204,8205.0,718,53538,124117966.0,0.1667,7048.0,303
2651,2020-09-07,USA,85264600,44596,15,44295.0,301,891920,34416872.0,0.05,33041.0,293
2652,2020-09-08,Brazil,84821219,36816,728,15371.0,21445,515424,30467872.0,0.0714,34203.0,239
2653,2020-09-09,Canada,111918701,38869,568,1312.0,37557,427559,55314483.0,0.0909,8618.0,304
2654,2020-09-10,USA,70012296,18286,979,,15473,146288,,0.125,,473
2655,2020-09-11,USA,38916689,31072,207,4702.0,26370,435008,36132741.0,0.0714,6986.0,461
2656,2020-09-12,Brazil,195710425,4634,36,2522.0,2112,69510,12188026.0,0.0667,2881.0,396
2657,2020-09-13,USA,151721231,43515,625,17086.0,26429,522180,49170902.0,0.0833,30688.0,456
2658,2020-09-14,Germany,80663568,13981,994,1142.0,12839,223696,58767285.0,0.0625,8585.0,391
2659,2020-09-15,India,65949724,22111,892,17151.0,4960,397998,35563650.0,0.0556,13291.0,441
2660,2020-09-16,UK,74285158,35761,445,33211.0,2550,643698,60103323.0,0.0556,14354.0,367
2661,2020-09-17,Brazil,68476868,19632,953,1874.0,17758,215952,40753834.0,0.0909,10417.0,409
2662,2020-09-18,Brazil,62163422,25075,943,4411.0,20664,351050,27238963.0,0.0714,17701.0,24
2663,2020-09-19,India,89811420,21888,54,7290.0,14598,415872,37138074.0,0.0526,12893.0,184
2664,2020-09-20,Japan,121523664,40624,343,17527.0,23097,284368,48885059.0,0.1429,10450.0,105
2665,2020-09-21,Canada,152550887,11978,746,11819.0,159,71868,145181209.0,0.1667,5317.0,54
2666,2020-09-22,India,12409895,32334,644,9402.0,22932,452676,12257767.0,0.0714,21826.0,307
2667,2020-09-23,France,28304367,15307,102,13942.0,1365,122456,15525626.0,0.125,6355.0,48
2668,2020-09-24,Australia,162336961,45002,19,35675.0,9327,675030,79170188.0,0.0667,44694.0,199
2669,2020-09-25,India,15491061,45006,719,33397.0,11609,450060,10634169.0,0.1,26615.0,367
2670,2020-09-26,USA,167693722,24310,941,16649.0,7661,364650,71953922.0,0.0667,22367.0,90
2671,2020-09-27,Canada,1174491,5419,682,4312.0,1107,54190,918001.0,0.1,4635.0,182
2672,2020-09-28,Canada,16977556,693,161,,427,4158,,0.1667,,172
2673,2020-09-29,Italy,58605920,47151,952,35152.0,11999,754416,53549358.0,0.0625,17015.0,225
2674,2020-09-30,India,171111981,40477,347,38381.0,2096,769063,75838264.0,0.0526,32264.0,51
2675,2020-10-01,France,119901402,46149,195,37686.0,8463,876831,79854240.0,0.0526,3245.0,476
2676,2020-10-02,India,95990067,46418,760,7760.0,38658,742688,86424580.0,0.0625,15112.0,341
2677,2020-10-03,Germany,18653083,3155,9,1547.0,1608,44170,7255535.0,0.0714,2954.0,6
2678,2020-10-04,Germany,55563113,45221,918,,37943,361768,,0.125,,64
2679,2020-10-05,USA,9437657,14058,438,13311.0,747,196812,1080611.0,0.0714,8892.0,153
2680,2020-10-06,Italy,169271717,40201,931,34055.0,6146,482412,90411943.0,0.0833,11420.0,491
2681,2020-10-07,Brazil,147416337,23538,354,15555.0,7983,376608,91393579.0,0.0625,1497.0,185
2682,2020-10-08,Italy,105132113,4630,34,4145.0,485,83340,65349641.0,0.0556,106.0,329
2683,2020-10-09,France,6159754,26069,584,,14040,156414,,0.1667,,367
2684,2020-10-10,France,118905528,31293,269,29849.0,1444,375516,64287873.0,0.0833,8750.0,355
2685,2020-10-11,Germany,183594651,8212,733,4644.0,3568,90332,153082297.0,0.0909,5025.0,297
2686,2020-10-12,Japan,188606661,24573,882,17200.0,7373,122865,746005.0,0.2,16081.0,234
2687,2020-10-13,India,102193979,49726,868,39426.0,10300,745890,44035727.0,0.0667,14284.0,82
2688,2020-10-14,UK,170888265,22802,848,,362,159614,,0.1429,,160
2689,2020-10-15,USA,69478924,8520,920,2112.0,6408,85200,38368696.0,0.1,7526.0,275
2690,2020-10-16,UK,69389614,12043,596,11042.0,1001,120430,20059058.0,0.1,3626.0,157
2691,2020-10-17,India,89860183,6242,71,6118.0,124,37452,76680961.0,0.1667,5268.0,458
2692,2020-10-18,France,114213952,44352,47,21011.0,23341,532224,754115.0,0.0833,36423.0,467
2693,2020-10-19,USA,112133497,33451,259,17528.0,15923,167255,20329530.0,0.2,5792.0,196
2694,2020-10-20,India,106382948,29102,225,3066.0,26036,261918,82713862.0,0.1111,9227.0,458
2695,2020-10-21,France,183090047,21922,980,6963.0,14959,328830,151014488.0,0.0667,17794.0,230
2696,2020-10-22,Italy,87779174,37066,881,,12194,259462,,0.1429,,159
2697,2020-10-23,Brazil,45959474,25902,47,18335.0,7567,310824,28124000.0,0.0833,277.0,452
2698,2020-10-24,Brazil,187351878,9271,468,3209.0,6062,148336,139763807.0,0.0625,1273.0,130
2699,2020-10-25,Australia,125002079,30367,911,29559.0,808,273303,147286.0,0.1111,3753.0,46
2700,2020-10-26,UK,93409508,10623,231,1600.0,9023,53115,24284355.0,0.2,7068.0,358
2701,2020-10-27,Canada,46163861,6486,662,1506.0,4980,64860,4531537.0,0.1,4296.0,402
2702,2020-10-28,Italy,34418319,34226,586,,32036,171130,,0.2,,222
2703,2020-10-29,Canada,29565828,7344,515,3768.0,3576,80784,17969423.0,0.0909,2722.0,281
2704,2020-10-30,Australia,148800861,5344,747,523.0,4821,80160,124486942.0,0.0667,1371.0,360
2705,2020-10-31,Canada,186416934,6173,390,1619.0,4554,37038,13514094.0,0.1667,1936.0,245
2706,2020-11-01,Italy,144607062,45833,618,31681.0,14152,320831,100780792.0,0.1429,10130.0,260
2707,2020-11-02,Germany,157198420,31430,920,25782.0,5648,408590,89039729.0,0.0769,28384.0,27
2708,2020-11-03,Brazil,177457801,6289,526,5158.0,1131,62890,127982526.0,0.1,9.0,27
2709,2020-11-04,UK,48682797,36123,218,16820.0,19303,325107,41961297.0,0.1111,8865.0,339
2710,2020-11-05,Australia,42738241,3877,258,3514.0,363,50401,18706234.0,0.0769,1141.0,335
2711,2020-11-06,Japan,57753298,47916,134,13517.0,34399,383328,4431801.0,0.125,23586.0,295
2712,2020-11-07,India,162717187,46565,200,618.0,45947,232825,33965940.0,0.2,8361.0,18
2713,2020-11-08,Brazil,171199855,13622,51,9084.0,4538,122598,58792066.0,0.1111,2139.0,367
2714,2020-11-09,USA,118818117,32638,367,4770.0,27868,293742,93342067.0,0.1111,7985.0,190
2715,2020-11-10,USA,193697018,12711,42,271.0,12440,114399,135113798.0,0.1111,6847.0,171
2716,2020-11-11,India,13625816,26683,259,13712.0,12971,293513,48416.0,0.0909,11286.0,366
2717,2020-11-12,Australia,160684411,15126,957,1558.0,13568,287394,122653006.0,0.0526,5830.0,203
2718,2020-11-13,USA,157917220,6288,625,,4401,75456,,0.0833,,11
2719,2020-11-14,Australia,175955837,10610,612,9142.0,1468,190980,19871615.0,0.0556,4891.0,193
2720,2020-11-15,India,164240556,2678,881,2027.0,651,29458,32032841.0,0.0909,1079.0,126
2721,2020-11-16,Brazil,146280557,18081,68,,12684,307377,,0.0588,,410
2722,2020-11-17,India,55498854,7767,429,,3988,38835,,0.2,,207
2723,2020-11-18,India,150566879,24154,992,10468.0,13686,410618,123615754.0,0.0588,12555.0,119
2724,2020-11-19,France,189019228,25821,952,20809.0,5012,180747,153096240.0,0.1429,12901.0,185
2725,2020-11-20,Germany,98085187,3961,310,1581.0,2380,55454,34190049.0,0.0714,2687.0,18
2726,2020-11-21,UK,119373397,28277,400,21844.0,6433,395878,81155978.0,0.0714,23503.0,115
2727,2020-11-22,Brazil,153351316,27317,352,27038.0,279,382438,101181059.0,0.0714,14864.0,97
2728,2020-11-23,USA,35755887,11071,394,8865.0,2206,199278,7883355.0,0.0556,4841.0,495
2729,2020-11-24,France,40421909,16759,221,3294.0,13465,150831,23053415.0,0.1111,10504.0,136
2730,2020-11-25,Australia,181792926,9915,103,1483.0,8432,59490,143291098.0,0.1667,9734.0,486
2731,2020-11-26,UK,185480481,40481,100,13771.0,26710,364329,171656431.0,0.1111,20390.0,464
2732,2020-11-27,UK,191915533,5546,673,625.0,4921,94282,70778301.0,0.0588,1646.0,286
2733,2020-11-28,Brazil,91955455,15690,908,13495.0,2195,219660,61865387.0,0.0714,14564.0,187
2734,2020-11-29,UK,179968722,3775,373,1598.0,2177,45300,60374583.0,0.0833,1067.0,486
2735,2020-11-30,Canada,55306339,2276,828,1290.0,986,15932,5280499.0,0.1429,2166.0,255
2736,2020-12-01,Australia,109895619,1834,382,,1472,23842,,0.0769,,372
2737,2020-12-02,Canada,105798357,45208,577,963.0,44245,587704,67025580.0,0.0769,29722.0,205
2738,2020-12-03,Canada,158525042,46668,916,29088.0,17580,700020,53517528.0,0.0667,15723.0,223
2739,2020-12-04,Italy,100514076,36983,483,19233.0,17750,628711,51896522.0,0.0588,32950.0,195
2740,2020-12-05,Brazil,18067700,28239,213,19053.0,9186,254151,2653439.0,0.1111,11247.0,146
2741,2020-12-06,Canada,100304768,1450,548,,1428,7250,,0.2,,469
2742,2020-12-07,Italy,83235067,33295,89,10902.0,22393,332950,53566423.0,0.1,9345.0,165
2743,2020-12-08,Brazil,100647456,37730,390,11708.0,26022,528220,59952950.0,0.0714,7395.0,436
2744,2020-12-09,Canada,65298111,887,464,605.0,282,7983,16079104.0,0.1111,795.0,367
2745,2020-12-10,Germany,158974619,7776,272,6289.0,1487,132192,32894029.0,0.0588,431.0,341
2746,2020-12-11,Brazil,72074168,42641,557,4400.0,38241,469051,33260813.0,0.0909,27227.0,418
2747,2020-12-12,India,32230836,19726,795,9348.0,10378,276164,7163568.0,0.0714,14837.0,290
2748,2020-12-13,USA,111769688,14418,673,1798.0,12620,273942,30333941.0,0.0526,11152.0,462
2749,2020-12-14,France,5851159,1965,546,643.0,1322,15720,4158085.0,0.125,1683.0,182
2750,2020-12-15,France,45831997,9311,954,7341.0,1970,65177,24720243.0,0.1429,7317.0,47
2751,2020-12-16,Germany,150513553,18405,325,13280.0,5125,202455,97374452.0,0.0909,5774.0,221
2752,2020-12-17,USA,136690351,30189,265,21439.0,8750,603780,13048494.0,0.05,16292.0,99
2753,2020-12-18,Japan,173554555,10721,890,103.0,10618,53605,142012224.0,0.2,5594.0,448
2754,2020-12-19,Brazil,40617826,14585,926,7299.0,7286,277115,30398057.0,0.0526,9458.0,220
2755,2020-12-20,Australia,108456055,44693,331,18038.0,26655,491623,26169665.0,0.0909,223.0,57
2756,2020-12-21,Brazil,75801510,4059,661,,3389,24354,,0.1667,,224
2757,2020-12-22,India,145152497,4121,25,1111.0,3010,61815,139356655.0,0.0667,297.0,12
2758,2020-12-23,USA,41797643,31709,876,9348.0,22361,317090,8591516.0,0.1,10131.0,95
2759,2020-12-24,Japan,86842601,30350,678,2606.0,27744,333850,16094731.0,0.0909,867.0,309
2760,2020-12-25,Japan,81832336,14857,990,5459.0,9398,118856,29208016.0,0.125,8668.0,412
2761,2020-12-26,UK,169455736,45490,88,13091.0,32399,454900,9417341.0,0.1,7970.0,101
2762,2020-12-27,Japan,102491005,40791,354,17784.0,23007,367119,69537865.0,0.1111,11535.0,464
2763,2020-12-28,Australia,194500583,1755,615,435.0,1320,17550,154515067.0,0.1,1605.0,126
2764,2020-12-29,UK,93333582,8376,736,2257.0,6119,134016,88486242.0,0.0625,3844.0,75
2765,2020-12-30,UK,46359139,9881,655,,7253,118572,,0.0833,,308
2766,2020-12-31,UK,164188281,11423,1,6716.0,4707,182768,127152886.0,0.0625,5800.0,115
2767,2021-01-01,Canada,35682574,14852,433,7859.0,6993,103964,34042709.0,0.1429,569.0,240
2768,2021-01-02,France,107594650,6005,929,5604.0,401,114095,6115184.0,0.0526,1535.0,199
2769,2021-01-03,Brazil,163976370,32626,806,1182.0,31444,261008,135738786.0,0.125,27189.0,437
2770,2021-01-04,USA,54661132,24977,39,21744.0,3233,124885,32976772.0,0.2,5110.0,202
2771,2021-01-05,France,27783599,23214,660,5073.0,18141,278568,18732628.0,0.0833,20713.0,492
2772,2021-01-06,Germany,50092819,46274,91,13966.0,32308,832932,47476264.0,0.0556,35004.0,440
2773,2021-01-07,Germany,70329000,26380,489,19817.0,6563,395700,59406943.0,0.0667,4293.0,74
2774,2021-01-08,France,57323177,14201,707,11699.0,2502,127809,10830418.0,0.1111,276.0,324
2775,2021-01-09,Canada,29489208,49439,622,30301.0,19138,642707,5166331.0,0.0769,36714.0,343
2776,2021-01-10,Canada,199794367,37098,157,,12067,370980,,0.1,,29
2777,2021-01-11,Canada,102207399,11995,840,1871.0,10124,179925,28328468.0,0.0667,10749.0,25
2778,2021-01-12,USA,105585494,15875,853,1178.0,14697,317500,32835306.0,0.05,14009.0,331
2779,2021-01-13,Australia,31800383,34837,56,17041.0,17796,592229,22940299.0,0.0588,18073.0,53
2780,2021-01-14,France,64435261,413,248,71.0,342,6195,15375659.0,0.0667,156.0,395
2781,2021-01-15,USA,33755744,42808,575,21578.0,21230,385272,909462.0,0.1111,14401.0,396
2782,2021-01-16,Germany,104446109,11437,410,606.0,10831,68622,68278971.0,0.1667,10878.0,204
2783,2021-01-17,USA,62535768,37415,848,6382.0,31033,598640,25911827.0,0.0625,20567.0,374
2784,2021-01-18,Italy,75316047,31204,46,19358.0,11846,468060,33745968.0,0.0667,2382.0,409
2785,2021-01-19,Japan,47782902,41039,675,,4410,656624,,0.0625,,36
2786,2021-01-20,Germany,21801913,37108,784,14681.0,22427,556620,14370195.0,0.0667,1108.0,291
2787,2021-01-21,UK,180992757,5985,590,80.0,5905,101745,159027893.0,0.0588,4840.0,164
2788,2021-01-22,Australia,122026616,35856,508,12411.0,23445,358560,8079655.0,0.1,34.0,415
2789,2021-01-23,India,37799242,1190,259,845.0,345,21420,10623045.0,0.0556,145.0,318
2790,2021-01-24,Germany,176027695,32514,98,28060.0,4454,227598,40177040.0,0.1429,2401.0,481
2791,2021-01-25,France,55166341,37458,249,9278.0,28180,636786,31055124.0,0.0588,37128.0,331
2792,2021-01-26,USA,122843717,26606,37,8047.0,18559,532120,28939951.0,0.05,5405.0,218
2793,2021-01-27,Australia,132680876,31711,236,29093.0,2618,317110,17696823.0,0.1,21365.0,199
2794,2021-01-28,France,182180532,1855,471,1161.0,694,37100,174147057.0,0.05,860.0,180
2795,2021-01-29,USA,64681325,41772,958,,13631,584808,,0.0714,,46
2796,2021-01-30,France,170105014,25049,336,14932.0,10117,275539,8288536.0,0.0909,22023.0,371
2797,2021-01-31,Brazil,156214322,41742,342,29835.0,11907,500904,33471006.0,0.0833,2993.0,81
2798,2021-02-01,Canada,33494483,38410,70,15344.0,23066,192050,25991120.0,0.2,31869.0,413
2799,2021-02-02,India,102505090,17844,289,2899.0,14945,249816,64416180.0,0.0714,1636.0,0
2800,2021-02-03,Germany,38656248,27581,991,9190.0,18391,524039,26551167.0,0.0526,10131.0,278
2801,2021-02-04,Italy,179611927,49972,445,17440.0,32532,849524,79925013.0,0.0588,29348.0,303
2802,2021-02-05,UK,121833246,20284,906,17367.0,2917,365112,109550622.0,0.0556,12637.0,455
2803,2021-02-06,India,94297087,27959,707,26853.0,1106,363467,44375853.0,0.0769,755.0,208
2804,2021-02-07,UK,66569097,23134,322,229.0,22905,277608,31558599.0,0.0833,1233.0,301
2805,2021-02-08,Brazil,199404612,25304,998,16379.0,8925,455472,165479373.0,0.0556,15217.0,225
2806,2021-02-09,Italy,22227388,7203,903,2002.0,5201,115248,4608808.0,0.0625,5701.0,194
2807,2021-02-10,Australia,60791356,21043,210,19420.0,1623,336688,39833436.0,0.0625,260.0,91
2808,2021-02-11,Japan,99786084,22922,112,17630.0,5292,229220,62098857.0,0.1,22099.0,105
2809,2021-02-12,Germany,115505560,19641,240,17074.0,2567,294615,82420626.0,0.0667,17187.0,317
2810,2021-02-13,Germany,151214095,37350,781,15370.0,21980,634950,93598327.0,0.0588,27128.0,336
2811,2021-02-14,Germany,117668634,16253,305,322.0,15931,243795,101162485.0,0.0667,14330.0,461
2812,2021-02-15,Germany,79426071,48845,226,28700.0,20145,634985,9797079.0,0.0769,40107.0,62
2813,2021-02-16,Germany,107172109,37315,950,21286.0,16029,447780,94715732.0,0.0833,18074.0,296
2814,2021-02-17,India,122034970,18683,231,9848.0,8835,336294,35405879.0,0.0556,17230.0,388
2815,2021-02-18,UK,182468175,43082,716,6293.0,36789,430820,39219533.0,0.1,3128.0,303
2816,2021-02-19,Italy,89097297,32801,430,24393.0,8408,656020,29330100.0,0.05,17669.0,51
2817,2021-02-20,India,67888001,10334,106,10204.0,130,196346,17326000.0,0.0526,2839.0,58
2818,2021-02-21,France,129510036,49917,44,18530.0,31387,748755,40447664.0,0.0667,22789.0,98
2819,2021-02-22,Australia,78058533,41307,726,14254.0,27053,660912,45188172.0,0.0625,38378.0,67
2820,2021-02-23,Germany,34731853,2443,250,2402.0,41,14658,20251525.0,0.1667,2321.0,221
2821,2021-02-24,UK,82708174,25002,951,22902.0,2100,225018,81998766.0,0.1111,18565.0,27
2822,2021-02-25,USA,8351325,9269,918,3441.0,5828,74152,1143874.0,0.125,3342.0,375
2823,2021-02-26,Italy,124875161,21844,879,8951.0,12893,349504,70969638.0,0.0625,12832.0,97
2824,2021-02-27,Japan,89789688,38164,345,7274.0,30890,190820,74541470.0,0.2,5169.0,472
2825,2021-02-28,France,154991781,39943,223,35436.0,4507,519259,96769965.0,0.0769,19552.0,96
2826,2021-03-01,USA,70625420,45597,335,19609.0,25988,775149,29700674.0,0.0588,4749.0,114
2827,2021-03-02,Brazil,146502688,36092,379,32943.0,3149,397012,79624239.0,0.0909,12484.0,424
2828,2021-03-03,UK,110359446,10326,955,8103.0,2223,61956,33374719.0,0.1667,5079.0,234
2829,2021-03-04,India,79585847,12000,271,5339.0,6661,132000,14466179.0,0.0909,4935.0,118
2830,2021-03-05,Japan,179049397,29541,731,10554.0,18987,531738,135408157.0,0.0556,25605.0,420
2831,2021-03-06,Italy,146028235,1836,33,706.0,1130,27540,37814044.0,0.0667,1762.0,143
2832,2021-03-07,USA,103389092,49365,596,46081.0,3284,444285,87754046.0,0.1111,42377.0,339
2833,2021-03-08,Germany,131807403,28714,910,19341.0,9373,200998,62520793.0,0.1429,6170.0,19
2834,2021-03-09,UK,82093834,13620,861,8402.0,5218,81720,20825995.0,0.1667,8791.0,406
2835,2021-03-10,Japan,99411843,3075,167,2412.0,663,39975,56656565.0,0.0769,1385.0,92
2836,2021-03-11,UK,121381405,49257,344,1427.0,47830,492570,26705345.0,0.1,8747.0,266
2837,2021-03-12,India,42155989,40868,812,,15320,204340,,0.2,,169
2838,2021-03-13,UK,108715810,37592,110,23468.0,14124,413512,1336919.0,0.0909,1439.0,112
2839,2021-03-14,USA,53953877,16622,418,1272.0,15350,315818,4544666.0,0.0526,14017.0,401
2840,2021-03-15,Japan,123485554,23933,955,23583.0,350,454727,114877326.0,0.0526,4652.0,397
2841,2021-03-16,India,129416333,39955,624,17190.0,22765,599325,33436784.0,0.0667,11374.0,142
2842,2021-03-17,UK,173269781,24261,215,22425.0,1836,169827,46450488.0,0.1429,24075.0,297
2843,2021-03-18,India,150284636,16928,835,950.0,15978,169280,63079059.0,0.1,7103.0,138
2844,2021-03-19,USA,193398124,8638,47,6557.0,2081,120932,123064950.0,0.0714,268.0,46
2845,2021-03-20,India,122928453,47035,166,36326.0,10709,423315,39282050.0,0.1111,24464.0,29
2846,2021-03-21,USA,118936206,47330,423,30360.0,16970,899270,97931604.0,0.0526,31213.0,328
2847,2021-03-22,USA,171741674,45284,507,24240.0,21044,588692,111110796.0,0.0769,40782.0,402
2848,2021-03-23,Canada,162254602,11985,947,7665.0,4320,71910,103701273.0,0.1667,10482.0,277
2849,2021-03-24,Australia,62039539,35181,893,6299.0,28882,316629,52923378.0,0.1111,9721.0,173
2850,2021-03-25,Italy,136771766,4200,184,2926.0,1274,63000,10765133.0,0.0667,2811.0,197
2851,2021-03-26,Brazil,106818041,49692,546,31228.0,18464,645996,68066270.0,0.0769,16213.0,248
2852,2021-03-27,USA,67868284,41104,192,11524.0,29580,287728,25005684.0,0.1429,8519.0,43
2853,2021-03-28,India,24072745,3089,122,915.0,2174,58691,17230628.0,0.0526,965.0,356
2854,2021-03-29,USA,94054657,45112,566,17854.0,27258,270672,89873483.0,0.1667,29780.0,437
2855,2021-03-30,UK,14283192,31767,298,9040.0,22727,190602,13387173.0,0.1667,19603.0,77
2856,2021-03-31,Canada,95629345,6787,601,1713.0,5074,88231,93206820.0,0.0769,1459.0,306
2857,2021-04-01,Brazil,86453590,48183,907,41014.0,7169,963660,13693384.0,0.05,11501.0,72
2858,2021-04-02,France,133131980,25415,766,17075.0,8340,304980,29569780.0,0.0833,14889.0,93
2859,2021-04-03,USA,44902558,1406,369,814.0,592,12654,9686625.0,0.1111,769.0,90
2860,2021-04-04,UK,102169074,44507,328,27424.0,17083,756619,25817805.0,0.0588,98.0,354
2861,2021-04-05,Australia,145841990,12812,207,8063.0,4749,179368,81078760.0,0.0714,303.0,156
2862,2021-04-06,Germany,135809185,33984,511,655.0,33329,509760,3152390.0,0.0667,30449.0,10
2863,2021-04-07,Canada,45616687,676,383,48.0,628,11492,34056865.0,0.0588,73.0,313
2864,2021-04-08,Germany,85079839,12416,806,1245.0,11171,235904,66684091.0,0.0526,10222.0,359
2865,2021-04-09,Italy,49763807,26034,437,,20796,286374,,0.0909,,162
2866,2021-04-10,Australia,112163106,15281,274,12251.0,3030,290339,66841520.0,0.0526,5224.0,406
2867,2021-04-11,Japan,46767267,10486,933,4610.0,5876,94374,1176879.0,0.1111,1319.0,453
2868,2021-04-12,Brazil,108204389,22891,555,20148.0,2743,206019,81146225.0,0.1111,910.0,334
2869,2021-04-13,Germany,100021931,37532,742,27200.0,10332,337788,79527918.0,0.1111,7669.0,36
2870,2021-04-14,Canada,87591995,26903,223,25526.0,1377,242127,79378026.0,0.1111,10348.0,387
2871,2021-04-15,UK,179466769,45949,595,19589.0,26360,551388,117008772.0,0.0833,30361.0,342
2872,2021-04-16,Germany,194327630,10103,661,3409.0,6694,101030,167080398.0,0.1,2947.0,21
2873,2021-04-17,France,116820357,24705,77,13721.0,10984,321165,83685072.0,0.0769,886.0,330
2874,2021-04-18,USA,180535856,36125,347,29762.0,6363,397375,54965572.0,0.0909,14616.0,335
2875,2021-04-19,Italy,145501429,49825,871,47175.0,2650,298950,73178553.0,0.1667,35024.0,436
2876,2021-04-20,USA,61250212,46161,876,35870.0,10291,323127,54956928.0,0.1429,11585.0,435
2877,2021-04-21,Germany,41759242,6184,972,4768.0,1416,43288,24972093.0,0.1429,4189.0,339
2878,2021-04-22,Japan,31239984,46611,381,11332.0,35279,419499,29183302.0,0.1111,35614.0,213
2879,2021-04-23,Italy,144823815,32735,411,22972.0,9763,163675,27912239.0,0.2,3595.0,271
2880,2021-04-24,Germany,88702324,17179,569,15263.0,1916,292043,41514064.0,0.0588,4376.0,428
2881,2021-04-25,Italy,181850156,62,2,12.0,50,1054,47690608.0,0.0588,59.0,257
2882,2021-04-26,Canada,134634691,28982,653,11798.0,17184,579640,65646415.0,0.05,17064.0,167
2883,2021-04-27,Germany,198769540,25409,653,12246.0,13163,355726,107185146.0,0.0714,25397.0,381
2884,2021-04-28,Brazil,32877235,39045,445,30572.0,8473,429495,9938631.0,0.0909,7326.0,312
2885,2021-04-29,USA,38825066,46849,952,18268.0,28581,421641,12015552.0,0.1111,12668.0,93
2886,2021-04-30,Brazil,5592327,20030,706,17935.0,2095,120180,2385066.0,0.1667,8288.0,272
2887,2021-05-01,Italy,59239262,7390,288,1388.0,6002,147800,34297991.0,0.05,6328.0,441
2888,2021-05-02,Japan,188909605,7334,92,3476.0,3858,139346,41184506.0,0.0526,4817.0,312
2889,2021-05-03,France,160467159,40171,284,2464.0,37707,321368,43186874.0,0.125,13052.0,56
2890,2021-05-04,Japan,198395583,36015,20,32279.0,3736,432180,115961697.0,0.0833,26858.0,10
2891,2021-05-05,India,198971275,45101,763,34085.0,11016,225505,16747140.0,0.2,22795.0,479
2892,2021-05-06,France,53803528,49020,165,13681.0,35339,735300,12978303.0,0.0667,25954.0,96
2893,2021-05-07,Brazil,26866754,252,82,91.0,161,1512,10960134.0,0.1667,69.0,125
2894,2021-05-08,France,143125878,15397,563,3768.0,11629,76985,95369226.0,0.2,11290.0,82
2895,2021-05-09,Australia,113187188,40366,175,3368.0,36998,242196,8004919.0,0.1667,26090.0,273
2896,2021-05-10,UK,188235468,28324,167,1368.0,26956,538156,117077514.0,0.0526,28108.0,116
2897,2021-05-11,UK,48596398,36425,910,22872.0,13553,619225,45176005.0,0.0588,14056.0,417
2898,2021-05-12,Canada,130829394,26706,921,2229.0,24477,186942,67868292.0,0.1429,20807.0,58
2899,2021-05-13,Australia,170411214,35542,934,9165.0,26377,355420,106743197.0,0.1,6865.0,126
2900,2021-05-14,UK,117515333,36185,312,29064.0,7121,180925,9983865.0,0.2,10161.0,339
2901,2021-05-15,France,136785791,10279,205,6583.0,3696,92511,26615201.0,0.1111,8324.0,374
2902,2021-05-16,Italy,61077399,22893,919,16771.0,6122,434967,49470850.0,0.0526,2074.0,270
2903,2021-05-17,Australia,129009008,21323,725,20675.0,648,362491,127864878.0,0.0588,16154.0,197
2904,2021-05-18,Brazil,26493831,42640,44,14952.0,27688,682240,19528718.0,0.0625,411.0,325
2905,2021-05-19,Italy,145479012,34252,102,16794.0,17458,411024,20148860.0,0.0833,8351.0,239
2906,2021-05-20,France,163859469,29136,979,15710.0,13426,233088,123653265.0,0.125,22766.0,56
2907,2021-05-21,Germany,95581431,38890,429,909.0,37981,466680,72614177.0,0.0833,22933.0,338
2908,2021-05-22,Japan,134540887,11678,752,610.0,11068,58390,40446590.0,0.2,6174.0,188
2909,2021-05-23,Canada,187812599,26165,546,13567.0,12598,261650,164184669.0,0.1,18833.0,424
2910,2021-05-24,Italy,26286832,9067,331,1724.0,7343,99737,10336372.0,0.0909,8310.0,303
2911,2021-05-25,Japan,152801431,10650,351,5307.0,5343,127800,73236900.0,0.0833,10293.0,325
2912,2021-05-26,Italy,3424632,29120,755,,9760,262080,,0.1111,,227
2913,2021-05-27,Italy,72972129,41117,486,31764.0,9353,740106,56780992.0,0.0556,19956.0,32
2914,2021-05-28,France,118540572,37623,633,11648.0,25975,752460,2898255.0,0.05,252.0,283
2915,2021-05-29,France,160796673,29968,314,7490.0,22478,599360,68426908.0,0.05,11532.0,351
2916,2021-05-30,France,166841284,37419,291,10836.0,26583,486447,20204591.0,0.0769,12683.0,410
2917,2021-05-31,Australia,164279242,33034,867,,19809,264272,,0.125,,147
2918,2021-06-01,Italy,124033510,34012,966,11510.0,22502,374132,53508312.0,0.0909,7000.0,194
2919,2021-06-02,Canada,79642809,38291,546,36459.0,1832,497783,38925256.0,0.0769,647.0,405
2920,2021-06-03,Canada,163384126,10922,678,437.0,10485,185674,2660937.0,0.0588,2800.0,60
2921,2021-06-04,Japan,9428614,10749,408,8463.0,2286,204231,655729.0,0.0526,6557.0,148
2922,2021-06-05,Brazil,149411775,39441,923,35430.0,4011,197205,146126653.0,0.2,17731.0,273
2923,2021-06-06,France,68823618,23499,532,20079.0,3420,281988,73117.0,0.0833,17682.0,293
2924,2021-06-07,Australia,150127843,12448,895,1541.0,10907,74688,88551492.0,0.1667,4999.0,341
2925,2021-06-08,France,146185222,36114,242,5068.0,31046,469482,28450482.0,0.0769,22782.0,212
2926,2021-06-09,Canada,64501737,954,152,7.0,947,18126,52902104.0,0.0526,937.0,6
2927,2021-06-10,Japan,13681776,41,13,39.0,2,656,12083015.0,0.0625,25.0,52
2928,2021-06-11,Japan,159960462,39088,364,25765.0,13323,195440,95948601.0,0.2,19187.0,49
2929,2021-06-12,Germany,150775750,17108,785,10831.0,6277,325052,145320837.0,0.0526,14155.0,229
2930,2021-06-13,USA,153869220,3393,514,276.0,3117,67860,5236014.0,0.05,2174.0,241
2931,2021-06-14,USA,44485331,27161,899,6100.0,21061,162966,2095810.0,0.1667,20677.0,384
2932,2021-06-15,UK,55772889,28031,381,5489.0,22542,224248,3194747.0,0.125,8892.0,470
2933,2021-06-16,India,80356608,19858,972,11599.0,8259,178722,79900619.0,0.1111,12890.0,247
2934,2021-06-17,Brazil,74620770,43598,351,15946.0,27652,741166,50227662.0,0.0588,19718.0,481
2935,2021-06-18,Canada,11366806,24761,145,20631.0,4130,198088,5429229.0,0.125,20030.0,305
2936,2021-06-19,Brazil,118088313,31305,140,20970.0,10335,563490,103095107.0,0.0556,6037.0,480
2937,2021-06-20,UK,49533141,8184,623,8120.0,64,122760,15831775.0,0.0667,7633.0,325
2938,2021-06-21,Australia,174816330,43247,301,14439.0,28808,216235,69422723.0,0.2,20139.0,245
2939,2021-06-22,Italy,105367070,19895,554,10440.0,9455,298425,49978040.0,0.0667,7301.0,307
2940,2021-06-23,UK,118325998,21381,174,18223.0,3158,256572,71722941.0,0.0833,10241.0,3
2941,2021-06-24,Canada,132291488,5363,992,,1123,75082,,0.0714,,52
2942,2021-06-25,UK,45620452,45974,848,6919.0,39055,275844,223090.0,0.1667,25846.0,65
2943,2021-06-26,UK,177741135,12113,969,10616.0,1497,84791,126782449.0,0.1429,10487.0,73
2944,2021-06-27,France,171002141,30363,506,,5146,546534,,0.0556,,279
2945,2021-06-28,Canada,197362255,16146,632,10469.0,5677,242190,191224156.0,0.0667,9079.0,166
2946,2021-06-29,Canada,46894193,11858,598,904.0,10954,166012,11429389.0,0.0714,2292.0,364
2947,2021-06-30,Canada,84920390,6645,415,5698.0,947,99675,65666498.0,0.0667,5037.0,43
2948,2021-07-01,India,121427306,4362,56,1610.0,2752,26172,71013661.0,0.1667,2975.0,157
2949,2021-07-02,Germany,161869703,6078,264,2407.0,3671,115482,82478489.0,0.0526,3863.0,117
2950,2021-07-03,Australia,99279987,41853,219,18482.0,23371,376677,39938244.0,0.1111,34663.0,374
2951,2021-07-04,Italy,197561506,19385,114,4271.0,15114,155080,95672306.0,0.125,9839.0,359
2952,2021-07-05,India,154297065,30111,204,21593.0,8518,421554,54539248.0,0.0714,10923.0,118
2953,2021-07-06,USA,132085191,33459,547,31475.0,1984,401508,26204095.0,0.0833,14271.0,215
2954,2021-07-07,France,23319303,4498,704,2852.0,1646,53976,21619447.0,0.0833,1492.0,218
2955,2021-07-08,USA,11048764,33618,485,455.0,33163,336180,9341828.0,0.1,23109.0,406
2956,2021-07-09,Germany,47731469,31451,556,15880.0,15571,345961,647109.0,0.0909,27106.0,284
2957,2021-07-10,Brazil,117714377,12055,323,844.0,11211,84385,42072014.0,0.1429,2002.0,227
2958,2021-07-11,UK,186625669,20036,418,9331.0,10705,220396,87895864.0,0.0909,15814.0,415
2959,2021-07-12,Japan,138400803,3276,103,1180.0,2096,26208,95627567.0,0.125,2808.0,244
2960,2021-07-13,Australia,51463590,19171,285,6670.0,12501,383420,5880235.0,0.05,14506.0,380
2961,2021-07-14,UK,102710166,10655,606,4143.0,6512,74585,41660060.0,0.1429,3439.0,416
2962,2021-07-15,Japan,107314877,8949,601,4740.0,4209,152133,84437041.0,0.0588,4292.0,497
2963,2021-07-16,India,92658643,3451,624,1045.0,2406,17255,92542282.0,0.2,459.0,24
2964,2021-07-17,Italy,143879061,39031,567,16731.0,22300,780620,61169739.0,0.05,1111.0,272
2965,2021-07-18,USA,63801157,44810,725,,22307,448100,,0.1,,304
2966,2021-07-19,Germany,110950827,43487,534,24449.0,19038,608818,22844016.0,0.0714,25550.0,141
2967,2021-07-20,Canada,198601395,33724,795,14225.0,19499,640756,156454633.0,0.0526,28707.0,87
2968,2021-07-21,France,151603028,24309,843,8244.0,16065,364635,93557669.0,0.0667,4142.0,484
2969,2021-07-22,Brazil,140133513,48620,113,,38819,291720,,0.1667,,225
2970,2021-07-23,Germany,157714495,30327,748,12672.0,17655,212289,36952555.0,0.1429,17328.0,276
2971,2021-07-24,India,51340085,41897,623,12285.0,29612,293279,31012489.0,0.1429,21506.0,384
2972,2021-07-25,Germany,156853490,34676,306,,17215,520140,,0.0667,,217
2973,2021-07-26,USA,134235185,49843,894,39366.0,10477,847331,28135030.0,0.0588,11942.0,371
2974,2021-07-27,Japan,59421703,41824,30,28067.0,13757,627360,50464892.0,0.0667,35151.0,58
2975,2021-07-28,Canada,22989167,37887,251,5664.0,32223,265209,9230899.0,0.1429,37777.0,5
2976,2021-07-29,USA,7083799,48358,814,7910.0,40448,483580,6991019.0,0.1,29182.0,239
2977,2021-07-30,Japan,155912006,3079,379,1787.0,1292,27711,150397411.0,0.1111,1732.0,299
2978,2021-07-31,Canada,56760981,14484,842,1552.0,12932,231744,6001563.0,0.0625,12198.0,258
2979,2021-08-01,Canada,145542035,49208,21,1897.0,47311,934952,3191357.0,0.0526,12789.0,64
2980,2021-08-02,Italy,181746866,25858,20,1409.0,24449,206864,32711689.0,0.125,7901.0,403
2981,2021-08-03,Australia,157898653,5231,10,3195.0,2036,47079,153949143.0,0.1111,2518.0,68
2982,2021-08-04,India,174494749,20653,357,16680.0,3973,247836,114512395.0,0.0833,18807.0,30
2983,2021-08-05,Germany,186243132,34807,335,,6623,278456,,0.125,,31
2984,2021-08-06,USA,37407634,19617,217,4510.0,15107,215787,26874477.0,0.0909,11247.0,477
2985,2021-08-07,Brazil,188142461,34795,508,21319.0,13476,591515,107926350.0,0.0588,28827.0,40
2986,2021-08-08,UK,59259341,45233,357,11833.0,33400,768961,38141318.0,0.0588,13696.0,180
2987,2021-08-09,Canada,65959901,40545,61,40079.0,466,608175,36544311.0,0.0667,28193.0,46
2988,2021-08-10,UK,99440126,41475,978,22346.0,19129,788025,89343256.0,0.0526,5632.0,333
2989,2021-08-11,Australia,90741261,25286,840,12980.0,12306,303432,78488268.0,0.0833,18615.0,95
2990,2021-08-12,Germany,96849806,22722,808,18932.0,3790,181776,50980034.0,0.125,8064.0,201
2991,2021-08-13,Australia,183225441,40202,43,31419.0,8783,482424,126577193.0,0.0833,11908.0,233
2992,2021-08-14,Japan,8562641,10381,557,641.0,9740,186858,6345316.0,0.0556,76.0,175
2993,2021-08-15,Germany,67940825,19332,181,2253.0,17079,135324,50695510.0,0.1429,8402.0,35
2994,2021-08-16,Italy,190192069,44758,422,39742.0,5016,268548,28143607.0,0.1667,30266.0,490
2995,2021-08-17,Germany,87793184,41589,913,28172.0,13417,623835,71861944.0,0.0667,26843.0,424
2996,2021-08-18,UK,72296720,2808,998,1279.0,1529,22464,5029596.0,0.125,2741.0,286
2997,2021-08-19,Germany,147797403,80,17,18.0,62,880,2220648.0,0.0909,18.0,249
2998,2021-08-20,Germany,113661939,13666,432,11466.0,2200,109328,35339141.0,0.125,11082.0,138
2999,2021-08-21,Canada,122678474,7606,541,,6184,91272,,0.0833,,108
3000,2021-08-22,Australia,6800283,37705,421,14.0,37691,226230,3509702.0,0.1667,26354.0,133
3001,2021-08-23,Brazil,187608952,49556,881,6350.0,43206,247780,152919037.0,0.2,11346.0,258
3002,2021-08-24,Canada,145037379,18233,961,1550.0,16683,346427,72376216.0,0.0526,11488.0,57
3003,2021-08-25,Australia,190760209,15540,851,1918.0,13622,233100,144320986.0,0.0667,2224.0,433
3004,2021-08-26,Japan,132791067,8079,464,5901.0,2178,88869,2855211.0,0.0909,6603.0,283
3005,2021-08-27,India,151310608,7852,807,6987.0,865,133484,72743087.0,0.0588,1663.0,156
3006,2021-08-28,Australia,56905599,38708,515,4452.0,34256,270956,34041449.0,0.1429,13470.0,280
3007,2021-08-29,UK,127136016,29044,667,4553.0,24491,464704,68715354.0,0.0625,23995.0,119
3008,2021-08-30,India,58565730,26522,290,1587.0,24935,530440,30165912.0,0.05,8227.0,48
3009,2021-08-31,USA,63424174,47019,8,7367.0,39652,235095,41787928.0,0.2,22879.0,98
3010,2021-09-01,France,138613727,41740,894,14272.0,27468,208700,50006762.0,0.2,8370.0,202
3011,2021-09-02,USA,36766410,22851,270,17384.0,5467,137106,17580245.0,0.1667,21469.0,433
3012,2021-09-03,Canada,46737558,15246,915,13854.0,1392,91476,43780001.0,0.1667,7376.0,236
3013,2021-09-04,India,36957066,479,137,91.0,388,6227,4448294.0,0.0769,28.0,362
3014,2021-09-05,Italy,186258388,32423,706,13039.0,19384,421499,26764298.0,0.0769,7048.0,81
3015,2021-09-06,Italy,73671543,24329,799,16459.0,7870,170303,7985583.0,0.1429,15817.0,365
3016,2021-09-07,France,166389966,20287,101,15554.0,4733,182583,74369465.0,0.1111,15257.0,14
3017,2021-09-08,Japan,158674077,47853,753,11283.0,36570,957060,40540023.0,0.05,16761.0,443
3018,2021-09-09,USA,155172214,26664,209,20657.0,6007,266640,100178584.0,0.1,16253.0,431
3019,2021-09-10,UK,81140682,9447,189,4702.0,4745,47235,35569674.0,0.2,2824.0,214
3020,2021-09-11,UK,27757319,7070,546,,6786,42420,,0.1667,,195
3021,2021-09-12,India,142154224,28286,101,5757.0,22529,480862,57743751.0,0.0588,15561.0,6
3022,2021-09-13,Brazil,41079906,35792,408,6390.0,29402,357920,3764172.0,0.1,2303.0,16
3023,2021-09-14,Brazil,160600130,21969,798,14222.0,7747,373473,111160350.0,0.0588,2296.0,292
3024,2021-09-15,Canada,97741714,12883,419,3975.0,8908,64415,1339009.0,0.2,7616.0,243
3025,2021-09-16,UK,163380687,20512,30,18549.0,1963,164096,132857518.0,0.125,4474.0,170
3026,2021-09-17,USA,152152193,807,26,335.0,472,8877,123877361.0,0.0909,194.0,385
3027,2021-09-18,USA,10289822,42883,462,31633.0,11250,428830,1569075.0,0.1,13382.0,276
3028,2021-09-19,Japan,103186599,37117,42,,33378,742340,,0.05,,72
3029,2021-09-20,Germany,50831786,7861,25,1273.0,6588,102193,21220718.0,0.0769,6090.0,208
3030,2021-09-21,USA,31031125,32504,113,13844.0,18660,325040,18359564.0,0.1,15530.0,427
3031,2021-09-22,India,2688101,29804,262,19765.0,10039,357648,1707343.0,0.0833,4741.0,422
3032,2021-09-23,Canada,61554444,49779,308,30569.0,19210,448011,12325692.0,0.1111,9451.0,47
3033,2021-09-24,UK,174931624,26038,15,21318.0,4720,390570,48609290.0,0.0667,19258.0,138
3034,2021-09-25,Australia,23087451,9300,977,9022.0,278,120900,10237152.0,0.0769,7773.0,452
3035,2021-09-26,Brazil,49397443,24630,631,23890.0,740,270930,45258415.0,0.0909,13784.0,328
3036,2021-09-27,Australia,168909040,23142,323,20050.0,3092,277704,35044245.0,0.0833,13401.0,40
3037,2021-09-28,India,175897960,30514,617,3699.0,26815,427196,149569919.0,0.0714,22188.0,68
3038,2021-09-29,Japan,73571093,22606,847,10840.0,11766,361696,15025239.0,0.0625,1214.0,67
3039,2021-09-30,France,29392069,6966,588,1499.0,5467,55728,10726316.0,0.125,4763.0,472
3040,2021-10-01,Germany,25405829,11188,824,4146.0,7042,190196,23592748.0,0.0588,9939.0,410
3041,2021-10-02,Japan,144843991,27107,261,11413.0,15694,487926,137893987.0,0.0556,4158.0,109
3042,2021-10-03,Australia,125449084,24862,60,,316,323206,,0.0769,,12
3043,2021-10-04,Italy,138216646,49099,236,20374.0,28725,343693,29403201.0,0.1429,2131.0,251
3044,2021-10-05,Japan,79269315,40613,866,3438.0,37175,365517,11509711.0,0.1111,19711.0,22
3045,2021-10-06,Italy,14516236,26454,584,2305.0,24149,290994,6594085.0,0.0909,23932.0,320
3046,2021-10-07,France,35321499,12935,804,7594.0,5341,155220,18696696.0,0.0833,4407.0,261
3047,2021-10-08,UK,118318715,17722,459,16442.0,1280,177220,15739492.0,0.1,17294.0,210
3048,2021-10-09,Brazil,86513103,17977,442,11834.0,6143,161793,1305716.0,0.1111,2160.0,85
3049,2021-10-10,Canada,54499684,48724,744,16503.0,32221,438516,976086.0,0.1111,21551.0,0
3050,2021-10-11,India,56871437,49896,223,49767.0,129,299376,1383864.0,0.1667,35949.0,265
3051,2021-10-12,UK,102174227,16296,812,11517.0,4779,277032,60859288.0,0.0588,9727.0,56
3052,2021-10-13,Germany,165332545,316,1,52.0,264,2212,32566074.0,0.1429,60.0,207
3053,2021-10-14,Brazil,1711384,1516,593,1327.0,189,25772,1190589.0,0.0588,481.0,71
3054,2021-10-15,France,185015453,32405,206,1806.0,30599,615695,156221991.0,0.0526,30968.0,395
3055,2021-10-16,India,155932802,47628,470,681.0,46947,285768,104207875.0,0.1667,35505.0,407
3056,2021-10-17,Japan,197778023,22075,307,4272.0,17803,154525,146998791.0,0.1429,15729.0,132
3057,2021-10-18,Italy,105289288,16052,41,15222.0,830,80260,80091105.0,0.2,8438.0,141
3058,2021-10-19,UK,184689557,14360,255,7241.0,7119,114880,25979471.0,0.125,7301.0,42
3059,2021-10-20,Italy,26802362,34300,903,28719.0,5581,514500,3102674.0,0.0667,24207.0,355
3060,2021-10-21,India,70561800,21608,513,16971.0,4637,302512,20143561.0,0.0714,6196.0,325
3061,2021-10-22,Canada,70732614,43563,12,39080.0,4483,697008,27307038.0,0.0625,15674.0,142
3062,2021-10-23,Italy,111829736,26942,30,12312.0,14630,404130,50339944.0,0.0667,19897.0,305
3063,2021-10-24,Australia,68211637,18571,595,9615.0,8956,315707,57974332.0,0.0588,4858.0,366
3064,2021-10-25,India,15406532,6258,59,1749.0,4509,56322,4479458.0,0.1111,1140.0,361
3065,2021-10-26,UK,145706806,6003,705,1850.0,4153,54027,36983096.0,0.1111,4205.0,228
3066,2021-10-27,Brazil,161111953,18938,991,18902.0,36,170442,104980287.0,0.1111,1103.0,271
3067,2021-10-28,Canada,94053316,32820,908,28231.0,4589,656400,35175775.0,0.05,8909.0,239
3068,2021-10-29,Brazil,62042628,23495,652,,6312,422910,,0.0556,,176
3069,2021-10-30,Italy,122986144,1140,8,537.0,603,7980,21403749.0,0.1429,193.0,395
3070,2021-10-31,USA,151327529,9141,564,3702.0,5439,73128,147358195.0,0.125,6859.0,480
3071,2021-11-01,India,19641043,41179,180,19725.0,21454,658864,18940162.0,0.0625,18799.0,340
3072,2021-11-02,Italy,107725305,7498,904,7239.0,259,44988,62364034.0,0.1667,1416.0,112
3073,2021-11-03,USA,15866331,17334,436,3952.0,13382,86670,902314.0,0.2,4187.0,287
3074,2021-11-04,USA,66042703,34234,146,4201.0,30033,239638,1988081.0,0.1429,11519.0,102
3075,2021-11-05,USA,35132176,37211,752,9213.0,27998,260477,23544976.0,0.1429,8198.0,15
3076,2021-11-06,Japan,176788705,17333,969,5070.0,12263,86665,133616026.0,0.2,14261.0,384
3077,2021-11-07,Japan,88268984,14705,978,1354.0,13351,191165,41883522.0,0.0769,11885.0,23
3078,2021-11-08,UK,82996697,42932,181,33474.0,9458,815708,56232116.0,0.0526,41550.0,153
3079,2021-11-09,UK,103762286,1648,109,375.0,1273,11536,44680584.0,0.1429,14.0,187
3080,2021-11-10,Australia,135008505,47132,761,6112.0,41020,518452,82980821.0,0.0909,9758.0,132
3081,2021-11-11,Japan,64049703,22919,571,9096.0,13823,160433,32961795.0,0.1429,17522.0,86
3082,2021-11-12,Brazil,44803806,20830,775,17503.0,3327,187470,30792721.0,0.1111,12918.0,231
3083,2021-11-13,Canada,2018269,33383,401,5969.0,27414,567511,1960726.0,0.0588,26226.0,487
3084,2021-11-14,France,41974727,8521,282,7267.0,1254,161899,27432074.0,0.0526,7241.0,261
3085,2021-11-15,Brazil,73360130,40864,300,9846.0,31018,776416,10807157.0,0.0526,37891.0,30
3086,2021-11-16,USA,172560307,13611,370,13365.0,246,81666,110805040.0,0.1667,13210.0,261
3087,2021-11-17,Brazil,82418638,32807,579,1129.0,31678,459298,19538668.0,0.0714,15420.0,160
3088,2021-11-18,Japan,73980951,13728,314,,878,192192,,0.0714,,78
3089,2021-11-19,Germany,30652145,9883,88,4374.0,5509,177894,28302379.0,0.0556,5837.0,83
3090,2021-11-20,Germany,96809232,16828,588,11190.0,5638,84140,53642721.0,0.2,9275.0,329
3091,2021-11-21,France,24606593,8108,103,,5493,162160,,0.05,,41
3092,2021-11-22,UK,143591953,9617,474,5537.0,4080,48085,115168070.0,0.2,5025.0,115
3093,2021-11-23,France,91560237,44378,600,25537.0,18841,443780,8693668.0,0.1,33870.0,141
3094,2021-11-24,Germany,158487453,27510,549,,760,467670,,0.0588,,9
3095,2021-11-25,USA,94232115,6444,836,5619.0,825,38664,24393379.0,0.1667,1318.0,417
3096,2021-11-26,Brazil,100608335,20381,200,11240.0,9141,142667,97469904.0,0.1429,8098.0,441
3097,2021-11-27,Italy,8867198,7763,725,4475.0,3288,46578,5216965.0,0.1667,6094.0,486
3098,2021-11-28,Brazil,142705087,27779,4,785.0,26994,333348,133324176.0,0.0833,3292.0,365
3099,2021-11-29,India,196952724,42064,893,8953.0,33111,715088,14192553.0,0.0588,13279.0,83
3100,2021-11-30,USA,17772376,45800,206,38917.0,6883,870200,1660899.0,0.0526,5863.0,413
3101,2021-12-01,Australia,75094220,2125,960,2071.0,54,23375,39971921.0,0.0909,478.0,123
3102,2021-12-02,Australia,29705902,49165,706,16635.0,32530,393320,19786847.0,0.125,42744.0,284
3103,2021-12-03,Canada,112384845,2987,799,2558.0,429,50779,20882678.0,0.0588,2800.0,366
3104,2021-12-04,Italy,166581460,49234,52,1933.0,47301,640042,26446844.0,0.0769,42468.0,145
3105,2021-12-05,India,171760528,30582,841,13416.0,17166,458730,97887290.0,0.0667,20600.0,61
3106,2021-12-06,Canada,21680621,13502,981,6334.0,7168,202530,7497968.0,0.0667,8685.0,84
3107,2021-12-07,France,190560745,7823,23,3952.0,3871,78230,149816971.0,0.1,5537.0,444
3108,2021-12-08,Australia,120088863,34248,762,34022.0,226,684960,18468603.0,0.05,3685.0,366
3109,2021-12-09,India,61853674,30667,114,17052.0,13615,245336,28638840.0,0.125,18105.0,353
3110,2021-12-10,Brazil,138435119,7278,797,2236.0,5042,145560,41507832.0,0.05,1661.0,346
3111,2021-12-11,Australia,160912877,49687,602,8155.0,41532,844679,67461645.0,0.0588,32139.0,396
3112,2021-12-12,UK,33377199,35092,202,,31795,526380,,0.0667,,229
3113,2021-12-13,Germany,113534941,36677,884,29728.0,6949,183385,24435837.0,0.2,35850.0,7
3114,2021-12-14,Australia,181854741,47369,733,11388.0,35981,757904,94461897.0,0.0625,32800.0,16
3115,2021-12-15,Brazil,4954183,11122,666,6914.0,4208,155708,1628687.0,0.0714,3494.0,448
3116,2021-12-16,India,107102164,12204,166,10213.0,1991,207468,78528134.0,0.0588,6298.0,308
3117,2021-12-17,Japan,180553702,25062,564,13515.0,11547,476178,69680905.0,0.0526,21835.0,241
3118,2021-12-18,Japan,6348067,25489,820,10990.0,14499,407824,556107.0,0.0625,20307.0,353
3119,2021-12-19,Brazil,32781193,16115,591,2194.0,13921,257840,23386816.0,0.0625,1465.0,164
3120,2021-12-20,Brazil,15742128,48221,118,21576.0,26645,675094,13815222.0,0.0714,25453.0,37
3121,2021-12-21,Canada,2184289,31479,950,31163.0,316,346269,828899.0,0.0909,1521.0,481
3122,2021-12-22,UK,175154946,34254,785,17344.0,16910,342540,75717401.0,0.1,7373.0,317
3123,2021-12-23,Germany,145470241,14557,591,12314.0,2243,203798,145446197.0,0.0714,8247.0,33
3124,2021-12-24,Japan,60160665,1545,10,928.0,617,12360,49565949.0,0.125,1230.0,414
3125,2021-12-25,Brazil,21023743,1013,323,135.0,878,12156,1572049.0,0.0833,103.0,188
3126,2021-12-26,Japan,20130927,24710,487,1128.0,23582,395360,18456598.0,0.0625,22881.0,148
3127,2021-12-27,Italy,109523052,46721,813,30661.0,16060,560652,89623431.0,0.0833,21626.0,119
3128,2021-12-28,India,84176924,36041,92,29916.0,6125,180205,43735066.0,0.2,7765.0,450
3129,2021-12-29,France,75125037,32680,430,24175.0,8505,294120,65845066.0,0.1111,26878.0,413
3130,2021-12-30,UK,158090522,27819,876,23813.0,4006,417285,126824654.0,0.0667,18081.0,172
3131,2021-12-31,USA,87154793,48788,783,41503.0,7285,439092,73284041.0,0.1111,29428.0,464
3132,2022-01-01,Italy,133252591,21595,826,18368.0,3227,194355,31435163.0,0.1111,12193.0,391
3133,2022-01-02,Germany,152072047,32620,518,29394.0,3226,489300,97248955.0,0.0667,5071.0,192
3134,2022-01-03,UK,172662276,2989,780,239.0,2750,56791,43158020.0,0.0526,1570.0,9
3135,2022-01-04,Germany,42207066,19374,805,9783.0,9591,348732,24817644.0,0.0556,13855.0,395
3136,2022-01-05,Australia,125171795,30707,144,29506.0,1201,491312,8678230.0,0.0625,3334.0,13
3137,2022-01-06,Canada,124666218,13341,62,5149.0,8192,253479,16442080.0,0.0526,6295.0,412
3138,2022-01-07,India,71752724,49459,667,17957.0,31502,593508,64579455.0,0.0833,14189.0,50
3139,2022-01-08,Brazil,131641088,20843,314,13364.0,7479,104215,104195462.0,0.2,14493.0,151
3140,2022-01-09,Japan,20567863,19773,515,9146.0,10627,375687,6075630.0,0.0526,1632.0,82
3141,2022-01-10,Japan,152027824,11321,340,7069.0,4252,192457,141754672.0,0.0588,2416.0,457
3142,2022-01-11,Australia,122029025,12185,568,3728.0,8457,170590,6132843.0,0.0714,6825.0,219
3143,2022-01-12,Brazil,68289164,8919,10,1623.0,7296,151623,27766215.0,0.0588,7835.0,484
3144,2022-01-13,Japan,19145645,46295,211,24127.0,22168,509245,18404265.0,0.0909,31187.0,213
3145,2022-01-14,Japan,186657627,9067,366,,2054,99737,,0.0909,,427
3146,2022-01-15,Germany,128556094,39805,53,13169.0,26636,199025,107015969.0,0.2,33882.0,470
3147,2022-01-16,India,141476447,25780,605,3517.0,22263,309360,47342594.0,0.0833,22738.0,171
3148,2022-01-17,France,100459715,15421,265,15323.0,98,246736,3409042.0,0.0625,13668.0,309
3149,2022-01-18,Canada,39866838,31081,204,12151.0,18930,559458,5624259.0,0.0556,19535.0,437
3150,2022-01-19,UK,121627387,28119,974,19686.0,8433,140595,42180686.0,0.2,22341.0,335
3151,2022-01-20,Australia,199069569,21080,421,6327.0,14753,126480,197768583.0,0.1667,16390.0,304
3152,2022-01-21,Brazil,125385849,32755,727,21647.0,11108,524080,34184054.0,0.0625,14297.0,435
3153,2022-01-22,Germany,21662669,38449,721,36639.0,1810,461388,17682136.0,0.0833,9644.0,432
3154,2022-01-23,Australia,49567403,31251,215,3061.0,28190,531267,8740118.0,0.0588,23876.0,105
3155,2022-01-24,Brazil,49388815,3908,723,3187.0,721,39080,43182201.0,0.1,1974.0,52
3156,2022-01-25,Australia,29566055,49910,76,19450.0,30460,798560,21852284.0,0.0625,27913.0,310
3157,2022-01-26,Germany,33398014,32231,109,18373.0,13858,322310,1919520.0,0.1,5164.0,315
3158,2022-01-27,Italy,146812887,24376,116,14908.0,9468,316888,108487736.0,0.0769,18135.0,119
3159,2022-01-28,UK,9692460,24562,179,21169.0,3393,442116,131929.0,0.0556,19153.0,438
3160,2022-01-29,France,49095901,12267,30,9315.0,2952,220806,38160710.0,0.0556,227.0,48
3161,2022-01-30,USA,72441700,12083,694,5571.0,6512,157079,66498932.0,0.0769,992.0,216
3162,2022-01-31,India,147664324,1656,889,1510.0,146,31464,124702527.0,0.0526,442.0,412
3163,2022-02-01,Canada,22578203,26218,946,19861.0,6357,498142,1319952.0,0.0526,22454.0,5
3164,2022-02-02,Japan,9831024,19084,597,12587.0,6497,209924,3099584.0,0.0909,15035.0,93
3165,2022-02-03,Brazil,69130309,18327,385,10992.0,7335,146616,59132249.0,0.125,9130.0,400
3166,2022-02-04,UK,120078307,28392,247,10199.0,18193,141960,72468344.0,0.2,18442.0,16
3167,2022-02-05,Brazil,107756387,49560,951,28255.0,21305,644280,8169239.0,0.0769,22924.0,315
3168,2022-02-06,Italy,196562632,40157,837,4110.0,36047,602355,29185835.0,0.0667,14351.0,377
3169,2022-02-07,Brazil,163325947,14736,130,7167.0,7569,147360,132407476.0,0.1,8862.0,440
3170,2022-02-08,UK,24355667,10490,916,1109.0,9381,83920,13006258.0,0.125,5702.0,333
3171,2022-02-09,Brazil,13819941,19560,998,1105.0,18455,352080,998239.0,0.0556,14104.0,367
3172,2022-02-10,Brazil,113684185,29659,404,8495.0,21164,444885,110603837.0,0.0667,14864.0,441
3173,2022-02-11,Italy,45615165,36239,659,16335.0,19904,579824,13784763.0,0.0625,32063.0,135
3174,2022-02-12,Australia,168350362,49081,641,10652.0,38429,785296,6280026.0,0.0625,47368.0,0
3175,2022-02-13,Australia,136738547,35791,445,16042.0,19749,178955,112392811.0,0.2,23814.0,385
3176,2022-02-14,USA,111805667,1422,173,1331.0,91,7110,89269195.0,0.2,1157.0,491
3177,2022-02-15,Canada,47105760,38995,47,28123.0,10872,389950,5218004.0,0.1,19614.0,451
3178,2022-02-16,Italy,64940415,40612,33,22296.0,18316,527956,36387358.0,0.0769,2267.0,299
3179,2022-02-17,UK,61443761,11360,920,8790.0,2570,181760,12913658.0,0.0625,3379.0,88
3180,2022-02-18,Brazil,2761081,10995,250,5138.0,5857,76965,170863.0,0.1429,6131.0,463
3181,2022-02-19,UK,176013480,21717,352,19772.0,1945,173736,165944590.0,0.125,11063.0,145
3182,2022-02-20,Italy,89197367,47049,699,44861.0,2188,564588,54334037.0,0.0833,33049.0,416
3183,2022-02-21,UK,149816321,36717,291,23076.0,13641,403887,65928621.0,0.0909,10630.0,150
3184,2022-02-22,India,67112908,25828,941,20480.0,5348,464904,17751999.0,0.0556,17609.0,13
3185,2022-02-23,Brazil,94098683,36983,764,1701.0,35282,443796,16434806.0,0.0833,17659.0,385
3186,2022-02-24,Canada,73537391,5928,165,,4749,35568,,0.1667,,201
3187,2022-02-25,Brazil,85035577,40090,615,31315.0,8775,240540,15824860.0,0.1667,15907.0,495
3188,2022-02-26,Germany,134254843,26311,202,23846.0,2465,526220,123422793.0,0.05,19267.0,190
3189,2022-02-27,Italy,75586184,10489,67,10246.0,243,178313,24461495.0,0.0588,4394.0,328
3190,2022-02-28,USA,25939465,37116,208,7747.0,29369,556740,20875356.0,0.0667,8679.0,92
3191,2022-03-01,Australia,107172454,29251,77,6216.0,23035,351012,13404936.0,0.0833,12202.0,118
3192,2022-03-02,Canada,194957266,26265,131,12387.0,13878,341445,127091451.0,0.0769,4952.0,341
3193,2022-03-03,USA,137552026,41258,939,15133.0,26125,536354,102836318.0,0.0769,9297.0,359
3194,2022-03-04,UK,7819558,40685,435,32791.0,7894,773015,6783460.0,0.0526,1733.0,2
3195,2022-03-05,Brazil,154298628,38868,162,3935.0,34933,505284,84665897.0,0.0769,17726.0,31
3196,2022-03-06,UK,52285094,10893,722,9159.0,1734,76251,23745322.0,0.1429,5437.0,181
3197,2022-03-07,Brazil,3666394,20827,96,,8877,229097,,0.0909,,297
3198,2022-03-08,Australia,172757691,6885,306,4938.0,1947,41310,138895140.0,0.1667,3974.0,469
3199,2022-03-09,Italy,159720434,30211,653,25635.0,4576,392743,125127903.0,0.0769,4156.0,191
3200,2022-03-10,France,186871188,48578,257,39974.0,8604,437202,25078399.0,0.1111,35733.0,120
3201,2022-03-11,Brazil,191104911,16670,643,6141.0,10529,133360,158565028.0,0.125,243.0,154
3202,2022-03-12,Japan,146688388,31660,504,30302.0,1358,569880,132260647.0,0.0556,27181.0,294
3203,2022-03-13,Italy,54223842,13695,901,9854.0,3841,136950,39521195.0,0.1,9145.0,220
3204,2022-03-14,Canada,96104039,6243,366,1185.0,5058,37458,22270634.0,0.1667,3827.0,366
3205,2022-03-15,France,146734066,43615,296,15219.0,28396,566995,15389419.0,0.0769,21859.0,325
3206,2022-03-16,Canada,136145489,23545,752,6267.0,17278,258995,46116201.0,0.0909,22920.0,223
3207,2022-03-17,France,191750626,31314,138,,13255,313140,,0.1,,203
3208,2022-03-18,UK,130454347,8213,674,5456.0,2757,131408,40955675.0,0.0625,5224.0,377
3209,2022-03-19,France,101188745,5252,804,455.0,4797,89284,22652329.0,0.0588,1302.0,88
3210,2022-03-20,Japan,50275864,22961,8,19479.0,3482,229610,23667199.0,0.1,5505.0,387
3211,2022-03-21,Italy,81497278,29309,176,11206.0,18103,527562,25327280.0,0.0556,24919.0,128
3212,2022-03-22,UK,49393570,42344,13,36404.0,5940,423440,10906884.0,0.1,17925.0,44
3213,2022-03-23,Italy,78168082,37337,587,25868.0,11469,186685,1804521.0,0.2,27361.0,201
3214,2022-03-24,Japan,46698703,45457,454,42852.0,2605,409113,27508550.0,0.1111,16.0,134
3215,2022-03-25,UK,92990452,3448,985,1070.0,2378,55168,57755039.0,0.0625,758.0,34
3216,2022-03-26,UK,129101168,18680,662,17391.0,1289,93400,96257793.0,0.2,2453.0,25
3217,2022-03-27,Canada,198923858,49824,86,,37678,597888,,0.0833,,275
3218,2022-03-28,USA,167211732,11641,137,9015.0,2626,162974,124468248.0,0.0714,1422.0,486
3219,2022-03-29,Japan,159883253,14561,391,599.0,13962,72805,12556580.0,0.2,348.0,477
3220,2022-03-30,Japan,142969232,9408,472,1448.0,7960,56448,85998881.0,0.1667,4603.0,204
3221,2022-03-31,Japan,30768761,44897,766,17504.0,27393,269382,15904855.0,0.1667,8506.0,200
3222,2022-04-01,India,76532420,14312,725,5699.0,8613,228992,1385579.0,0.0625,9378.0,166
3223,2022-04-02,USA,62275539,30345,177,23796.0,6549,394485,28431291.0,0.0769,14571.0,422
3224,2022-04-03,UK,115249007,43190,150,,14610,345520,,0.125,,58
3225,2022-04-04,USA,4336869,42134,959,1684.0,40450,547742,2374934.0,0.0769,28526.0,153
3226,2022-04-05,Germany,37833878,13110,732,11486.0,1624,222870,23418715.0,0.0588,4713.0,59
3227,2022-04-06,Japan,53781764,30131,182,14930.0,15201,602620,44190673.0,0.05,17149.0,185
3228,2022-04-07,UK,128938697,27539,915,2896.0,24643,165234,56638517.0,0.1667,25888.0,128
3229,2022-04-08,USA,163243776,19157,184,17683.0,1474,249041,115042545.0,0.0769,15511.0,167
3230,2022-04-09,USA,92316609,6559,523,2050.0,4509,124621,2653862.0,0.0526,4050.0,317
3231,2022-04-10,India,166220891,37003,193,25703.0,11300,518042,49057148.0,0.0714,11055.0,146
3232,2022-04-11,USA,151421007,14365,455,9325.0,5040,186745,71757922.0,0.0769,12592.0,254
3233,2022-04-12,UK,46155747,14353,275,8695.0,5658,258354,22497650.0,0.0556,8208.0,421
3234,2022-04-13,Canada,105346546,37525,261,8124.0,29401,187625,22214080.0,0.2,19229.0,395
3235,2022-04-14,Japan,144899178,24230,763,16845.0,7385,411910,36726125.0,0.0588,18330.0,290
3236,2022-04-15,France,12129988,18407,704,3085.0,15322,184070,3319539.0,0.1,14217.0,375
3237,2022-04-16,Canada,190541689,17447,64,17051.0,396,87235,159885559.0,0.2,7442.0,256
3238,2022-04-17,Brazil,91520772,41013,906,20504.0,20509,820260,35959196.0,0.05,5988.0,200
3239,2022-04-18,Italy,195914475,18253,240,7726.0,10527,91265,8724523.0,0.2,7221.0,244
3240,2022-04-19,Australia,144245353,5089,268,1589.0,3500,30534,81798914.0,0.1667,3363.0,377
3241,2022-04-20,UK,26196223,19241,227,4312.0,14929,250133,9254559.0,0.0769,14976.0,26
3242,2022-04-21,Canada,107348568,47693,384,42296.0,5397,906167,87486496.0,0.0526,27239.0,131
3243,2022-04-22,UK,112157468,30628,134,8365.0,22263,520676,101336849.0,0.0588,13242.0,283
3244,2022-04-23,Canada,19023713,24100,674,14371.0,9729,168700,17430427.0,0.1429,16958.0,382
3245,2022-04-24,Australia,164458071,37437,34,33518.0,3919,336933,121550652.0,0.1111,10940.0,295
3246,2022-04-25,Australia,30526973,726,529,411.0,315,10890,1376057.0,0.0667,665.0,430
3247,2022-04-26,Japan,151887419,25235,20,15731.0,9504,302820,97533586.0,0.0833,24670.0,451
3248,2022-04-27,UK,115999005,2180,345,,149,26160,,0.0833,,136
3249,2022-04-28,Japan,115032932,38806,521,22708.0,16098,426866,3630559.0,0.0909,31656.0,330
3250,2022-04-29,USA,119120087,43638,216,42180.0,1458,741846,63216979.0,0.0588,35913.0,477
3251,2022-04-30,Australia,37410403,11995,752,8991.0,3004,215910,27535613.0,0.0556,9414.0,328
3252,2022-05-01,France,76486542,5326,629,5194.0,132,101194,68194047.0,0.0526,3529.0,168
3253,2022-05-02,Australia,59526978,32924,778,11331.0,21593,197544,25985278.0,0.1667,13451.0,293
3254,2022-05-03,France,112322879,13392,311,2256.0,11136,133920,93465948.0,0.1,11363.0,316
3255,2022-05-04,Canada,136214972,49541,493,23340.0,26201,247705,84533708.0,0.2,1435.0,432
3256,2022-05-05,USA,181051921,41733,309,4312.0,37421,375597,37312237.0,0.1111,29845.0,30
3257,2022-05-06,France,71427194,42461,877,5694.0,36767,764298,10435361.0,0.0556,26310.0,349
3258,2022-05-07,Brazil,195156277,29018,30,15678.0,13340,493306,55279650.0,0.0588,27490.0,31
3259,2022-05-08,UK,19717504,26359,781,21023.0,5336,131795,15923811.0,0.2,19012.0,297
3260,2022-05-09,USA,48596653,33355,859,28107.0,5248,333550,32919452.0,0.1,10087.0,214
3261,2022-05-10,USA,189556560,21158,988,14471.0,6687,253896,124460248.0,0.0833,14992.0,377
3262,2022-05-11,Japan,2630961,34989,433,14807.0,20182,454857,719808.0,0.0769,19132.0,80
3263,2022-05-12,UK,9108637,13516,735,2122.0,11394,162192,1461262.0,0.0833,5354.0,154
3264,2022-05-13,Canada,185438747,41925,615,40662.0,1263,335400,75773150.0,0.125,37065.0,312
3265,2022-05-14,Italy,113352798,29467,27,17003.0,12464,294670,8524087.0,0.1,11140.0,419
3266,2022-05-15,Italy,145581544,28782,194,28717.0,65,460512,69380778.0,0.0625,17383.0,83
3267,2022-05-16,India,73894822,15204,574,255.0,14949,197652,32931346.0,0.0769,11425.0,75
3268,2022-05-17,USA,187223830,44452,841,39515.0,4937,844588,144626902.0,0.0526,27150.0,241
3269,2022-05-18,UK,135754045,365,197,41.0,324,6205,72767296.0,0.0588,347.0,58
3270,2022-05-19,Japan,93271956,42283,540,4279.0,38004,253698,13818540.0,0.1667,16554.0,451
3271,2022-05-20,India,156939191,47363,673,38063.0,9300,331541,88199187.0,0.1429,13088.0,481
3272,2022-05-21,Brazil,121465322,3039,117,,1949,18234,,0.1667,,322
3273,2022-05-22,France,81086057,2787,456,2591.0,196,30657,4172537.0,0.0909,2576.0,276
3274,2022-05-23,Japan,9441079,33920,655,29622.0,4298,644480,2673181.0,0.0526,9844.0,270
3275,2022-05-24,Germany,45454093,39363,968,12191.0,27172,393630,43706794.0,0.1,19604.0,431
3276,2022-05-25,Brazil,142352027,21381,770,20392.0,989,106905,122847682.0,0.2,16919.0,259
3277,2022-05-26,Australia,178105951,37975,989,15767.0,22208,379750,172224413.0,0.1,18062.0,45
3278,2022-05-27,USA,21202981,27456,552,,71,494208,,0.0556,,307
3279,2022-05-28,Japan,104315020,7220,175,668.0,6552,144400,54511793.0,0.05,1084.0,7
3280,2022-05-29,Italy,150644529,2168,543,1622.0,546,10840,64453430.0,0.2,491.0,233
3281,2022-05-30,Germany,16252123,41654,775,30171.0,11483,749772,3265153.0,0.0556,18390.0,137
3282,2022-05-31,Brazil,59610742,21368,822,1876.0,19492,363256,42292950.0,0.0588,21034.0,129
3283,2022-06-01,Brazil,90659556,34204,696,2449.0,31755,171020,10901565.0,0.2,717.0,376
3284,2022-06-02,Brazil,80251566,43379,952,,43106,390411,,0.1111,,448
3285,2022-06-03,USA,101377411,14086,417,4311.0,9775,70430,78593456.0,0.2,2559.0,489
3286,2022-06-04,France,60815176,30050,372,21903.0,8147,150250,12256736.0,0.2,29801.0,136
3287,2022-06-05,Italy,153974980,29579,414,2614.0,26965,177474,67088889.0,0.1667,12344.0,332
3288,2022-06-06,Japan,121489755,50,8,2.0,48,700,32518680.0,0.0714,20.0,68
3289,2022-06-07,Japan,186141489,20207,43,8675.0,11532,323312,59674783.0,0.0625,8383.0,256
3290,2022-06-08,India,22249132,45869,545,,28810,733904,,0.0625,,447
3291,2022-06-09,Canada,108403123,45985,278,12561.0,33424,413865,15952641.0,0.1111,37352.0,231
3292,2022-06-10,Japan,134791712,16303,530,10251.0,6052,211939,107391830.0,0.0769,2494.0,101
3293,2022-06-11,Australia,35137775,15127,438,14498.0,629,257159,27060451.0,0.0588,9901.0,397
3294,2022-06-12,Canada,168753210,34664,417,16072.0,18592,242648,34721526.0,0.1429,20343.0,290
3295,2022-06-13,India,131084323,43684,926,32269.0,11415,393156,100461260.0,0.1111,16814.0,95
3296,2022-06-14,Italy,163358407,34369,396,22277.0,12092,343690,110254216.0,0.1,8441.0,5
3297,2022-06-15,Italy,104034024,27325,407,24944.0,2381,519175,76396187.0,0.0526,13375.0,90
3298,2022-06-16,Italy,51772901,22593,386,2596.0,19997,203337,39459186.0,0.1111,17962.0,126
3299,2022-06-17,Japan,58803882,21011,769,2896.0,18115,420220,58059992.0,0.05,18218.0,263
3300,2022-06-18,Japan,125551718,46538,507,16986.0,29552,465380,49951669.0,0.1,809.0,154
3301,2022-06-19,France,33592908,16191,260,7587.0,8604,161910,3278652.0,0.1,15524.0,443
3302,2022-06-20,UK,68503111,39846,832,23658.0,16188,318768,43938941.0,0.125,39526.0,270
3303,2022-06-21,India,51895198,39288,86,29146.0,10142,353592,27008025.0,0.1111,1922.0,2
3304,2022-06-22,Brazil,18850560,18978,304,17351.0,1627,360582,13384734.0,0.0526,2206.0,489
3305,2022-06-23,Germany,82861986,48574,667,5233.0,43341,582888,4530614.0,0.0833,47912.0,479
3306,2022-06-24,UK,152403771,4634,222,2173.0,2461,37072,4478222.0,0.125,4231.0,415
3307,2022-06-25,India,155326706,32486,329,27496.0,4990,649720,35539582.0,0.05,19380.0,313
3308,2022-06-26,Brazil,145994389,28493,659,,10722,484381,,0.0588,,402
3309,2022-06-27,Italy,180081162,45697,138,26243.0,19454,228485,88451232.0,0.2,42530.0,77
3310,2022-06-28,UK,15928018,33986,187,18682.0,15304,509790,13952785.0,0.0667,2030.0,291
3311,2022-06-29,Germany,131051411,27959,438,8016.0,19943,223672,83535134.0,0.125,18307.0,463
3312,2022-06-30,Japan,167548403,26258,128,7634.0,18624,157548,99326909.0,0.1667,17496.0,67
3313,2022-07-01,India,2157988,5582,485,185.0,5397,89312,1031819.0,0.0625,3674.0,315
3314,2022-07-02,Canada,110653516,26806,102,9564.0,17242,482508,76755219.0,0.0556,15738.0,78
3315,2022-07-03,UK,175922579,48007,657,28977.0,19030,240035,83113011.0,0.2,20142.0,251
3316,2022-07-04,USA,70156353,7898,727,6560.0,1338,118470,30271240.0,0.0667,5379.0,99
3317,2022-07-05,India,130429341,43284,633,22592.0,20692,735828,13010145.0,0.0588,3396.0,254
3318,2022-07-06,Australia,132584908,32497,201,11449.0,21048,324970,9834748.0,0.1,32459.0,496
3319,2022-07-07,Brazil,94848219,4070,231,2354.0,1716,28490,77255554.0,0.1429,3956.0,23
3320,2022-07-08,UK,40356061,45548,341,4784.0,40764,318836,39646997.0,0.1429,33792.0,247
3321,2022-07-09,Brazil,52909037,13760,470,13100.0,660,151360,20016559.0,0.0909,13277.0,150
3322,2022-07-10,Italy,84351596,18026,866,3328.0,14698,252364,73813063.0,0.0714,2.0,399
3323,2022-07-11,Japan,73728186,32334,441,31493.0,841,614346,71745429.0,0.0526,28377.0,65
3324,2022-07-12,Canada,61530224,20657,67,20489.0,168,413140,27752122.0,0.05,2497.0,398
3325,2022-07-13,Canada,164289507,4672,805,812.0,3860,28032,149616025.0,0.1667,735.0,247
3326,2022-07-14,Italy,187583182,15656,984,4885.0,10771,156560,144475425.0,0.1,5687.0,40
3327,2022-07-15,Italy,72936552,23047,392,16737.0,6310,299611,4971344.0,0.0769,2404.0,285
3328,2022-07-16,USA,96030913,33350,1,10786.0,22564,533600,73096187.0,0.0625,6254.0,164
3329,2022-07-17,Italy,122303763,17076,277,4218.0,12858,273216,33403619.0,0.0625,3832.0,471
3330,2022-07-18,India,107937082,3073,662,1059.0,2014,61460,361427.0,0.05,1167.0,5
3331,2022-07-19,Canada,158795006,16110,913,2530.0,13580,80550,83612915.0,0.2,14627.0,159
3332,2022-07-20,France,32468598,35361,282,34157.0,1204,424332,20273822.0,0.0833,9804.0,91
3333,2022-07-21,Brazil,22860014,35365,24,21668.0,13697,601205,13208911.0,0.0588,2615.0,122
3334,2022-07-22,India,138906439,24362,937,6537.0,17825,414154,74813280.0,0.0588,21629.0,227
3335,2022-07-23,Brazil,144392368,35421,12,25489.0,9932,602157,86354599.0,0.0588,22147.0,46
3336,2022-07-24,UK,103578994,18512,708,4182.0,14330,203632,27343329.0,0.0909,11224.0,369
3337,2022-07-25,Australia,113078159,8660,204,7751.0,909,95260,81188491.0,0.0909,4914.0,134
3338,2022-07-26,India,6547225,32973,929,29472.0,3501,593514,4088456.0,0.0556,31651.0,496
3339,2022-07-27,Italy,12424644,39097,172,36409.0,2688,312776,10057692.0,0.125,6072.0,276
3340,2022-07-28,USA,195048177,45400,644,26910.0,18490,544800,21169026.0,0.0833,13087.0,348
3341,2022-07-29,France,39992782,25545,387,22260.0,3285,204360,22500646.0,0.125,9033.0,283
3342,2022-07-30,UK,91866302,36757,48,14285.0,22472,367570,53598601.0,0.1,12220.0,336
3343,2022-07-31,Germany,33025658,7303,608,1928.0,5375,124151,1085437.0,0.0588,3725.0,408
3344,2022-08-01,UK,184541178,44055,162,34439.0,9616,220275,84165105.0,0.2,39362.0,463
3345,2022-08-02,Canada,127267673,44441,7,13243.0,31198,888820,36592694.0,0.05,18252.0,151
3346,2022-08-03,UK,129915508,47605,714,,3716,428445,,0.1111,,227
3347,2022-08-04,Italy,18051940,18957,399,16551.0,2406,284355,8183283.0,0.0667,8922.0,215
3348,2022-08-05,UK,131437506,25394,417,,4334,457092,,0.0556,,359
3349,2022-08-06,India,155677346,24636,944,24546.0,90,394176,62300956.0,0.0625,4517.0,383
3350,2022-08-07,Brazil,104177813,4828,757,449.0,4379,67592,2207060.0,0.0714,3063.0,248
3351,2022-08-08,Japan,150122341,29387,6,,7080,499579,,0.0588,,169
3352,2022-08-09,UK,14914024,25779,242,24419.0,1360,438243,6640585.0,0.0588,14220.0,424
3353,2022-08-10,Japan,3245108,24311,45,20076.0,4235,170177,2713628.0,0.1429,8715.0,428
3354,2022-08-11,UK,3151318,40884,558,2365.0,38519,327072,45923.0,0.125,38446.0,22
3355,2022-08-12,Brazil,160011821,7750,168,7270.0,480,93000,7734294.0,0.0833,2988.0,69
3356,2022-08-13,UK,7256017,39866,268,17652.0,22214,398660,5776056.0,0.1,30151.0,387
3357,2022-08-14,Italy,100596919,37252,478,13223.0,24029,447024,15047673.0,0.0833,12233.0,496
3358,2022-08-15,Brazil,106340289,2730,50,178.0,2552,49140,5771083.0,0.0556,1898.0,178
3359,2022-08-16,Germany,133337789,19351,677,8811.0,10540,251563,108893561.0,0.0769,19350.0,487
3360,2022-08-17,Canada,37792354,2873,326,1703.0,1170,40222,19147050.0,0.0714,922.0,263
3361,2022-08-18,France,25310304,8149,570,8016.0,133,65192,24104371.0,0.125,4876.0,199
3362,2022-08-19,Germany,94378164,41238,358,6544.0,34694,453618,38036435.0,0.0909,21638.0,203
3363,2022-08-20,USA,110023567,10282,887,7532.0,2750,164512,20053210.0,0.0625,8082.0,315
3364,2022-08-21,India,133886708,3429,322,565.0,2864,61722,50987459.0,0.0556,961.0,496
3365,2022-08-22,France,110626035,6720,830,3280.0,3440,60480,41553395.0,0.1111,3465.0,15
3366,2022-08-23,Japan,121163777,687,303,228.0,459,6183,101706091.0,0.1111,415.0,8
3367,2022-08-24,Canada,36187010,12893,361,11863.0,1030,206288,33820711.0,0.0625,445.0,36
3368,2022-08-25,UK,101518025,13044,697,12973.0,71,91308,59219422.0,0.1429,11131.0,371
3369,2022-08-26,Japan,171405076,5909,433,1838.0,4071,47272,84834567.0,0.125,442.0,177
3370,2022-08-27,Brazil,142347187,28838,585,26812.0,2026,461408,34614362.0,0.0625,8377.0,154
3371,2022-08-28,Australia,21146971,13709,251,4031.0,9678,205635,10321032.0,0.0667,9292.0,135
3372,2022-08-29,USA,16197313,46507,384,29192.0,17315,744112,3586870.0,0.0625,44565.0,415
3373,2022-08-30,Australia,86865515,45507,961,14867.0,30640,273042,42858123.0,0.1667,8068.0,293
3374,2022-08-31,Germany,198391252,5239,776,941.0,4298,89063,116696200.0,0.0588,3314.0,297
3375,2022-09-01,UK,58662104,28159,338,15434.0,12725,225272,37160122.0,0.125,6383.0,451
3376,2022-09-02,France,87508462,46758,621,14325.0,32433,607854,84181529.0,0.0769,30146.0,202
3377,2022-09-03,Brazil,147817717,453,191,102.0,351,8607,13200589.0,0.0526,124.0,381
3378,2022-09-04,Germany,187311647,31343,867,15810.0,15533,219401,145508360.0,0.1429,8007.0,438
3379,2022-09-05,India,2605021,42099,102,5159.0,36940,420990,687624.0,0.1,39549.0,184
3380,2022-09-06,Brazil,117094750,32038,247,24927.0,7111,352418,114126523.0,0.0909,22616.0,361
3381,2022-09-07,Italy,163055663,45783,490,31844.0,13939,412047,56460917.0,0.1111,26533.0,148
3382,2022-09-08,UK,70545257,2616,190,320.0,2296,23544,43239585.0,0.1111,671.0,417
3383,2022-09-09,Brazil,106973779,30158,385,9930.0,20228,301580,34666735.0,0.1,14394.0,242
3384,2022-09-10,France,64553997,40760,955,30311.0,10449,489120,48380796.0,0.0833,22160.0,333
3385,2022-09-11,Italy,38766549,3062,139,2086.0,976,30620,1455664.0,0.1,384.0,128
3386,2022-09-12,Brazil,185882193,8,1,2.0,6,88,61190718.0,0.0909,8.0,142
3387,2022-09-13,Italy,79741536,9063,217,4199.0,4864,181260,9476055.0,0.05,8606.0,76
3388,2022-09-14,Canada,164237723,595,494,256.0,339,8925,22576416.0,0.0667,275.0,353
3389,2022-09-15,Canada,92830833,8312,918,1939.0,6373,49872,59400145.0,0.1667,7150.0,291
3390,2022-09-16,UK,186146963,39934,637,35384.0,4550,439274,147938573.0,0.0909,8147.0,15
3391,2022-09-17,UK,2014733,46964,852,21186.0,25778,657496,515595.0,0.0714,44134.0,79
3392,2022-09-18,Australia,50474011,49700,442,8713.0,40987,447300,8608791.0,0.1111,29451.0,239
3393,2022-09-19,France,126322349,14309,208,13074.0,1235,257562,119011235.0,0.0556,11466.0,491
3394,2022-09-20,Australia,10065041,26111,411,16322.0,9789,522220,474411.0,0.05,113.0,106
3395,2022-09-21,Canada,150924341,23691,53,15891.0,7800,402747,9275304.0,0.0588,20131.0,160
3396,2022-09-22,Germany,46490607,40888,515,20950.0,19938,367992,42290294.0,0.1111,5558.0,372
3397,2022-09-23,Australia,11091445,41963,484,22466.0,19497,251778,2219230.0,0.1667,17711.0,9
3398,2022-09-24,France,182300636,42467,889,14003.0,28464,849340,98468536.0,0.05,10944.0,219
3399,2022-09-25,Japan,122720207,27541,141,15376.0,12165,137705,112992181.0,0.2,27210.0,81
3400,2022-09-26,Canada,4702637,2622,250,964.0,1658,28842,4264404.0,0.0909,2598.0,433
3401,2022-09-27,Italy,109324443,17194,968,3706.0,13488,120358,37946640.0,0.1429,14674.0,136
3402,2022-09-28,France,85573618,38994,497,577.0,38417,428934,14024033.0,0.0909,14259.0,300
3403,2022-09-29,USA,188631771,37403,695,5658.0,31745,486239,160566525.0,0.0769,16887.0,306
3404,2022-09-30,India,190533069,33166,437,30913.0,2253,497490,84176714.0,0.0667,18487.0,305
3405,2022-10-01,Germany,189495445,43374,212,34008.0,9366,780732,117177070.0,0.0556,14187.0,65
3406,2022-10-02,USA,36376591,48844,227,10147.0,38697,634972,25568881.0,0.0769,8569.0,51
3407,2022-10-03,Canada,43130535,47094,561,8709.0,38385,329658,7001427.0,0.1429,40364.0,147
3408,2022-10-04,USA,151964041,22245,233,14005.0,8240,111225,1096228.0,0.2,5978.0,350
3409,2022-10-05,UK,121911388,28635,759,5730.0,22905,286350,18451000.0,0.1,26759.0,302
3410,2022-10-06,Brazil,143553867,46084,937,26149.0,19935,921680,80576596.0,0.05,41744.0,82
3411,2022-10-07,France,92538624,26063,732,10954.0,15109,521260,8618654.0,0.05,25373.0,256
3412,2022-10-08,France,142292478,9263,930,7154.0,2109,101893,120863393.0,0.0909,8946.0,332
3413,2022-10-09,Japan,130675497,3788,337,1096.0,2692,53032,9045273.0,0.0714,2138.0,25
3414,2022-10-10,Canada,104191870,45713,78,32611.0,13102,594269,77246939.0,0.0769,26267.0,156
3415,2022-10-11,India,126503944,48994,588,9708.0,39286,636922,52534832.0,0.0769,44528.0,166
3416,2022-10-12,UK,139328520,28074,703,13531.0,14543,364962,103836356.0,0.0769,22225.0,277
3417,2022-10-13,UK,65811559,242,219,84.0,158,4598,10345857.0,0.0526,101.0,411
3418,2022-10-14,Brazil,33032456,3322,859,1098.0,2224,19932,19257898.0,0.1667,1708.0,42
3419,2022-10-15,Canada,104130508,26265,135,26023.0,242,210120,56196246.0,0.125,11676.0,461
3420,2022-10-16,Canada,86538540,48002,460,3151.0,44851,864036,37283410.0,0.0556,32719.0,340
3421,2022-10-17,Canada,141321551,26122,330,,10740,417952,,0.0625,,494
3422,2022-10-18,India,47210598,16696,481,2575.0,14121,217048,383921.0,0.0769,1713.0,197
3423,2022-10-19,Germany,141599752,29255,345,12183.0,17072,526590,35646192.0,0.0556,22390.0,29
3424,2022-10-20,Canada,96942406,4672,424,1538.0,3134,74752,34273033.0,0.0625,872.0,78
3425,2022-10-21,France,48009782,16822,882,6909.0,9913,218686,4611123.0,0.0769,15476.0,477
3426,2022-10-22,Japan,80485377,323,73,220.0,103,3553,71039251.0,0.0909,273.0,218
3427,2022-10-23,India,5560332,33591,794,18297.0,15294,503865,3942242.0,0.0667,4163.0,231
3428,2022-10-24,Germany,6336457,16066,418,12888.0,3178,96396,5219483.0,0.1667,13269.0,479
3429,2022-10-25,Brazil,72881959,10084,938,6608.0,3476,181512,8155490.0,0.0556,740.0,408
3430,2022-10-26,Italy,187210054,21809,748,20220.0,1589,261708,8159576.0,0.0833,9108.0,382
3431,2022-10-27,USA,19565836,13932,275,2988.0,10944,69660,14537738.0,0.2,13495.0,310
3432,2022-10-28,Germany,128676061,39084,496,1345.0,37739,781680,18109926.0,0.05,22061.0,78
3433,2022-10-29,Italy,150045746,17611,112,10739.0,6872,281776,104485977.0,0.0625,8857.0,269
3434,2022-10-30,Canada,4538654,19583,325,18199.0,1384,372077,1716677.0,0.0526,12374.0,384
3435,2022-10-31,Canada,186569861,32253,306,15560.0,16693,161265,153823422.0,0.2,16327.0,327
3436,2022-11-01,Italy,172572744,14599,586,10484.0,4115,72995,90404330.0,0.2,13572.0,321
3437,2022-11-02,Brazil,148238674,2959,143,265.0,2694,53262,292530.0,0.0556,2937.0,315
3438,2022-11-03,Canada,68370496,17712,150,16261.0,1451,212544,12082719.0,0.0833,17381.0,307
3439,2022-11-04,UK,38557354,21766,533,,9187,108830,,0.2,,78
3440,2022-11-05,Australia,11970695,14900,98,5668.0,9232,283100,11156645.0,0.0526,7719.0,146
3441,2022-11-06,Germany,143966144,28625,471,16745.0,11880,458000,30515416.0,0.0625,2185.0,262
3442,2022-11-07,India,115181898,48353,273,3348.0,45005,483530,27040388.0,0.1,32824.0,267
3443,2022-11-08,France,195322785,8463,859,3221.0,5242,143871,186920029.0,0.0588,4529.0,54
3444,2022-11-09,Japan,154156262,27543,162,19525.0,8018,330516,45181785.0,0.0833,1020.0,377
3445,2022-11-10,Germany,173557031,23631,739,5654.0,17977,401727,167157597.0,0.0588,5431.0,235
3446,2022-11-11,Australia,113740207,31494,299,1083.0,30411,346434,13241515.0,0.0909,6306.0,358
3447,2022-11-12,USA,1667824,25162,412,19205.0,5957,276782,1378255.0,0.0909,12174.0,47
3448,2022-11-13,Brazil,143171754,5919,479,1489.0,4430,53271,79161896.0,0.1111,3125.0,421
3449,2022-11-14,France,98123656,22274,576,12037.0,10237,400932,83598524.0,0.0556,19455.0,428
3450,2022-11-15,Australia,7282348,27551,950,22546.0,5005,330612,1120026.0,0.0833,23754.0,73
3451,2022-11-16,France,60072871,42845,485,35044.0,7801,814055,41921149.0,0.0526,37963.0,13
3452,2022-11-17,Japan,41669145,11223,233,3498.0,7725,67338,2409984.0,0.1667,5183.0,421
3453,2022-11-18,France,74211131,46823,555,5687.0,41136,889637,7466373.0,0.0526,18387.0,414
3454,2022-11-19,Australia,126095069,29270,594,18688.0,10582,380510,9475948.0,0.0769,13786.0,254
3455,2022-11-20,France,85278048,20570,207,,19442,143990,,0.1429,,350
3456,2022-11-21,USA,11681461,29650,766,22765.0,6885,563350,8626648.0,0.0526,11558.0,298
3457,2022-11-22,Canada,18395144,20998,505,1255.0,19743,125988,10150213.0,0.1667,16709.0,311
3458,2022-11-23,UK,192181753,41103,399,30117.0,10986,698751,147620199.0,0.0588,33130.0,134
3459,2022-11-24,India,148772117,33536,453,6600.0,26936,368896,140961800.0,0.0909,10194.0,491
3460,2022-11-25,UK,5534996,44908,490,18786.0,26122,314356,1266157.0,0.1429,38907.0,204
3461,2022-11-26,Canada,183874006,7128,184,6190.0,938,35640,169660559.0,0.2,6047.0,45
3462,2022-11-27,France,147883058,35836,102,25699.0,10137,609212,26384910.0,0.0588,8769.0,417
3463,2022-11-28,Japan,8127739,42523,847,10512.0,32011,212615,7679002.0,0.2,25429.0,366
3464,2022-11-29,Italy,160984993,2401,894,1916.0,485,14406,122052660.0,0.1667,540.0,112
3465,2022-11-30,France,130130240,9616,603,526.0,9090,86544,52025775.0,0.1111,3784.0,114
3466,2022-12-01,Italy,74793163,46297,523,2863.0,43434,833346,40773757.0,0.0556,29761.0,471
3467,2022-12-02,Australia,13407133,15899,730,10719.0,5180,95394,7058562.0,0.1667,5372.0,235
3468,2022-12-03,Canada,138179238,40251,423,6267.0,33984,483012,51273566.0,0.0833,23220.0,353
3469,2022-12-04,USA,120746656,869,819,371.0,498,16511,31692245.0,0.0526,784.0,87
3470,2022-12-05,India,177684261,14288,102,8998.0,5290,214320,91338816.0,0.0667,11163.0,432
3471,2022-12-06,USA,86440788,28834,692,27762.0,1072,461344,17042748.0,0.0625,17196.0,244
3472,2022-12-07,Germany,166857493,39551,691,24960.0,14591,514163,75203989.0,0.0769,2930.0,159
3473,2022-12-08,Germany,99688814,33364,550,19652.0,13712,266912,10247511.0,0.125,4187.0,157
3474,2022-12-09,Brazil,130760966,3368,667,495.0,2873,26944,101004577.0,0.125,929.0,500
3475,2022-12-10,France,174993576,21148,871,19536.0,1612,232628,107534263.0,0.0909,14547.0,58
3476,2022-12-11,Italy,88053442,41142,768,15351.0,25791,287994,5029740.0,0.1429,28698.0,449
3477,2022-12-12,Brazil,121885678,40495,457,5255.0,35240,242970,117267416.0,0.1667,15212.0,327
3478,2022-12-13,Germany,82215994,41127,273,17721.0,23406,740286,68770227.0,0.0556,17262.0,210
3479,2022-12-14,UK,127977678,37650,829,18419.0,19231,188250,122806460.0,0.2,27738.0,371
3480,2022-12-15,UK,115695211,19540,833,18831.0,709,136780,57982918.0,0.1429,4414.0,313
3481,2022-12-16,UK,86710904,31441,223,6591.0,24850,628820,67918454.0,0.05,28462.0,60
3482,2022-12-17,Brazil,96312634,38161,967,5510.0,32651,610576,60801438.0,0.0625,9653.0,339
3483,2022-12-18,UK,118892087,15304,106,6964.0,8340,260168,75102909.0,0.0588,11643.0,19
3484,2022-12-19,Canada,37696510,37023,849,31209.0,5814,555345,37527987.0,0.0667,19942.0,328
3485,2022-12-20,Japan,44936820,14861,232,11993.0,2868,208054,6071354.0,0.0714,14000.0,377
3486,2022-12-21,UK,101085700,4520,563,1678.0,2842,58760,72147956.0,0.0769,3545.0,408
3487,2022-12-22,Germany,105437817,1570,969,615.0,955,17270,40250703.0,0.0909,787.0,433
3488,2022-12-23,USA,127417719,46466,260,20988.0,25478,464660,97597150.0,0.1,22634.0,380
3489,2022-12-24,Australia,170702078,37506,365,1804.0,35702,525084,22100580.0,0.0714,17546.0,379
3490,2022-12-25,Canada,164681031,7530,434,7009.0,521,143070,788498.0,0.0526,107.0,485
3491,2022-12-26,Italy,44368958,10851,78,2436.0,8415,86808,27144830.0,0.125,9040.0,36
3492,2022-12-27,Germany,174283254,18787,912,15547.0,3240,225444,80490878.0,0.0833,15712.0,197
3493,2022-12-28,UK,188649933,3838,722,1419.0,2419,49894,150982247.0,0.0769,2842.0,249
3494,2022-12-29,Japan,121728441,18861,26,14652.0,4209,169749,71942653.0,0.1111,9457.0,340
3495,2022-12-30,Japan,171972425,15818,994,12521.0,3297,79090,40684789.0,0.2,15757.0,436
3496,2022-12-31,USA,171299453,22798,992,21830.0,968,387566,50241613.0,0.0588,18278.0,456
3497,2023-01-01,Italy,51628970,27237,386,12413.0,14824,517503,8262059.0,0.0526,24453.0,193
3498,2023-01-02,Canada,112531677,27122,445,24568.0,2554,135610,18730063.0,0.2,24464.0,201
3499,2023-01-03,Brazil,65561495,18211,178,17161.0,1050,163899,53246442.0,0.1111,4379.0,348
3500,2023-01-04,UK,188622525,14429,275,,10055,86574,,0.1667,,224
3501,2023-01-05,Italy,114649322,36289,226,8700.0,27589,725780,48061143.0,0.05,1058.0,48
3502,2023-01-06,Germany,128333158,29644,629,,2364,444660,,0.0667,,416
3503,2023-01-07,Brazil,109341999,7883,280,5477.0,2406,39415,82782998.0,0.2,1730.0,125
3504,2023-01-08,Japan,95076388,4106,468,1616.0,2490,69802,48385021.0,0.0588,2516.0,71
3505,2023-01-09,Australia,102171748,3443,112,,2251,58531,,0.0588,,65
3506,2023-01-10,Japan,102900796,14298,68,4999.0,9299,228768,98658633.0,0.0625,10032.0,324
3507,2023-01-11,Australia,90886979,23331,596,18156.0,5175,233310,65225467.0,0.1,12308.0,435
3508,2023-01-12,UK,71520193,6073,305,1094.0,4979,36438,3533390.0,0.1667,4485.0,165
3509,2023-01-13,UK,1665757,11724,760,6244.0,5480,175860,133265.0,0.0667,4441.0,399
3510,2023-01-14,Brazil,78456622,44783,261,8783.0,36000,761311,64573644.0,0.0588,11833.0,273
3511,2023-01-15,UK,144866285,14987,586,14974.0,13,209818,125848443.0,0.0714,3824.0,33
3512,2023-01-16,Australia,68831206,23671,282,11286.0,12385,165697,50169427.0,0.1429,9581.0,297
3513,2023-01-17,Italy,54142987,9752,366,8232.0,1520,78016,17496244.0,0.125,7503.0,269
3514,2023-01-18,USA,139796866,30576,603,3579.0,26997,458640,57352916.0,0.0667,4391.0,447
3515,2023-01-19,UK,185738266,529,296,515.0,14,7935,76615479.0,0.0667,451.0,253
3516,2023-01-20,France,175652560,28537,435,25432.0,3105,313907,13896238.0,0.0909,26358.0,191
3517,2023-01-21,USA,135767606,3381,61,2972.0,409,67620,65285857.0,0.05,1278.0,105
3518,2023-01-22,UK,157309189,5525,332,4771.0,754,38675,67154669.0,0.1429,3548.0,246
3519,2023-01-23,Australia,144575568,27037,174,6351.0,20686,216296,3968050.0,0.125,26163.0,280
3520,2023-01-24,Japan,21834951,35965,467,29588.0,6377,215790,20640655.0,0.1667,34373.0,163
3521,2023-01-25,India,114613880,19738,131,8903.0,10835,375022,112601900.0,0.0526,13321.0,328
3522,2023-01-26,Italy,148080060,42709,857,,150,384381,,0.1111,,125
3523,2023-01-27,UK,194672429,4725,381,2569.0,2156,47250,189711054.0,0.1,100.0,206
3524,2023-01-28,France,9922894,3459,189,2660.0,799,20754,3104111.0,0.1667,1768.0,447
3525,2023-01-29,Canada,90990470,42403,707,20440.0,21963,212015,90634563.0,0.2,9050.0,86
3526,2023-01-30,India,78391721,48555,97,42275.0,6280,679770,20589340.0,0.0714,26457.0,209
3527,2023-01-31,Canada,129956291,2403,105,1113.0,1290,16821,34372429.0,0.1429,2319.0,72
3528,2023-02-01,UK,6125323,6255,880,2964.0,3291,112590,2095883.0,0.0556,6063.0,265
3529,2023-02-02,India,38755318,8436,138,6198.0,2238,109668,2507070.0,0.0769,5234.0,118
3530,2023-02-03,Japan,158600122,8551,188,5666.0,2885,51306,99975628.0,0.1667,2291.0,335
3531,2023-02-04,USA,8390377,6265,983,832.0,5433,37590,1267110.0,0.1667,6210.0,106
3532,2023-02-05,UK,69726450,35008,314,21307.0,13701,420096,13559849.0,0.0833,14930.0,328
3533,2023-02-06,UK,47790801,23830,185,6889.0,16941,405110,7834538.0,0.0588,5187.0,124
3534,2023-02-07,Germany,197746386,39171,260,17182.0,21989,705078,182341471.0,0.0556,21840.0,64
3535,2023-02-08,Germany,59137304,19941,190,,16403,338997,,0.0588,,219
3536,2023-02-09,UK,2335876,11354,270,1792.0,9562,204372,1801028.0,0.0556,4384.0,89
3537,2023-02-10,Japan,15632085,47820,829,9591.0,38229,765120,4152649.0,0.0625,29741.0,325
3538,2023-02-11,Italy,180857381,31034,640,1382.0,29652,372408,74283582.0,0.0833,18027.0,326
3539,2023-02-12,Canada,168795392,23627,181,3251.0,20376,472540,62291344.0,0.05,13263.0,427
3540,2023-02-13,Canada,25726974,21928,704,16110.0,5818,372776,13565526.0,0.0588,10895.0,288
3541,2023-02-14,UK,18806853,17531,499,4749.0,12782,175310,12406145.0,0.1,16741.0,31
3542,2023-02-15,Australia,167319527,27299,426,17464.0,9835,218392,71565171.0,0.125,25649.0,189
3543,2023-02-16,Germany,59834474,16332,414,2423.0,13909,261312,10687352.0,0.0625,14387.0,226
3544,2023-02-17,Canada,73690957,25808,444,2226.0,23582,387120,31316383.0,0.0667,6828.0,287
3545,2023-02-18,France,156842946,45792,705,19072.0,26720,412128,154776322.0,0.1111,22222.0,382
3546,2023-02-19,Italy,68066356,10098,296,6780.0,3318,171666,66283981.0,0.0588,2469.0,152
3547,2023-02-20,Australia,28718042,22200,486,19520.0,2680,222000,21506835.0,0.1,21130.0,357
3548,2023-02-21,Germany,113299363,12878,762,2634.0,10244,154536,43484070.0,0.0833,3481.0,481
3549,2023-02-22,Japan,177992545,18783,420,809.0,17974,281745,134274445.0,0.0667,8072.0,342
3550,2023-02-23,France,156088895,1712,422,105.0,1607,13696,105574692.0,0.125,301.0,151
3551,2023-02-24,USA,152802065,30827,604,9892.0,20935,369924,146667495.0,0.0833,13607.0,49
3552,2023-02-25,Japan,96156242,14719,689,6526.0,8193,103033,13623919.0,0.1429,14695.0,400
3553,2023-02-26,UK,139316482,42977,201,12706.0,30271,300839,7845545.0,0.1429,1515.0,254
3554,2023-02-27,Brazil,56893430,31063,133,18627.0,12436,186378,31643866.0,0.1667,25395.0,425
3555,2023-02-28,Australia,2091706,6253,280,1860.0,4393,112554,1708168.0,0.0556,4537.0,462
3556,2023-03-01,Italy,192012901,1251,569,965.0,286,21267,73846189.0,0.0588,425.0,60
3557,2023-03-02,Australia,36383795,8027,292,4765.0,3262,88297,19988389.0,0.0909,3251.0,94
3558,2023-03-03,Germany,87789136,42103,284,32656.0,9447,421030,52157064.0,0.1,22575.0,384
3559,2023-03-04,USA,109839703,13442,939,74.0,13368,147862,80241789.0,0.0909,7536.0,71
3560,2023-03-05,Japan,158056038,38576,645,18878.0,19698,192880,57775781.0,0.2,37529.0,134
3561,2023-03-06,Japan,136728242,43577,81,36379.0,7198,435770,111027976.0,0.1,19145.0,290
3562,2023-03-07,India,124524491,5795,635,2437.0,3358,110105,90225845.0,0.0526,3372.0,349
3563,2023-03-08,India,148828458,14692,223,9308.0,5384,176304,29779572.0,0.0833,1718.0,489
3564,2023-03-09,Japan,105590348,7040,173,4174.0,2866,35200,15245600.0,0.2,6357.0,367
3565,2023-03-10,UK,67276315,37203,616,19371.0,17832,223218,10912414.0,0.1667,14838.0,118
3566,2023-03-11,UK,74061518,17819,220,2214.0,15605,320742,64697129.0,0.0556,8966.0,273
3567,2023-03-12,India,27948469,18444,46,570.0,17874,239772,2973288.0,0.0769,2331.0,442
3568,2023-03-13,Germany,117544034,32350,614,25256.0,7094,194100,9920492.0,0.1667,29776.0,278
3569,2023-03-14,Italy,25465448,6798,410,6713.0,85,95172,19405934.0,0.0714,5430.0,336
3570,2023-03-15,Brazil,23290337,1632,48,994.0,638,16320,1296963.0,0.1,1084.0,287
3571,2023-03-16,India,112999087,27328,948,23427.0,3901,464576,73053533.0,0.0588,24510.0,493
3572,2023-03-17,Brazil,20422303,40687,616,38095.0,2592,488244,9797158.0,0.0833,7994.0,488
3573,2023-03-18,Germany,54840686,16896,513,6112.0,10784,236544,37145912.0,0.0714,5109.0,30
3574,2023-03-19,Australia,57245246,20922,202,18475.0,2447,376596,4119370.0,0.0556,18529.0,343
3575,2023-03-20,France,26814998,31828,857,1052.0,30776,254624,6892378.0,0.125,12522.0,30
3576,2023-03-21,Australia,22431210,21228,806,5482.0,15746,169824,2899451.0,0.125,3801.0,104
3577,2023-03-22,Brazil,37300952,46230,100,8025.0,38205,647220,1088763.0,0.0714,19887.0,463
3578,2023-03-23,France,125535380,43844,888,43562.0,282,438440,125205331.0,0.1,36414.0,411
3579,2023-03-24,France,176880138,5784,296,5031.0,753,46272,35573069.0,0.125,3763.0,435
3580,2023-03-25,Italy,170651455,19600,324,15121.0,4479,392000,20154917.0,0.05,6983.0,496
3581,2023-03-26,Japan,118075388,31223,869,14509.0,16714,499568,65882046.0,0.0625,9652.0,440
3582,2023-03-27,USA,116079163,12289,619,11114.0,1175,147468,74371081.0,0.0833,614.0,470
3583,2023-03-28,USA,172034230,32723,308,12582.0,20141,261784,101723839.0,0.125,25639.0,295
3584,2023-03-29,Canada,77844495,11096,255,,10508,99864,,0.1111,,449
3585,2023-03-30,UK,13854067,4989,727,3044.0,1945,34923,5629014.0,0.1429,2715.0,26
3586,2023-03-31,USA,111317480,39112,679,10713.0,28399,391120,52148427.0,0.1,26641.0,280
3587,2023-04-01,Australia,68986888,22570,345,,5479,338550,,0.0667,,457
3588,2023-04-02,USA,21146560,132,35,,93,1848,,0.0714,,298
3589,2023-04-03,Japan,146707701,39138,721,21056.0,18082,626208,114331714.0,0.0625,18502.0,259
3590,2023-04-04,USA,154065409,39182,226,35358.0,3824,195910,99118243.0,0.2,38721.0,321
3591,2023-04-05,Japan,189107807,47872,348,19516.0,28356,909568,93380131.0,0.0526,13645.0,187
3592,2023-04-06,USA,98727059,33086,303,23542.0,9544,330860,60163745.0,0.1,29863.0,79
3593,2023-04-07,Canada,105613666,26490,136,1573.0,24917,423840,54370744.0,0.0625,848.0,132
3594,2023-04-08,Germany,103752148,523,487,500.0,23,3138,11140488.0,0.1667,281.0,56
3595,2023-04-09,Brazil,60722134,333,193,73.0,260,5994,57790523.0,0.0556,133.0,20
3596,2023-04-10,Japan,189021237,33551,455,26827.0,6724,167755,920836.0,0.2,26815.0,277
3597,2023-04-11,Brazil,161928414,3866,688,2753.0,1113,30928,130422447.0,0.125,2196.0,72
3598,2023-04-12,USA,3069012,30914,417,,5521,340054,,0.0909,,179
3599,2023-04-13,Brazil,178060272,10573,143,6816.0,3757,95157,148233869.0,0.1111,2965.0,89
3600,2023-04-14,Canada,150267936,10159,290,9944.0,215,132067,126444496.0,0.0769,2548.0,269
3601,2020-01-01,India,52701948,23456,620,4089.0,19367,328384,2144113.0,0.0714,8943.0,47
3602,2020-01-02,Italy,11472666,47598,769,11276.0,36322,618774,7589528.0,0.0769,7590.0,116
3603,2020-01-03,India,101133326,6670,721,5725.0,945,80040,46577480.0,0.0833,6343.0,160
3604,2020-01-04,France,53140881,20885,990,6369.0,14516,187965,11054976.0,0.1111,19400.0,67
3605,2020-01-05,France,3055085,28618,296,24763.0,3855,457888,2052587.0,0.0625,1341.0,306
3606,2020-01-06,France,125651027,34353,246,32439.0,1914,309177,124370742.0,0.1111,1126.0,435
3607,2020-01-07,Canada,20538858,1555,916,941.0,614,12440,9653557.0,0.125,496.0,154
3608,2020-01-08,Germany,21723564,40190,340,31917.0,8273,321520,8812635.0,0.125,30771.0,284
3609,2020-01-09,India,111055960,29762,294,5751.0,24011,267858,73900640.0,0.1111,5743.0,43
3610,2020-01-10,UK,173217292,33419,690,18787.0,14632,167095,103488817.0,0.2,22567.0,254
3611,2020-01-11,France,151121292,42105,727,40471.0,1634,505260,124730990.0,0.0833,38350.0,395
3612,2020-01-12,Italy,31979785,43754,149,37375.0,6379,525048,27645744.0,0.0833,29139.0,128
3613,2020-01-13,Canada,65303924,47218,412,8142.0,39076,236090,21403465.0,0.2,36211.0,165
3614,2020-01-14,France,93470811,32308,803,20116.0,12192,452312,2799227.0,0.0714,24889.0,142
3615,2020-01-15,Japan,51082667,37743,916,37700.0,43,679374,40449386.0,0.0556,37122.0,326
3616,2020-01-16,Italy,14110102,45185,305,21639.0,23546,406665,8721164.0,0.1111,35600.0,219
3617,2020-01-17,Canada,4965511,24724,68,873.0,23851,148344,3259035.0,0.1667,13774.0,235
3618,2020-01-18,Australia,65583621,15304,463,2916.0,12388,198952,24914477.0,0.0769,14642.0,22
3619,2020-01-19,USA,23278626,26153,325,21438.0,4715,496907,13904100.0,0.0526,7296.0,214
3620,2020-01-20,Canada,179209506,36709,70,17125.0,19584,220254,37584565.0,0.1667,14414.0,325
3621,2020-01-21,Japan,6501769,33556,287,20813.0,12743,671120,6064006.0,0.05,10533.0,327
3622,2020-01-22,Australia,165515934,26068,302,17242.0,8826,364952,123435207.0,0.0714,5909.0,165
3623,2020-01-23,Brazil,3456262,34832,288,22762.0,12070,417984,3120338.0,0.0833,16418.0,89
3624,2020-01-24,USA,58067192,19757,524,19601.0,156,118542,18381565.0,0.1667,14888.0,363
3625,2020-01-25,Japan,34827977,20172,113,9326.0,10846,302580,16549080.0,0.0667,19672.0,55
3626,2020-01-26,Italy,88947015,35034,346,14369.0,20665,665646,37821028.0,0.0526,1887.0,196
3627,2020-01-27,Brazil,47739220,32701,576,6192.0,26509,555917,1003029.0,0.0588,9094.0,84
3628,2020-01-28,Brazil,100031910,29633,62,21797.0,7836,325963,29745767.0,0.0909,20335.0,406
3629,2020-01-29,UK,91714303,44279,614,25201.0,19078,708464,24331410.0,0.0625,5411.0,164
3630,2020-01-30,India,172808339,35246,943,26117.0,9129,599182,60763002.0,0.0588,18319.0,10
3631,2020-01-31,Australia,38533035,39655,445,13945.0,25710,396550,6083141.0,0.1,10350.0,50
3632,2020-02-01,Brazil,131291307,19365,974,14222.0,5143,174285,111296064.0,0.1111,866.0,154
3633,2020-02-02,Canada,24357338,26690,475,,17746,266900,,0.1,,123
3634,2020-02-03,Australia,159468264,11540,921,4887.0,6653,196180,56348912.0,0.0588,81.0,202
3635,2020-02-04,USA,60402292,8270,839,2455.0,5815,49620,14458526.0,0.1667,3778.0,300
3636,2020-02-05,Brazil,43115226,32775,46,,19796,524400,,0.0625,,23
3637,2020-02-06,Italy,113202490,6240,687,1448.0,4792,37440,14259681.0,0.1667,1960.0,329
3638,2020-02-07,Italy,66369038,13870,382,3729.0,10141,166440,32843683.0,0.0833,7982.0,43
3639,2020-02-08,Italy,163055241,4049,2,3811.0,238,20245,49340348.0,0.2,2654.0,174
3640,2020-02-09,Canada,116504264,6517,385,5320.0,1197,65170,112969229.0,0.1,3084.0,366
3641,2020-02-10,Canada,193720986,44368,287,12110.0,32258,310576,138008774.0,0.1429,23193.0,496
3642,2020-02-11,India,161981309,20257,2,5528.0,14729,182313,60909213.0,0.1111,9360.0,406
3643,2020-02-12,USA,93376346,47641,823,33407.0,14234,428769,31451618.0,0.1111,25235.0,333
3644,2020-02-13,Canada,169449857,30718,476,701.0,30017,215026,76467550.0,0.1429,12348.0,148
3645,2020-02-14,USA,119404771,48097,294,32037.0,16060,913843,1724501.0,0.0526,40300.0,151
3646,2020-02-15,Australia,95688933,12832,693,2768.0,10064,102656,10774925.0,0.125,8174.0,219
3647,2020-02-16,Brazil,113936210,46628,438,24347.0,22281,279768,46251543.0,0.1667,43177.0,241
3648,2020-02-17,Italy,174973720,49785,428,45401.0,4384,448065,7114266.0,0.1111,10493.0,283
3649,2020-02-18,India,24230549,45894,663,24847.0,21047,917880,18369037.0,0.05,26658.0,339
3650,2020-02-19,UK,20912301,47275,639,43352.0,3923,425475,4430709.0,0.1111,4538.0,345
3651,2020-02-20,Japan,31568674,25610,489,5096.0,20514,486590,806662.0,0.0526,20617.0,422
3652,2020-02-21,Brazil,129264733,41458,437,28057.0,13401,621870,33027552.0,0.0667,9906.0,101
3653,2020-02-22,Brazil,184597866,31869,126,14203.0,17666,509904,157242434.0,0.0625,2346.0,444
3654,2020-02-23,Canada,38060062,24808,838,3976.0,20832,347312,34401933.0,0.0714,13568.0,112
3655,2020-02-24,UK,134675538,5491,85,3148.0,2343,49419,83636178.0,0.1111,176.0,20
3656,2020-02-25,Italy,8762616,48919,250,19195.0,29724,733785,4121459.0,0.0667,35250.0,289
3657,2020-02-26,Brazil,188070117,9732,894,5746.0,3986,68124,55614210.0,0.1429,4254.0,223
3658,2020-02-27,Italy,93497385,39284,674,6372.0,32912,667828,51001316.0,0.0588,13676.0,64
3659,2020-02-28,Australia,129512874,49477,987,14391.0,35086,643201,13862208.0,0.0769,43195.0,283
3660,2020-02-29,USA,55144891,44761,508,17713.0,27048,671415,38260420.0,0.0667,22336.0,458
3661,2020-03-01,Germany,57454475,34327,142,31625.0,2702,274616,6600951.0,0.125,1987.0,417
3662,2020-03-02,Germany,105108730,23140,167,192.0,22948,416520,52736741.0,0.0556,6028.0,220
3663,2020-03-03,Brazil,120485034,14439,892,8397.0,6042,101073,108109983.0,0.1429,7992.0,93
3664,2020-03-04,Australia,76067938,20704,965,9386.0,11318,248448,33407750.0,0.0833,11974.0,344
3665,2020-03-05,Germany,106294315,20579,952,7934.0,12645,411580,55127609.0,0.05,17332.0,225
3666,2020-03-06,Germany,138253540,19235,602,5281.0,13954,192350,44207756.0,0.1,18931.0,147
3667,2020-03-07,Japan,191094661,24091,850,20149.0,3942,120455,82363256.0,0.2,20495.0,70
3668,2020-03-08,Japan,85530706,380,211,84.0,296,3420,76166228.0,0.1111,167.0,196
3669,2020-03-09,Japan,144299402,21876,879,18277.0,3599,196884,14559030.0,0.1111,4141.0,384
3670,2020-03-10,UK,121073883,27386,728,11258.0,16128,273860,80165167.0,0.1,24238.0,163
3671,2020-03-11,Germany,189482858,1427,628,,902,15697,,0.0909,,37
3672,2020-03-12,India,36162470,37717,112,17981.0,19736,678906,24914033.0,0.0556,12192.0,75
3673,2020-03-13,India,53582102,19182,914,3014.0,16168,364458,36916845.0,0.0526,9400.0,466
3674,2020-03-14,Canada,93580413,32292,740,13705.0,18587,613548,18379820.0,0.0526,3808.0,442
3675,2020-03-15,UK,140519971,19091,714,17390.0,1701,362729,6503480.0,0.0526,7542.0,332
3676,2020-03-16,France,165004435,34714,137,28580.0,6134,485996,121543158.0,0.0714,9438.0,396
3677,2020-03-17,India,66233970,12652,455,2083.0,10569,113868,46534327.0,0.1111,9296.0,357
3678,2020-03-18,Japan,189753129,17676,324,15578.0,2098,300492,131060299.0,0.0588,14590.0,6
3679,2020-03-19,Brazil,107145862,12919,416,2595.0,10324,155028,90046989.0,0.0833,12842.0,413
3680,2020-03-20,Brazil,140645500,27940,205,27798.0,142,223520,18082781.0,0.125,26010.0,422
3681,2020-03-21,Germany,41681040,1773,841,51.0,1722,10638,34761878.0,0.1667,1030.0,470
3682,2020-03-22,UK,73053920,8290,397,4143.0,4147,91190,27459975.0,0.0909,6928.0,434
3683,2020-03-23,France,122160720,44282,590,19312.0,24970,221410,106029799.0,0.2,10904.0,480
3684,2020-03-24,USA,186579587,35406,619,8834.0,26572,708120,171298719.0,0.05,13555.0,195
3685,2020-03-25,Italy,3342652,21991,655,13695.0,8296,307874,1823959.0,0.0714,4360.0,12
3686,2020-03-26,USA,151938908,24279,939,10540.0,13739,315627,13958260.0,0.0769,6153.0,74
3687,2020-03-27,India,71209552,40739,378,34607.0,6132,448129,50224330.0,0.0909,59.0,39
3688,2020-03-28,Canada,30066513,21744,298,8916.0,12828,173952,15944846.0,0.125,17386.0,366
3689,2020-03-29,France,186468261,46431,657,42498.0,3933,278586,58179930.0,0.1667,33395.0,295
3690,2020-03-30,Germany,172509407,49632,745,1444.0,48188,297792,76729927.0,0.1667,41815.0,34
3691,2020-03-31,Canada,17441973,18471,62,9561.0,8910,221652,2143268.0,0.0833,13292.0,197
3692,2020-04-01,France,137625913,22277,77,15279.0,6998,334155,51252967.0,0.0667,20784.0,335
3693,2020-04-02,Australia,28656320,17985,527,10867.0,7118,359700,10411748.0,0.05,10476.0,180
3694,2020-04-03,Japan,136744009,3272,201,3100.0,172,16360,27678191.0,0.2,2114.0,476
3695,2020-04-04,Australia,86298360,24997,288,10338.0,14659,199976,65371853.0,0.125,17986.0,134
3696,2020-04-05,Australia,10688291,5977,985,995.0,4982,35862,2596571.0,0.1667,5382.0,52
3697,2020-04-06,USA,109662254,39735,539,3117.0,36618,437085,64925522.0,0.0909,28569.0,47
3698,2020-04-07,France,29642893,23973,528,11218.0,12755,431514,26804392.0,0.0556,13841.0,57
3699,2020-04-08,Canada,23867332,37273,584,6470.0,30803,633641,14714985.0,0.0588,34164.0,103
3700,2020-04-09,India,179239959,13055,163,6275.0,6780,91385,127906916.0,0.1429,11786.0,164
3701,2020-04-10,UK,8538709,21812,992,4239.0,17573,239932,6290180.0,0.0909,8374.0,182
3702,2020-04-11,Australia,173771453,35331,68,12540.0,22791,635958,87818405.0,0.0556,9827.0,279
3703,2020-04-12,Italy,100218447,16181,373,586.0,15595,194172,33214205.0,0.0833,10750.0,303
3704,2020-04-13,Brazil,137681928,10688,289,8080.0,2608,181696,107422431.0,0.0588,1544.0,239
3705,2020-04-14,Canada,189011947,31586,343,13251.0,18335,189516,17860577.0,0.1667,17675.0,416
3706,2020-04-15,India,72856049,27873,438,,17958,557460,,0.05,,447
3707,2020-04-16,Brazil,55329663,423,77,20.0,403,6345,13724336.0,0.0667,422.0,236
3708,2020-04-17,France,48988074,31391,772,18800.0,12591,565038,39763811.0,0.0556,26578.0,331
3709,2020-04-18,India,60586919,16714,324,14433.0,2281,267424,54425699.0,0.0625,5393.0,163
3710,2020-04-19,UK,34764328,33938,379,14289.0,19649,610884,7146781.0,0.0556,289.0,411
3711,2020-04-20,Italy,147127807,30612,837,24372.0,6240,153060,143658836.0,0.2,30272.0,241
3712,2020-04-21,France,34570978,47320,862,46798.0,522,899080,15016298.0,0.0526,46859.0,432
3713,2020-04-22,USA,45806500,31705,812,16137.0,15568,634100,30593625.0,0.05,3960.0,449
3714,2020-04-23,France,135556677,19168,143,8714.0,10454,172512,129045371.0,0.1111,12777.0,101
3715,2020-04-24,Brazil,1294395,39488,62,38924.0,564,750272,173946.0,0.0526,4796.0,24
3716,2020-04-25,Germany,38998656,46945,878,28683.0,18262,422505,12983022.0,0.1111,44245.0,148
3717,2020-04-26,Australia,132227309,14195,909,,11105,85170,,0.1667,,420
3718,2020-04-27,Japan,186687422,43398,457,12619.0,30779,347184,166173240.0,0.125,7884.0,347
3719,2020-04-28,Canada,156591581,38178,646,7066.0,31112,305424,100984939.0,0.125,28475.0,179
3720,2020-04-29,India,108041579,26387,788,11470.0,14917,474966,39727861.0,0.0556,19898.0,312
3721,2020-04-30,Germany,195194104,44647,386,10306.0,34341,535764,52283541.0,0.0833,17433.0,8
3722,2020-05-01,Germany,5688332,40304,730,16276.0,24028,362736,1354566.0,0.1111,9070.0,345
3723,2020-05-02,Italy,102968393,44705,729,20816.0,23889,491755,61591580.0,0.0909,13126.0,490
3724,2020-05-03,UK,187443874,11947,130,10502.0,1445,83629,69356400.0,0.1429,10219.0,360
3725,2020-05-04,UK,4566217,30058,21,18202.0,11856,420812,4011774.0,0.0714,13806.0,25
3726,2020-05-05,Canada,31606382,21926,504,937.0,20989,175408,2772133.0,0.125,1217.0,381
3727,2020-05-06,Japan,189468269,6303,44,5736.0,567,107151,40638992.0,0.0588,73.0,15
3728,2020-05-07,Germany,136269824,2142,137,499.0,1643,34272,56085536.0,0.0625,1919.0,465
3729,2020-05-08,Canada,91265209,39182,466,2724.0,36458,431002,29616088.0,0.0909,18941.0,259
3730,2020-05-09,Italy,135323406,46775,211,23303.0,23472,935500,23960233.0,0.05,12248.0,55
3731,2020-05-10,Japan,77151927,37385,412,6453.0,30932,261695,33842880.0,0.1429,15890.0,496
3732,2020-05-11,UK,191825544,33119,946,6042.0,27077,563023,76136663.0,0.0588,10208.0,11
3733,2020-05-12,Japan,56745571,6004,965,1951.0,4053,54036,54847188.0,0.1111,3467.0,186
3734,2020-05-13,Canada,40259408,33976,145,13636.0,20340,577592,36153293.0,0.0588,17292.0,439
3735,2020-05-14,India,159979458,10908,737,2748.0,8160,98172,77872656.0,0.1111,645.0,415
3736,2020-05-15,France,10229518,45167,901,911.0,44256,406503,348817.0,0.1111,25632.0,340
3737,2020-05-16,India,14322317,5659,311,199.0,5460,96203,13252503.0,0.0588,2618.0,44
3738,2020-05-17,UK,159169760,1578,572,10.0,1568,23670,75109142.0,0.0667,293.0,253
3739,2020-05-18,India,31747026,26256,977,4902.0,21354,288816,24482425.0,0.0909,21134.0,356
3740,2020-05-19,UK,195747501,12985,240,7738.0,5247,233730,175947275.0,0.0556,6248.0,306
3741,2020-05-20,India,192332299,49979,852,36822.0,13157,249895,24000588.0,0.2,3726.0,369
3742,2020-05-21,France,11124383,38622,53,,34493,463464,,0.0833,,266
3743,2020-05-22,France,31590382,47652,3,27355.0,20297,285912,5821364.0,0.1667,42185.0,485
3744,2020-05-23,France,62912213,22015,715,,9131,154105,,0.1429,,387
3745,2020-05-24,Germany,49240682,40959,699,37645.0,3314,491508,3313093.0,0.0833,14458.0,324
3746,2020-05-25,Japan,120046163,27338,434,24438.0,2900,328056,103389852.0,0.0833,12907.0,87
3747,2020-05-26,Brazil,144288051,42119,25,8575.0,33544,294833,37669689.0,0.1429,41627.0,219
3748,2020-05-27,Australia,140563032,4376,357,1894.0,2482,83144,68836143.0,0.0526,30.0,446
3749,2020-05-28,Canada,94276649,47042,225,42216.0,4826,329294,4876917.0,0.1429,44622.0,280
3750,2020-05-29,Italy,57932729,44193,798,28169.0,16024,220965,57849045.0,0.2,28354.0,254
3751,2020-05-30,USA,55439515,39627,458,6608.0,33019,554778,9362234.0,0.0714,36549.0,299
3752,2020-05-31,Australia,34498592,48955,315,39785.0,9170,881190,15621636.0,0.0556,26751.0,375
3753,2020-06-01,Japan,96557185,42443,29,35638.0,6805,721531,65205893.0,0.0588,31387.0,353
3754,2020-06-02,France,27385490,33363,507,,31373,567171,,0.0588,,209
3755,2020-06-03,USA,64401104,28340,557,11106.0,17234,453440,1649186.0,0.0625,23878.0,335
3756,2020-06-04,Italy,107437949,41935,165,11796.0,30139,712895,23071700.0,0.0588,10414.0,94
3757,2020-06-05,UK,115115728,28328,445,13784.0,14544,141640,76487458.0,0.2,14665.0,329
3758,2020-06-06,Brazil,107590901,5611,972,2374.0,3237,84165,22683880.0,0.0667,4508.0,469
3759,2020-06-07,Germany,173019840,39467,692,4224.0,35243,197335,124500244.0,0.2,38062.0,298
3760,2020-06-08,Canada,65917757,20839,579,3294.0,17545,166712,9098556.0,0.125,11186.0,318
3761,2020-06-09,Italy,128942026,31475,476,26485.0,4990,566550,43314217.0,0.0556,27392.0,253
3762,2020-06-10,Canada,103054308,19423,25,1432.0,17991,213653,74765139.0,0.0909,17439.0,12
3763,2020-06-11,Australia,86117602,1921,946,1773.0,148,26894,16750164.0,0.0714,223.0,456
3764,2020-06-12,USA,105027216,21604,494,3535.0,18069,237644,76726526.0,0.0909,4557.0,302
3765,2020-06-13,USA,95618022,25983,359,22942.0,3041,493677,10774838.0,0.0526,10104.0,269
3766,2020-06-14,Italy,116032786,2580,57,1102.0,1478,15480,585564.0,0.1667,752.0,134
3767,2020-06-15,Canada,73415755,38952,720,27094.0,11858,740088,65937854.0,0.0526,30346.0,25
3768,2020-06-16,UK,169163902,15264,657,14992.0,272,137376,158283127.0,0.1111,295.0,63
3769,2020-06-17,India,28293271,47912,898,38087.0,9825,718680,21260762.0,0.0667,4181.0,329
3770,2020-06-18,Germany,137143963,25652,855,5154.0,20498,153912,132448096.0,0.1667,5600.0,292
3771,2020-06-19,Brazil,7162666,26312,677,5238.0,21074,420992,1251872.0,0.0625,5310.0,116
3772,2020-06-20,France,51743049,26743,619,19835.0,6908,213944,42546209.0,0.125,513.0,196
3773,2020-06-21,Brazil,46136935,2742,13,701.0,2041,30162,1329625.0,0.0909,1071.0,402
3774,2020-06-22,Germany,47375198,25224,666,1940.0,23284,454032,9320939.0,0.0556,22994.0,412
3775,2020-06-23,India,155140396,29571,372,21733.0,7838,591420,77384671.0,0.05,22848.0,414
3776,2020-06-24,Germany,88679490,32428,905,6807.0,25621,226996,86167913.0,0.1429,9996.0,200
3777,2020-06-25,India,179065399,39161,376,12422.0,26739,783220,68642213.0,0.05,24931.0,277
3778,2020-06-26,Canada,133324405,13649,370,3066.0,10583,191086,33977489.0,0.0714,3585.0,130
3779,2020-06-27,Japan,89665937,47484,67,29089.0,18395,807228,87955076.0,0.0588,35977.0,499
3780,2020-06-28,UK,145004664,43428,842,15980.0,27448,694848,138006249.0,0.0625,17541.0,259
3781,2020-06-29,France,54230521,19442,575,11950.0,7492,311072,43950543.0,0.0625,14056.0,322
3782,2020-06-30,Japan,43955343,27295,852,11091.0,16204,300245,29137097.0,0.0909,27193.0,153
3783,2020-07-01,Australia,139938218,20525,246,15471.0,5054,102625,123674433.0,0.2,11957.0,268
3784,2020-07-02,Japan,127432978,299,260,151.0,148,3588,21349759.0,0.0833,287.0,111
3785,2020-07-03,Italy,177331818,42521,257,22810.0,19711,510252,115594632.0,0.0833,22099.0,443
3786,2020-07-04,India,144766502,2075,364,1978.0,97,29050,85665072.0,0.0714,1479.0,369
3787,2020-07-05,Australia,9558015,39051,179,4186.0,34865,507663,6725869.0,0.0769,10825.0,375
3788,2020-07-06,Italy,3198634,3351,468,2544.0,807,43563,722323.0,0.0769,3106.0,100
3789,2020-07-07,Australia,153241708,2993,713,1079.0,1914,56867,61009077.0,0.0526,581.0,432
3790,2020-07-08,France,159454897,20626,276,9310.0,11316,103130,64877928.0,0.2,936.0,32
3791,2020-07-09,India,114201951,9024,343,3271.0,5753,72192,47559697.0,0.125,2173.0,352
3792,2020-07-10,Brazil,188153717,41682,4,22028.0,19654,625230,6216867.0,0.0667,36852.0,48
3793,2020-07-11,Australia,84658414,13744,351,10026.0,3718,96208,18692391.0,0.1429,9775.0,135
3794,2020-07-12,Australia,184550819,45001,688,139.0,44862,540012,60075026.0,0.0833,40661.0,439
3795,2020-07-13,Brazil,89747915,12326,80,505.0,11821,98608,14988809.0,0.125,3915.0,336
3796,2020-07-14,Canada,95648419,37755,29,19748.0,18007,377550,53835402.0,0.1,12101.0,453
3797,2020-07-15,Brazil,124673339,17314,152,3089.0,14225,294338,121616118.0,0.0588,11270.0,56
3798,2020-07-16,France,186730685,3349,536,1861.0,1488,66980,59980413.0,0.05,788.0,283
3799,2020-07-17,USA,192907828,44361,358,21518.0,22843,621054,91864386.0,0.0714,17009.0,323
3800,2020-07-18,UK,116800070,2685,817,213.0,2472,18795,78463726.0,0.1429,1327.0,48
3801,2020-07-19,Canada,22043318,31236,681,1684.0,29552,437304,11543396.0,0.0714,10245.0,386
3802,2020-07-20,Brazil,184680485,14412,705,6978.0,7434,86472,112173546.0,0.1667,7764.0,95
3803,2020-07-21,Australia,146979566,7055,425,3323.0,3732,77605,66424550.0,0.0909,2049.0,197
3804,2020-07-22,Canada,26627088,9201,866,7778.0,1423,138015,15959417.0,0.0667,6933.0,368
3805,2020-07-23,Germany,194787229,49970,890,1004.0,48966,499700,114192975.0,0.1,6652.0,88
3806,2020-07-24,Australia,114901177,1883,526,1356.0,527,15064,68607270.0,0.125,803.0,81
3807,2020-07-25,USA,4789128,38610,636,34730.0,3880,694980,1963281.0,0.0556,28277.0,123
3808,2020-07-26,Japan,6416386,15392,945,5260.0,10132,230880,618690.0,0.0667,12201.0,252
3809,2020-07-27,Brazil,16922600,20366,343,19302.0,1064,305490,4792870.0,0.0667,13722.0,225
3810,2020-07-28,UK,62086251,44348,823,37798.0,6550,443480,51042265.0,0.1,18376.0,400
3811,2020-07-29,France,62512450,34800,941,28.0,34772,208800,20708216.0,0.1667,22554.0,435
3812,2020-07-30,Brazil,25280392,43094,298,482.0,42612,387846,1918787.0,0.1111,24202.0,311
3813,2020-07-31,Brazil,66039652,26262,304,14261.0,12001,157572,57647924.0,0.1667,18119.0,89
3814,2020-08-01,Australia,194904833,15567,109,11532.0,4035,202371,35571623.0,0.0769,5927.0,392
3815,2020-08-02,Italy,100612488,28938,387,,15288,289380,,0.1,,56
3816,2020-08-03,Germany,193826729,21707,299,2359.0,19348,108535,76567876.0,0.2,6359.0,458
3817,2020-08-04,Japan,23838726,34166,871,20855.0,13311,478324,8346047.0,0.0714,24412.0,115
3818,2020-08-05,USA,23697942,2499,702,1857.0,642,49980,16228404.0,0.05,439.0,164
3819,2020-08-06,Italy,5241187,26738,150,4347.0,22391,213904,3923347.0,0.125,4145.0,199
3820,2020-08-07,France,92196120,4209,931,507.0,3702,46299,21706187.0,0.0909,913.0,431
3821,2020-08-08,France,115718769,9257,701,7891.0,1366,55542,98133865.0,0.1667,8014.0,117
3822,2020-08-09,Italy,167041589,10198,160,8594.0,1604,122376,106587722.0,0.0833,1237.0,402
3823,2020-08-10,Australia,87506816,29009,223,6747.0,22262,551171,58404773.0,0.0526,3732.0,395
3824,2020-08-11,India,8222260,23526,140,,18509,446994,,0.0526,,329
3825,2020-08-12,UK,79387855,22692,870,3200.0,19492,158844,50084701.0,0.1429,1850.0,130
3826,2020-08-13,Brazil,74595350,20827,52,20488.0,339,208270,788985.0,0.1,12362.0,380
3827,2020-08-14,Germany,140785900,15993,573,7894.0,8099,95958,57189354.0,0.1667,10452.0,177
3828,2020-08-15,Japan,15841855,11147,608,5967.0,5180,189499,7593184.0,0.0588,773.0,121
3829,2020-08-16,Japan,175100260,3114,278,3080.0,34,34254,73321133.0,0.0909,2805.0,353
3830,2020-08-17,Brazil,124275823,44526,356,,19503,311682,,0.1429,,403
3831,2020-08-18,UK,114807005,35501,517,29193.0,6308,213006,10135716.0,0.1667,8661.0,228
3832,2020-08-19,UK,47311332,4697,49,2129.0,2568,37576,16353381.0,0.125,2300.0,192
3833,2020-08-20,India,17134698,6589,558,4046.0,2543,65890,4996162.0,0.1,807.0,120
3834,2020-08-21,Brazil,144724958,43092,560,32013.0,11079,689472,63363091.0,0.0625,2066.0,394
3835,2020-08-22,France,148686007,48511,201,3610.0,44901,339577,103813543.0,0.1429,7966.0,370
3836,2020-08-23,France,172040335,26940,227,13331.0,13609,134700,63769265.0,0.2,18525.0,346
3837,2020-08-24,Japan,180197957,44578,88,2078.0,42500,891560,65909765.0,0.05,39336.0,6
3838,2020-08-25,Australia,126052436,49092,522,10262.0,38830,687288,86975241.0,0.0714,28076.0,246
3839,2020-08-26,USA,50442389,3025,43,2931.0,94,48400,8683991.0,0.0625,1052.0,357
3840,2020-08-27,Australia,193541070,6535,799,6123.0,412,130700,2371623.0,0.05,935.0,222
3841,2020-08-28,France,65812180,17628,574,5662.0,11966,88140,53315029.0,0.2,10506.0,53
3842,2020-08-29,USA,49399815,14201,469,14096.0,105,227216,5430917.0,0.0625,12797.0,299
3843,2020-08-30,Canada,22609942,40777,271,20859.0,19918,652432,8708774.0,0.0625,27545.0,310
3844,2020-08-31,Japan,127865535,9290,631,2812.0,6478,148640,45423511.0,0.0625,1882.0,307
3845,2020-09-01,Australia,50946279,29721,438,13386.0,16335,208047,15859661.0,0.1429,14619.0,375
3846,2020-09-02,Japan,184705234,7623,704,1437.0,6186,137214,37947755.0,0.0556,1970.0,299
3847,2020-09-03,Australia,96126922,26266,109,21860.0,4406,446522,51228594.0,0.0588,17822.0,112
3848,2020-09-04,USA,7780520,24396,372,8195.0,16201,268356,3848411.0,0.0909,6409.0,278
3849,2020-09-05,Brazil,141862286,31314,765,21927.0,9387,187884,44526264.0,0.1667,7124.0,351
3850,2020-09-06,Germany,176899515,47014,779,28095.0,18919,799238,18481120.0,0.0588,19472.0,403
3851,2020-09-07,UK,105953512,24986,180,8791.0,16195,449748,27486921.0,0.0556,27.0,151
3852,2020-09-08,USA,183529867,7238,73,640.0,6598,137522,111694906.0,0.0526,5604.0,152
3853,2020-09-09,Germany,47738850,41039,687,34337.0,6702,656624,12453313.0,0.0625,33512.0,116
3854,2020-09-10,Japan,31251238,39384,406,4528.0,34856,708912,6952778.0,0.0556,17165.0,245
3855,2020-09-11,Italy,8304975,16400,397,6138.0,10262,278800,4518505.0,0.0588,12697.0,303
3856,2020-09-12,France,138040009,31656,949,30941.0,715,348216,101308737.0,0.0909,18308.0,399
3857,2020-09-13,Italy,63096263,195,7,124.0,71,2340,32643184.0,0.0833,164.0,116
3858,2020-09-14,Canada,108794164,47771,232,2545.0,45226,334397,102744722.0,0.1429,37791.0,499
3859,2020-09-15,Brazil,49620367,48943,974,39443.0,9500,391544,44380476.0,0.125,31624.0,478
3860,2020-09-16,USA,16475597,25120,337,5515.0,19605,301440,4700297.0,0.0833,1431.0,464
3861,2020-09-17,USA,71926666,3268,386,226.0,3042,29412,12641675.0,0.1111,2225.0,231
3862,2020-09-18,USA,46724993,8407,525,5837.0,2570,109291,32199788.0,0.0769,3155.0,10
3863,2020-09-19,India,24489474,35158,116,5907.0,29251,597686,21877611.0,0.0588,31487.0,171
3864,2020-09-20,Australia,182769777,29373,538,9293.0,20080,381849,154766762.0,0.0769,29307.0,145
3865,2020-09-21,Brazil,157131534,40258,459,919.0,39339,241548,84751470.0,0.1667,8835.0,54
3866,2020-09-22,Canada,132622634,8142,113,5856.0,2286,146556,106102796.0,0.0556,8092.0,213
3867,2020-09-23,Japan,96548567,33867,755,27647.0,6220,270936,1263412.0,0.125,5044.0,252
3868,2020-09-24,USA,57709490,41408,820,20871.0,20537,745344,16324498.0,0.0556,26734.0,102
3869,2020-09-25,Australia,26264710,11020,610,3468.0,7552,176320,11824551.0,0.0625,2916.0,381
3870,2020-09-26,Japan,112244415,6773,428,1885.0,4888,94822,81712078.0,0.0714,1785.0,249
3871,2020-09-27,Italy,151472491,33234,72,27423.0,5811,365574,141077791.0,0.0909,3509.0,200
3872,2020-09-28,India,143378507,10924,714,10149.0,775,87392,55614857.0,0.125,8185.0,39
3873,2020-09-29,Japan,115358401,32358,356,26181.0,6177,323580,15424203.0,0.1,7268.0,410
3874,2020-09-30,Australia,186503158,12744,431,10770.0,1974,152928,20637784.0,0.0833,10058.0,440
3875,2020-10-01,Germany,142434187,21589,274,2637.0,18952,129534,12189383.0,0.1667,19728.0,427
3876,2020-10-02,Canada,16108173,15903,487,4884.0,11019,159030,10089425.0,0.1,12283.0,151
3877,2020-10-03,Japan,100742970,33809,795,11992.0,21817,405708,45868421.0,0.0833,15362.0,348
3878,2020-10-04,Germany,161444394,38403,561,30299.0,8104,345627,129340011.0,0.1111,14275.0,309
3879,2020-10-05,Australia,170682768,10100,148,4822.0,5278,151500,28411582.0,0.0667,4461.0,35
3880,2020-10-06,USA,162114661,45912,757,33837.0,12075,688680,149693424.0,0.0667,41245.0,378
3881,2020-10-07,Brazil,69198923,32344,888,18550.0,13794,323440,14266496.0,0.1,23156.0,96
3882,2020-10-08,Italy,109935420,2445,124,225.0,2220,41565,31309099.0,0.0588,1069.0,183
3883,2020-10-09,UK,70312183,6400,844,,1703,83200,,0.0769,,160
3884,2020-10-10,Australia,105585620,14262,794,13399.0,863,171144,1164601.0,0.0833,9794.0,204
3885,2020-10-11,Germany,140939814,43350,754,21221.0,22129,260100,115064591.0,0.1667,23747.0,451
3886,2020-10-12,France,156503277,35283,475,26396.0,8887,458679,8619582.0,0.0769,11523.0,359
3887,2020-10-13,USA,29886644,30205,495,9363.0,20842,332255,11026725.0,0.0909,13714.0,205
3888,2020-10-14,UK,137424878,4218,68,2529.0,1689,46398,126290436.0,0.0909,3512.0,231
3889,2020-10-15,UK,8726338,31340,709,26881.0,4459,250720,8033296.0,0.125,23154.0,150
3890,2020-10-16,Brazil,4007863,46291,941,34478.0,11813,648074,556181.0,0.0714,42358.0,87
3891,2020-10-17,Japan,198293425,17719,96,509.0,17210,212628,16463390.0,0.0833,8048.0,94
3892,2020-10-18,USA,197902681,15380,444,10258.0,5122,215320,3869772.0,0.0714,14607.0,278
3893,2020-10-19,Brazil,27810806,42520,809,22204.0,20316,595280,9007871.0,0.0714,19433.0,389
3894,2020-10-20,UK,149376867,17743,159,16734.0,1009,177430,75030552.0,0.1,12053.0,3
3895,2020-10-21,USA,188289204,39382,315,10598.0,28784,708876,94230853.0,0.0556,7734.0,342
3896,2020-10-22,Germany,198525174,33734,436,29466.0,4268,506010,111810999.0,0.0667,528.0,313
3897,2020-10-23,UK,155607585,18678,105,8556.0,10122,373560,94369293.0,0.05,17666.0,317
3898,2020-10-24,Canada,190698310,4256,918,2679.0,1577,80864,10450569.0,0.0526,2548.0,425
3899,2020-10-25,Italy,171802122,8797,307,3476.0,5321,61579,170037139.0,0.1429,914.0,260
3900,2020-10-26,UK,49072339,25266,880,22773.0,2493,176862,1822768.0,0.1429,10430.0,196
3901,2020-10-27,Brazil,86771833,40403,273,28526.0,11877,404030,4728845.0,0.1,15850.0,245
3902,2020-10-28,Brazil,103604367,46604,390,18242.0,28362,838872,80523708.0,0.0556,11002.0,291
3903,2020-10-29,Italy,94140152,15317,237,6515.0,8802,260389,12518558.0,0.0588,4096.0,47
3904,2020-10-30,Italy,18562388,40967,842,,35505,450637,,0.0909,,401
3905,2020-10-31,Japan,83018776,8311,287,,2437,116354,,0.0714,,344
3906,2020-11-01,UK,48694181,33579,762,21270.0,12309,436527,27522117.0,0.0769,13210.0,412
3907,2020-11-02,Germany,81505933,44207,529,8897.0,35310,530484,31961265.0,0.0833,13676.0,241
3908,2020-11-03,Italy,100569963,6719,961,677.0,6042,114223,58543087.0,0.0588,2084.0,374
3909,2020-11-04,Germany,11007942,33274,445,9552.0,23722,465836,2948224.0,0.0714,16324.0,372
3910,2020-11-05,Canada,151866095,11573,392,1412.0,10161,104157,148843453.0,0.1111,5628.0,10
3911,2020-11-06,Canada,121733355,17628,209,6487.0,11141,88140,77526539.0,0.2,5344.0,498
3912,2020-11-07,Australia,151174170,41523,925,7244.0,34279,664368,73008913.0,0.0625,41389.0,443
3913,2020-11-08,Canada,3216401,16301,582,9307.0,6994,293418,1188578.0,0.0556,3432.0,165
3914,2020-11-09,India,162313526,6299,859,2447.0,3852,107083,88083690.0,0.0588,2118.0,234
3915,2020-11-10,Italy,34447273,36008,535,22809.0,13199,180040,2525681.0,0.2,22296.0,140
3916,2020-11-11,Germany,37607681,36076,520,6236.0,29840,396836,18439615.0,0.0909,26343.0,341
3917,2020-11-12,Italy,102278366,33839,985,5421.0,28418,609102,60394471.0,0.0556,16922.0,233
3918,2020-11-13,India,5402640,26776,717,23287.0,3489,508744,5389494.0,0.0526,14196.0,299
3919,2020-11-14,USA,14821811,5570,866,3434.0,2136,105830,1376326.0,0.0526,215.0,493
3920,2020-11-15,Japan,58684847,34314,266,4952.0,29362,274512,22597054.0,0.125,31485.0,424
3921,2020-11-16,Canada,97233194,27448,442,3597.0,23851,411720,6914.0,0.0667,2509.0,277
3922,2020-11-17,Australia,196413315,33107,432,31797.0,1310,264856,103175703.0,0.125,19171.0,133
3923,2020-11-18,UK,152122482,47395,699,,11842,521345,,0.0909,,312
3924,2020-11-19,Germany,172707757,28504,589,11559.0,16945,427560,5005392.0,0.0667,10623.0,388
3925,2020-11-20,UK,5466455,42317,343,15516.0,26801,761706,4836990.0,0.0556,31750.0,175
3926,2020-11-21,France,84447636,2985,138,69.0,2916,38805,23883732.0,0.0769,1780.0,36
3927,2020-11-22,Canada,127601909,46072,549,7549.0,38523,460720,120730009.0,0.1,29209.0,63
3928,2020-11-23,UK,81708532,2181,864,1649.0,532,32715,7475528.0,0.0667,1325.0,446
3929,2020-11-24,Germany,190441708,32145,438,7747.0,24398,321450,101036977.0,0.1,16848.0,404
3930,2020-11-25,UK,20151485,41234,421,24892.0,16342,577276,19225690.0,0.0714,26686.0,440
3931,2020-11-26,France,151132640,3392,687,1814.0,1578,37312,86725126.0,0.0909,1436.0,113
3932,2020-11-27,Brazil,6085598,47191,860,41648.0,5543,235955,666612.0,0.2,28788.0,281
3933,2020-11-28,India,156184040,24731,615,13805.0,10926,173117,55940939.0,0.1429,9632.0,329
3934,2020-11-29,Canada,136214988,24174,150,971.0,23203,483480,123390775.0,0.05,17176.0,192
3935,2020-11-30,Japan,128466078,3196,912,2311.0,885,54332,43962735.0,0.0588,600.0,26
3936,2020-12-01,Germany,53157821,48978,432,34847.0,14131,636714,20404086.0,0.0769,13846.0,321
3937,2020-12-02,UK,160754917,16919,412,251.0,16668,287623,65660697.0,0.0588,3439.0,275
3938,2020-12-03,Canada,20311059,44188,986,34323.0,9865,486068,7460838.0,0.0909,28819.0,347
3939,2020-12-04,USA,114193577,5818,488,5427.0,391,110542,29506538.0,0.0526,3657.0,154
3940,2020-12-05,Japan,76145936,23417,472,8293.0,15124,421506,23227630.0,0.0556,4453.0,198
3941,2020-12-06,India,66767488,25717,455,8082.0,17635,385755,46749404.0,0.0667,16693.0,314
3942,2020-12-07,Canada,149785180,39679,500,7180.0,32499,515827,133089026.0,0.0769,17866.0,350
3943,2020-12-08,Italy,78001870,42602,245,23908.0,18694,639030,18567321.0,0.0667,23209.0,434
3944,2020-12-09,UK,52072051,29237,767,14174.0,15063,380081,1845249.0,0.0769,15604.0,199
3945,2020-12-10,Germany,126018699,27518,570,,15575,385252,,0.0714,,11
3946,2020-12-11,Italy,129853976,27607,478,15985.0,11622,193249,41355888.0,0.1429,14586.0,179
3947,2020-12-12,Australia,54612265,19532,90,17041.0,2491,292980,50625659.0,0.0667,6805.0,333
3948,2020-12-13,India,56824085,3892,636,1483.0,2409,23352,52933214.0,0.1667,2635.0,367
3949,2020-12-14,Japan,13485280,37419,871,19216.0,18203,224514,13359843.0,0.1667,24418.0,203
3950,2020-12-15,Germany,96849802,47577,518,37746.0,9831,570924,38990885.0,0.0833,22505.0,125
3951,2020-12-16,UK,142018202,21858,670,323.0,21535,393444,98101615.0,0.0556,11205.0,488
3952,2020-12-17,Japan,49397137,13125,885,2036.0,11089,118125,27623205.0,0.1111,522.0,323
3953,2020-12-18,Australia,184485914,43981,780,43098.0,883,263886,69854528.0,0.1667,1894.0,437
3954,2020-12-19,Germany,154174606,48291,80,43695.0,4596,289746,65904889.0,0.1667,38332.0,385
3955,2020-12-20,Italy,179690732,23702,844,9894.0,13808,165914,21116318.0,0.1429,22591.0,391
3956,2020-12-21,USA,161485237,32890,581,6735.0,26155,493350,21568735.0,0.0667,6671.0,349
3957,2020-12-22,Japan,86438056,32924,220,3576.0,29348,428012,53927746.0,0.0769,5013.0,159
3958,2020-12-23,France,197002506,20081,481,5379.0,14702,361458,24967022.0,0.0556,13381.0,261
3959,2020-12-24,Italy,131690697,43838,0,25445.0,18393,832922,98392017.0,0.0526,26975.0,204
3960,2020-12-25,India,181177818,42657,879,17531.0,25126,383913,164848924.0,0.1111,24436.0,364
3961,2020-12-26,France,36746807,24173,413,12931.0,11242,386768,1125809.0,0.0625,21033.0,316
3962,2020-12-27,India,19199765,18102,735,12726.0,5376,217224,7769775.0,0.0833,5913.0,294
3963,2020-12-28,Canada,190078335,12185,508,5258.0,6927,170590,4657108.0,0.0714,4558.0,429
3964,2020-12-29,Brazil,130165423,44591,247,3753.0,40838,802638,23452558.0,0.0556,4396.0,129
3965,2020-12-30,Japan,15708960,23236,68,16149.0,7087,162652,8924373.0,0.1429,12323.0,16
3966,2020-12-31,France,83765896,31755,314,16975.0,14780,381060,28617102.0,0.0833,19358.0,429
3967,2021-01-01,Germany,25236683,16602,464,207.0,16395,249030,5625723.0,0.0667,14916.0,153
3968,2021-01-02,Germany,82187112,8401,2,5322.0,3079,126015,81296702.0,0.0667,4620.0,52
3969,2021-01-03,France,5479385,48909,894,4856.0,44053,489090,1895239.0,0.1,31513.0,330
3970,2021-01-04,Germany,61575231,23419,84,5814.0,17605,421542,27757554.0,0.0556,16282.0,245
3971,2021-01-05,USA,82187320,6259,208,5521.0,738,68849,49186621.0,0.0909,4140.0,345
3972,2021-01-06,Germany,51438619,567,144,204.0,363,9072,13126183.0,0.0625,428.0,395
3973,2021-01-07,Italy,86437559,35029,834,29883.0,5146,560464,28190740.0,0.0625,34552.0,397
3974,2021-01-08,France,145408705,23899,653,18401.0,5498,191192,131254027.0,0.125,19736.0,167
3975,2021-01-09,France,93268566,40803,826,179.0,40624,244818,77488773.0,0.1667,19895.0,361
3976,2021-01-10,Canada,182842644,4979,938,3580.0,1399,84643,88662104.0,0.0588,4250.0,429
3977,2021-01-11,France,30689520,24693,471,13383.0,11310,246930,7218638.0,0.1,6734.0,482
3978,2021-01-12,India,27065319,38508,225,18124.0,20384,269556,18378824.0,0.1429,3636.0,100
3979,2021-01-13,Germany,144041068,4261,838,2146.0,2115,72437,50755399.0,0.0588,1041.0,360
3980,2021-01-14,Canada,163859871,11340,319,8768.0,2572,90720,163280204.0,0.125,9408.0,237
3981,2021-01-15,USA,66005055,3409,860,1003.0,2406,27272,11635930.0,0.125,2109.0,160
3982,2021-01-16,USA,42537069,30944,926,24614.0,6330,433216,6085291.0,0.0714,9690.0,370
3983,2021-01-17,Canada,108797614,5775,201,3732.0,2043,40425,44605939.0,0.1429,2969.0,100
3984,2021-01-18,India,15488490,4113,328,2283.0,1830,24678,3184471.0,0.1667,2517.0,151
3985,2021-01-19,USA,3754883,29476,451,12017.0,17459,206332,2817392.0,0.1429,29284.0,24
3986,2021-01-20,Canada,166527744,48522,417,24893.0,23629,679308,83983276.0,0.0714,29924.0,208
3987,2021-01-21,Germany,191030940,28321,243,3768.0,24553,396494,87385491.0,0.0714,3921.0,400
3988,2021-01-22,Japan,150884092,48626,997,36583.0,12043,389008,37945786.0,0.125,40230.0,439
3989,2021-01-23,Germany,161511282,17491,349,,5003,104946,,0.1667,,478
3990,2021-01-24,USA,166926303,48086,822,41338.0,6748,240430,112568679.0,0.2,45532.0,383
3991,2021-01-25,India,103661869,41989,389,,40360,293923,,0.1429,,325
3992,2021-01-26,Japan,36544813,10488,680,6392.0,4096,94392,8287803.0,0.1111,8774.0,72
3993,2021-01-27,USA,113045828,32994,947,24741.0,8253,296946,92209469.0,0.1111,32716.0,182
3994,2021-01-28,Italy,172271645,26352,174,5041.0,21311,447984,165969133.0,0.0588,25529.0,195
3995,2021-01-29,Italy,40194422,1997,541,1601.0,396,25961,33324204.0,0.0769,1637.0,477
3996,2021-01-30,Italy,191164085,5659,763,5628.0,31,28295,92680745.0,0.2,1887.0,71
3997,2021-01-31,Brazil,178717348,41559,648,39.0,41520,664944,132144498.0,0.0625,8694.0,282
3998,2021-02-01,Brazil,169388829,29875,50,6825.0,23050,328625,42386132.0,0.0909,999.0,23
3999,2021-02-02,Australia,174245140,43319,474,25800.0,17519,649785,165271575.0,0.0667,8442.0,130
4000,2021-02-03,Canada,52371726,36470,474,28469.0,8001,328230,40940448.0,0.1111,5791.0,151
4001,2021-02-04,France,90839205,12207,922,457.0,11750,73242,44450585.0,0.1667,10527.0,11
4002,2021-02-05,Japan,190648855,9661,935,1207.0,8454,164237,4277678.0,0.0588,719.0,147
4003,2021-02-06,India,149288598,1879,177,259.0,1620,18790,70369659.0,0.1,857.0,400
4004,2021-02-07,Japan,97264220,19689,907,4056.0,15633,255957,60553023.0,0.0769,11176.0,21
4005,2021-02-08,France,193741248,37982,23,21128.0,16854,265874,170339563.0,0.1429,33099.0,169
4006,2021-02-09,India,117944332,25699,986,3161.0,22538,334087,27412322.0,0.0769,3072.0,461
4007,2021-02-10,UK,105402269,21576,642,9963.0,11613,388368,18057280.0,0.0556,16869.0,286
4008,2021-02-11,Japan,133107011,34789,520,1337.0,33452,660991,97711209.0,0.0526,22779.0,217
4009,2021-02-12,Japan,188168488,40196,638,24622.0,15574,281372,55298667.0,0.1429,3438.0,213
4010,2021-02-13,USA,174719167,8387,906,6126.0,2261,41935,23671772.0,0.2,3170.0,284
4011,2021-02-14,Australia,103593499,597,286,104.0,493,7761,89309703.0,0.0769,81.0,385
4012,2021-02-15,Canada,155999431,40330,15,26285.0,14045,201650,55650562.0,0.2,7946.0,389
4013,2021-02-16,France,194550281,47859,262,,34147,717885,,0.0667,,486
4014,2021-02-17,USA,193805944,37325,296,17138.0,20187,261275,158141053.0,0.1429,17014.0,235
4015,2021-02-18,Australia,152225200,47911,48,24208.0,23703,574932,82577586.0,0.0833,8398.0,287
4016,2021-02-19,UK,65254988,38569,367,32476.0,6093,694242,31825178.0,0.0556,3689.0,419
4017,2021-02-20,Australia,152504819,21717,746,14474.0,7243,195453,105721478.0,0.1111,256.0,413
4018,2021-02-21,Japan,150409347,16767,885,38.0,16729,285039,141927337.0,0.0588,10870.0,194
4019,2021-02-22,France,185889364,43308,152,4446.0,38862,433080,98666124.0,0.1,12161.0,446
4020,2021-02-23,France,43641046,34441,927,23644.0,10797,172205,7434525.0,0.2,14308.0,78
4021,2021-02-24,France,66892675,24478,214,23111.0,1367,440604,60282400.0,0.0556,16850.0,175
4022,2021-02-25,Japan,115647149,35073,744,15542.0,19531,631314,65090023.0,0.0556,32454.0,257
4023,2021-02-26,France,5958566,40030,971,13867.0,26163,520390,2717470.0,0.0769,14339.0,245
4024,2021-02-27,Canada,73155670,48107,287,10455.0,37652,721605,63745889.0,0.0667,9604.0,40
4025,2021-02-28,Australia,63022283,23423,651,16848.0,6575,163961,62923168.0,0.1429,10563.0,459
4026,2021-03-01,Italy,93506327,44805,806,23195.0,21610,448050,67504319.0,0.1,32017.0,140
4027,2021-03-02,Germany,145270379,46434,468,28318.0,18116,325038,17279192.0,0.1429,34508.0,197
4028,2021-03-03,USA,184584140,10255,438,2985.0,7270,153825,32292874.0,0.0667,10110.0,316
4029,2021-03-04,Italy,133343987,27813,263,16848.0,10965,333756,35999989.0,0.0833,13312.0,182
4030,2021-03-05,USA,86441274,4714,785,1780.0,2934,84852,41698831.0,0.0556,3303.0,225
4031,2021-03-06,Italy,143106620,39246,437,23676.0,15570,196230,13373555.0,0.2,13536.0,179
4032,2021-03-07,Japan,198675325,33050,837,,12038,198300,,0.1667,,428
4033,2021-03-08,Brazil,11103682,5627,776,2946.0,2681,112540,10942229.0,0.05,1413.0,472
4034,2021-03-09,UK,76371806,9475,129,885.0,8590,123175,72672212.0,0.0769,5002.0,395
4035,2021-03-10,France,178923988,39334,171,7904.0,31430,668678,110114859.0,0.0588,3199.0,290
4036,2021-03-11,USA,169692764,34072,784,17424.0,16648,613296,13237815.0,0.0556,33171.0,497
4037,2021-03-12,France,10015690,17995,8,11311.0,6684,197945,5033367.0,0.0909,164.0,36
4038,2021-03-13,France,90561849,14363,449,2112.0,12251,172356,50295134.0,0.0833,6539.0,204
4039,2021-03-14,Germany,131451683,6837,950,4004.0,2833,102555,35059642.0,0.0667,3414.0,450
4040,2021-03-15,India,5233902,22613,250,3419.0,19194,203517,3296311.0,0.1111,20154.0,455
4041,2021-03-16,Brazil,118418616,31755,876,22996.0,8759,539835,84958755.0,0.0588,16245.0,69
4042,2021-03-17,Germany,13905791,41230,340,27716.0,13514,700910,11689759.0,0.0588,40897.0,293
4043,2021-03-18,Canada,17902444,7017,613,1358.0,5659,63153,17807860.0,0.1111,3348.0,227
4044,2021-03-19,India,199343165,41060,947,30997.0,10063,656960,198068594.0,0.0625,11187.0,43
4045,2021-03-20,Australia,96943343,21035,739,13908.0,7127,252420,2632034.0,0.0833,14876.0,174
4046,2021-03-21,Brazil,86906216,35980,142,30125.0,5855,359800,51845268.0,0.1,27314.0,133
4047,2021-03-22,France,59396555,39802,379,13741.0,26061,796040,43040117.0,0.05,17497.0,147
4048,2021-03-23,Canada,107145823,165,114,22.0,143,825,64491302.0,0.2,21.0,341
4049,2021-03-24,Australia,152015490,45676,583,39119.0,6557,319732,122429339.0,0.1429,24552.0,189
4050,2021-03-25,Germany,19393648,10038,586,,4543,140532,,0.0714,,399
4051,2021-03-26,Germany,45348587,22220,210,194.0,22026,177760,28819501.0,0.125,20313.0,277
4052,2021-03-27,Italy,48739371,34079,777,18054.0,16025,511185,44490733.0,0.0667,31186.0,139
4053,2021-03-28,Canada,119104834,29159,444,,11485,495703,,0.0588,,459
4054,2021-03-29,Italy,10851691,31549,19,19699.0,11850,473235,5083368.0,0.0667,8628.0,332
4055,2021-03-30,Japan,191149793,13778,653,,13686,192892,,0.0714,,241
4056,2021-03-31,Brazil,177427247,32284,104,21265.0,11019,581112,151310973.0,0.0556,31154.0,72
4057,2021-04-01,Japan,195863737,175,149,107.0,68,1050,130695019.0,0.1667,61.0,152
4058,2021-04-02,USA,31213297,22660,215,10866.0,11794,430540,15657209.0,0.0526,1669.0,339
4059,2021-04-03,Australia,13814754,7195,126,4467.0,2728,93535,7756839.0,0.0769,7035.0,117
4060,2021-04-04,Germany,78238653,40275,984,23051.0,17224,483300,9631001.0,0.0833,35163.0,247
4061,2021-04-05,Canada,36833953,11334,360,5350.0,5984,215346,33586746.0,0.0526,6574.0,130
4062,2021-04-06,USA,28880349,14630,350,10201.0,4429,292600,10369011.0,0.05,6447.0,273
4063,2021-04-07,Canada,89261311,42513,383,11869.0,30644,467643,83157881.0,0.0909,9938.0,121
4064,2021-04-08,India,39807000,35153,375,10716.0,24437,562448,37090243.0,0.0625,22545.0,248
4065,2021-04-09,USA,161471964,19753,852,3769.0,15984,316048,134643229.0,0.0625,13395.0,206
4066,2021-04-10,USA,12894727,10183,806,,8698,132379,,0.0769,,210
4067,2021-04-11,India,46001667,15619,218,3468.0,12151,218666,29798992.0,0.0714,4924.0,9
4068,2021-04-12,USA,125826250,6669,257,3389.0,3280,126711,85040154.0,0.0526,2084.0,373
4069,2021-04-13,Germany,133258160,43872,604,11816.0,32056,526464,130754029.0,0.0833,8158.0,284
4070,2021-04-14,France,94764363,46769,327,9289.0,37480,701535,5602263.0,0.0667,46718.0,110
4071,2021-04-15,Australia,135033505,18572,381,5386.0,13186,111432,32926616.0,0.1667,832.0,97
4072,2021-04-16,Canada,164338442,25447,103,24815.0,632,178129,123511807.0,0.1429,20177.0,347
4073,2021-04-17,India,9385865,43191,866,40615.0,2576,345528,7353947.0,0.125,25114.0,235
4074,2021-04-18,France,154754084,42349,276,,37658,254094,,0.1667,,358
4075,2021-04-19,USA,161358629,11671,966,3004.0,8667,175065,84239354.0,0.0667,6518.0,462
4076,2021-04-20,France,189880748,10229,112,4247.0,5982,122748,178397498.0,0.0833,9590.0,217
4077,2021-04-21,Japan,120499310,26332,693,18141.0,8191,421312,26567299.0,0.0625,15951.0,122
4078,2021-04-22,Australia,99788118,44158,814,,23333,794844,,0.0556,,232
4079,2021-04-23,UK,35383126,8705,546,5193.0,3512,113165,5729402.0,0.0769,3776.0,410
4080,2021-04-24,Germany,93719205,6977,771,,1588,34885,,0.2,,24
4081,2021-04-25,Australia,163027914,30677,932,,28091,429478,,0.0714,,158
4082,2021-04-26,Australia,165949965,14857,442,8219.0,6638,178284,84194306.0,0.0833,11669.0,395
4083,2021-04-27,Germany,196200887,37209,423,8267.0,28942,260463,186429520.0,0.1429,34089.0,493
4084,2021-04-28,India,6998641,12846,720,269.0,12577,64230,5571655.0,0.2,7475.0,344
4085,2021-04-29,France,194519581,14963,823,8996.0,5967,269334,97913825.0,0.0556,13332.0,78
4086,2021-04-30,Japan,105644704,1650,525,1294.0,356,24750,24357127.0,0.0667,485.0,459
4087,2021-05-01,USA,196812862,30859,829,11484.0,19375,401167,189929356.0,0.0769,4636.0,453
4088,2021-05-02,Brazil,136984003,34281,399,6156.0,28125,274248,23745975.0,0.125,8416.0,489
4089,2021-05-03,Brazil,53646653,10895,77,6573.0,4322,108950,21627262.0,0.1,6186.0,42
4090,2021-05-04,Canada,30046174,38376,500,2558.0,35818,345384,28283093.0,0.1111,20062.0,201
4091,2021-05-05,Canada,86489499,29589,986,20935.0,8654,384657,50672881.0,0.0769,22939.0,109
4092,2021-05-06,USA,49550168,24561,702,,10388,319293,,0.0769,,266
4093,2021-05-07,UK,27187418,45058,545,,43629,675870,,0.0667,,471
4094,2021-05-08,India,121835001,12293,523,11994.0,299,184395,19378957.0,0.0667,3376.0,282
4095,2021-05-09,Japan,174964408,42170,552,35599.0,6571,463870,119335440.0,0.0909,33619.0,154
4096,2021-05-10,Germany,27767576,35196,797,16882.0,18314,703920,2693454.0,0.05,25034.0,343
4097,2021-05-11,UK,37125800,10866,28,9646.0,1220,141258,35046097.0,0.0769,3249.0,124
4098,2021-05-12,Brazil,87877306,17495,998,15540.0,1955,139960,14937373.0,0.125,14513.0,86
4099,2021-05-13,India,146412201,13569,933,7193.0,6376,67845,52504652.0,0.2,8325.0,246
4100,2021-05-14,Italy,107003196,19076,479,3253.0,15823,114456,98289597.0,0.1667,346.0,215
4101,2021-05-15,UK,178543277,43582,494,,28540,348656,,0.125,,193
4102,2021-05-16,Japan,39757036,48526,618,24070.0,24456,242630,32425852.0,0.2,42874.0,247
4103,2021-05-17,Australia,185963539,4304,651,,3408,43040,,0.1,,21
4104,2021-05-18,India,76682404,35756,536,1930.0,33826,607852,75284624.0,0.0588,19647.0,52
4105,2021-05-19,UK,135487203,25554,833,6736.0,18818,306648,12003388.0,0.0833,21996.0,82
4106,2021-05-20,Italy,104917440,19488,670,8724.0,10764,331296,34454040.0,0.0588,14070.0,239
4107,2021-05-21,India,81130833,7155,602,2135.0,5020,50085,53858626.0,0.1429,2645.0,367
4108,2021-05-22,Germany,184794080,49331,236,9405.0,39926,246655,103858664.0,0.2,37298.0,16
4109,2021-05-23,Germany,152547855,47141,726,15255.0,31886,235705,61597362.0,0.2,8564.0,172
4110,2021-05-24,USA,178705258,7503,722,2620.0,4883,142557,14248634.0,0.0526,4524.0,35
4111,2021-05-25,Japan,198942408,24494,572,5690.0,18804,195952,50419751.0,0.125,17852.0,72
4112,2021-05-26,Brazil,156579063,25641,475,25288.0,353,487179,74429639.0,0.0526,3862.0,491
4113,2021-05-27,Japan,90151130,16161,68,6358.0,9803,193932,85579412.0,0.0833,11937.0,70
4114,2021-05-28,USA,92517191,11263,411,11207.0,56,101367,23385052.0,0.1111,6937.0,292
4115,2021-05-29,Germany,198292144,49593,25,13522.0,36071,942267,98472432.0,0.0526,33711.0,5
4116,2021-05-30,UK,39000944,39549,237,,13040,632784,,0.0625,,423
4117,2021-05-31,Japan,81005181,12591,698,2408.0,10183,88137,571999.0,0.1429,5932.0,229
4118,2021-06-01,Canada,65240117,21382,871,18615.0,2767,427640,20904303.0,0.05,8313.0,193
4119,2021-06-02,India,155057832,14265,790,2956.0,11309,228240,32780733.0,0.0625,2669.0,376
4120,2021-06-03,UK,22874124,19939,48,17042.0,2897,179451,18222734.0,0.1111,6206.0,44
4121,2021-06-04,Italy,154372420,21654,376,4837.0,16817,433080,152004628.0,0.05,391.0,477
4122,2021-06-05,Australia,60202646,22208,827,2453.0,19755,421952,6708622.0,0.0526,16152.0,41
4123,2021-06-06,Japan,131441497,45826,27,33227.0,12599,274956,46358761.0,0.1667,32788.0,231
4124,2021-06-07,Japan,16296507,37560,310,32730.0,4830,338040,4255527.0,0.1111,315.0,168
4125,2021-06-08,France,26024269,25700,259,7977.0,17723,308400,25527076.0,0.0833,19352.0,164
4126,2021-06-09,France,57058423,15667,458,9357.0,6310,203671,7737874.0,0.0769,7430.0,391
4127,2021-06-10,India,109370568,29983,475,1617.0,28366,539694,8139099.0,0.0556,12706.0,143
4128,2021-06-11,UK,61247837,20326,332,1088.0,19238,386194,45387222.0,0.0526,2622.0,327
4129,2021-06-12,Brazil,127814042,49827,242,46904.0,2923,597924,30306132.0,0.0833,17314.0,297
4130,2021-06-13,Australia,113796275,49048,848,1695.0,47353,931912,44738928.0,0.0526,17303.0,444
4131,2021-06-14,Germany,92344790,7622,798,7620.0,2,106708,72859442.0,0.0714,7347.0,273
4132,2021-06-15,France,12593509,38446,310,,28756,422906,,0.0909,,176
4133,2021-06-16,Australia,104889009,1280,877,582.0,698,17920,21769838.0,0.0714,105.0,232
4134,2021-06-17,Japan,160545013,38251,912,,23585,535514,,0.0714,,53
4135,2021-06-18,Germany,29857503,3357,495,998.0,2359,67140,13160206.0,0.05,1841.0,185
4136,2021-06-19,Australia,78827492,44145,761,21136.0,23009,794610,45824683.0,0.0556,9821.0,262
4137,2021-06-20,Germany,152739686,29878,155,24425.0,5453,507926,56395152.0,0.0588,16610.0,172
4138,2021-06-21,Germany,73038181,44584,25,31266.0,13318,222920,68111555.0,0.2,24918.0,270
4139,2021-06-22,Italy,94650367,48604,426,47857.0,747,874872,50862626.0,0.0556,47770.0,305
4140,2021-06-23,France,49854263,42595,735,15875.0,26720,298165,14662204.0,0.1429,8664.0,476
4141,2021-06-24,Australia,110996012,35904,487,33691.0,2213,682176,59150727.0,0.0526,28772.0,305
4142,2021-06-25,Italy,101551957,30696,41,5895.0,24801,337656,76437408.0,0.0909,29264.0,422
4143,2021-06-26,Italy,110056709,9457,385,5807.0,3650,189140,62872396.0,0.05,3010.0,450
4144,2021-06-27,UK,120195878,4571,686,3872.0,699,27426,58761171.0,0.1667,2929.0,63
4145,2021-06-28,India,35901023,36300,611,8812.0,27488,363000,12578304.0,0.1,26664.0,276
4146,2021-06-29,UK,176330778,11005,294,7701.0,3304,110050,62230930.0,0.1,3962.0,26
4147,2021-06-30,Germany,39412451,14134,631,4478.0,9656,169608,16926947.0,0.0833,6210.0,11
4148,2021-07-01,Germany,108679008,46423,910,44619.0,1804,789191,75967070.0,0.0588,46381.0,116
4149,2021-07-02,Canada,183549785,151,102,63.0,88,1359,51198477.0,0.1111,112.0,275
4150,2021-07-03,Brazil,106169735,21175,797,,4606,296450,,0.0714,,175
4151,2021-07-04,Japan,66079519,31614,732,4265.0,27349,189684,2215013.0,0.1667,28229.0,481
4152,2021-07-05,Australia,72108845,16633,543,5613.0,11020,232862,71364647.0,0.0714,11162.0,125
4153,2021-07-06,Brazil,29624296,7631,984,2891.0,4740,38155,8587420.0,0.2,2966.0,179
4154,2021-07-07,Australia,84488312,9382,542,9277.0,105,140730,33229797.0,0.0667,6720.0,389
4155,2021-07-08,France,82250928,8651,373,3195.0,5456,43255,64380388.0,0.2,6951.0,281
4156,2021-07-09,Brazil,143279911,41781,983,12511.0,29270,710277,7358627.0,0.0588,2755.0,117
4157,2021-07-10,UK,194839044,38672,973,30149.0,8523,386720,32841276.0,0.1,4925.0,469
4158,2021-07-11,Japan,129992851,2240,923,1859.0,381,33600,75186443.0,0.0667,1698.0,472
4159,2021-07-12,Australia,57062079,38788,794,995.0,37793,349092,36235134.0,0.1111,37084.0,268
4160,2021-07-13,USA,130932465,10451,941,1942.0,8509,209020,27243875.0,0.05,4122.0,410
4161,2021-07-14,Italy,43280042,20297,581,8426.0,11871,365346,11655544.0,0.0556,3706.0,242
4162,2021-07-15,Japan,179921095,37842,401,17545.0,20297,529788,30831224.0,0.0714,546.0,120
4163,2021-07-16,India,53263876,49823,187,14309.0,35514,249115,31608770.0,0.2,1270.0,165
4164,2021-07-17,Canada,22093896,45978,42,34261.0,11717,919560,10476346.0,0.05,44877.0,40
4165,2021-07-18,Australia,41282227,1389,150,1063.0,326,6945,5520983.0,0.2,739.0,152
4166,2021-07-19,Australia,99401464,17798,68,4745.0,13053,231374,71112215.0,0.0769,4505.0,337
4167,2021-07-20,Brazil,187878340,4466,56,2262.0,2204,75922,111414787.0,0.0588,3821.0,163
4168,2021-07-21,Japan,175545847,48478,18,42077.0,6401,775648,45933947.0,0.0625,44626.0,348
4169,2021-07-22,UK,154317526,29315,258,20279.0,9036,293150,13636731.0,0.1,28433.0,369
4170,2021-07-23,France,107902543,3630,492,1441.0,2189,54450,39239176.0,0.0667,3297.0,96
4171,2021-07-24,UK,55133550,877,586,496.0,381,17540,9513267.0,0.05,705.0,284
4172,2021-07-25,India,59026991,26076,547,2902.0,23174,130380,28604795.0,0.2,26070.0,45
4173,2021-07-26,Brazil,70690066,21992,456,2515.0,19477,197928,30751965.0,0.1111,13150.0,248
4174,2021-07-27,USA,21260785,17556,759,139.0,17417,263340,16782840.0,0.0667,15083.0,3
4175,2021-07-28,Japan,26676866,23919,45,249.0,23670,191352,18974906.0,0.125,16264.0,311
4176,2021-07-29,USA,130758293,43863,135,42048.0,1815,394767,47029564.0,0.1111,37451.0,66
4177,2021-07-30,Canada,13407133,7809,868,3203.0,4606,70281,9222581.0,0.1111,1034.0,121
4178,2021-07-31,India,61893162,46204,152,9170.0,37034,877876,56490710.0,0.0526,17606.0,294
4179,2021-08-01,Brazil,174797250,12956,772,5148.0,7808,194340,135699724.0,0.0667,9722.0,465
4180,2021-08-02,USA,28686600,22522,548,1825.0,20697,360352,10828482.0,0.0625,2533.0,219
4181,2021-08-03,Italy,57643262,39607,661,10534.0,29073,277249,18953047.0,0.1429,10805.0,498
4182,2021-08-04,USA,6206913,30582,342,3369.0,27213,581058,2539264.0,0.0526,25942.0,493
4183,2021-08-05,Italy,84154052,12027,306,2831.0,9196,228513,31973862.0,0.0526,6750.0,81
4184,2021-08-06,USA,104476187,8538,354,7232.0,1306,102456,93026391.0,0.0833,2913.0,153
4185,2021-08-07,Japan,176324670,37690,975,6900.0,30790,716110,63252636.0,0.0526,30217.0,245
4186,2021-08-08,Germany,47130923,49250,264,29782.0,19468,541750,42638045.0,0.0909,12946.0,322
4187,2021-08-09,Italy,92968094,19942,637,4789.0,15153,398840,22117862.0,0.05,12333.0,185
4188,2021-08-10,France,128923703,7229,345,3903.0,3326,101206,29903771.0,0.0714,7098.0,346
4189,2021-08-11,Germany,174835968,2818,854,2177.0,641,16908,60772288.0,0.1667,2187.0,331
4190,2021-08-12,Italy,6036606,41989,303,33774.0,8215,587846,3950198.0,0.0714,27443.0,492
4191,2021-08-13,Italy,14573347,41057,31,37791.0,3266,574798,159111.0,0.0714,4313.0,214
4192,2021-08-14,Brazil,188636845,23221,494,15749.0,7472,464420,111454311.0,0.05,9436.0,450
4193,2021-08-15,Canada,46041487,26575,391,3817.0,22758,239175,8448385.0,0.1111,8575.0,304
4194,2021-08-16,Italy,42282613,2166,226,477.0,1689,25992,3560215.0,0.0833,346.0,367
4195,2021-08-17,Brazil,73056148,41256,997,37413.0,3843,330048,44572063.0,0.125,30589.0,123
4196,2021-08-18,Brazil,30187841,46579,116,16425.0,30154,465790,27500952.0,0.1,25952.0,159
4197,2021-08-19,India,18672066,16949,503,6193.0,10756,305082,427759.0,0.0556,2155.0,267
4198,2021-08-20,Italy,72375706,8249,940,4600.0,3649,90739,44286365.0,0.0909,4471.0,229
4199,2021-08-21,Italy,83188180,10720,161,,9424,128640,,0.0833,,350
4200,2021-08-22,UK,112518423,45451,492,14213.0,31238,318157,47367005.0,0.1429,39002.0,10
4201,2021-08-23,UK,46314784,10889,441,8210.0,2679,152446,31203830.0,0.0714,6597.0,166
4202,2021-08-24,Italy,3844818,2798,736,1968.0,830,25182,2538031.0,0.1111,65.0,294
4203,2021-08-25,Germany,11183256,46083,994,4392.0,41691,276498,7253192.0,0.1667,29706.0,208
4204,2021-08-26,France,19133802,42265,319,22532.0,19733,380385,15153520.0,0.1111,32039.0,127
4205,2021-08-27,India,198983407,46246,332,25400.0,20846,601198,176807352.0,0.0769,18621.0,90
4206,2021-08-28,Brazil,173147024,16291,127,9729.0,6562,325820,160709892.0,0.05,11863.0,361
4207,2021-08-29,Italy,17418896,48149,443,19125.0,29024,770384,8980490.0,0.0625,14721.0,318
4208,2021-08-30,India,53734927,20039,978,12464.0,7575,340663,39425255.0,0.0588,9082.0,163
4209,2021-08-31,Canada,57911450,48453,796,4422.0,44031,484530,53095493.0,0.1,11437.0,262
4210,2021-09-01,UK,126845191,36564,710,21987.0,14577,548460,61293693.0,0.0667,16260.0,423
4211,2021-09-02,Australia,138154753,6462,913,4649.0,1813,77544,5286519.0,0.0833,1904.0,141
4212,2021-09-03,Brazil,92371918,16289,644,1574.0,14715,179179,6774455.0,0.0909,16150.0,117
4213,2021-09-04,Australia,114575200,20330,103,14474.0,5856,182970,39341935.0,0.1111,8306.0,11
4214,2021-09-05,Brazil,171064877,37359,551,12829.0,24530,410949,123114237.0,0.0909,3602.0,123
4215,2021-09-06,India,62780822,22730,45,12107.0,10623,159110,26827515.0,0.1429,4112.0,127
4216,2021-09-07,Canada,36452004,21407,98,20479.0,928,428140,6024659.0,0.05,11681.0,166
4217,2021-09-08,Germany,144430812,32679,55,6335.0,26344,424827,14046489.0,0.0769,4976.0,77
4218,2021-09-09,Germany,174846928,45028,691,25423.0,19605,675420,105567682.0,0.0667,4666.0,40
4219,2021-09-10,Brazil,160378522,40674,160,16339.0,24335,650784,23515318.0,0.0625,21020.0,119
4220,2021-09-11,UK,138087774,2332,963,341.0,1991,16324,24463356.0,0.1429,1414.0,462
4221,2021-09-12,Germany,6723452,22891,732,15577.0,7314,320474,5127455.0,0.0714,2240.0,315
4222,2021-09-13,Canada,192381222,30831,112,19914.0,10917,616620,84304560.0,0.05,16258.0,486
4223,2021-09-14,Germany,33554906,25711,442,18155.0,7556,257110,8822193.0,0.1,13421.0,125
4224,2021-09-15,USA,5684044,28218,123,3807.0,24411,507924,1125146.0,0.0556,21998.0,342
4225,2021-09-16,Brazil,145001320,43065,373,14716.0,28349,516780,84810233.0,0.0833,606.0,447
4226,2021-09-17,Germany,1208271,30028,446,27631.0,2397,450420,87106.0,0.0667,5041.0,28
4227,2021-09-18,Italy,85394040,39787,575,14529.0,25258,636592,56375057.0,0.0625,29189.0,235
4228,2021-09-19,France,21762535,20058,194,12988.0,7070,361044,804591.0,0.0556,1377.0,381
4229,2021-09-20,Japan,160144825,2486,111,2306.0,180,17402,76377829.0,0.1429,393.0,434
4230,2021-09-21,France,14436579,48016,221,8702.0,39314,432144,8146884.0,0.1111,34370.0,256
4231,2021-09-22,Germany,150590524,6433,550,1568.0,4865,70763,10271656.0,0.0909,3200.0,336
4232,2021-09-23,France,31757382,25288,960,17323.0,7965,202304,13677852.0,0.125,15503.0,362
4233,2021-09-24,Italy,144789268,48094,360,42288.0,5806,769504,112867466.0,0.0625,2998.0,179
4234,2021-09-25,France,169499757,2305,676,742.0,1563,34575,107443904.0,0.0667,2196.0,388
4235,2021-09-26,Australia,44033465,24916,490,19146.0,5770,149496,807421.0,0.1667,5114.0,365
4236,2021-09-27,Germany,132070360,10262,843,10233.0,29,82096,90359342.0,0.125,7330.0,79
4237,2021-09-28,Germany,170724658,12658,469,9205.0,3453,202528,112736170.0,0.0625,290.0,238
4238,2021-09-29,India,139449621,14632,744,2763.0,11869,73160,59577937.0,0.2,12593.0,204
4239,2021-09-30,Germany,163043867,29061,975,84.0,28977,464976,27713332.0,0.0625,11359.0,500
4240,2021-10-01,USA,77250598,39817,561,26421.0,13396,716706,61934850.0,0.0556,17053.0,198
4241,2021-10-02,France,130065370,17264,577,16107.0,1157,310752,50857535.0,0.0556,16878.0,370
4242,2021-10-03,Australia,113167450,29454,381,27214.0,2240,441810,102389534.0,0.0667,29268.0,51
4243,2021-10-04,Canada,23548868,27851,311,16241.0,11610,501318,1524505.0,0.0556,21916.0,311
4244,2021-10-05,France,99097846,26356,212,16406.0,9950,316272,11999712.0,0.0833,1599.0,469
4245,2021-10-06,India,168991419,42979,449,29249.0,13730,386811,4364090.0,0.1111,8827.0,178
4246,2021-10-07,Australia,143071069,22682,438,11827.0,10855,249502,64485289.0,0.0909,15624.0,246
4247,2021-10-08,Australia,65949087,1207,693,798.0,409,9656,25402593.0,0.125,1141.0,246
4248,2021-10-09,Canada,30062264,38790,801,28247.0,10543,698220,3614858.0,0.0556,18557.0,280
4249,2021-10-10,Germany,129979617,44125,157,43299.0,826,353000,19270621.0,0.125,43567.0,29
4250,2021-10-11,India,38177158,24572,978,15067.0,9505,368580,21558715.0,0.0667,21567.0,29
4251,2021-10-12,Italy,92832176,19384,604,18357.0,1027,116304,89363234.0,0.1667,19206.0,470
4252,2021-10-13,UK,148790222,13682,581,5556.0,8126,232594,123009917.0,0.0588,8526.0,261
4253,2021-10-14,UK,129395463,8854,317,2669.0,6185,70832,52576813.0,0.125,216.0,103
4254,2021-10-15,India,76725226,16300,538,12700.0,3600,97800,3690590.0,0.1667,9507.0,40
4255,2021-10-16,India,79128058,14640,320,12062.0,2578,204960,30336616.0,0.0714,8056.0,354
4256,2021-10-17,Germany,192627889,18217,108,3876.0,14341,327906,84313402.0,0.0556,13543.0,386
4257,2021-10-18,USA,105014964,10001,524,1866.0,8135,110011,48214537.0,0.0909,8550.0,310
4258,2021-10-19,Canada,102359111,10273,148,4755.0,5518,92457,60712265.0,0.1111,6622.0,28
4259,2021-10-20,UK,2121409,10874,130,6782.0,4092,65244,543746.0,0.1667,4701.0,19
4260,2021-10-21,Brazil,100933239,25050,761,9712.0,15338,475950,13701553.0,0.0526,11777.0,40
4261,2021-10-22,USA,177978198,24180,531,5704.0,18476,145080,70435993.0,0.1667,16927.0,435
4262,2021-10-23,USA,169854865,10879,790,2575.0,8304,54395,90412885.0,0.2,6763.0,206
4263,2021-10-24,Brazil,116791365,2847,726,626.0,2221,22776,114058322.0,0.125,890.0,296
4264,2021-10-25,Australia,35115389,31968,539,13837.0,18131,447552,18482514.0,0.0714,20803.0,314
4265,2021-10-26,USA,10031637,38253,570,13244.0,25009,420783,6984089.0,0.0909,21389.0,71
4266,2021-10-27,Germany,128140519,25618,626,15036.0,10582,358652,40633896.0,0.0714,5088.0,7
4267,2021-10-28,France,39855395,10490,818,6238.0,4252,94410,16848492.0,0.1111,8916.0,428
4268,2021-10-29,UK,106464605,12543,741,11388.0,1155,150516,61940067.0,0.0833,7569.0,39
4269,2021-10-30,France,81585241,24051,42,16634.0,7417,168357,14747409.0,0.1429,1034.0,356
4270,2021-10-31,USA,41936295,24920,695,12447.0,12473,199360,17687899.0,0.125,19801.0,390
4271,2021-11-01,USA,67715978,43878,587,17090.0,26788,219390,51436901.0,0.2,1606.0,135
4272,2021-11-02,USA,122923406,6063,894,1956.0,4107,48504,111510675.0,0.125,4752.0,411
4273,2021-11-03,Brazil,166259227,8204,751,3038.0,5166,139468,160859268.0,0.0588,4977.0,371
4274,2021-11-04,USA,131513854,26817,573,8723.0,18094,294987,38851473.0,0.0909,1483.0,112
4275,2021-11-05,France,71285431,5144,287,4381.0,763,56584,9363099.0,0.0909,849.0,56
4276,2021-11-06,USA,151958156,41516,106,21066.0,20450,207580,91752854.0,0.2,15168.0,80
4277,2021-11-07,Germany,85520352,41692,118,12533.0,29159,208460,41569610.0,0.2,29519.0,19
4278,2021-11-08,Japan,135842661,23668,424,23624.0,44,307684,12822191.0,0.0769,14851.0,51
4279,2021-11-09,UK,80433322,43291,837,10305.0,32986,822529,70674637.0,0.0526,4535.0,11
4280,2021-11-10,Japan,54132106,6852,268,223.0,6629,109632,51199195.0,0.0625,2226.0,161
4281,2021-11-11,Australia,128185056,8201,969,5703.0,2498,155819,44039823.0,0.0526,4403.0,404
4282,2021-11-12,UK,15670708,29818,743,21046.0,8772,149090,3732664.0,0.2,28110.0,479
4283,2021-11-13,Italy,121724444,17401,264,190.0,17211,330619,497942.0,0.0526,7525.0,126
4284,2021-11-14,USA,164331860,6982,725,5109.0,1873,118694,77559202.0,0.0588,1522.0,417
4285,2021-11-15,Japan,170134088,26510,986,,9845,185570,,0.1429,,114
4286,2021-11-16,UK,46051437,27959,777,1448.0,26511,531221,23527891.0,0.0526,2141.0,359
4287,2021-11-17,UK,174383472,36472,46,13687.0,22785,729440,106455447.0,0.05,5740.0,350
4288,2021-11-18,Germany,10718894,5322,27,949.0,4373,90474,5574855.0,0.0588,3334.0,402
4289,2021-11-19,Japan,26399656,10862,329,7162.0,3700,184654,1256675.0,0.0588,4728.0,10
4290,2021-11-20,Italy,17490753,18408,451,8886.0,9522,312936,15565201.0,0.0588,9840.0,448
4291,2021-11-21,Germany,151707891,24810,793,3984.0,20826,322530,136570721.0,0.0769,16933.0,35
4292,2021-11-22,USA,126439107,794,665,542.0,252,13498,108464516.0,0.0588,25.0,27
4293,2021-11-23,Australia,123405199,30705,4,6015.0,24690,214935,59661898.0,0.1429,25074.0,441
4294,2021-11-24,UK,60572144,42850,492,22325.0,20525,599900,39964558.0,0.0714,13237.0,417
4295,2021-11-25,Australia,10924667,29107,540,25724.0,3383,232856,1239574.0,0.125,3493.0,293
4296,2021-11-26,Italy,189840125,49734,433,46322.0,3412,298404,74633644.0,0.1667,1548.0,87
4297,2021-11-27,Canada,25917671,17566,293,7942.0,9624,122962,11967937.0,0.1429,13856.0,229
4298,2021-11-28,Japan,75978335,14906,237,11084.0,3822,208684,75785319.0,0.0714,11490.0,473
4299,2021-11-29,USA,92923886,24512,962,19212.0,5300,294144,76174856.0,0.0833,15730.0,397
4300,2021-11-30,UK,183457196,1737,838,1305.0,432,20844,96688598.0,0.0833,2.0,448
4301,2021-12-01,Japan,15871655,20389,632,1198.0,19191,203890,6454644.0,0.1,11402.0,109
4302,2021-12-02,Australia,194096609,25291,734,21632.0,3659,505820,173837319.0,0.05,7712.0,53
4303,2021-12-03,Japan,122985113,14185,984,4881.0,9304,198590,102454937.0,0.0714,11378.0,467
4304,2021-12-04,France,42545848,17894,518,1664.0,16230,161046,13158445.0,0.1111,11435.0,433
4305,2021-12-05,Australia,142211044,24649,878,13850.0,10799,295788,41187082.0,0.0833,21589.0,415
4306,2021-12-06,USA,105158402,36268,464,30207.0,6061,471484,94126272.0,0.0769,15822.0,140
4307,2021-12-07,Australia,155754904,13156,810,11119.0,2037,263120,104828588.0,0.05,546.0,220
4308,2021-12-08,UK,2573997,23939,372,5615.0,18324,191512,2003581.0,0.125,10467.0,236
4309,2021-12-09,Canada,164081234,8211,121,6222.0,1989,139587,36573656.0,0.0588,401.0,201
4310,2021-12-10,Japan,188229962,38498,570,26179.0,12319,615968,70591407.0,0.0625,19808.0,205
4311,2021-12-11,Germany,57002592,38832,547,9482.0,29350,194160,6819892.0,0.2,21473.0,184
4312,2021-12-12,Brazil,131458995,321,118,15.0,306,3852,33626562.0,0.0833,243.0,356
4313,2021-12-13,Italy,27590217,47467,553,21573.0,25894,806939,25077345.0,0.0588,9890.0,185
4314,2021-12-14,Italy,87477615,8266,618,7369.0,897,123990,3201572.0,0.0667,2844.0,199
4315,2021-12-15,USA,15387056,464,24,123.0,341,3248,13149505.0,0.1429,341.0,394
4316,2021-12-16,Japan,15866700,5450,837,2774.0,2676,98100,1238151.0,0.0556,576.0,433
4317,2021-12-17,Italy,158147437,30125,197,11715.0,18410,391625,67747331.0,0.0769,20538.0,263
4318,2021-12-18,India,22985044,9130,970,,1437,109560,,0.0833,,262
4319,2021-12-19,Italy,38562616,42935,782,30273.0,12662,601090,25197230.0,0.0714,40926.0,26
4320,2021-12-20,Brazil,183643272,44996,972,8252.0,36744,764932,128331290.0,0.0588,12887.0,345
4321,2021-12-21,USA,59532696,4821,62,2661.0,2160,62673,35515709.0,0.0769,4045.0,346
4322,2021-12-22,Japan,126145647,41162,250,14116.0,27046,658592,42548353.0,0.0625,4601.0,310
4323,2021-12-23,Japan,38179082,8286,73,6055.0,2231,74574,1408699.0,0.1111,3495.0,384
4324,2021-12-24,Australia,22907344,34489,744,8430.0,26059,482846,4079019.0,0.0714,25192.0,32
4325,2021-12-25,UK,172281952,41267,642,26630.0,14637,206335,41752628.0,0.2,27096.0,134
4326,2021-12-26,France,32237423,45238,642,16641.0,28597,542856,14212334.0,0.0833,12404.0,162
4327,2021-12-27,Japan,168953583,39943,605,35610.0,4333,718974,124135679.0,0.0556,17951.0,7
4328,2021-12-28,Italy,66449453,9656,230,196.0,9460,67592,47849763.0,0.1429,3737.0,337
4329,2021-12-29,Japan,49233788,22497,143,5011.0,17486,202473,42618463.0,0.1111,14883.0,466
4330,2021-12-30,Italy,28299605,11456,389,1585.0,9871,137472,15471793.0,0.0833,4260.0,309
4331,2021-12-31,Brazil,168669519,37202,328,26362.0,10840,372020,84026020.0,0.1,27162.0,389
4332,2022-01-01,France,70058513,16917,308,7794.0,9123,203004,57606865.0,0.0833,14254.0,259
4333,2022-01-02,India,31323977,7611,76,5079.0,2532,91332,7408363.0,0.0833,3490.0,131
4334,2022-01-03,France,7525177,39649,724,5588.0,34061,198245,2688335.0,0.2,32747.0,245
4335,2022-01-04,Japan,23863424,21885,324,10491.0,11394,131310,21485183.0,0.1667,5468.0,399
4336,2022-01-05,Canada,130246767,34776,490,31360.0,3416,347760,123788251.0,0.1,6420.0,352
4337,2022-01-06,Australia,41787172,1036,730,491.0,545,17612,15796122.0,0.0588,344.0,59
4338,2022-01-07,India,111717897,11703,907,5202.0,6501,198951,97287170.0,0.0588,3544.0,74
4339,2022-01-08,India,52073014,21233,520,11503.0,9730,148631,35915818.0,0.1429,5741.0,318
4340,2022-01-09,UK,86758398,22590,673,2300.0,20290,451800,62868537.0,0.05,14921.0,496
4341,2022-01-10,Canada,154343800,12816,616,,5881,256320,,0.05,,288
4342,2022-01-11,USA,173737878,9571,260,,7396,124423,,0.0769,,245
4343,2022-01-12,France,182304662,14193,400,6722.0,7471,70965,58631132.0,0.2,6974.0,75
4344,2022-01-13,USA,96333874,25752,980,4357.0,21395,489288,57859742.0,0.0526,3388.0,82
4345,2022-01-14,India,98916628,36412,298,25903.0,10509,400532,27916520.0,0.0909,944.0,278
4346,2022-01-15,France,12532313,23690,407,15523.0,8167,142140,12467407.0,0.1667,22918.0,74
4347,2022-01-16,Australia,156165490,10887,643,6747.0,4140,97983,137244703.0,0.1111,3656.0,492
4348,2022-01-17,Brazil,46978579,7250,40,3386.0,3864,79750,5585104.0,0.0909,5215.0,225
4349,2022-01-18,Canada,62613382,46941,437,23798.0,23143,657174,36558799.0,0.0714,9787.0,94
4350,2022-01-19,Australia,1716554,30928,136,30713.0,215,216496,1294325.0,0.1429,27687.0,11
4351,2022-01-20,USA,148750415,19328,141,1477.0,17851,386560,68017329.0,0.05,14314.0,349
4352,2022-01-21,Japan,193325939,10496,501,452.0,10044,188928,56194443.0,0.0556,5345.0,33
4353,2022-01-22,USA,43147093,40940,748,19495.0,21445,655040,22281278.0,0.0625,1276.0,9
4354,2022-01-23,Germany,98558080,5292,33,1088.0,4204,42336,83006072.0,0.125,4405.0,393
4355,2022-01-24,UK,69701444,46530,131,38088.0,8442,837540,23208690.0,0.0556,45225.0,24
4356,2022-01-25,Brazil,4453396,13749,428,13574.0,175,261231,1129445.0,0.0526,3942.0,164
4357,2022-01-26,UK,11277408,10062,763,1396.0,8666,120744,47321.0,0.0833,4451.0,349
4358,2022-01-27,UK,39210572,41926,281,28984.0,12942,796594,22205922.0,0.0526,37638.0,58
4359,2022-01-28,Italy,117699365,37560,144,844.0,36716,187800,116027038.0,0.2,7330.0,446
4360,2022-01-29,Japan,112546433,46495,405,32005.0,14490,371960,56643487.0,0.125,40122.0,197
4361,2022-01-30,UK,150827730,30883,744,8730.0,22153,432362,2482959.0,0.0714,6761.0,439
4362,2022-01-31,India,1385201,16661,382,7537.0,9124,216593,134799.0,0.0769,12764.0,50
4363,2022-02-01,India,118009433,25622,270,6608.0,19014,486818,575014.0,0.0526,22471.0,279
4364,2022-02-02,Canada,78146818,19015,807,8160.0,10855,95075,13401959.0,0.2,3112.0,250
4365,2022-02-03,Brazil,110311424,19616,146,608.0,19008,353088,93052851.0,0.0556,16899.0,1
4366,2022-02-04,India,158396737,8493,302,6922.0,1571,67944,96278347.0,0.125,5207.0,418
4367,2022-02-05,UK,5874365,42873,624,16138.0,26735,771714,828085.0,0.0556,8006.0,168
4368,2022-02-06,Brazil,44601602,46422,339,22012.0,24410,464220,16410952.0,0.1,8726.0,338
4369,2022-02-07,Australia,149357425,3145,332,1084.0,2061,34595,122414379.0,0.0909,2604.0,155
4370,2022-02-08,Germany,64085458,22927,943,14047.0,8880,137562,64065274.0,0.1667,16283.0,207
4371,2022-02-09,Canada,47803545,22273,764,110.0,22163,245003,39984426.0,0.0909,1531.0,395
4372,2022-02-10,Canada,29590236,5697,118,2997.0,2700,56970,27416365.0,0.1,2616.0,259
4373,2022-02-11,France,185099252,28534,854,22585.0,5949,542146,119540048.0,0.0526,18093.0,275
4374,2022-02-12,Germany,48558251,26336,41,19093.0,7243,184352,29872987.0,0.1429,17416.0,300
4375,2022-02-13,France,6014644,15594,20,11421.0,4173,249504,4476553.0,0.0625,114.0,361
4376,2022-02-14,Germany,160184614,30860,120,3441.0,27419,555480,18094418.0,0.0556,27093.0,461
4377,2022-02-15,Germany,36231164,11671,623,8064.0,3607,186736,22043703.0,0.0625,10825.0,374
4378,2022-02-16,Canada,98835431,39076,900,,11865,234456,,0.1667,,208
4379,2022-02-17,UK,119904738,21048,455,4798.0,16250,147336,14357909.0,0.1429,14719.0,303
4380,2022-02-18,Australia,148170270,14647,18,3037.0,11610,205058,88948308.0,0.0714,6744.0,497
4381,2022-02-19,USA,39331517,28976,895,20781.0,8195,434640,6984685.0,0.0667,12748.0,0
4382,2022-02-20,USA,148503209,37354,913,13981.0,23373,709726,10462509.0,0.0526,22847.0,337
4383,2022-02-21,France,46066752,11897,119,8537.0,3360,130867,25428600.0,0.0909,9750.0,397
4384,2022-02-22,Australia,101921265,3983,7,234.0,3749,43813,36546762.0,0.0909,1772.0,348
4385,2022-02-23,Australia,19883891,8513,687,197.0,8316,102156,235970.0,0.0833,4600.0,199
4386,2022-02-24,Italy,29407817,48527,119,32378.0,16149,970540,19371513.0,0.05,8299.0,238
4387,2022-02-25,UK,29221303,41510,928,19991.0,21519,705670,1632041.0,0.0588,13844.0,266
4388,2022-02-26,France,182666100,31834,766,14107.0,17727,509344,39066433.0,0.0625,11976.0,375
4389,2022-02-27,USA,173525731,36753,881,3192.0,33561,624801,137581097.0,0.0588,35789.0,395
4390,2022-02-28,UK,70310751,15391,992,5964.0,9427,292429,53140250.0,0.0526,838.0,364
4391,2022-03-01,Italy,153598279,560,4,79.0,481,6720,133262488.0,0.0833,291.0,315
4392,2022-03-02,Australia,157334778,40089,870,20613.0,19476,521157,83921765.0,0.0769,16557.0,445
4393,2022-03-03,Italy,84136302,18160,112,16744.0,1416,345040,54088669.0,0.0526,5582.0,380
4394,2022-03-04,UK,115365108,8876,394,3251.0,5625,124264,87804184.0,0.0714,4877.0,393
4395,2022-03-05,Germany,122312581,23242,581,19667.0,3575,395114,4159751.0,0.0588,8175.0,174
4396,2022-03-06,Canada,156622523,42746,941,8970.0,33776,470206,138438793.0,0.0909,41069.0,326
4397,2022-03-07,Italy,191760554,37204,758,33653.0,3551,706876,162663852.0,0.0526,28127.0,186
4398,2022-03-08,Canada,136903920,20593,461,3968.0,16625,247116,133380011.0,0.0833,13652.0,340
4399,2022-03-09,Germany,149220392,4721,387,814.0,3907,66094,58540635.0,0.0714,319.0,250
4400,2022-03-10,Australia,187139496,13796,58,,7255,110368,,0.125,,490
4401,2022-03-11,India,105134025,6155,901,535.0,5620,67705,42453462.0,0.0909,5258.0,320
4402,2022-03-12,Italy,1701702,32239,520,14722.0,17517,354629,813494.0,0.0909,5135.0,76
4403,2022-03-13,India,52203354,12934,732,1276.0,11658,194010,18959676.0,0.0667,3871.0,462
4404,2022-03-14,France,51758568,26791,595,7528.0,19263,401865,8717161.0,0.0667,10912.0,349
4405,2022-03-15,Japan,12601255,47713,191,33020.0,14693,333991,2319359.0,0.1429,20647.0,100
4406,2022-03-16,Germany,43579772,30054,243,19780.0,10274,450810,7977978.0,0.0667,20416.0,230
4407,2022-03-17,Brazil,42842422,17202,608,15445.0,1757,189222,9372027.0,0.0909,8050.0,137
4408,2022-03-18,Italy,130405058,31935,76,22367.0,9568,574830,106328712.0,0.0556,10804.0,453
4409,2022-03-19,Canada,9960329,38349,248,14957.0,23392,575235,6176438.0,0.0667,29588.0,21
4410,2022-03-20,Germany,40942262,2408,41,725.0,1683,19264,31558849.0,0.125,301.0,99
4411,2022-03-21,Australia,113231967,20261,271,8450.0,11811,263393,107283005.0,0.0769,12832.0,56
4412,2022-03-22,USA,43981198,7063,564,2446.0,4617,84756,40068383.0,0.0833,5200.0,75
4413,2022-03-23,India,129207213,44367,749,43432.0,935,798606,43611062.0,0.0556,28678.0,376
4414,2022-03-24,France,109775725,6774,927,5514.0,1260,67740,20055773.0,0.1,5317.0,121
4415,2022-03-25,Germany,177151438,46536,647,44805.0,1731,744576,103670657.0,0.0625,18565.0,214
4416,2022-03-26,Canada,150641288,45545,361,29271.0,16274,227725,68899301.0,0.2,24229.0,165
4417,2022-03-27,UK,92297413,38052,340,34707.0,3345,342468,54746059.0,0.1111,21812.0,219
4418,2022-03-28,UK,2776224,32749,510,16782.0,15967,458486,907594.0,0.0714,21173.0,70
4419,2022-03-29,Japan,132039083,26865,878,20584.0,6281,161190,35279525.0,0.1667,1158.0,14
4420,2022-03-30,Brazil,140465262,11661,710,7661.0,4000,198237,101208128.0,0.0588,6948.0,455
4421,2022-03-31,Italy,152077047,1138,188,762.0,376,10242,16661485.0,0.1111,909.0,191
4422,2022-04-01,Italy,91505349,44337,23,18096.0,26241,354696,61459848.0,0.125,2433.0,221
4423,2022-04-02,USA,173688550,30292,24,222.0,30070,212044,91472151.0,0.1429,5657.0,19
4424,2022-04-03,Italy,15983245,13579,598,10159.0,3420,176527,5189842.0,0.0769,543.0,234
4425,2022-04-04,Brazil,118151580,39264,487,28543.0,10721,314112,51323859.0,0.125,4842.0,282
4426,2022-04-05,USA,175228952,12690,702,8797.0,3893,152280,157884660.0,0.0833,12134.0,305
4427,2022-04-06,India,43292354,37879,941,13112.0,24767,340911,7548063.0,0.1111,22097.0,114
4428,2022-04-07,India,7681499,31482,87,26252.0,5230,314820,3505624.0,0.1,28373.0,28
4429,2022-04-08,Australia,151115981,8252,905,5872.0,2380,99024,124366422.0,0.0833,4583.0,93
4430,2022-04-09,France,122877748,3548,323,2377.0,1171,53220,65900307.0,0.0667,2193.0,455
4431,2022-04-10,Japan,120428133,10912,912,1942.0,8970,98208,8340223.0,0.1111,3170.0,77
4432,2022-04-11,Brazil,43622026,45414,676,11431.0,33983,227070,5311685.0,0.2,27616.0,499
4433,2022-04-12,Japan,155866176,36268,54,17189.0,19079,471484,111657679.0,0.0769,23964.0,257
4434,2022-04-13,India,156582468,21236,140,12365.0,8871,424720,109616122.0,0.05,18607.0,213
4435,2022-04-14,Brazil,186921186,1274,662,401.0,873,16562,118101054.0,0.0769,526.0,469
4436,2022-04-15,France,92977063,11592,370,4039.0,7553,127512,60807149.0,0.0909,7631.0,355
4437,2022-04-16,Australia,68272187,30754,506,12815.0,17939,399802,1891665.0,0.0769,118.0,414
4438,2022-04-17,Australia,188066751,45814,620,,17864,824652,,0.0556,,234
4439,2022-04-18,France,15188893,28441,88,23779.0,4662,540379,2569483.0,0.0526,10037.0,79
4440,2022-04-19,USA,108075018,34239,62,25305.0,8934,308151,53828517.0,0.1111,24750.0,131
4441,2022-04-20,Australia,33085112,28675,27,28633.0,42,430125,6572478.0,0.0667,2442.0,330
4442,2022-04-21,France,139498186,27803,34,16836.0,10967,472651,106787432.0,0.0588,16885.0,5
4443,2022-04-22,Australia,55026601,4867,706,,3288,82739,,0.0588,,429
4444,2022-04-23,France,99698943,41679,65,32220.0,9459,791901,78199718.0,0.0526,12511.0,459
4445,2022-04-24,UK,34074114,11416,779,7116.0,4300,102744,24223865.0,0.1111,6112.0,344
4446,2022-04-25,Italy,185058926,17698,85,4627.0,13071,88490,22747440.0,0.2,2804.0,500
4447,2022-04-26,Australia,166572293,36462,697,19312.0,17150,182310,140203699.0,0.2,181.0,476
4448,2022-04-27,USA,189562831,7766,482,7757.0,9,132022,130432485.0,0.0588,3006.0,87
4449,2022-04-28,Australia,11578930,31427,478,10166.0,21261,251416,919627.0,0.125,27099.0,146
4450,2022-04-29,France,16627013,18676,231,11306.0,7370,336168,16358488.0,0.0556,12222.0,374
4451,2022-04-30,Germany,119818815,39131,388,9443.0,29688,352179,86988751.0,0.1111,27019.0,42
4452,2022-05-01,Italy,180768781,3519,335,,275,24633,,0.1429,,26
4453,2022-05-02,France,182539029,30735,52,4022.0,26713,245880,133241202.0,0.125,24147.0,185
4454,2022-05-03,Brazil,8536875,47612,180,46838.0,774,761792,806400.0,0.0625,22807.0,340
4455,2022-05-04,India,78593920,37050,484,26337.0,10713,444600,23572013.0,0.0833,5367.0,6
4456,2022-05-05,Italy,182081529,11281,634,3570.0,7711,180496,167603125.0,0.0625,7755.0,137
4457,2022-05-06,UK,175059516,30193,690,7491.0,22702,452895,171799686.0,0.0667,28447.0,306
4458,2022-05-07,Brazil,114349810,21056,609,6268.0,14788,294784,34145650.0,0.0714,11355.0,77
4459,2022-05-08,Brazil,103965895,43457,694,3118.0,40339,564941,89784822.0,0.0769,3680.0,144
4460,2022-05-09,Australia,23382310,26506,291,22804.0,3702,424096,7086332.0,0.0625,9559.0,20
4461,2022-05-10,Italy,183518501,24011,95,17862.0,6149,288132,123100728.0,0.0833,7529.0,444
4462,2022-05-11,Italy,120222535,27770,815,3142.0,24628,472090,99530310.0,0.0588,25278.0,401
4463,2022-05-12,Japan,185341885,39840,458,14981.0,24859,318720,181478372.0,0.125,314.0,428
4464,2022-05-13,Germany,143323007,20986,351,4720.0,16266,146902,122891116.0,0.1429,19618.0,336
4465,2022-05-14,France,13462510,23800,533,14027.0,9773,404600,8660586.0,0.0588,2583.0,140
4466,2022-05-15,Canada,74248024,38550,626,36266.0,2284,231300,28378846.0,0.1667,32985.0,205
4467,2022-05-16,Germany,46879762,18562,752,17084.0,1478,296992,29810342.0,0.0625,8700.0,169
4468,2022-05-17,Brazil,8196536,37023,632,465.0,36558,666414,1754055.0,0.0556,16936.0,191
4469,2022-05-18,USA,66360414,20797,148,6335.0,14462,166376,6521049.0,0.125,2966.0,354
4470,2022-05-19,France,16234716,45949,530,21574.0,24375,321643,16142363.0,0.1429,16402.0,210
4471,2022-05-20,UK,182845697,27806,918,11040.0,16766,417090,160109480.0,0.0667,26820.0,84
4472,2022-05-21,France,21501533,15909,365,2364.0,13545,286362,3952190.0,0.0556,10911.0,107
4473,2022-05-22,France,15043287,43193,464,30181.0,13012,561509,11629630.0,0.0769,544.0,449
4474,2022-05-23,Canada,11706063,10236,151,3378.0,6858,133068,2598174.0,0.0769,10095.0,495
4475,2022-05-24,Canada,133966841,43430,954,34632.0,8798,217150,44955754.0,0.2,19431.0,279
4476,2022-05-25,Brazil,45014121,37646,529,5909.0,31737,301168,40920140.0,0.125,4209.0,437
4477,2022-05-26,Germany,76676186,30833,995,8450.0,22383,400829,72455076.0,0.0769,14642.0,156
4478,2022-05-27,USA,104776195,322,150,233.0,89,3864,61158617.0,0.0833,246.0,369
4479,2022-05-28,Germany,148006885,16519,698,973.0,15546,165190,21636988.0,0.1,14083.0,40
4480,2022-05-29,Germany,123946446,12003,511,6499.0,5504,72018,108538142.0,0.1667,5638.0,409
4481,2022-05-30,Japan,39669965,40730,852,28873.0,11857,733140,29931508.0,0.0556,40610.0,470
4482,2022-05-31,Canada,136143029,33978,664,4160.0,29818,645582,126335692.0,0.0526,19214.0,142
4483,2022-06-01,UK,89419798,33601,264,3985.0,29616,470414,9297424.0,0.0714,18195.0,2
4484,2022-06-02,India,32016822,40001,948,31076.0,8925,440011,13956927.0,0.0909,21515.0,492
4485,2022-06-03,USA,162616108,28505,186,5719.0,22786,541595,89354470.0,0.0526,22881.0,297
4486,2022-06-04,Brazil,57047943,16460,385,8295.0,8165,82300,7441025.0,0.2,9135.0,430
4487,2022-06-05,Japan,142730123,18765,806,9112.0,9653,375300,65069058.0,0.05,11451.0,208
4488,2022-06-06,Brazil,32897767,4581,368,1226.0,3355,77877,4566863.0,0.0588,1966.0,444
4489,2022-06-07,Italy,17670502,30496,28,8960.0,21536,548928,11250394.0,0.0556,8268.0,265
4490,2022-06-08,India,9121780,20714,991,13110.0,7604,165712,6354661.0,0.125,4303.0,361
4491,2022-06-09,India,36040579,29459,650,19645.0,9814,353508,16648084.0,0.0833,6985.0,428
4492,2022-06-10,France,119109621,44249,180,1614.0,42635,884980,9047050.0,0.05,27122.0,325
4493,2022-06-11,Japan,175134124,10613,291,5727.0,4886,201647,94527912.0,0.0526,3081.0,441
4494,2022-06-12,France,17811313,6890,133,1766.0,5124,48230,7036596.0,0.1429,5722.0,7
4495,2022-06-13,India,132947496,35686,867,,12190,713720,,0.05,,213
4496,2022-06-14,France,21823682,20902,713,11111.0,9791,334432,20890415.0,0.0625,10856.0,262
4497,2022-06-15,Germany,108733853,24687,237,13099.0,11588,444366,43768865.0,0.0556,2618.0,267
4498,2022-06-16,Brazil,8710091,10829,643,1802.0,9027,108290,5680573.0,0.1,1245.0,480
4499,2022-06-17,Italy,46997982,43435,535,8027.0,35408,738395,29044131.0,0.0588,2719.0,466
4500,2022-06-18,France,85852128,40203,279,14637.0,25566,562842,23569051.0,0.0714,32866.0,455
4501,2022-06-19,India,42961589,45395,860,10490.0,34905,635530,30132384.0,0.0714,21517.0,78
4502,2022-06-20,Brazil,12933571,15895,81,4921.0,10974,190740,11316429.0,0.0833,13344.0,315
4503,2022-06-21,UK,146060919,36404,887,6240.0,30164,254828,44986296.0,0.1429,10442.0,469
4504,2022-06-22,Japan,5501818,13630,888,6543.0,7087,231710,4386858.0,0.0588,4800.0,64
4505,2022-06-23,Japan,119786437,49084,492,13358.0,35726,834428,18278310.0,0.0588,35492.0,359
4506,2022-06-24,Australia,179080691,22146,190,6706.0,15440,199314,142051825.0,0.1111,12409.0,14
4507,2022-06-25,France,194911124,15938,153,15835.0,103,318760,120483445.0,0.05,3710.0,425
4508,2022-06-26,Brazil,73111860,28680,993,26059.0,2621,143400,54586336.0,0.2,21818.0,274
4509,2022-06-27,Canada,62084094,14540,272,4092.0,10448,232640,54577345.0,0.0625,7869.0,124
4510,2022-06-28,Australia,92837977,27871,177,21551.0,6320,250839,60789372.0,0.1111,21112.0,365
4511,2022-06-29,France,10811497,3665,260,2311.0,1354,40315,5698496.0,0.0909,1460.0,361
4512,2022-06-30,UK,157769327,30789,223,28794.0,1995,277101,124092926.0,0.1111,24427.0,325
4513,2022-07-01,Germany,180635401,8294,174,2652.0,5642,157586,6078773.0,0.0526,2674.0,403
4514,2022-07-02,Canada,69336620,2736,781,2112.0,624,41040,45927019.0,0.0667,1189.0,465
4515,2022-07-03,India,111204722,34157,618,19547.0,14610,648983,61492303.0,0.0526,19213.0,53
4516,2022-07-04,Italy,28917006,27234,488,8953.0,18281,190638,12069029.0,0.1429,13806.0,326
4517,2022-07-05,France,77635415,26196,890,5064.0,21132,497724,31252151.0,0.0526,12811.0,430
4518,2022-07-06,France,93145757,24911,623,24579.0,332,348754,37384667.0,0.0714,21993.0,474
4519,2022-07-07,UK,72016399,48898,687,20637.0,28261,977960,30637088.0,0.05,12282.0,364
4520,2022-07-08,France,48866284,40868,868,36245.0,4623,408680,19020227.0,0.1,39471.0,169
4521,2022-07-09,Japan,95556194,35039,476,6354.0,28685,175195,1418338.0,0.2,10595.0,122
4522,2022-07-10,Japan,182835548,40302,268,19804.0,20498,523926,42858369.0,0.0769,17995.0,16
4523,2022-07-11,India,132047424,27038,24,6192.0,20846,405570,27693007.0,0.0667,2789.0,65
4524,2022-07-12,USA,193846932,3093,230,2090.0,1003,15465,186242958.0,0.2,988.0,369
4525,2022-07-13,France,136440328,32689,93,4275.0,28414,555713,38595850.0,0.0588,7334.0,126
4526,2022-07-14,France,96523753,27806,562,7341.0,20465,166836,43012551.0,0.1667,25397.0,38
4527,2022-07-15,UK,11251799,35444,689,34336.0,1108,283552,6140046.0,0.125,13546.0,234
4528,2022-07-16,Brazil,76216558,12958,333,6344.0,6614,246202,2842173.0,0.0526,10418.0,335
4529,2022-07-17,Canada,121756169,32178,169,15418.0,16760,611382,9513051.0,0.0526,30343.0,195
4530,2022-07-18,Italy,99197534,39855,441,15732.0,24123,757245,93527957.0,0.0526,19386.0,180
4531,2022-07-19,Canada,133778220,22323,581,11076.0,11247,357168,131031746.0,0.0625,832.0,456
4532,2022-07-20,Italy,92966874,21247,918,13383.0,7864,361199,17985677.0,0.0588,20694.0,42
4533,2022-07-21,Germany,119946554,7519,307,3309.0,4210,120304,117485032.0,0.0625,7352.0,38
4534,2022-07-22,Brazil,151095893,14696,639,9044.0,5652,146960,84004896.0,0.1,12108.0,436
4535,2022-07-23,France,178920137,24049,146,22028.0,2021,456931,142161674.0,0.0526,5374.0,396
4536,2022-07-24,Italy,20946340,25844,665,15577.0,10267,206752,2251538.0,0.125,20616.0,363
4537,2022-07-25,Germany,50653590,6064,306,2999.0,3065,121280,19823704.0,0.05,2618.0,76
4538,2022-07-26,Japan,17117464,13402,41,467.0,12935,120618,15890851.0,0.1111,12534.0,318
4539,2022-07-27,India,71350776,30358,207,29516.0,842,273222,40290217.0,0.1111,6178.0,421
4540,2022-07-28,USA,196630878,23748,699,15820.0,7928,237480,194211827.0,0.1,5522.0,377
4541,2022-07-29,UK,77373474,18725,9,13061.0,5664,205975,58587112.0,0.0909,9488.0,329
4542,2022-07-30,USA,6919536,37740,256,31826.0,5914,377400,6687540.0,0.1,36154.0,461
4543,2022-07-31,Australia,11411323,23704,735,2076.0,21628,237040,5932120.0,0.1,18732.0,162
4544,2022-08-01,Italy,157496417,37236,62,35473.0,1763,521304,128433715.0,0.0714,16572.0,45
4545,2022-08-02,Japan,37586537,42952,242,32869.0,10083,644280,20299541.0,0.0667,534.0,44
4546,2022-08-03,UK,149629534,38950,89,31489.0,7461,428450,81229796.0,0.0909,17169.0,410
4547,2022-08-04,UK,135845735,46533,375,15536.0,30997,325731,54258486.0,0.1429,39375.0,392
4548,2022-08-05,France,185044253,40855,442,29328.0,11527,776245,114761249.0,0.0526,27263.0,44
4549,2022-08-06,USA,50832221,32346,244,22832.0,9514,291114,7782919.0,0.1111,4939.0,13
4550,2022-08-07,India,45405731,40582,88,27225.0,13357,284074,15018180.0,0.1429,6046.0,148
4551,2022-08-08,Italy,159930707,20009,573,18883.0,1126,200090,141101086.0,0.1,1662.0,284
4552,2022-08-09,Germany,147306912,42252,540,37650.0,4602,718284,110640661.0,0.0588,23623.0,80
4553,2022-08-10,Italy,51534561,7668,844,2980.0,4688,61344,45372328.0,0.125,7117.0,302
4554,2022-08-11,Canada,10690613,33628,157,29034.0,4594,369908,3224468.0,0.0909,25726.0,493
4555,2022-08-12,Australia,151750099,47648,836,2023.0,45625,524128,25259824.0,0.0909,9935.0,119
4556,2022-08-13,USA,116705916,41027,408,8977.0,32050,246162,40318040.0,0.1667,31736.0,43
4557,2022-08-14,USA,4045448,42938,222,7034.0,35904,300566,2593676.0,0.1429,33172.0,406
4558,2022-08-15,UK,129616448,19042,36,8522.0,10520,95210,15034333.0,0.2,6748.0,400
4559,2022-08-16,Italy,43651221,1502,781,993.0,509,19526,17682959.0,0.0769,753.0,220
4560,2022-08-17,Canada,8466784,32315,78,23924.0,8391,646300,6557216.0,0.05,1901.0,423
4561,2022-08-18,Australia,193081196,32501,464,21139.0,11362,292509,96128337.0,0.1111,4981.0,115
4562,2022-08-19,Japan,21197511,24728,774,271.0,24457,272008,3948414.0,0.0909,855.0,427
4563,2022-08-20,India,53572075,43393,509,1287.0,42106,303751,6229179.0,0.1429,20673.0,394
4564,2022-08-21,Italy,186227594,49482,450,47452.0,2030,544302,153902399.0,0.0909,24845.0,440
4565,2022-08-22,India,56237109,3960,434,2326.0,1634,75240,1524036.0,0.0526,1414.0,304
4566,2022-08-23,UK,164084062,18411,412,5406.0,13005,312987,162295017.0,0.0588,4486.0,392
4567,2022-08-24,Australia,67523297,14299,706,6743.0,7556,85794,3929650.0,0.1667,1771.0,380
4568,2022-08-25,Australia,183854808,20858,535,20567.0,291,104290,155691966.0,0.2,2152.0,140
4569,2022-08-26,Brazil,177084093,3182,572,1459.0,1723,35002,67014153.0,0.0909,885.0,152
4570,2022-08-27,France,58845847,2006,818,465.0,1541,34102,22658988.0,0.0588,1593.0,251
4571,2022-08-28,UK,79692549,18698,902,948.0,17750,205678,22964588.0,0.0909,15339.0,171
4572,2022-08-29,Brazil,162001859,47986,5,10122.0,37864,959720,50064327.0,0.05,34380.0,435
4573,2022-08-30,Canada,88247561,35503,858,26238.0,9265,568048,73874729.0,0.0625,17979.0,182
4574,2022-08-31,Japan,85923575,7377,216,2297.0,5080,59016,77323948.0,0.125,6403.0,12
4575,2022-09-01,Australia,58652215,20369,531,14960.0,5409,244428,28747125.0,0.0833,17781.0,287
4576,2022-09-02,Italy,56349178,35900,727,3851.0,32049,394900,26600561.0,0.0909,12616.0,74
4577,2022-09-03,UK,65564262,34857,17,32725.0,2132,453141,46631061.0,0.0769,26948.0,130
4578,2022-09-04,Germany,118836649,23861,531,,10197,429498,,0.0556,,220
4579,2022-09-05,Japan,199119935,31431,966,8110.0,23321,408603,26377789.0,0.0769,7565.0,251
4580,2022-09-06,Australia,24712656,8537,39,1979.0,6558,102444,3544997.0,0.0833,5454.0,176
4581,2022-09-07,USA,46273506,37688,452,6180.0,31508,640696,2504260.0,0.0588,17049.0,183
4582,2022-09-08,Germany,138810895,19785,4,2980.0,16805,158280,29771676.0,0.125,8292.0,409
4583,2022-09-09,UK,22332879,24239,449,18398.0,5841,193912,10455757.0,0.125,23037.0,194
4584,2022-09-10,USA,19372249,4763,424,348.0,4415,80971,3968239.0,0.0588,2514.0,197
4585,2022-09-11,France,9334302,12992,898,6848.0,6144,90944,1498640.0,0.1429,9954.0,85
4586,2022-09-12,Canada,108285230,49054,766,47604.0,1450,735810,45861542.0,0.0667,46483.0,322
4587,2022-09-13,Japan,73373791,24843,994,13354.0,11489,322959,23548492.0,0.0769,16409.0,496
4588,2022-09-14,Australia,67249491,24888,518,212.0,24676,323544,31067928.0,0.0769,14813.0,45
4589,2022-09-15,Germany,72650110,1789,203,1195.0,594,23257,42246492.0,0.0769,692.0,433
4590,2022-09-16,India,153096195,23211,690,,13443,417798,,0.0556,,3
4591,2022-09-17,Australia,24148001,6076,615,2688.0,3388,54684,5106573.0,0.1111,1227.0,489
4592,2022-09-18,Brazil,60202497,34253,385,3348.0,30905,445289,46103052.0,0.0769,6487.0,333
4593,2022-09-19,France,196093091,29164,761,581.0,28583,320804,104845215.0,0.0909,7594.0,273
4594,2022-09-20,Australia,99690430,43130,804,39503.0,3627,646950,91158023.0,0.0667,1407.0,404
4595,2022-09-21,Canada,158162777,12692,264,12211.0,481,88844,109088822.0,0.1429,543.0,278
4596,2022-09-22,India,31467953,4563,193,1190.0,3373,59319,28727040.0,0.0769,1970.0,140
4597,2022-09-23,Australia,142650749,41180,257,4351.0,36829,535340,50685830.0,0.0769,30369.0,17
4598,2022-09-24,Canada,5186446,45287,430,33968.0,11319,905740,4784966.0,0.05,43303.0,295
4599,2022-09-25,Canada,91028958,46519,127,26539.0,19980,465190,79714295.0,0.1,16717.0,145
4600,2022-09-26,Brazil,165566155,49076,396,21044.0,28032,736140,78835112.0,0.0667,5540.0,379
4601,2022-09-27,Brazil,188018783,31193,862,8409.0,22784,499088,116802503.0,0.0625,15553.0,175
4602,2022-09-28,USA,46246425,32800,7,32015.0,785,262400,27843871.0,0.125,29283.0,104
4603,2022-09-29,Italy,73719733,20056,472,1052.0,19004,280784,42805286.0,0.0714,6033.0,119
4604,2022-09-30,UK,85032245,44181,120,17358.0,26823,485991,73927501.0,0.0909,10636.0,216
4605,2022-10-01,India,75758708,47990,526,8273.0,39717,959800,12226750.0,0.05,3474.0,46
4606,2022-10-02,Italy,120441973,836,476,267.0,569,6688,16837606.0,0.125,290.0,325
4607,2022-10-03,India,177124038,22140,459,8868.0,13272,154980,64265501.0,0.1429,8866.0,447
4608,2022-10-04,Brazil,153009245,19774,572,10539.0,9235,138418,77422062.0,0.1429,8035.0,160
4609,2022-10-05,UK,192564402,22977,792,18070.0,4907,252747,171773656.0,0.0909,15839.0,86
4610,2022-10-06,Australia,182060503,35053,829,4129.0,30924,560848,108819280.0,0.0625,8171.0,337
4611,2022-10-07,Japan,56866432,3163,940,2596.0,567,56934,21858127.0,0.0556,1121.0,326
4612,2022-10-08,France,123499095,46594,483,40312.0,6282,326158,45855668.0,0.1429,36724.0,66
4613,2022-10-09,France,196624984,47772,66,13387.0,34385,907668,10071478.0,0.0526,38962.0,142
4614,2022-10-10,USA,20591578,47286,958,47154.0,132,945720,19356133.0,0.05,7601.0,213
4615,2022-10-11,Japan,33013685,4985,307,1698.0,3287,64805,8542240.0,0.0769,669.0,495
4616,2022-10-12,Italy,28667939,38176,876,5091.0,33085,458112,2025031.0,0.0833,29981.0,185
4617,2022-10-13,France,82451690,11302,749,6355.0,4947,226040,28573034.0,0.05,8955.0,439
4618,2022-10-14,Australia,175895030,22051,993,15998.0,6053,264612,133423609.0,0.0833,9581.0,286
4619,2022-10-15,Australia,182110873,47710,507,17663.0,30047,238550,15168240.0,0.2,36720.0,286
4620,2022-10-16,Canada,33480593,41453,150,19130.0,22323,497436,5790886.0,0.0833,6213.0,80
4621,2022-10-17,Brazil,24232060,49215,665,1566.0,47649,246075,18475116.0,0.2,10878.0,207
4622,2022-10-18,Japan,130673343,37470,994,33512.0,3958,674460,89368098.0,0.0556,26996.0,372
4623,2022-10-19,UK,6242195,9725,554,2674.0,7051,155600,6030775.0,0.0625,8999.0,110
4624,2022-10-20,Germany,154301038,42374,369,12269.0,30105,296618,110022886.0,0.1429,26378.0,388
4625,2022-10-21,UK,180485737,34708,136,27603.0,7105,173540,3723702.0,0.2,30958.0,4
4626,2022-10-22,France,160377492,1387,457,1292.0,95,16644,130840314.0,0.0833,124.0,270
4627,2022-10-23,UK,170520655,33562,769,6240.0,27322,604116,155703459.0,0.0556,10762.0,18
4628,2022-10-24,France,134871576,49313,723,47012.0,2301,591756,73272792.0,0.0833,17781.0,304
4629,2022-10-25,France,42486849,44065,711,15545.0,28520,881300,20432530.0,0.05,28852.0,442
4630,2022-10-26,India,110888345,44834,180,4485.0,40349,807012,46655850.0,0.0556,31114.0,408
4631,2022-10-27,Canada,77879125,44118,884,26488.0,17630,661770,53011652.0,0.0667,28943.0,68
4632,2022-10-28,Italy,115640865,30860,404,19049.0,11811,401180,12054396.0,0.0769,16706.0,82
4633,2022-10-29,Australia,135793554,6747,457,1947.0,4800,87711,133791421.0,0.0769,4730.0,179
4634,2022-10-30,Brazil,1937483,2644,198,1386.0,1258,39660,1603721.0,0.0667,610.0,31
4635,2022-10-31,UK,50902853,28669,998,22786.0,5883,487373,41034142.0,0.0588,1911.0,110
4636,2022-11-01,Brazil,34556401,48705,398,5235.0,43470,633165,23173581.0,0.0769,24328.0,487
4637,2022-11-02,Germany,119997817,14593,247,14428.0,165,87558,61934298.0,0.1667,12706.0,389
4638,2022-11-03,Japan,11528680,48001,390,33118.0,14883,720015,1451923.0,0.0667,33747.0,175
4639,2022-11-04,Australia,40362791,42421,152,24611.0,17810,805999,26824222.0,0.0526,24123.0,62
4640,2022-11-05,Italy,34593188,22452,725,4169.0,18283,246972,32359068.0,0.0909,19449.0,12
4641,2022-11-06,Japan,17602402,47193,817,,23472,519123,,0.0909,,476
4642,2022-11-07,UK,57067046,12722,139,4652.0,8070,228996,15471825.0,0.0556,4224.0,66
4643,2022-11-08,France,41117285,34916,966,11654.0,23262,593572,10693184.0,0.0588,15130.0,238
4644,2022-11-09,Canada,38530724,14359,509,3314.0,11045,143590,12498256.0,0.1,12302.0,296
4645,2022-11-10,Australia,56807101,6685,36,4776.0,1909,80220,48147975.0,0.0833,6281.0,375
4646,2022-11-11,Italy,188625910,46817,906,43331.0,3486,234085,145819047.0,0.2,20459.0,72
4647,2022-11-12,India,176819860,13606,257,13049.0,557,149666,119660708.0,0.0909,4376.0,101
4648,2022-11-13,USA,52294631,15284,908,2805.0,12479,168124,45821919.0,0.0909,10358.0,320
4649,2022-11-14,USA,145258865,33727,215,15316.0,18411,539632,107004726.0,0.0625,8380.0,184
4650,2022-11-15,Australia,174320640,31907,912,13969.0,17938,159535,72311735.0,0.2,7180.0,225
4651,2022-11-16,Japan,28119402,38826,536,14468.0,24358,310608,16022862.0,0.125,37445.0,337
4652,2022-11-17,Canada,104520091,35412,16,10105.0,25307,495768,49597354.0,0.0714,20130.0,154
4653,2022-11-18,France,196395890,45295,147,39013.0,6282,724720,131390459.0,0.0625,14578.0,237
4654,2022-11-19,Canada,167624345,43825,161,15312.0,28513,613550,8084585.0,0.0714,13517.0,365
4655,2022-11-20,France,40049197,41237,843,11726.0,29511,453607,28767992.0,0.0909,34689.0,185
4656,2022-11-21,France,166554974,13381,269,1490.0,11891,120429,141243496.0,0.1111,3496.0,325
4657,2022-11-22,France,154589671,2491,226,21.0,2470,47329,125828879.0,0.0526,891.0,346
4658,2022-11-23,Brazil,57700786,5262,710,2213.0,3049,26310,15973420.0,0.2,774.0,304
4659,2022-11-24,Canada,137850869,24519,775,5460.0,19059,441342,92729778.0,0.0556,2644.0,348
4660,2022-11-25,Japan,184864346,47676,30,39303.0,8373,715140,3136221.0,0.0667,28567.0,222
4661,2022-11-26,Australia,198686911,42555,536,16027.0,26528,255330,108252617.0,0.1667,14624.0,152
4662,2022-11-27,Italy,133664102,27364,482,24297.0,3067,383096,111244777.0,0.0714,18907.0,347
4663,2022-11-28,India,143778748,28086,252,23423.0,4663,449376,23897980.0,0.0625,7573.0,270
4664,2022-11-29,Brazil,90912210,12137,317,9735.0,2402,242740,51154893.0,0.05,2501.0,52
4665,2022-11-30,Germany,88309803,23099,579,9978.0,13121,277188,59292856.0,0.0833,6746.0,293
4666,2022-12-01,Canada,182640709,27173,233,7625.0,19548,353249,165111084.0,0.0769,19545.0,147
4667,2022-12-02,Germany,2938823,13176,569,3954.0,9222,210816,1343792.0,0.0625,6795.0,185
4668,2022-12-03,Australia,117898207,43419,668,19302.0,24117,477609,9997397.0,0.0909,3814.0,262
4669,2022-12-04,USA,132694517,14234,32,13357.0,877,128106,99097086.0,0.1111,257.0,339
4670,2022-12-05,Japan,40318105,48254,826,17601.0,30653,530794,25512737.0,0.0909,14512.0,349
4671,2022-12-06,Brazil,46028658,22998,753,10202.0,12796,436962,13749784.0,0.0526,5570.0,484
4672,2022-12-07,Italy,196881070,13402,291,5129.0,8273,254638,71914319.0,0.0526,3503.0,306
4673,2022-12-08,Italy,18532016,27923,683,15097.0,12826,139615,3222507.0,0.2,4058.0,17
4674,2022-12-09,India,162922455,680,309,119.0,561,12240,106389130.0,0.0556,452.0,106
4675,2022-12-10,Italy,42406684,27089,316,17121.0,9968,514691,37421277.0,0.0526,20576.0,353
4676,2022-12-11,Canada,54070303,43546,480,9855.0,33691,696736,41207373.0,0.0625,41294.0,480
4677,2022-12-12,Italy,75999027,5987,495,2459.0,3528,35922,3115044.0,0.1667,1620.0,253
4678,2022-12-13,France,26965087,27186,299,1917.0,25269,434976,21424525.0,0.0625,3520.0,7
4679,2022-12-14,Japan,77655536,22942,769,6859.0,16083,275304,36493821.0,0.0833,14264.0,492
4680,2022-12-15,France,155256001,19670,261,3491.0,16179,216370,62762696.0,0.0909,14433.0,393
4681,2022-12-16,France,148398529,3732,762,575.0,3157,55980,35102752.0,0.0667,2345.0,15
4682,2022-12-17,France,177947525,21741,398,7430.0,14311,347856,23588960.0,0.0625,6271.0,226
4683,2022-12-18,Italy,146578000,19853,757,5129.0,14724,377207,24312438.0,0.0526,17323.0,472
4684,2022-12-19,Germany,145886931,32929,242,3762.0,29167,428077,65904014.0,0.0769,23249.0,22
4685,2022-12-20,India,163733672,26429,520,15979.0,10450,290719,135120723.0,0.0909,12945.0,80
4686,2022-12-21,Italy,87804007,3785,153,2804.0,981,22710,68652903.0,0.1667,2641.0,302
4687,2022-12-22,UK,181674869,25554,287,12667.0,12887,255540,71193836.0,0.1,9770.0,396
4688,2022-12-23,Canada,63329202,23483,257,6169.0,17314,399211,39920689.0,0.0588,5793.0,57
4689,2022-12-24,UK,51107421,6692,702,3779.0,2913,113764,2160475.0,0.0588,4132.0,231
4690,2022-12-25,Canada,18045037,334,266,55.0,279,2004,7032235.0,0.1667,158.0,214
4691,2022-12-26,Italy,167939412,19053,390,5056.0,13997,95265,80438011.0,0.2,1920.0,108
4692,2022-12-27,Japan,129027448,26369,265,11909.0,14460,342797,61680543.0,0.0769,24073.0,467
4693,2022-12-28,USA,157454630,8029,672,1954.0,6075,56203,114361354.0,0.1429,1525.0,90
4694,2022-12-29,Canada,32082773,22153,45,14363.0,7790,376601,23446244.0,0.0588,11506.0,282
4695,2022-12-30,Italy,110729790,46541,514,541.0,46000,325787,85694478.0,0.1429,41866.0,22
4696,2022-12-31,UK,12383047,19837,125,9553.0,10284,238044,3604707.0,0.0833,12216.0,67
4697,2023-01-01,USA,146977361,27261,731,3828.0,23433,463437,340769.0,0.0588,26703.0,114
4698,2023-01-02,Italy,139412011,20564,323,20554.0,10,102820,44922747.0,0.2,11099.0,402
4699,2023-01-03,India,130364505,12649,808,4152.0,8497,63245,14217417.0,0.2,1123.0,94
4700,2023-01-04,USA,80001446,23187,876,7928.0,15259,185496,72742951.0,0.125,12280.0,286
4701,2023-01-05,Germany,15709998,25216,765,,21432,176512,,0.1429,,290
4702,2023-01-06,India,156262636,7597,194,115.0,7482,129149,100308222.0,0.0588,7185.0,182
4703,2023-01-07,Japan,91205840,7917,589,7140.0,777,95004,77361531.0,0.0833,4360.0,224
4704,2023-01-08,India,22873172,32877,443,,32273,230139,,0.1429,,328
4705,2023-01-09,France,84534124,39997,970,30324.0,9673,439967,21868923.0,0.0909,23962.0,8
4706,2023-01-10,Brazil,132639593,46005,103,6673.0,39332,828090,11237964.0,0.0556,38731.0,112
4707,2023-01-11,Canada,56709942,9207,76,6017.0,3190,119691,38687420.0,0.0769,2673.0,492
4708,2023-01-12,UK,37176814,2758,576,1672.0,1086,16548,3500540.0,0.1667,1957.0,446
4709,2023-01-13,France,182522089,4786,958,927.0,3859,95720,97499905.0,0.05,4552.0,178
4710,2023-01-14,India,104443444,10125,733,2770.0,7355,131625,72598543.0,0.0769,6367.0,204
4711,2023-01-15,Brazil,29512355,4475,707,2990.0,1485,80550,26474219.0,0.0556,268.0,332
4712,2023-01-16,Japan,62620074,3902,397,1478.0,2424,62432,4927940.0,0.0625,1302.0,251
4713,2023-01-17,Japan,181864892,6114,172,5212.0,902,48912,148811841.0,0.125,393.0,425
4714,2023-01-18,UK,173663089,4159,555,3489.0,670,33272,35368968.0,0.125,1815.0,100
4715,2023-01-19,India,16914811,11934,332,6083.0,5851,238680,4551928.0,0.05,7031.0,403
4716,2023-01-20,Italy,41438034,14494,117,1539.0,12955,202916,22873629.0,0.0714,7052.0,284
4717,2023-01-21,Italy,177658822,45057,517,,39669,360456,,0.125,,324
4718,2023-01-22,Canada,29920545,37402,781,10889.0,26513,224412,9670630.0,0.1667,2021.0,176
4719,2023-01-23,Japan,44829419,5836,66,4682.0,1154,35016,14572847.0,0.1667,48.0,265
4720,2023-01-24,Germany,33869692,26538,804,17557.0,8981,212304,894500.0,0.125,8359.0,382
4721,2023-01-25,Italy,110271964,2785,897,569.0,2216,19495,92850740.0,0.1429,2046.0,464
4722,2023-01-26,Italy,28435944,16820,39,9084.0,7736,218660,14255670.0,0.0769,10671.0,134
4723,2023-01-27,India,76293312,37095,896,14001.0,23094,185475,54215919.0,0.2,21785.0,424
4724,2023-01-28,Canada,135620987,2276,423,1737.0,539,43244,70404101.0,0.0526,1631.0,221
4725,2023-01-29,India,160483145,36536,225,729.0,35807,584576,153410487.0,0.0625,31923.0,132
4726,2023-01-30,Italy,39026455,39871,280,34748.0,5123,558194,9601612.0,0.0714,1053.0,148
4727,2023-01-31,Brazil,167509985,23533,465,2217.0,21316,447127,115716741.0,0.0526,10361.0,434
4728,2023-02-01,Japan,52146239,44202,779,3105.0,41097,618828,30476776.0,0.0714,25594.0,309
4729,2023-02-02,USA,23971444,39358,825,16723.0,22635,432938,1506467.0,0.0909,25607.0,480
4730,2023-02-03,Australia,77689615,32464,142,15280.0,17184,551888,16570894.0,0.0588,32415.0,150
4731,2023-02-04,India,181468100,46674,384,12678.0,33996,700110,156350313.0,0.0667,8831.0,494
4732,2023-02-05,USA,185249141,25389,132,5442.0,19947,482391,104175634.0,0.0526,3963.0,388
4733,2023-02-06,India,105751482,25358,140,169.0,25189,431086,58436553.0,0.0588,25165.0,97
4734,2023-02-07,France,83796638,39109,534,30755.0,8354,508417,53689859.0,0.0769,38960.0,469
4735,2023-02-08,Japan,170470440,44244,422,12583.0,31661,265464,33537246.0,0.1667,24220.0,193
4736,2023-02-09,Brazil,43252093,32613,763,16522.0,16091,456582,3006827.0,0.0714,2061.0,459
4737,2023-02-10,Brazil,98689814,32587,974,28258.0,4329,358457,11641635.0,0.0909,10560.0,75
4738,2023-02-11,Canada,74421503,11751,984,8424.0,3327,176265,20316746.0,0.0667,6394.0,425
4739,2023-02-12,Japan,10085597,45,33,25.0,20,630,10069742.0,0.0714,4.0,231
4740,2023-02-13,Brazil,49252026,7077,370,,6956,42462,,0.1667,,320
4741,2023-02-14,USA,97631537,47982,918,33062.0,14920,719730,26738600.0,0.0667,12348.0,368
4742,2023-02-15,Canada,32951072,33753,278,9409.0,24344,607554,558958.0,0.0556,15069.0,147
4743,2023-02-16,India,179209372,9791,248,7343.0,2448,88119,33173135.0,0.1111,1395.0,452
4744,2023-02-17,Germany,40428867,37922,277,21005.0,16917,455064,7315057.0,0.0833,4922.0,143
4745,2023-02-18,UK,9313139,35274,948,3458.0,31816,423288,4449975.0,0.0833,30512.0,448
4746,2023-02-19,Germany,130308967,38780,780,3129.0,35651,349020,92499462.0,0.1111,2957.0,387
4747,2023-02-20,Brazil,40886153,6335,950,5395.0,940,114030,35628342.0,0.0556,1868.0,47
4748,2023-02-21,USA,59253381,32249,637,1437.0,30812,225743,33705309.0,0.1429,21402.0,7
4749,2023-02-22,Brazil,12444654,44634,580,19543.0,25091,401706,5213222.0,0.1111,26764.0,176
4750,2023-02-23,Canada,125329668,34034,790,5512.0,28522,374374,91171779.0,0.0909,23699.0,258
4751,2023-02-24,Brazil,128096506,29599,995,20351.0,9248,473584,116345534.0,0.0625,13664.0,109
4752,2023-02-25,Australia,189514560,19694,514,2567.0,17127,177246,52458106.0,0.1111,4885.0,161
4753,2023-02-26,UK,84434140,19361,765,13277.0,6084,174249,43208682.0,0.1111,10713.0,59
4754,2023-02-27,India,19148501,30535,993,13287.0,17248,305350,18573673.0,0.1,10850.0,23
4755,2023-02-28,France,67982161,16499,344,4522.0,11977,197988,25056826.0,0.0833,15457.0,81
4756,2023-03-01,Japan,2910010,17170,451,4171.0,12999,343400,1825143.0,0.05,12414.0,362
4757,2023-03-02,France,12881165,34883,131,,32449,488362,,0.0714,,40
4758,2023-03-03,UK,195067809,43589,132,39945.0,3644,871780,84129267.0,0.05,4735.0,350
4759,2023-03-04,UK,58753386,46975,933,21415.0,25560,751600,40545648.0,0.0625,6732.0,190
4760,2023-03-05,India,191414132,8930,405,,2103,71440,,0.125,,430
4761,2023-03-06,UK,80331873,46653,920,41266.0,5387,606489,35343294.0,0.0769,248.0,325
4762,2023-03-07,Germany,33690393,997,824,601.0,396,6979,18613512.0,0.1429,364.0,72
4763,2023-03-08,Germany,159613423,39157,391,19111.0,20046,626512,123845600.0,0.0625,17774.0,476
4764,2023-03-09,USA,55959928,13994,70,4243.0,9751,279880,6488399.0,0.05,11198.0,435
4765,2023-03-10,Italy,98287613,14862,232,1449.0,13413,178344,37128306.0,0.0833,7387.0,84
4766,2023-03-11,USA,168026245,28320,862,8160.0,20160,538080,7647838.0,0.0526,824.0,384
4767,2023-03-12,Germany,13269677,48910,210,7414.0,41496,684740,3796459.0,0.0714,19760.0,307
4768,2023-03-13,Japan,161967411,32527,373,,24212,520432,,0.0625,,35
4769,2023-03-14,France,197940820,34778,536,1579.0,33199,243446,127818930.0,0.1429,26441.0,27
4770,2023-03-15,Italy,191738072,8574,118,2572.0,6002,77166,133987160.0,0.1111,4180.0,111
4771,2023-03-16,Germany,123499051,28646,940,21451.0,7195,257814,65906837.0,0.1111,19115.0,444
4772,2023-03-17,Brazil,13089317,13805,219,11880.0,1925,138050,2808155.0,0.1,3753.0,445
4773,2023-03-18,India,162620143,21069,270,2826.0,18243,126414,117835624.0,0.1667,9497.0,230
4774,2023-03-19,Japan,56496212,44942,120,24482.0,20460,494362,53523064.0,0.0909,36410.0,237
4775,2023-03-20,India,84122101,30135,482,6442.0,23693,602700,34338038.0,0.05,15041.0,9
4776,2023-03-21,India,60372572,26390,394,12919.0,13471,422240,26992306.0,0.0625,122.0,344
4777,2023-03-22,France,121602889,24748,985,1252.0,23496,222732,21750551.0,0.1111,5067.0,61
4778,2023-03-23,Italy,49582896,45052,660,9744.0,35308,405468,8114954.0,0.1111,13928.0,439
4779,2023-03-24,France,136142570,27219,885,9617.0,17602,272190,129053395.0,0.1,25891.0,133
4780,2023-03-25,UK,119209297,8759,436,,4283,96349,,0.0909,,435
4781,2023-03-26,Brazil,3977865,19619,739,7818.0,11801,353142,2390418.0,0.0556,1202.0,460
4782,2023-03-27,France,108990595,26272,675,13261.0,13011,157632,36663469.0,0.1667,11544.0,118
4783,2023-03-28,Canada,26367347,11908,207,7774.0,4134,154804,6898253.0,0.0769,8536.0,415
4784,2023-03-29,Germany,196153707,18161,592,15161.0,3000,145288,139815881.0,0.125,14188.0,179
4785,2023-03-30,India,27327610,10093,990,5811.0,4282,100930,3971224.0,0.1,6370.0,383
4786,2023-03-31,India,64092790,30650,570,8296.0,22354,214550,31798844.0,0.1429,10057.0,286
4787,2023-04-01,France,191675432,47568,960,32789.0,14779,808656,67758550.0,0.0588,6215.0,42
4788,2023-04-02,France,186031869,26920,744,15843.0,11077,430720,97020529.0,0.0625,26427.0,320
4789,2023-04-03,Italy,191522100,24397,586,15943.0,8454,243970,19663298.0,0.1,8085.0,255
4790,2023-04-04,UK,155030489,49460,202,42618.0,6842,544060,110088917.0,0.0909,45177.0,201
4791,2023-04-05,Australia,91316153,37761,508,26144.0,11617,755220,53653415.0,0.05,28027.0,266
4792,2023-04-06,France,133169806,31210,499,19214.0,11996,343310,48436498.0,0.0909,13931.0,36
4793,2023-04-07,USA,57000640,20224,91,4315.0,15909,262912,39971066.0,0.0769,19163.0,177
4794,2023-04-08,Japan,60071588,36398,24,503.0,35895,509572,12022968.0,0.0714,32203.0,437
4795,2023-04-09,Japan,35971047,12582,205,2624.0,9958,62910,32883914.0,0.2,1883.0,186
4796,2023-04-10,Italy,8400339,2173,96,1866.0,307,15211,3757154.0,0.1429,435.0,171
4797,2023-04-11,Brazil,83664228,34451,990,34437.0,14,482314,37991516.0,0.0714,13029.0,211
4798,2023-04-12,Italy,68407968,32728,633,27607.0,5121,229096,35104446.0,0.1429,19782.0,6
4799,2023-04-13,Germany,24362180,166,134,66.0,100,1328,12900786.0,0.125,117.0,360
4800,2023-04-14,Australia,163564539,1215,319,47.0,1168,8505,91973247.0,0.1429,459.0,271
4801,2020-01-01,UK,178564833,1753,390,823.0,930,29801,123960790.0,0.0588,792.0,231
4802,2020-01-02,Brazil,49722976,2396,598,781.0,1615,19168,3023557.0,0.125,793.0,234
4803,2020-01-03,Canada,49641648,28334,312,21004.0,7330,283340,3834254.0,0.1,16676.0,408
4804,2020-01-04,Canada,104872150,37199,579,8440.0,28759,371990,35830413.0,0.1,30734.0,53
4805,2020-01-05,Italy,179394968,49343,661,25486.0,23857,789488,119166928.0,0.0625,12810.0,80
4806,2020-01-06,Canada,132236127,30599,7,26715.0,3884,244792,91441265.0,0.125,10100.0,347
4807,2020-01-07,Brazil,167047861,6283,853,2462.0,3821,125660,55190848.0,0.05,5981.0,428
4808,2020-01-08,France,112054109,301,300,84.0,217,4515,54532784.0,0.0667,282.0,352
4809,2020-01-09,India,144892340,41998,703,5934.0,36064,755964,16867550.0,0.0556,34324.0,175
4810,2020-01-10,Japan,181804773,39646,485,26509.0,13137,634336,134473941.0,0.0625,31381.0,441
4811,2020-01-11,Germany,159688731,19224,849,12260.0,6964,211464,110252355.0,0.0909,8897.0,452
4812,2020-01-12,Australia,134193438,3346,172,1779.0,1567,36806,20183757.0,0.0909,1620.0,429
4813,2020-01-13,Germany,133283554,43113,434,20133.0,22980,732921,108511712.0,0.0588,21940.0,265
4814,2020-01-14,Germany,120306093,42979,759,17601.0,25378,730643,83083524.0,0.0588,38231.0,324
4815,2020-01-15,UK,72156260,29007,762,26442.0,2565,464112,47457136.0,0.0625,9013.0,437
4816,2020-01-16,Brazil,120011511,16563,884,6087.0,10476,99378,96220838.0,0.1667,8296.0,12
4817,2020-01-17,India,98856765,15816,453,7704.0,8112,158160,80599864.0,0.1,9161.0,371
4818,2020-01-18,UK,74254334,44513,851,10158.0,34355,756721,42254501.0,0.0588,42053.0,319
4819,2020-01-19,Canada,70443784,21808,898,20924.0,884,261696,59180122.0,0.0833,9163.0,283
4820,2020-01-20,France,9734388,31590,537,31352.0,238,505440,3851580.0,0.0625,7075.0,101
4821,2020-01-21,Italy,196796056,34975,380,8570.0,26405,384725,50071181.0,0.0909,7921.0,126
4822,2020-01-22,Germany,110275171,39376,388,19523.0,19853,236256,93499751.0,0.1667,1912.0,243
4823,2020-01-23,Canada,60434553,30054,214,28240.0,1814,390702,5862705.0,0.0769,42.0,369
4824,2020-01-24,Canada,104703014,14314,180,1030.0,13284,186082,3934470.0,0.0769,1693.0,23
4825,2020-01-25,Australia,199130742,9250,417,3336.0,5914,111000,143066173.0,0.0833,7075.0,105
4826,2020-01-26,Japan,55248384,19094,946,6165.0,12929,362786,18866493.0,0.0526,8731.0,354
4827,2020-01-27,Brazil,106789252,28303,763,27080.0,1223,339636,29314563.0,0.0833,15915.0,100
4828,2020-01-28,Italy,154109230,40588,485,23257.0,17331,324704,90106892.0,0.125,9609.0,400
4829,2020-01-29,USA,15411154,46446,977,,37720,650244,,0.0714,,449
4830,2020-01-30,India,24833830,1385,183,99.0,1286,27700,14636800.0,0.05,989.0,411
4831,2020-01-31,Japan,144161976,7220,698,62.0,7158,108300,30865966.0,0.0667,2449.0,500
4832,2020-02-01,UK,139982001,17194,606,2073.0,15121,343880,125985527.0,0.05,16985.0,100
4833,2020-02-02,UK,64366606,1423,437,1245.0,178,18499,16885338.0,0.0769,658.0,228
4834,2020-02-03,Italy,176905957,24327,276,1199.0,23128,486540,141762085.0,0.05,6893.0,437
4835,2020-02-04,India,92642114,1502,968,798.0,704,15020,55015092.0,0.1,380.0,389
4836,2020-02-05,Japan,126451211,1900,743,1074.0,826,38000,44844846.0,0.05,1548.0,240
4837,2020-02-06,Italy,17230297,31515,87,10658.0,20857,252120,5366044.0,0.125,5974.0,122
4838,2020-02-07,USA,193945888,26157,944,23049.0,3108,287727,153004276.0,0.0909,4173.0,96
4839,2020-02-08,USA,133066018,30259,259,,11924,423626,,0.0714,,377
4840,2020-02-09,Canada,56593360,16283,510,9546.0,6737,309377,602742.0,0.0526,15018.0,355
4841,2020-02-10,Japan,136566425,767,501,175.0,592,5369,12044727.0,0.1429,656.0,186
4842,2020-02-11,Australia,32972152,1963,838,1088.0,875,25519,1370000.0,0.0769,73.0,494
4843,2020-02-12,Germany,123156574,34584,209,14833.0,19751,657096,71257274.0,0.0526,33573.0,496
4844,2020-02-13,UK,53687890,696,233,436.0,260,11136,31033832.0,0.0625,443.0,476
4845,2020-02-14,Italy,89198024,43249,291,42775.0,474,605486,35208012.0,0.0714,8473.0,245
4846,2020-02-15,Australia,50580774,33690,59,33042.0,648,370590,7897645.0,0.0909,33164.0,125
4847,2020-02-16,Japan,179031835,25556,822,17157.0,8399,306672,22201514.0,0.0833,16136.0,381
4848,2020-02-17,Germany,140387100,21339,764,887.0,20452,277407,70086468.0,0.0769,1364.0,282
4849,2020-02-18,UK,151852199,43187,586,22514.0,20673,475057,6430366.0,0.0909,12202.0,497
4850,2020-02-19,Canada,168937680,2206,472,684.0,1522,39708,1363348.0,0.0556,632.0,216
4851,2020-02-20,Brazil,167245776,40959,799,37415.0,3544,327672,97067077.0,0.125,13547.0,426
4852,2020-02-21,UK,175207527,2474,920,1941.0,533,42058,102300054.0,0.0588,896.0,10
4853,2020-02-22,Canada,162167896,10822,932,6794.0,4028,173152,107253544.0,0.0625,4337.0,496
4854,2020-02-23,Canada,1863568,16044,30,8833.0,7211,128352,1684528.0,0.125,4508.0,412
4855,2020-02-24,India,17138711,11796,699,4212.0,7584,129756,5481197.0,0.0909,1924.0,74
4856,2020-02-25,Canada,169565514,39928,365,25838.0,14090,279496,149901388.0,0.1429,286.0,11
4857,2020-02-26,Japan,79438509,8390,205,7106.0,1284,75510,5232080.0,0.1111,2069.0,413
4858,2020-02-27,UK,15889176,19723,541,15646.0,4077,118338,9506229.0,0.1667,1832.0,465
4859,2020-02-28,France,94037085,19485,543,10052.0,9433,370215,29194304.0,0.0526,11760.0,227
4860,2020-02-29,Canada,131302187,39321,457,25915.0,13406,353889,36358944.0,0.1111,21457.0,121
4861,2020-03-01,Brazil,142268642,6879,383,6186.0,693,68790,130464871.0,0.1,5558.0,96
4862,2020-03-02,USA,139303277,9049,447,4552.0,4497,81441,95304199.0,0.1111,8264.0,175
4863,2020-03-03,Japan,50570874,23746,373,2561.0,21185,451174,46007228.0,0.0526,17297.0,401
4864,2020-03-04,Italy,142183236,43344,741,,5194,650160,,0.0667,,124
4865,2020-03-05,Germany,15398234,33639,126,5903.0,27736,504585,14176177.0,0.0667,17157.0,379
4866,2020-03-06,Germany,135703051,29719,396,26334.0,3385,445785,3997798.0,0.0667,16793.0,283
4867,2020-03-07,France,76624957,38351,757,30806.0,7545,575265,4086791.0,0.0667,37493.0,69
4868,2020-03-08,UK,176666062,16731,295,3388.0,13343,234234,11024931.0,0.0714,10893.0,13
4869,2020-03-09,Canada,120083261,27064,609,,11832,433024,,0.0625,,357
4870,2020-03-10,France,57460049,24134,881,13235.0,10899,168938,4160953.0,0.1429,23324.0,68
4871,2020-03-11,Australia,179253804,9997,457,2811.0,7186,149955,80537369.0,0.0667,7405.0,321
4872,2020-03-12,Germany,134319235,32319,278,20126.0,12193,323190,99304288.0,0.1,28815.0,362
4873,2020-03-13,Germany,32533640,8270,222,941.0,7329,74430,28572467.0,0.1111,4068.0,247
4874,2020-03-14,India,161023801,30797,630,29535.0,1262,153985,132462111.0,0.2,23288.0,145
4875,2020-03-15,Japan,89834401,23867,614,14555.0,9312,334138,76395473.0,0.0714,15133.0,458
4876,2020-03-16,Brazil,72176095,47161,865,40246.0,6915,848898,57226620.0,0.0556,12941.0,347
4877,2020-03-17,Brazil,152300922,22342,807,8522.0,13820,446840,31517774.0,0.05,10809.0,186
4878,2020-03-18,Japan,158336293,14483,351,13994.0,489,144830,120904173.0,0.1,7319.0,134
4879,2020-03-19,USA,168521245,48118,810,46754.0,1364,818006,80832852.0,0.0588,10149.0,466
4880,2020-03-20,Canada,42082300,32166,151,9899.0,22267,643320,26662405.0,0.05,6466.0,412
4881,2020-03-21,Germany,17845318,18548,836,6496.0,12052,148384,6776594.0,0.125,3382.0,254
4882,2020-03-22,Canada,171985197,3239,57,1851.0,1388,45346,97854662.0,0.0714,2276.0,123
4883,2020-03-23,Japan,78789925,23146,364,2749.0,20397,347190,48792241.0,0.0667,6138.0,490
4884,2020-03-24,Canada,34024545,27784,571,,21743,305624,,0.0909,,496
4885,2020-03-25,France,177637815,31696,716,3495.0,28201,570528,111336621.0,0.0556,1768.0,286
4886,2020-03-26,USA,165486900,23338,776,23084.0,254,326732,155834614.0,0.0714,982.0,257
4887,2020-03-27,USA,113038295,49750,734,46420.0,3330,696500,26967434.0,0.0714,31041.0,45
4888,2020-03-28,USA,100470580,21602,696,,15451,324030,,0.0667,,367
4889,2020-03-29,France,156446982,29936,597,22350.0,7586,359232,104949953.0,0.0833,12573.0,454
4890,2020-03-30,Japan,13408657,40374,698,24477.0,15897,282618,11211033.0,0.1429,2362.0,268
4891,2020-03-31,India,155552713,33924,518,10970.0,22954,169620,23621004.0,0.2,24153.0,190
4892,2020-04-01,Canada,149140923,12904,611,11622.0,1282,90328,28998241.0,0.1429,3352.0,88
4893,2020-04-02,Italy,12733441,10601,415,5931.0,4670,63606,553284.0,0.1667,3110.0,351
4894,2020-04-03,Japan,182963228,48075,243,1701.0,46374,528825,153186429.0,0.0909,15924.0,255
4895,2020-04-04,France,158688520,2789,189,2780.0,9,33468,145852579.0,0.0833,2606.0,229
4896,2020-04-05,France,140253568,11112,966,383.0,10729,77784,56708345.0,0.1429,4868.0,145
4897,2020-04-06,Japan,121740841,34061,101,7047.0,27014,647159,58019225.0,0.0526,16283.0,382
4898,2020-04-07,France,74274590,8854,756,8725.0,129,106248,40128100.0,0.0833,1518.0,95
4899,2020-04-08,Australia,79905576,12212,760,5581.0,6631,219816,39205269.0,0.0556,4556.0,76
4900,2020-04-09,Australia,196402415,27068,314,18063.0,9005,135340,69164323.0,0.2,21241.0,286
4901,2020-04-10,Japan,53109869,44841,783,33933.0,10908,896820,40216394.0,0.05,26638.0,122
4902,2020-04-11,France,119740624,38920,803,17473.0,21447,272440,91684044.0,0.1429,31088.0,227
4903,2020-04-12,France,82162189,17866,624,12336.0,5530,250124,52099344.0,0.0714,14610.0,339
4904,2020-04-13,UK,24706096,20051,954,11622.0,8429,340867,20463503.0,0.0588,18646.0,315
4905,2020-04-14,Japan,189747215,21951,255,18942.0,3009,329265,88659182.0,0.0667,13217.0,159
4906,2020-04-15,Japan,176447933,9448,200,4875.0,4573,47240,40962260.0,0.2,182.0,433
4907,2020-04-16,Japan,150121081,37050,824,12472.0,24578,481650,104314275.0,0.0769,27413.0,341
4908,2020-04-17,Italy,140414823,4186,981,3189.0,997,41860,37340767.0,0.1,1195.0,124
4909,2020-04-18,Japan,179506637,42593,645,283.0,42310,383337,71481591.0,0.1111,36712.0,251
4910,2020-04-19,UK,37875221,12172,924,11313.0,859,146064,31387513.0,0.0833,3774.0,248
4911,2020-04-20,USA,190784555,36568,792,18884.0,17684,219408,103832476.0,0.1667,13353.0,263
4912,2020-04-21,France,112044696,32239,941,22383.0,9856,483585,66541443.0,0.0667,8015.0,26
4913,2020-04-22,Australia,72268365,21607,335,2467.0,19140,367319,43694820.0,0.0588,13087.0,333
4914,2020-04-23,India,179800723,24368,845,9283.0,15085,414256,150759380.0,0.0588,1773.0,453
4915,2020-04-24,Australia,95640068,22106,68,17789.0,4317,375802,85523717.0,0.0588,21353.0,217
4916,2020-04-25,Japan,71098771,41887,261,2457.0,39430,544531,28834736.0,0.0769,14692.0,84
4917,2020-04-26,Japan,126330407,2386,376,703.0,1683,19088,34273845.0,0.125,1454.0,98
4918,2020-04-27,Brazil,68460619,16593,181,15207.0,1386,99558,39170012.0,0.1667,2876.0,350
4919,2020-04-28,Canada,137929347,28265,453,20072.0,8193,537035,26776971.0,0.0526,4498.0,25
4920,2020-04-29,India,67990833,21351,84,656.0,20695,149457,46654278.0,0.1429,11151.0,209
4921,2020-04-30,France,101412626,41113,103,25684.0,15429,493356,42493177.0,0.0833,20939.0,25
4922,2020-05-01,Brazil,146874015,5740,640,3585.0,2155,63140,49829584.0,0.0909,4609.0,256
4923,2020-05-02,Australia,128719788,27742,420,,23272,305162,,0.0909,,302
4924,2020-05-03,UK,186714167,46967,48,28673.0,18294,422703,55621774.0,0.1111,35911.0,49
4925,2020-05-04,India,1419788,26359,41,1981.0,24378,184513,1029839.0,0.1429,1250.0,186
4926,2020-05-05,Australia,41560947,8317,617,6982.0,1335,108121,23459361.0,0.0769,4841.0,297
4927,2020-05-06,Brazil,110100007,23714,632,4100.0,19614,118570,44795481.0,0.2,15501.0,9
4928,2020-05-07,USA,189788103,11808,359,1709.0,10099,212544,25684579.0,0.0556,4750.0,110
4929,2020-05-08,India,85967878,33017,841,20321.0,12696,198102,41890862.0,0.1667,31718.0,245
4930,2020-05-09,India,197380200,48628,736,24624.0,24004,389024,59277338.0,0.125,28056.0,39
4931,2020-05-10,Japan,3909711,39016,769,28980.0,10036,351144,456067.0,0.1111,36029.0,300
4932,2020-05-11,Germany,123346004,18841,347,12250.0,6591,357979,14794966.0,0.0526,14647.0,122
4933,2020-05-12,Brazil,42606847,2865,290,,1006,20055,,0.1429,,144
4934,2020-05-13,Canada,67816469,5700,183,2311.0,3389,102600,55194831.0,0.0556,3261.0,438
4935,2020-05-14,Japan,12606007,11503,226,8206.0,3297,195551,1450355.0,0.0588,5829.0,173
4936,2020-05-15,Canada,137953768,1452,428,1154.0,298,18876,121786256.0,0.0769,679.0,173
4937,2020-05-16,Japan,41209255,27589,467,23040.0,4549,165534,16237277.0,0.1667,20612.0,456
4938,2020-05-17,Canada,127988580,48980,58,39545.0,9435,930620,97176753.0,0.0526,7388.0,3
4939,2020-05-18,Australia,3067927,23346,925,894.0,22452,420228,2306276.0,0.0556,1365.0,218
4940,2020-05-19,Brazil,156436827,179,81,61.0,118,1253,19058379.0,0.1429,21.0,357
4941,2020-05-20,Brazil,141270956,5984,869,2846.0,3138,113696,54387555.0,0.0526,1973.0,186
4942,2020-05-21,Canada,51364749,37640,822,22591.0,15049,451680,1120584.0,0.0833,17867.0,271
4943,2020-05-22,Japan,76665537,48108,596,2177.0,45931,721620,10992519.0,0.0667,21682.0,242
4944,2020-05-23,USA,16049845,28990,595,19265.0,9725,318890,2437397.0,0.0909,23142.0,270
4945,2020-05-24,Germany,61989108,2101,151,990.0,1111,21010,26571407.0,0.1,1688.0,383
4946,2020-05-25,Brazil,142819981,21910,643,11067.0,10843,175280,6590045.0,0.125,1131.0,155
4947,2020-05-26,France,19474798,42758,927,38512.0,4246,641370,10226771.0,0.0667,33057.0,16
4948,2020-05-27,Germany,85842489,6457,51,1487.0,4970,77484,25549868.0,0.0833,3205.0,396
4949,2020-05-28,UK,98985578,47409,253,32712.0,14697,853362,27257300.0,0.0556,426.0,161
4950,2020-05-29,Australia,130384260,46443,790,22306.0,24137,650202,25972175.0,0.0714,45911.0,445
4951,2020-05-30,Japan,15209684,189,147,51.0,138,2646,2005179.0,0.0714,67.0,119
4952,2020-05-31,Australia,122020691,29423,33,8459.0,20964,264807,12870422.0,0.1111,351.0,424
4953,2020-06-01,Italy,73357984,28890,62,25243.0,3647,288900,45769457.0,0.1,5558.0,282
4954,2020-06-02,Australia,183525774,14678,883,11202.0,3476,293560,24839559.0,0.05,10517.0,430
4955,2020-06-03,Japan,145707340,24517,389,7177.0,17340,196136,121873278.0,0.125,19828.0,227
4956,2020-06-04,UK,101656785,2412,363,2026.0,386,48240,99253568.0,0.05,2305.0,122
4957,2020-06-05,Italy,9194423,45969,70,42220.0,3749,735504,6091533.0,0.0625,5502.0,396
4958,2020-06-06,USA,102582410,39752,787,3826.0,35926,437272,33198583.0,0.0909,31989.0,301
4959,2020-06-07,France,57876734,24627,294,3539.0,21088,492540,1874341.0,0.05,19731.0,365
4960,2020-06-08,Germany,70175816,47361,307,44533.0,2828,805137,47027948.0,0.0588,23261.0,423
4961,2020-06-09,Australia,41061858,48499,342,11083.0,37416,533489,24736886.0,0.0909,1406.0,339
4962,2020-06-10,Japan,134536700,25047,885,12967.0,12080,125235,70050844.0,0.2,5895.0,445
4963,2020-06-11,Brazil,4315169,30734,550,1875.0,28859,461010,3568334.0,0.0667,21382.0,482
4964,2020-06-12,India,194605905,11946,460,10133.0,1813,119460,110238366.0,0.1,2108.0,500
4965,2020-06-13,Japan,170538453,43099,392,38849.0,4250,344792,150622625.0,0.125,33589.0,440
4966,2020-06-14,India,6359949,48464,120,46735.0,1729,581568,3657477.0,0.0833,38511.0,332
4967,2020-06-15,USA,19254474,38637,285,1166.0,37471,193185,18647780.0,0.2,30628.0,25
4968,2020-06-16,Brazil,14150424,12865,139,4680.0,8185,218705,11186574.0,0.0588,8640.0,12
4969,2020-06-17,Australia,93536617,43799,682,9466.0,34333,832181,62403072.0,0.0526,32490.0,401
4970,2020-06-18,Japan,14355334,5546,284,49.0,5497,105374,2250355.0,0.0526,4149.0,66
4971,2020-06-19,Italy,27992986,6893,576,4142.0,2751,124074,21725808.0,0.0556,3286.0,156
4972,2020-06-20,Canada,117504779,1846,987,841.0,1005,35074,27149608.0,0.0526,1217.0,185
4973,2020-06-21,Brazil,105782024,45571,817,8679.0,36892,364568,79569937.0,0.125,9784.0,18
4974,2020-06-22,UK,96053307,7872,994,6196.0,1676,125952,53857307.0,0.0625,7008.0,474
4975,2020-06-23,France,196778812,37285,956,7168.0,30117,521990,196120823.0,0.0714,11449.0,180
4976,2020-06-24,Australia,13048399,3192,507,,1461,25536,,0.125,,136
4977,2020-06-25,France,194939095,34402,426,3412.0,30990,378422,97470559.0,0.0909,7906.0,282
4978,2020-06-26,France,36089264,47895,115,15779.0,32116,957900,17591934.0,0.05,29443.0,483
4979,2020-06-27,Italy,76739860,32710,461,12813.0,19897,392520,50172721.0,0.0833,30425.0,318
4980,2020-06-28,France,179957265,44439,967,22610.0,21829,622146,58025048.0,0.0714,15413.0,190
4981,2020-06-29,USA,104784821,39610,592,928.0,38682,792200,100894943.0,0.05,11628.0,179
4982,2020-06-30,Japan,39814511,2365,862,2037.0,328,26015,4132698.0,0.0909,1041.0,218
4983,2020-07-01,USA,172909294,37875,126,28130.0,9745,643875,131775637.0,0.0588,37835.0,45
4984,2020-07-02,Canada,153631673,27540,985,8362.0,19178,302940,56591258.0,0.0909,7830.0,347
4985,2020-07-03,Australia,11085580,13951,642,12701.0,1250,167412,9313251.0,0.0833,9122.0,110
4986,2020-07-04,Australia,11631535,21032,656,8144.0,12888,189288,8650325.0,0.1111,12252.0,118
4987,2020-07-05,Brazil,64195540,21589,863,10727.0,10862,215890,28422327.0,0.1,1745.0,69
4988,2020-07-06,Australia,161584240,44271,283,8301.0,35970,885420,68070162.0,0.05,33041.0,63
4989,2020-07-07,Italy,31530876,12209,571,9627.0,2582,207553,19826987.0,0.0588,3227.0,148
4990,2020-07-08,Brazil,99888892,8009,462,6119.0,1890,80090,17117416.0,0.1,4743.0,113
4991,2020-07-09,India,23200703,28868,660,13792.0,15076,519624,11262447.0,0.0556,25992.0,125
4992,2020-07-10,Canada,153379540,42665,283,13870.0,28795,682640,14893048.0,0.0625,21342.0,494
4993,2020-07-11,Italy,130481324,45398,676,12962.0,32436,907960,104820649.0,0.05,5169.0,234
4994,2020-07-12,Germany,81706620,13358,75,11302.0,2056,187012,28411599.0,0.0714,10497.0,163
4995,2020-07-13,Canada,56403962,22920,253,6441.0,16479,160440,4611027.0,0.1429,16218.0,180
4996,2020-07-14,Italy,9498020,38509,144,8400.0,30109,385090,841609.0,0.1,17804.0,263
4997,2020-07-15,Canada,10298453,48042,806,35715.0,12327,816714,9924128.0,0.0588,29537.0,329
4998,2020-07-16,UK,95580179,27374,190,7327.0,20047,355862,26451514.0,0.0769,18894.0,51
4999,2020-07-17,France,110236224,35116,386,4930.0,30186,175580,108258220.0,0.2,20671.0,166
5000,2020-07-18,Italy,5448702,26197,586,1326.0,24871,340561,1911170.0,0.0769,21076.0,468
