PassengerId,Survived,Pclass,Name,Sex,Age,SibSp,Parch,Ticket,Fare,Cabin,Embarked
1,0,3,"Thomas, Mr. Charles",male,2.4,0,1,731858,16.17,F9,S
2,1,2,"Harris, Miss. Alice",female,43.57,0,0,364540,20.06,E124,S
3,0,3,"White, Mrs. Ellen",female,39.19,0,0,133235,9.6,,S
4,0,3,"Miller, Mr. John",male,19.31,0,0,678141,9.38,,Q
5,0,1,"Jackson, Mr. John",male,44.26,1,0,295414,,E86,Q
6,0,3,"Jones, Mr. Edward",male,22.39,0,0,545276,10.43,,S
7,0,3,"White, Miss. Mary",female,27.9,0,0,787924,20.15,,S
8,0,3,"Thomas, Miss. Helen",female,11.23,2,0,610493,14.59,F43,C
9,1,1,"Davis, Miss. Emma",female,45.47,1,0,150738,124.26,A127,S
10,1,2,"Harris, Master. Frank",male,10.31,0,0,705179,25.16,,S
11,0,2,"Miller, Mr. Robert",male,8.04,0,0,465154,13.88,,Q
12,0,3,"Anderson, Mr. John",male,,1,2,315252,2.28,,S
13,0,3,"Moore, Mr. Thomas",male,,1,0,717405,6.98,,S
14,0,3,"Jackson, Mrs. Grace",female,,2,1,905172,8.64,,S
15,1,2,"Davis, Mr. Edward",male,,0,3,304337,12.51,,S
16,1,2,"Harris, Mr. John",male,52.63,1,0,142134,29.81,,
17,0,3,"Jones, Mr. Charles",male,26.93,0,0,856143,19.31,,S
18,1,1,"Jackson, Mr. Edward",male,,0,0,320262,176.9,E85,S
19,0,3,"Robinson, Mr. John",male,,1,3,373480,8.04,,S
20,0,3,"Jackson, Mr. Thomas",male,37.03,1,0,212049,23.38,,C
21,0,3,"Brown, Miss. Ellen",female,31.91,0,1,168716,23.34,G83,S
22,0,2,"Thompson, Miss. Anna",female,35.3,0,0,470131,17.68,E113,S
23,0,3,"Jones, Mrs. Anna",female,33.83,1,0,641645,16.08,,S
24,0,3,"Johnson, Mr. William",male,3.1,0,0,950246,21.06,,S
25,0,3,"Moore, Mr. Charles",male,3.56,0,1,523593,12.62,,S
26,0,1,"Thompson, Mr. Charles",male,37.09,0,1,844223,78.27,,S
27,0,2,"Brown, Mr. Frank",male,27.63,0,2,932963,13.73,,S
28,1,1,"Jackson, Mr. Charles",male,44.96,1,0,544042,0.0,,S
29,0,1,"Jackson, Mr. John",male,,0,0,598770,86.96,E143,S
30,0,3,"Martin, Mr. Robert",male,31.98,0,2,461960,8.39,F145,S
31,0,3,"Smith, Mr. Charles",male,,1,0,789431,6.01,F141,C
32,1,3,"Jones, Mrs. Florence",female,24.87,0,0,135371,15.74,G147,S
33,0,2,"Taylor, Mr. Thomas",male,,0,0,948572,5.49,,S
34,0,2,"Moore, Mr. James",male,34.64,0,0,541441,28.06,D25,S
35,0,2,"Anderson, Mr. Henry",male,,1,0,213598,24.84,E66,S
36,0,1,"Miller, Master. William",male,42.18,1,1,329167,67.19,D38,S
37,1,1,"Brown, Mrs. Emma",female,20.37,1,0,593804,81.34,,S
38,0,3,"Brown, Mr. Robert",male,,0,1,100861,5.26,,S
39,1,2,"Johnson, Mrs. Margaret",female,,1,0,800289,27.5,F17,S
40,1,3,"Garcia, Miss. Alice",female,27.73,0,2,860510,14.22,,S
41,1,2,"Williams, Master. Edward",male,10.25,0,0,624248,22.62,D28,S
42,0,3,"Wilson, Mr. John",male,,0,0,750157,16.26,,S
43,0,3,"Smith, Rev. William",male,6.98,0,1,179925,8.82,,Q
44,1,2,"Brown, Mr. George",male,,0,0,945669,4.81,F148,S
45,0,3,"Moore, Mr. Frank",male,26.41,0,0,468409,19.22,,S
46,0,3,"Miller, Mrs. Mary",female,,2,0,521346,17.48,,S
47,0,2,"Williams, Master. James",male,,8,0,345488,14.65,,C
48,1,2,"Miller, Mrs. Emma",female,,0,0,547074,24.09,,S
49,0,3,"Anderson, Mr. William",male,24.86,2,0,121347,21.18,,Q
50,1,1,"Jones, Miss. Anna",female,34.72,1,0,604758,,,S
51,0,1,"Williams, Mr. Robert",male,,0,0,351793,60.29,,S
52,0,1,"Taylor, Mr. George",male,,3,0,894049,21.47,,S
53,0,3,"Martinez, Mr. Thomas",male,9.14,1,0,268263,4.44,F147,S
54,0,3,"Miller, Mr. Edward",male,14.86,0,1,285306,10.97,,S
55,1,3,"Williams, Miss. Emma",female,26.07,0,1,676976,22.51,,Q
56,0,3,"Martinez, Mr. Frank",male,,0,0,161701,8.27,G138,C
57,0,2,"Anderson, Mr. William",male,66.78,2,0,689914,14.04,,S
58,1,3,"Garcia, Mr. Thomas",male,8.85,0,2,697711,8.99,,S
59,1,1,"Harris, Mr. James",male,36.5,0,2,573810,61.67,,S
60,0,1,"Garcia, Mr. Henry",male,20.92,0,0,558411,83.53,B12,C
61,0,3,"Wilson, Mr. Robert",male,20.35,0,0,798594,4.68,,S
62,0,3,"Martin, Mr. Frank",male,20.83,0,0,633338,20.05,,S
63,0,3,"Martin, Mr. Thomas",male,35.14,2,0,820260,12.06,F124,S
64,0,3,"Wilson, Mr. Henry",male,19.6,0,0,898580,29.11,G143,Q
65,0,3,"Taylor, Mrs. Grace",female,22.7,1,0,353632,5.37,,S
66,0,3,"Jones, Mr. Henry",male,,0,0,915795,23.33,,
67,0,3,"Harris, Dr. Charles",male,8.19,0,2,611829,,,Q
68,0,2,"Martinez, Mr. William",male,22.17,0,0,440697,15.88,D30,C
69,0,1,"Harris, Mr. George",male,,0,1,844505,67.41,,S
70,0,2,"Williams, Master. Robert",male,30.89,1,2,719697,10.79,,C
71,1,1,"Thompson, Master. Charles",male,44.71,1,0,740871,45.79,,S
72,0,2,"Garcia, Mr. John",male,27.18,0,0,542924,19.99,E48,S
73,0,3,"Martin, Mr. Henry",male,21.97,1,1,146064,13.13,G75,S
74,1,2,"Robinson, Mr. Edward",male,9.35,1,0,600267,3.98,,S
75,1,1,"Taylor, Mrs. Mary",female,44.48,0,0,793529,180.33,,S
76,0,2,"Jones, Mr. Frank",male,,0,0,831699,17.4,,S
77,0,2,"Garcia, Mr. Edward",male,38.97,1,0,167144,20.66,,S
78,0,3,"Jackson, Mr. Henry",male,40.8,1,0,351635,8.93,,C
79,0,3,"Davis, Mr. William",male,22.75,0,2,748661,11.26,,S
80,0,3,"Johnson, Mrs. Helen",female,12.72,0,0,182351,10.67,,S
81,0,3,"Brown, Mr. Robert",male,24.8,0,2,889357,12.98,,S
82,0,2,"Johnson, Dr. Henry",male,34.18,0,0,714021,19.85,,C
83,0,3,"Jones, Mr. Henry",male,21.21,0,1,806603,18.23,,S
84,1,1,"Jones, Dr. James",male,31.23,0,1,374808,93.54,,Q
85,1,1,"Robinson, Miss. Elizabeth",female,44.76,0,0,646148,113.58,,C
86,1,1,"Harris, Mr. John",male,43.97,0,2,367943,83.59,E3,C
87,0,3,"Brown, Miss. Margaret",female,20.84,0,2,208887,14.5,,C
88,0,2,"Martin, Mr. James",male,10.15,0,0,212675,17.59,D97,S
89,0,1,"Jackson, Miss. Emma",female,,0,1,250885,126.13,C36,C
90,0,3,"Williams, Mr. Charles",male,15.79,1,0,956511,15.1,G11,S
91,0,1,"Martinez, Mr. George",male,40.57,1,0,183758,77.36,D59,S
92,1,3,"Martin, Miss. Emma",female,26.81,0,0,850752,11.78,,S
93,0,2,"Moore, Mr. Edward",male,7.33,1,0,575132,18.91,,C
94,0,2,"Martinez, Mr. William",male,30.97,1,0,757843,20.3,,S
95,1,2,"Smith, Miss. Emma",female,36.17,0,0,698737,19.44,,C
96,0,3,"Davis, Mr. Frank",male,,5,2,588983,9.37,,Q
97,1,2,"Brown, Miss. Elizabeth",female,31.41,0,0,929867,27.65,,S
98,0,1,"Martin, Mr. James",male,14.27,0,1,126336,118.78,,S
99,1,1,"Taylor, Miss. Emma",female,53.32,1,0,562504,158.92,,S
100,0,3,"Taylor, Mrs. Anna",female,29.93,0,0,973949,9.08,,S
101,0,3,"Jackson, Mr. John",male,10.56,0,1,646682,17.33,,S
102,0,3,"Thomas, Master. Charles",male,15.55,0,0,276523,0.59,,S
103,1,2,"Anderson, Mr. Thomas",male,,0,0,319491,28.29,,S
104,0,3,"Garcia, Mr. Edward",male,33.16,0,5,743699,3.53,,S
105,0,3,"Taylor, Miss. Emma",female,19.14,0,0,662844,6.6,F21,S
106,0,3,"Williams, Master. Robert",male,34.91,4,0,592303,15.16,,S
107,0,2,"Taylor, Mr. Henry",male,,0,0,136271,13.79,E53,S
108,0,2,"Wilson, Mr. Charles",male,17.49,1,0,353041,12.42,,C
109,0,1,"Robinson, Mr. Thomas",male,13.23,0,0,499303,63.64,,S
110,1,3,"Smith, Mrs. Florence",female,14.23,0,0,510882,17.74,,S
111,0,2,"White, Mr. Frank",male,,1,0,636037,10.67,,S
112,0,1,"Robinson, Mr. Thomas",male,,0,0,618824,81.73,,S
113,1,2,"Miller, Mrs. Ellen",female,,0,0,519792,16.21,,C
114,0,3,"Moore, Mrs. Mary",female,,1,0,731878,18.33,,S
115,0,1,"Wilson, Mr. Robert",male,,0,2,696641,119.61,,S
116,1,3,"Martinez, Miss. Helen",female,30.68,0,1,770601,1.07,F66,C
117,0,3,"Davis, Mr. James",male,,3,0,381296,19.79,,C
118,1,3,"Wilson, Miss. Margaret",female,18.13,0,2,131208,9.03,,S
119,0,2,"Moore, Mr. John",male,,0,1,998282,22.36,,S
120,0,3,"Anderson, Mr. George",male,12.45,0,0,883939,6.9,,S
121,0,3,"Harris, Mr. George",male,,0,0,326550,15.41,,S
122,0,3,"Harris, Mr. John",male,25.16,0,0,747817,29.58,,C
123,0,1,"Williams, Mr. George",male,41.4,0,0,386419,89.34,A8,S
124,0,2,"Robinson, Mr. William",male,22.5,0,0,804208,15.4,,S
125,0,1,"Harris, Master. Thomas",male,38.92,1,0,248682,74.25,B42,S
126,0,3,"Johnson, Mr. James",male,32.3,1,3,412483,3.45,,C
127,0,2,"White, Mr. Henry",male,53.54,0,0,590921,34.49,F135,S
128,1,1,"White, Mr. Thomas",male,36.49,0,0,724647,97.14,,C
129,1,1,"Smith, Miss. Florence",female,,0,3,359162,39.95,D109,S
130,1,3,"Harris, Miss. Helen",female,43.33,1,0,651042,6.39,,C
131,1,1,"Smith, Mr. John",male,31.41,0,0,469057,84.64,,C
132,1,3,"Robinson, Master. William",male,9.11,1,0,404386,19.06,,C
133,0,3,"Brown, Master. John",male,,0,0,845474,5.52,,Q
134,1,2,"Brown, Mr. George",male,42.91,2,0,251202,31.13,,Q
135,1,3,"Anderson, Mrs. Ellen",female,29.33,3,0,755886,12.4,,Q
136,0,1,"Taylor, Mr. James",male,36.84,0,1,624538,44.93,,S
137,0,3,"Anderson, Mr. Charles",male,,0,0,708189,9.96,,S
138,0,3,"Davis, Mr. Edward",male,24.3,0,1,792982,24.37,F117,S
139,0,3,"Martinez, Mr. Charles",male,39.8,0,0,826414,3.98,,S
140,1,1,"Harris, Mrs. Florence",female,23.19,1,0,410263,53.26,B91,S
141,1,3,"Harris, Mr. Charles",male,,0,0,465829,19.19,,S
142,0,3,"Miller, Mr. George",male,20.35,0,0,880966,14.41,,Q
143,0,3,"Wilson, Master. James",male,16.63,2,0,571392,7.86,G17,S
144,1,3,"Harris, Mrs. Florence",female,27.98,8,0,881759,19.27,F35,S
145,0,3,"Jackson, Mr. George",male,30.32,0,0,986369,19.58,,S
146,0,2,"Garcia, Miss. Anna",female,35.19,4,0,785873,23.31,,S
147,0,2,"Johnson, Dr. Florence",female,18.28,0,0,843945,13.88,,S
148,0,3,"Garcia, Mr. Charles",male,5.25,0,0,215143,10.02,,S
149,0,2,"Moore, Mrs. Florence",female,33.15,0,0,773782,22.85,,S
150,0,1,"Davis, Mr. George",male,31.93,0,2,561907,28.9,,C
151,1,3,"Robinson, Mrs. Alice",female,47.06,0,0,577386,21.63,,S
152,0,3,"Taylor, Mr. Edward",male,,0,0,984175,24.05,G67,S
153,1,1,"White, Master. William",male,,0,0,333305,74.09,,S
154,0,3,"Anderson, Mr. Charles",male,13.72,2,0,333646,15.31,,S
155,0,1,"Wilson, Mr. Charles",male,44.83,0,1,273432,133.8,,S
156,0,3,"Smith, Master. Charles",male,35.45,1,2,132446,25.71,,C
157,1,2,"Davis, Mr. Henry",male,39.1,0,1,250580,35.57,D144,S
158,0,3,"Jackson, Mr. Edward",male,20.75,0,2,566579,1.72,,S
159,0,3,"Miller, Mr. James",male,40.35,0,0,429583,10.95,,S
160,0,3,"Wilson, Mr. Charles",male,,0,2,339816,16.25,G23,S
161,1,1,"Moore, Miss. Anna",female,,0,1,996403,63.24,,S
162,1,3,"Jones, Miss. Emma",female,6.55,2,1,766297,24.59,,S
163,0,2,"Martinez, Mr. Thomas",male,37.74,0,1,271508,36.29,,C
164,1,1,"Anderson, Mr. Frank",male,34.88,1,0,947528,49.73,,S
165,0,3,"Jackson, Mr. William",male,30.58,1,0,674860,11.94,,S
166,1,2,"Davis, Miss. Mary",female,32.82,1,0,488054,12.5,,S
167,0,3,"Smith, Dr. William",male,27.17,0,0,429026,11.73,G123,S
168,1,3,"Wilson, Mrs. Florence",female,24.45,2,0,818544,11.53,G72,S
169,0,2,"Robinson, Mr. Henry",male,,0,0,488058,29.54,F87,S
170,0,3,"Brown, Mr. George",male,22.61,0,0,743891,7.22,,C
171,0,2,"Thomas, Mrs. Ellen",female,12.54,1,0,526820,0.0,,C
172,0,3,"Moore, Mr. William",male,31.83,0,0,703957,2.57,,S
173,1,2,"Martin, Mrs. Mary",female,20.29,1,0,780327,9.72,,S
174,0,3,"Johnson, Mr. Frank",male,9.11,0,0,129054,8.74,F126,S
175,0,1,"Davis, Mr. Robert",male,,1,0,211942,91.86,E17,C
176,0,1,"Thompson, Mr. Robert",male,41.4,1,0,752691,38.65,,S
177,0,2,"Smith, Mr. James",male,28.84,0,0,361363,7.89,F93,C
178,1,3,"Martinez, Master. George",male,0.42,0,0,799969,6.96,,S
179,0,3,"Smith, Mr. Robert",male,20.4,0,0,439334,5.75,F75,S
180,0,3,"Davis, Mr. Thomas",male,39.03,1,0,167460,9.4,F51,S
181,1,3,"Anderson, Mrs. Grace",female,19.58,0,0,493094,,,S
182,0,3,"Moore, Mr. Edward",male,23.01,1,0,917230,17.48,,S
183,1,3,"Smith, Mr. William",male,37.52,0,0,987467,,,S
184,0,2,"Taylor, Dr. Mary",female,39.55,0,2,516489,16.42,,S
185,0,3,"Miller, Mr. Frank",male,37.26,1,0,688592,9.46,,Q
186,1,3,"White, Miss. Mary",female,0.42,1,0,794328,18.26,G60,S
187,0,2,"Miller, Master. Charles",male,50.8,0,0,469483,18.46,F107,C
188,0,1,"Miller, Mr. James",male,45.64,0,0,728184,128.13,A65,Q
189,1,3,"Smith, Miss. Florence",female,54.54,1,0,886016,5.51,,S
190,0,2,"Wilson, Mr. George",male,,1,0,819482,19.51,,S
191,0,3,"Harris, Master. George",male,3.84,0,0,601369,9.26,,S
192,1,2,"Thomas, Mrs. Emma",female,30.09,0,0,120106,7.74,F129,C
193,0,1,"Brown, Mr. Robert",male,34.7,0,0,738167,81.16,,Q
194,1,3,"Harris, Mrs. Elizabeth",female,,0,0,678926,24.26,,Q
195,1,1,"Garcia, Miss. Alice",female,50.9,0,1,528130,48.18,,S
196,1,1,"Johnson, Mrs. Emma",female,36.95,0,0,386055,78.65,,Q
197,0,3,"Moore, Mr. John",male,22.11,1,0,519061,4.47,,S
198,0,3,"Jones, Mr. Henry",male,31.27,0,0,438026,3.52,,S
199,1,1,"Taylor, Mrs. Elizabeth",female,34.92,1,0,227867,50.94,,S
200,0,2,"Anderson, Mr. John",male,25.92,0,0,222018,15.5,,S
201,0,3,"Wilson, Mr. George",male,37.45,0,0,396685,10.36,,S
202,0,3,"Robinson, Master. Robert",male,40.12,0,0,614159,11.53,,S
203,0,3,"Thompson, Mr. Charles",male,38.01,0,0,117900,2.29,,Q
204,0,1,"Garcia, Mr. James",male,35.98,1,0,749648,57.71,,S
205,0,1,"Williams, Mr. Charles",male,12.32,2,1,124238,105.07,C10,C
206,0,2,"Martin, Mr. William",male,28.22,1,0,319293,6.42,,S
207,1,1,"Williams, Mr. John",male,28.9,1,0,923626,69.08,,S
208,0,3,"Miller, Miss. Margaret",female,23.44,1,3,240493,14.9,,S
209,0,1,"Thomas, Mr. Edward",male,29.95,1,0,317977,51.14,,C
210,0,3,"Williams, Mr. Edward",male,,0,0,956203,15.22,F137,C
211,0,3,"Robinson, Mr. William",male,12.53,1,0,163968,3.11,,S
212,0,3,"Jones, Mr. Thomas",male,9.63,0,2,317945,18.77,,S
213,0,1,"Martinez, Mrs. Anna",female,52.67,0,0,599772,99.36,,S
214,1,3,"Thompson, Miss. Grace",female,13.36,1,0,395585,13.36,,S
215,0,3,"Davis, Mr. Thomas",male,,1,3,629529,20.31,,S
216,0,3,"Brown, Mr. George",male,36.45,0,0,893299,10.86,,C
217,0,1,"Harris, Mr. James",male,48.97,3,0,511007,58.05,,S
218,0,1,"Martinez, Mr. Thomas",male,47.54,0,1,476637,141.65,,S
219,0,3,"Wilson, Mr. Charles",male,28.63,1,2,377203,24.96,,S
220,0,2,"Wilson, Mr. John",male,38.69,3,0,398065,13.07,D2,Q
221,0,2,"Garcia, Mr. Henry",male,46.48,0,0,619387,18.86,,S
222,0,3,"Thomas, Mr. Charles",male,30.1,2,0,162527,19.79,,S
223,0,3,"White, Mr. Charles",male,,1,2,230895,12.49,F24,C
224,0,3,"Martin, Mr. George",male,18.66,1,0,809399,16.86,,S
225,0,2,"Brown, Mr. Thomas",male,38.36,3,0,496640,27.8,,S
226,0,3,"Moore, Mr. George",male,17.47,0,0,762316,9.35,,S
227,1,1,"White, Mr. Henry",male,57.44,0,0,868312,101.61,C148,C
228,0,3,"Moore, Mr. John",male,,0,0,345385,12.96,F60,S
229,0,3,"Williams, Master. Frank",male,,0,0,439891,5.09,G128,S
230,0,1,"Moore, Rev. George",male,51.5,0,0,648371,42.43,,S
231,1,1,"Thompson, Mrs. Margaret",female,,0,0,725259,56.6,,S
232,1,2,"Jackson, Miss. Elizabeth",female,,0,0,151786,29.29,,S
233,0,3,"White, Mr. James",male,35.79,1,0,608661,19.25,,S
234,0,3,"Jones, Mr. Robert",male,7.33,2,0,308965,17.87,F50,S
235,1,3,"Brown, Miss. Helen",female,,4,0,508978,15.86,G54,S
236,0,3,"Wilson, Dr. Robert",male,34.95,0,0,829750,15.68,F147,Q
237,0,2,"Miller, Mr. Edward",male,30.79,0,0,240531,22.78,,S
238,0,3,"Anderson, Mr. Henry",male,42.61,0,0,952921,15.65,G9,S
239,1,1,"Anderson, Mr. Frank",male,19.09,0,0,406365,103.97,,S
240,1,1,"Martinez, Mr. Henry",male,17.72,0,0,794065,25.01,,S
241,0,3,"Martin, Mr. George",male,34.24,0,4,264111,7.86,,C
242,0,3,"Garcia, Master. Thomas",male,,2,0,748438,6.31,,Q
243,0,2,"Williams, Mr. Edward",male,27.68,0,0,856060,31.07,,S
244,0,3,"Smith, Mr. William",male,,1,0,700546,23.75,,S
245,0,3,"Thompson, Mr. Edward",male,33.94,1,0,938693,0.0,,S
246,1,3,"Jackson, Miss. Helen",female,15.23,1,3,166082,23.17,,C
247,0,3,"Brown, Mr. Edward",male,16.52,0,0,924778,13.56,,S
248,0,2,"Williams, Mr. William",male,32.28,0,1,599747,30.13,,S
249,0,2,"Johnson, Mr. George",male,40.85,4,4,324864,25.06,,S
250,0,2,"Garcia, Miss. Grace",female,16.01,0,1,706566,34.4,,S
251,0,3,"Smith, Mr. Thomas",male,22.62,0,0,538734,14.36,,S
252,0,3,"Jones, Mr. William",male,,4,1,786923,4.14,F70,S
253,0,2,"Miller, Mr. Charles",male,,1,0,757048,18.94,,S
254,1,2,"Smith, Miss. Margaret",female,29.9,1,0,740164,25.16,D107,S
255,0,2,"Davis, Mrs. Emma",female,23.45,0,0,857104,17.84,E70,S
256,0,3,"Garcia, Mrs. Mary",female,39.98,0,2,396480,17.28,F113,S
257,0,3,"Moore, Master. Thomas",male,,1,1,307030,12.57,F84,C
258,1,1,"Martinez, Mr. George",male,34.49,0,0,621978,58.99,E52,S
259,0,1,"Martin, Mr. Robert",male,18.9,0,1,309398,38.39,,S
260,0,3,"Thompson, Mr. James",male,16.44,0,0,826808,10.45,,S
261,0,1,"Anderson, Mrs. Florence",female,44.19,0,0,921253,92.59,,C
262,0,3,"Brown, Master. George",male,28.85,0,0,545903,0.26,F123,C
263,0,2,"Martinez, Mr. Frank",male,37.19,1,0,811165,12.2,E149,S
264,1,1,"Williams, Miss. Florence",female,,0,0,471066,0.14,,S
265,0,3,"Harris, Mr. George",male,50.05,0,1,890159,,F143,C
266,0,1,"Brown, Mr. William",male,29.03,3,4,181083,134.29,,C
267,0,2,"Taylor, Dr. John",male,10.57,3,0,986125,8.14,,S
268,1,1,"Moore, Mrs. Elizabeth",female,25.39,1,0,592530,113.53,E132,S
269,1,1,"Williams, Miss. Margaret",female,29.56,2,0,962276,203.65,,S
270,0,1,"Smith, Mr. Edward",male,26.31,0,0,737620,145.05,,C
271,1,1,"Smith, Miss. Anna",female,39.12,0,0,756256,,,S
272,1,1,"Davis, Miss. Helen",female,53.03,0,0,418605,120.05,,Q
273,1,1,"Moore, Miss. Mary",female,56.48,0,0,698824,26.47,,S
274,1,3,"Davis, Mrs. Mary",female,,1,0,777355,2.77,,S
275,0,3,"Moore, Mr. Robert",male,50.7,1,2,762274,13.19,,C
276,1,2,"Garcia, Miss. Margaret",female,25.72,0,0,994073,23.99,,C
277,1,2,"Thomas, Mr. John",male,10.41,0,0,150561,30.94,D87,C
278,1,3,"Taylor, Mrs. Grace",female,,8,0,286832,9.3,,S
279,0,3,"Smith, Master. William",male,,0,0,487175,14.26,,Q
280,0,3,"Wilson, Mrs. Alice",female,,0,0,659469,14.03,,Q
281,1,1,"Moore, Miss. Ellen",female,,0,0,630346,78.48,,Q
282,0,1,"Williams, Mr. Robert",male,,0,0,402189,80.96,D55,S
283,1,2,"Taylor, Miss. Helen",female,,0,0,221123,11.45,E76,C
284,1,2,"Johnson, Mr. Edward",male,15.83,0,0,318274,22.8,,S
285,0,3,"Anderson, Mr. Robert",male,24.87,0,0,801983,14.27,,S
286,0,2,"Wilson, Mr. James",male,42.04,0,0,602799,15.6,E45,S
287,0,1,"White, Mrs. Emma",female,,0,0,112363,111.96,E108,S
288,0,2,"Robinson, Mr. Robert",male,,0,1,445524,30.28,,Q
289,1,3,"Miller, Mr. William",male,10.03,0,0,457658,17.4,,S
290,0,1,"Williams, Mr. Charles",male,28.28,0,1,657947,40.22,,S
291,0,3,"Williams, Mr. James",male,,1,0,831376,13.65,F2,C
292,0,1,"Davis, Mr. Henry",male,42.12,1,0,696598,45.72,,S
293,1,3,"Robinson, Miss. Grace",female,,0,0,991999,13.63,F3,S
294,1,1,"Robinson, Miss. Grace",female,11.47,0,0,471187,45.88,A51,S
295,0,3,"White, Miss. Anna",female,30.04,0,0,838385,21.3,G111,S
296,0,3,"Thompson, Mr. Thomas",male,14.23,0,1,112236,18.09,,S
297,1,3,"Taylor, Miss. Helen",female,,1,0,375450,20.49,,C
298,0,3,"Wilson, Mr. George",male,15.93,8,0,921387,19.84,,S
299,0,3,"Smith, Mr. Edward",male,13.15,0,0,149651,11.24,,S
300,0,3,"Anderson, Mr. Edward",male,26.84,0,0,965717,10.23,,S
301,0,3,"Wilson, Master. Charles",male,53.29,0,0,563778,24.32,,C
302,0,1,"Williams, Mr. George",male,46.99,0,0,347455,77.06,,S
303,1,3,"Martinez, Mrs. Florence",female,,0,0,121547,4.2,,C
304,0,3,"Garcia, Mr. James",male,29.31,0,0,875050,19.55,,S
305,0,3,"Harris, Master. James",male,3.99,0,0,256217,13.93,,S
306,0,2,"Moore, Master. Charles",male,16.53,1,0,921269,35.06,,S
307,1,2,"Taylor, Mrs. Florence",female,0.42,0,0,992838,22.43,,S
308,0,3,"Martin, Master. Edward",male,45.76,0,0,298653,12.87,,S
309,0,2,"Johnson, Mr. Edward",male,48.33,5,0,729570,35.26,E71,S
310,1,1,"Wilson, Mr. George",male,,1,0,536103,,,S
311,0,3,"Martinez, Mr. Robert",male,26.62,0,0,616999,9.2,,S
312,1,2,"Jackson, Mr. Frank",male,,8,0,172211,11.13,,S
313,0,2,"Anderson, Mr. Robert",male,27.37,1,0,498426,0.0,,S
314,0,2,"Harris, Mr. Henry",male,,0,0,499523,28.73,E65,S
315,0,2,"Martinez, Mr. Charles",male,,0,0,601923,14.43,,C
316,0,2,"Williams, Mr. Henry",male,23.22,0,0,375996,,,Q
317,0,2,"Jackson, Mr. John",male,8.9,0,0,492352,23.89,,C
318,1,3,"Martin, Mrs. Emma",female,41.56,2,0,246877,16.95,,S
319,0,2,"Thompson, Mr. Charles",male,29.16,0,1,396862,15.45,,Q
320,0,3,"Taylor, Mr. John",male,3.92,0,0,600304,8.03,,C
321,0,3,"Moore, Master. George",male,13.91,0,0,659038,13.58,,S
322,0,3,"Garcia, Mr. Robert",male,9.67,1,1,215756,18.97,,S
323,0,2,"Smith, Mrs. Elizabeth",female,28.42,0,0,651504,19.5,,S
324,0,3,"Jones, Mr. Charles",male,27.49,0,0,417842,8.44,,C
325,0,3,"Harris, Mr. William",male,18.96,0,0,318871,5.21,,S
326,0,3,"Davis, Mr. William",male,,1,0,876944,14.33,G81,S
327,0,3,"Robinson, Mr. William",male,25.95,0,2,801112,9.4,,S
328,0,3,"Harris, Miss. Mary",female,37.75,0,1,711700,12.53,,S
329,0,3,"Williams, Mr. William",male,20.71,0,0,478488,11.45,,S
330,0,2,"Anderson, Master. William",male,66.54,0,0,825185,15.56,,S
331,1,3,"Miller, Miss. Florence",female,18.23,0,0,474423,14.91,G92,S
332,0,1,"Miller, Mrs. Alice",female,27.16,0,0,309996,107.29,E35,S
333,0,3,"Williams, Mr. John",male,,1,0,531097,25.77,,Q
334,0,3,"Martinez, Master. George",male,22.47,0,2,605835,17.93,,S
335,1,1,"Davis, Mr. James",male,17.37,0,0,659420,150.93,,S
336,1,3,"Martin, Mrs. Margaret",female,28.53,0,1,363791,7.68,,S
337,1,1,"Taylor, Mrs. Helen",female,15.14,0,0,594843,16.76,,S
338,1,3,"Johnson, Miss. Helen",female,26.94,0,0,507332,12.91,,C
339,1,1,"Robinson, Miss. Anna",female,21.78,0,1,315253,120.04,,Q
340,0,3,"Martinez, Mr. William",male,20.42,0,0,647974,17.56,F32,S
341,0,1,"Smith, Mr. Charles",male,45.25,0,0,376276,134.88,A111,S
342,0,3,"Jones, Mr. Charles",male,52.65,8,0,442644,0.0,,S
343,1,3,"Brown, Mrs. Helen",female,12.06,0,0,968197,21.14,,S
344,0,3,"Wilson, Mr. Edward",male,23.2,0,0,576253,,,S
345,0,3,"Jones, Mr. James",male,,2,0,593854,2.96,,S
346,0,3,"Davis, Master. Edward",male,14.56,0,1,629341,17.7,,S
347,0,3,"Robinson, Mrs. Grace",female,16.42,1,0,221562,14.1,G55,S
348,1,2,"Smith, Miss. Ellen",female,39.89,0,1,215810,23.81,,Q
349,0,3,"Wilson, Miss. Mary",female,19.14,0,1,485259,19.49,,S
350,0,1,"Jones, Mr. Henry",male,64.99,2,0,119472,102.07,,C
351,0,3,"Thomas, Miss. Anna",female,29.99,0,1,366229,3.43,,C
352,1,1,"Martin, Mrs. Margaret",female,25.88,1,1,180632,77.99,,S
353,1,3,"Williams, Miss. Margaret",female,20.6,0,0,667146,,,Q
354,1,3,"Martin, Miss. Elizabeth",female,15.38,0,0,894529,17.22,,S
355,1,2,"Brown, Miss. Elizabeth",female,39.6,0,0,128613,33.98,,S
356,1,3,"Martin, Miss. Anna",female,5.33,0,4,987355,,,S
357,0,3,"Taylor, Mr. Frank",male,8.91,0,4,533456,8.64,,S
358,0,3,"Johnson, Mr. George",male,17.9,2,0,231640,7.26,,S
359,0,3,"Martin, Mr. Frank",male,33.2,0,1,383113,10.05,,S
360,1,3,"Brown, Miss. Florence",female,39.8,1,0,417594,15.68,F48,C
361,0,3,"Martinez, Mr. Robert",male,41.57,0,1,414866,10.12,F18,Q
362,0,1,"Brown, Mr. George",male,44.36,0,0,399703,111.41,,S
363,0,1,"Moore, Master. Frank",male,37.01,0,2,965189,128.75,,S
364,1,1,"Jackson, Miss. Mary",female,47.54,0,6,634816,130.27,,S
365,1,3,"Harris, Miss. Ellen",female,11.27,0,0,259200,5.73,,Q
366,1,2,"Williams, Mrs. Florence",female,7.86,2,3,377122,33.86,,S
367,0,3,"Wilson, Mr. Frank",male,30.24,1,0,413501,22.53,,Q
368,1,3,"Thomas, Mrs. Florence",female,,0,0,960496,23.09,,S
369,0,2,"Williams, Miss. Helen",female,29.22,0,0,884039,18.42,,S
370,0,3,"White, Dr. Frank",male,26.44,0,0,264648,8.11,G15,S
371,0,3,"Brown, Mr. Edward",male,27.98,0,0,733466,6.6,,S
372,1,2,"Jones, Mrs. Anna",female,41.25,1,0,532747,8.98,,S
373,1,2,"Davis, Mr. John",male,39.98,0,0,299311,,F103,C
374,0,2,"Davis, Mr. Robert",male,,0,0,298528,28.48,,S
375,1,1,"Johnson, Miss. Ellen",female,,0,0,689688,138.88,E55,S
376,1,1,"White, Mrs. Margaret",female,39.29,4,1,461082,63.61,B129,
377,0,3,"Wilson, Mr. William",male,,1,0,112169,12.75,,S
378,1,2,"Harris, Miss. Elizabeth",female,27.64,2,0,280748,18.96,E114,S
379,0,2,"Johnson, Master. Charles",male,61.42,0,0,101805,13.65,,C
380,0,3,"Jones, Miss. Ellen",female,27.19,0,1,179202,17.78,G28,Q
381,0,3,"Wilson, Mr. Frank",male,,0,0,260292,15.36,,S
382,0,3,"Wilson, Dr. Anna",female,16.53,1,1,911207,13.92,,S
383,1,3,"Davis, Miss. Grace",female,,0,0,404965,15.33,,S
384,0,3,"Johnson, Mr. Thomas",male,34.12,1,1,624344,17.0,,S
385,0,2,"Smith, Mr. Edward",male,39.21,0,0,924558,26.05,,S
386,1,3,"White, Mrs. Florence",female,27.58,0,0,704238,7.55,,S
387,0,3,"Johnson, Mr. Frank",male,37.41,0,0,955616,18.83,,S
388,0,3,"Johnson, Mr. Edward",male,40.26,0,0,463830,14.66,F146,Q
389,0,1,"Martin, Master. Henry",male,41.4,1,0,129668,65.75,,Q
390,0,3,"Wilson, Mrs. Helen",female,,8,0,241762,14.52,,S
391,0,3,"Brown, Master. George",male,35.73,0,0,943357,15.24,,Q
392,1,1,"Harris, Mr. John",male,27.15,0,0,972454,129.43,,C
393,1,3,"Thompson, Miss. Margaret",female,16.38,1,0,648978,6.2,,S
394,0,3,"Martinez, Mr. James",male,24.36,0,0,405240,21.61,,Q
395,0,1,"Jones, Mr. Edward",male,17.1,1,0,239221,84.97,,Q
396,0,2,"Brown, Mr. Thomas",male,39.93,1,0,765917,14.94,E48,S
397,0,3,"Martinez, Master. James",male,13.45,0,0,435409,9.51,,C
398,0,2,"Thompson, Mr. Charles",male,24.34,0,0,913011,9.99,,S
399,0,2,"Thompson, Mrs. Emma",female,27.44,0,1,722598,2.59,,S
400,0,2,"Davis, Mr. James",male,30.47,0,1,604019,26.77,,C
401,0,2,"Davis, Miss. Alice",female,25.88,2,0,854479,39.81,D87,S
402,0,3,"Anderson, Mr. Edward",male,,0,0,469181,2.49,G88,S
403,0,3,"Thompson, Mr. Robert",male,24.28,0,0,671201,6.82,,S
404,0,1,"Brown, Master. Frank",male,32.64,0,1,330965,115.57,,C
405,0,3,"Harris, Mr. Frank",male,15.72,1,0,989433,12.7,,C
406,1,3,"Jackson, Miss. Emma",female,37.98,0,0,145097,18.42,,S
407,0,2,"Moore, Master. Robert",male,4.75,0,0,315933,18.98,,S
408,0,3,"Martin, Mr. John",male,22.53,0,1,165340,9.23,,S
409,0,1,"Johnson, Mr. James",male,32.37,0,0,954351,74.51,D107,S
410,0,3,"Wilson, Mrs. Alice",female,30.03,0,1,703401,0.0,,S
411,0,3,"Anderson, Mr. John",male,7.55,0,0,332629,5.57,,Q
412,1,3,"Moore, Mrs. Helen",female,19.0,0,1,928009,19.16,,S
413,1,1,"Miller, Mr. George",male,,2,5,757285,134.06,,S
414,0,3,"Miller, Mr. Henry",male,37.84,1,0,782393,22.14,,C
415,0,1,"Moore, Miss. Grace",female,,8,0,577589,102.52,,S
416,0,2,"Davis, Mr. William",male,15.8,3,0,377166,0.0,F85,S
417,0,1,"Martin, Mr. Robert",male,32.15,0,1,937105,,D83,S
418,0,3,"Harris, Miss. Mary",female,,0,0,202248,21.61,,S
419,1,1,"Thompson, Mr. Edward",male,23.59,1,0,310456,152.17,,C
420,0,3,"Thomas, Mr. Charles",male,,0,3,282878,21.86,,S
421,1,3,"Wilson, Mr. William",male,24.89,8,0,786494,11.46,,C
422,0,1,"Davis, Mr. Edward",male,33.37,0,2,871875,29.12,E109,S
423,1,1,"Jones, Mrs. Elizabeth",female,70.35,0,0,857627,82.29,,S
424,0,1,"Wilson, Mr. Charles",male,,0,0,325190,84.62,,S
425,1,3,"Miller, Mrs. Alice",female,,2,2,583700,23.18,,C
426,0,3,"Thompson, Mr. Robert",male,15.8,0,0,588961,14.48,F111,Q
427,1,2,"Brown, Mrs. Emma",female,,0,0,968304,20.17,,S
428,0,3,"Miller, Mrs. Emma",female,35.45,0,0,995229,13.48,,S
429,1,1,"Robinson, Mrs. Florence",female,30.94,0,0,386121,100.79,,S
430,0,3,"Anderson, Mr. Frank",male,,1,0,999084,17.07,,S
431,0,3,"Williams, Mr. James",male,14.26,0,0,901564,8.29,,Q
432,0,3,"Brown, Mr. Charles",male,11.27,1,0,294101,6.13,F63,S
433,1,3,"Thompson, Miss. Helen",female,37.44,0,0,760481,21.91,,S
434,0,3,"Garcia, Mr. William",male,18.35,0,0,962612,2.33,,S
435,1,1,"Thompson, Mrs. Emma",female,9.04,3,2,328825,152.79,B139,S
436,0,1,"Williams, Mr. George",male,59.18,0,1,377789,3.75,,C
437,0,1,"Jackson, Miss. Margaret",female,28.37,0,0,894157,59.45,,S
438,0,3,"Martin, Master. Charles",male,22.04,0,3,849259,19.32,,Q
439,1,3,"Harris, Mrs. Emma",female,,2,0,832876,13.0,,S
440,0,3,"Jones, Mr. James",male,23.3,0,0,312102,4.44,F51,C
441,0,3,"Garcia, Mr. Henry",male,23.04,0,0,333485,15.77,,S
442,1,1,"Robinson, Miss. Mary",female,23.26,1,1,135103,,,S
443,1,3,"White, Mrs. Anna",female,5.38,0,0,753923,11.6,,S
444,0,1,"Taylor, Miss. Grace",female,36.0,0,0,823138,57.8,E112,
445,0,2,"Miller, Mrs. Margaret",female,34.35,0,2,832683,19.65,,Q
446,0,3,"Taylor, Mr. Charles",male,28.67,0,0,510426,9.22,,C
447,1,3,"Smith, Miss. Margaret",female,19.22,2,1,176462,28.82,,S
448,0,3,"Thompson, Mr. James",male,25.24,0,0,987389,11.44,,S
449,1,1,"Davis, Mr. Frank",male,15.95,2,0,877595,68.3,,S
450,0,3,"Wilson, Master. Frank",male,30.52,4,0,418461,9.48,G39,S
451,1,1,"Miller, Mr. John",male,39.94,0,0,754760,158.63,,S
452,0,3,"Martinez, Mr. Edward",male,48.68,0,0,429946,2.35,,S
453,0,3,"Miller, Miss. Mary",female,25.09,0,0,868169,15.34,,S
454,0,1,"Moore, Mr. Edward",male,26.69,1,3,609673,73.95,,Q
455,1,1,"Jackson, Mrs. Emma",female,,0,0,999501,24.22,E123,S
456,1,1,"Anderson, Mr. Thomas",male,34.07,0,0,815836,49.6,C54,C
457,0,3,"Williams, Mr. Henry",male,30.22,2,0,684614,15.06,,Q
458,0,2,"Robinson, Mr. Henry",male,30.32,0,1,118685,11.36,,S
459,1,3,"Miller, Mr. Thomas",male,9.88,1,3,494379,14.69,,S
460,0,3,"Robinson, Mr. Henry",male,,0,0,670803,24.24,G66,S
461,1,3,"Davis, Mrs. Emma",female,,0,0,551559,14.11,,
462,0,1,"Garcia, Mr. John",male,54.6,1,0,318554,22.95,,S
463,0,3,"Miller, Mr. Edward",male,25.95,1,0,639612,7.5,,S
464,1,2,"Thompson, Mrs. Helen",female,39.76,0,0,301984,17.15,,S
465,0,3,"Anderson, Master. Thomas",male,37.15,0,0,959895,10.71,,S
466,0,3,"Davis, Miss. Emma",female,,1,0,179119,13.99,,C
467,1,3,"Robinson, Mrs. Elizabeth",female,15.23,8,0,341740,15.03,F92,S
468,0,3,"Johnson, Mr. John",male,27.34,0,0,107640,,,C
469,1,1,"White, Mr. Robert",male,52.48,0,0,290938,83.84,,S
470,0,3,"Harris, Mr. Charles",male,31.36,0,1,373432,5.51,,S
471,0,2,"Garcia, Mr. Frank",male,,0,0,950097,31.54,E78,S
472,0,3,"Thomas, Master. Robert",male,,0,0,682096,21.21,,C
473,1,1,"Davis, Miss. Elizabeth",female,35.57,0,1,233153,93.76,E57,S
474,0,1,"Johnson, Mr. William",male,,0,0,484819,73.65,,S
475,1,2,"Martinez, Miss. Grace",female,29.38,0,0,237741,26.23,,S
476,0,2,"Jones, Mr. William",male,44.02,0,0,204689,17.89,F68,S
477,0,2,"Harris, Mr. James",male,,5,1,630969,0.0,,S
478,0,3,"Harris, Mr. George",male,,0,1,542096,16.66,,S
479,0,3,"Harris, Mr. James",male,24.05,1,0,258801,18.8,F46,S
480,1,2,"Martinez, Mrs. Helen",female,,0,1,840693,34.41,D115,S
481,0,2,"Brown, Mr. Henry",male,38.06,1,0,976608,12.69,,S
482,0,1,"Smith, Mr. John",male,,1,0,852663,93.5,A1,S
483,0,3,"Martin, Mr. Henry",male,20.72,0,0,894284,14.61,G37,S
484,0,2,"Johnson, Mr. Frank",male,52.19,0,2,623247,20.85,,S
485,1,1,"Thompson, Miss. Mary",female,50.12,1,0,307475,,,S
486,1,2,"Johnson, Miss. Elizabeth",female,36.89,0,0,596752,20.37,,S
487,0,3,"Jones, Miss. Elizabeth",female,29.57,1,0,269094,14.38,,S
488,1,2,"Martin, Mr. Robert",male,,0,0,429213,27.41,,S
489,0,3,"Anderson, Mr. William",male,,0,0,458830,20.93,,S
490,0,3,"Davis, Miss. Ellen",female,,8,0,540062,8.08,,S
491,0,3,"Davis, Mr. Robert",male,16.01,0,0,834379,11.88,,C
492,1,3,"Jones, Mrs. Ellen",female,8.2,0,0,794672,10.25,,S
493,0,3,"Thompson, Mr. George",male,31.8,0,0,710109,9.32,,S
494,0,2,"Thomas, Mr. George",male,29.33,8,1,489282,3.84,,S
495,1,3,"Thomas, Mrs. Helen",female,7.85,0,1,131399,13.16,,S
496,0,3,"Johnson, Mr. Henry",male,30.14,0,2,856788,16.12,F50,Q
497,1,2,"Martin, Miss. Ellen",female,26.77,1,0,276878,18.45,D103,Q
498,0,3,"Moore, Mr. James",male,,1,0,652444,12.94,,S
499,0,2,"Wilson, Mr. William",male,35.3,0,0,231129,24.18,,S
500,0,3,"Jackson, Mr. John",male,17.7,5,0,466390,22.17,,S
501,0,3,"Johnson, Mr. John",male,32.59,0,0,247011,10.27,,S
502,0,3,"White, Master. John",male,19.03,0,0,930355,5.38,F73,S
503,0,3,"Jackson, Mr. Edward",male,,0,0,463393,12.41,,S
504,0,3,"Thomas, Mr. James",male,,0,1,898773,25.24,,S
505,1,3,"Williams, Mrs. Grace",female,38.57,1,0,497414,5.45,,S
506,0,3,"Jackson, Mr. Edward",male,21.63,0,2,458798,17.23,G131,S
507,0,2,"Martinez, Mr. Charles",male,46.47,0,0,440612,31.58,,S
508,0,3,"Garcia, Mr. Charles",male,46.4,0,3,767178,0.0,,C
509,0,3,"Martinez, Miss. Helen",female,16.14,0,0,795476,15.67,,S
510,0,1,"Jones, Mr. James",male,2.95,1,0,936188,109.34,,C
511,0,1,"Martinez, Mr. William",male,50.53,0,0,150369,72.77,,S
512,0,3,"Garcia, Mr. John",male,20.9,1,0,629795,8.8,G58,S
513,1,1,"Taylor, Mr. John",male,27.61,0,1,320362,59.19,,S
514,0,2,"Williams, Mr. George",male,22.94,5,0,943448,16.71,,S
515,0,2,"Moore, Mr. Robert",male,25.02,1,1,332324,16.98,,Q
516,0,1,"Davis, Mrs. Margaret",female,,0,0,171844,63.39,C144,Q
517,0,2,"Jones, Mr. Edward",male,,0,4,426789,16.56,,S
518,0,3,"Miller, Mr. Frank",male,40.4,1,0,944306,20.74,G12,S
519,0,1,"Harris, Mr. William",male,,0,0,634233,32.99,,S
520,0,3,"Johnson, Mr. James",male,21.29,0,1,713544,1.63,F65,Q
521,0,3,"Thomas, Mr. James",male,20.32,1,0,637487,20.84,,S
522,0,2,"Williams, Dr. Charles",male,36.74,1,0,242325,18.08,,C
523,0,1,"Miller, Mr. Charles",male,47.85,1,0,917430,67.69,,S
524,1,3,"Harris, Mrs. Emma",female,36.96,1,0,208233,12.28,G88,S
525,0,1,"Wilson, Master. James",male,,0,1,377946,92.79,,S
526,1,2,"Brown, Miss. Grace",female,32.1,1,0,757610,14.76,F77,C
527,0,3,"Smith, Mr. Robert",male,32.01,0,1,934245,16.29,,S
528,0,3,"Robinson, Mr. William",male,20.39,1,2,324424,6.75,G123,S
529,1,3,"Smith, Miss. Grace",female,,0,1,966930,11.04,F94,S
530,1,2,"Harris, Miss. Grace",female,20.32,0,0,130626,0.0,,S
531,0,3,"White, Mr. George",male,,8,0,553641,20.62,,S
532,1,3,"Harris, Miss. Mary",female,32.95,0,6,281425,11.86,,C
533,0,2,"Williams, Master. George",male,,0,0,891229,26.7,,S
534,1,3,"Taylor, Master. Edward",male,8.73,0,0,194538,16.1,F121,Q
535,1,1,"Martinez, Miss. Elizabeth",female,,0,2,620704,107.09,,S
536,1,1,"Davis, Mrs. Anna",female,33.71,0,0,253354,83.67,,C
537,0,3,"Thompson, Mr. Charles",male,34.54,4,0,194974,15.52,,C
538,1,1,"Davis, Mr. Edward",male,,0,0,576212,43.63,,S
539,0,1,"Taylor, Mr. George",male,32.84,0,1,349525,34.81,,Q
540,0,3,"Thompson, Mr. Robert",male,8.06,0,1,579793,12.34,G108,S
541,1,3,"White, Miss. Grace",female,30.8,1,0,364300,8.58,,S
542,0,3,"Garcia, Mr. Henry",male,,1,0,503468,22.27,,S
543,0,3,"Jones, Mr. Frank",male,17.15,0,2,290927,15.44,,S
544,0,3,"Thomas, Mr. James",male,21.89,0,1,772102,8.34,,S
545,0,1,"Anderson, Mr. Robert",male,51.52,1,0,914867,72.6,,C
546,0,2,"Anderson, Master. Frank",male,17.94,0,3,114314,21.33,,Q
547,1,2,"White, Miss. Emma",female,19.9,0,0,478309,19.32,,S
548,0,1,"Thomas, Mr. Charles",male,53.03,0,0,900125,95.41,C146,C
549,0,3,"Robinson, Miss. Margaret",female,25.91,0,3,947371,13.45,,C
550,0,2,"Miller, Mr. Henry",male,38.04,8,0,990868,6.09,E47,C
551,0,2,"Robinson, Master. William",male,34.82,2,1,167487,0.0,,S
552,0,1,"Garcia, Mr. Thomas",male,37.58,1,1,950255,68.31,,S
553,0,1,"Garcia, Mr. George",male,33.82,0,0,170624,107.54,D40,S
554,0,3,"Martin, Master. Frank",male,34.98,5,0,338573,10.64,,C
555,1,1,"Smith, Mrs. Anna",female,,0,1,522809,135.94,,S
556,0,2,"Martinez, Miss. Elizabeth",female,,3,0,890553,19.53,,C
557,0,2,"Brown, Mr. Thomas",male,,0,0,492598,33.57,,Q
558,0,3,"Davis, Mr. Edward",male,40.66,0,0,767310,20.49,G18,S
559,1,3,"Martin, Mrs. Alice",female,,0,0,611014,19.83,,C
560,0,3,"Jackson, Mr. George",male,,1,0,535677,5.18,,S
561,1,1,"Taylor, Mrs. Mary",female,,0,0,200994,84.72,,S
562,1,2,"Williams, Mr. Edward",male,39.97,0,1,989874,32.23,,S
563,0,3,"Garcia, Mr. James",male,31.49,0,0,183978,14.77,,Q
564,0,3,"Davis, Mr. William",male,21.94,8,0,304354,16.6,G49,C
565,1,3,"Smith, Mrs. Alice",female,,1,0,868912,3.98,,C
566,0,3,"Robinson, Rev. Frank",male,26.68,2,1,626335,25.47,,S
567,0,3,"Martinez, Miss. Alice",female,18.12,0,0,385073,7.86,G52,S
568,0,1,"Martin, Mr. Thomas",male,29.5,1,0,292140,0.23,,C
569,0,2,"Anderson, Mr. Edward",male,34.92,0,0,234528,16.49,,Q
570,0,3,"Brown, Miss. Ellen",female,,0,0,330182,0.0,,Q
571,1,2,"Robinson, Mr. George",male,13.49,1,0,821716,9.15,E63,C
572,0,3,"Williams, Mr. William",male,35.17,0,1,848290,29.63,,C
573,0,3,"Davis, Mr. Thomas",male,19.24,0,0,708857,10.53,,S
574,1,3,"Johnson, Miss. Mary",female,44.11,0,0,672505,3.72,,C
575,0,3,"Thompson, Master. Thomas",male,,1,0,359821,13.16,,S
576,0,3,"Miller, Mr. James",male,,1,0,742444,7.16,,C
577,1,3,"Martinez, Miss. Grace",female,16.6,0,2,951922,18.62,,S
578,1,3,"Harris, Miss. Emma",female,,2,0,421598,7.22,,Q
579,1,3,"Martinez, Miss. Helen",female,19.16,0,3,600516,14.76,F65,S
580,1,2,"Williams, Mrs. Emma",female,,0,0,930814,8.53,,S
581,1,3,"Johnson, Miss. Mary",female,26.72,0,0,234435,29.89,,S
582,0,3,"Taylor, Mr. William",male,15.5,0,0,510152,16.27,,S
583,0,1,"Thomas, Master. William",male,16.06,0,0,740027,77.89,,C
584,1,2,"Thompson, Miss. Ellen",female,,1,0,394939,17.07,F57,S
585,1,3,"Robinson, Mrs. Alice",female,18.56,1,0,177364,9.4,,S
586,0,3,"Anderson, Miss. Mary",female,17.4,0,0,267566,8.05,G83,S
587,0,1,"Garcia, Master. Robert",male,35.31,1,0,894979,50.89,B38,C
588,0,2,"Jones, Mr. Henry",male,2.73,3,0,337959,36.78,D136,Q
589,1,1,"Robinson, Mr. Henry",male,,0,0,883184,60.79,,C
590,1,1,"Smith, Mr. Thomas",male,50.33,0,0,809826,0.0,,S
591,0,3,"Moore, Mr. John",male,44.47,0,1,662609,5.42,,C
592,1,2,"Brown, Miss. Helen",female,7.27,0,0,399987,29.28,,S
593,0,2,"Thompson, Mr. Charles",male,,0,1,475738,17.48,,Q
594,0,3,"Jackson, Mr. Edward",male,14.75,1,0,389366,12.13,G6,S
595,0,1,"Moore, Mr. Henry",male,39.75,0,0,440755,133.13,,S
596,0,2,"Miller, Mr. Robert",male,,0,1,448608,,D77,S
597,0,3,"Taylor, Mrs. Florence",female,45.19,0,2,454356,17.11,,C
598,0,3,"Davis, Master. William",male,,0,2,394445,8.66,,S
599,0,3,"Davis, Mr. Charles",male,23.52,0,0,452827,16.74,,
600,0,3,"White, Mr. Robert",male,44.11,1,0,570318,,,S
601,0,3,"White, Master. William",male,24.81,1,0,574803,11.43,,C
602,0,3,"Brown, Mr. Robert",male,29.8,0,1,980182,18.33,,S
603,1,3,"Thompson, Miss. Elizabeth",female,15.99,0,0,251329,17.86,,S
604,1,3,"Jackson, Miss. Florence",female,8.55,0,0,953273,11.92,,C
605,0,3,"White, Mr. Frank",male,,0,0,862461,9.93,G120,S
606,0,3,"Robinson, Mr. Thomas",male,51.24,0,0,940582,23.39,,S
607,0,3,"Davis, Mr. William",male,32.6,0,0,821778,16.83,,S
608,0,1,"Wilson, Master. Frank",male,,0,0,642835,67.57,,S
609,0,3,"Taylor, Mr. Thomas",male,13.28,0,0,483679,8.75,,S
610,0,2,"Harris, Miss. Alice",female,,1,0,986393,30.25,,
611,0,3,"Davis, Mr. Edward",male,8.71,0,0,845905,13.75,F23,S
612,1,3,"Thompson, Mrs. Ellen",female,6.2,0,0,429188,11.94,G44,C
613,0,3,"Anderson, Mr. Edward",male,18.29,0,0,357117,13.75,,S
614,1,3,"Garcia, Mrs. Mary",female,48.45,0,2,279010,15.2,,S
615,0,2,"Williams, Mr. John",male,52.77,0,0,718409,19.43,,S
616,0,3,"Jones, Rev. Robert",male,19.59,0,1,914926,20.82,,S
617,0,3,"Smith, Mr. Frank",male,16.91,0,0,894850,21.19,,S
618,1,2,"Jackson, Miss. Helen",female,10.32,8,0,836904,25.32,,S
619,1,1,"Martin, Master. John",male,38.94,0,2,863004,141.74,,S
620,1,1,"Davis, Mr. Charles",male,,0,0,450141,84.36,,S
621,0,3,"Miller, Mr. Charles",male,34.47,0,0,822697,17.49,,S
622,0,3,"Taylor, Mr. Frank",male,35.93,0,2,316331,19.53,G55,S
623,0,3,"Jones, Mr. Robert",male,,0,0,604726,19.62,,S
624,0,2,"Miller, Mr. Robert",male,36.67,0,0,432915,29.16,D106,S
625,0,3,"Thompson, Mr. George",male,16.59,1,6,325454,17.1,,C
626,1,2,"Thompson, Mr. James",male,36.44,2,0,489108,39.57,,S
627,1,3,"Harris, Miss. Helen",female,18.91,1,0,782205,9.49,,S
628,1,1,"Martin, Mrs. Alice",female,,0,1,851262,77.48,,S
629,0,3,"Harris, Mr. George",male,29.54,0,1,636439,11.61,F79,S
630,0,3,"Thompson, Mr. Henry",male,25.83,0,0,450476,10.61,G102,C
631,0,3,"Thompson, Mr. John",male,34.53,1,0,670400,0.07,F10,S
632,0,3,"Harris, Rev. Robert",male,6.16,0,1,532968,21.94,,S
633,0,1,"Taylor, Mr. Thomas",male,25.22,0,1,409993,40.91,,S
634,0,2,"Williams, Mr. Edward",male,26.76,0,0,265752,21.7,,S
635,0,1,"Davis, Mr. Robert",male,20.68,0,0,510371,24.28,,Q
636,1,1,"Johnson, Miss. Emma",female,33.12,0,0,758891,110.07,,S
637,0,3,"Thompson, Mr. Charles",male,,0,0,616285,7.89,,C
638,0,3,"Brown, Miss. Helen",female,40.72,0,1,664250,5.62,,C
639,0,3,"Robinson, Master. Edward",male,26.71,0,2,779540,14.26,,C
640,0,3,"Martin, Mr. James",male,37.35,0,0,232724,8.45,,S
641,0,3,"Garcia, Mr. Frank",male,28.62,0,2,847379,9.27,,S
642,0,3,"Jackson, Miss. Margaret",female,18.57,1,1,354437,14.12,,S
643,0,1,"Garcia, Mrs. Florence",female,39.6,0,0,346903,117.6,,C
644,1,2,"Jones, Mr. William",male,,0,2,379701,11.82,,S
645,0,3,"Jones, Mr. Thomas",male,39.32,0,0,800422,6.56,,S
646,0,3,"Thompson, Mr. George",male,23.41,0,2,653314,13.15,,S
647,0,1,"Martin, Mr. Henry",male,,0,0,148789,106.65,,C
648,0,3,"Davis, Mr. Robert",male,,0,0,119116,22.51,,S
649,0,3,"Martinez, Mr. William",male,21.08,0,0,712717,6.04,,S
650,1,1,"Smith, Mr. Edward",male,9.95,0,0,625050,70.65,,C
651,0,2,"Jones, Miss. Elizabeth",female,51.54,0,0,407495,31.76,,C
652,0,3,"Harris, Mr. Thomas",male,,1,0,331032,25.83,,C
653,0,3,"Johnson, Mr. Frank",male,17.37,0,0,771001,6.54,G142,S
654,0,2,"Davis, Mr. Henry",male,16.68,0,0,918135,12.61,,S
655,0,3,"Garcia, Mr. John",male,37.34,1,0,884454,15.48,,S
656,0,2,"Smith, Mr. Charles",male,,1,0,839982,14.22,,S
657,1,3,"Johnson, Miss. Margaret",female,12.78,0,0,129088,8.06,G59,S
658,1,2,"Brown, Miss. Ellen",female,20.81,1,2,603492,,,S
659,0,3,"Harris, Mr. John",male,26.37,0,1,352258,23.07,,S
660,0,2,"Jackson, Mrs. Emma",female,37.45,1,0,367964,6.91,,S
661,0,2,"Thompson, Mr. Frank",male,44.31,0,0,890584,34.98,E9,C
662,0,3,"Thomas, Mr. Henry",male,37.54,1,0,337541,9.26,,S
663,1,1,"Miller, Mr. Thomas",male,38.01,0,0,704751,98.52,,Q
664,0,1,"Jones, Mr. Henry",male,50.25,0,0,152863,150.82,,C
665,0,2,"Robinson, Mr. Robert",male,21.95,1,0,756134,23.25,,S
666,0,3,"White, Miss. Grace",female,3.15,0,0,443522,11.07,G46,S
667,0,3,"Miller, Mr. George",male,16.95,0,1,199411,,,Q
668,1,3,"Thompson, Mrs. Helen",female,15.32,0,0,233425,11.87,,Q
669,1,2,"Thompson, Mrs. Elizabeth",female,,0,0,429995,25.21,F20,S
670,1,2,"Anderson, Miss. Grace",female,18.49,0,0,665743,17.95,,S
671,1,1,"Jones, Mr. Charles",male,32.47,0,0,846781,120.17,E48,Q
672,1,3,"Anderson, Miss. Grace",female,32.44,0,2,875607,,,S
673,0,3,"Martin, Mr. Charles",male,45.58,0,0,837122,6.41,,S
674,0,3,"Robinson, Mr. Frank",male,4.3,1,0,169876,,,S
675,0,3,"Jackson, Mr. John",male,,0,0,816774,12.63,,C
676,1,2,"Jones, Mrs. Mary",female,20.5,0,0,905047,4.7,,S
677,0,3,"Smith, Mr. Thomas",male,34.19,0,0,649519,8.5,,S
678,0,3,"Miller, Master. Edward",male,,0,0,463460,5.8,,C
679,1,1,"Anderson, Mrs. Anna",female,29.31,1,0,852091,146.15,A102,S
680,0,2,"Thompson, Mr. George",male,38.6,1,0,125504,10.09,F78,S
681,1,1,"Martin, Miss. Emma",female,49.48,1,0,108270,29.97,,S
682,0,1,"Thompson, Mr. George",male,,2,0,175225,94.43,,S
683,1,1,"Brown, Mr. Charles",male,28.21,0,2,732711,154.85,,Q
684,0,2,"Harris, Mr. Henry",male,33.24,0,0,100198,18.84,,S
685,0,3,"Anderson, Mr. James",male,22.2,0,0,184219,12.75,F74,S
686,1,2,"Robinson, Mr. Frank",male,27.11,4,0,632836,32.91,,S
687,0,2,"Thomas, Mr. Charles",male,23.85,0,1,626981,28.78,,S
688,0,3,"Moore, Mr. Frank",male,,0,0,342980,15.77,G52,S
689,1,3,"Jackson, Miss. Elizabeth",female,28.0,1,0,858628,9.21,F30,S
690,1,3,"Wilson, Mrs. Anna",female,,0,0,521628,15.96,,S
691,0,2,"Davis, Mr. Thomas",male,46.04,2,0,655061,6.39,,S
692,0,3,"Miller, Mr. Henry",male,30.51,1,0,756223,8.95,,S
693,0,2,"Moore, Master. Thomas",male,23.92,1,0,721525,34.31,,S
694,0,2,"Thomas, Miss. Emma",female,42.48,0,0,477387,33.02,F9,S
695,1,3,"Wilson, Mrs. Mary",female,30.59,0,0,609049,15.84,,S
696,0,3,"Wilson, Mr. Frank",male,,1,0,277245,0.46,,S
697,0,3,"Jones, Mr. William",male,28.72,0,0,699115,5.15,,C
698,1,3,"Smith, Miss. Margaret",female,33.37,0,0,854192,8.58,G47,S
699,1,3,"Johnson, Mrs. Elizabeth",female,28.49,5,0,706660,11.88,,C
700,0,2,"Wilson, Mr. John",male,28.81,2,1,285724,7.5,D2,C
701,1,2,"Johnson, Mrs. Anna",female,,3,1,975821,17.54,,C
702,0,2,"White, Mr. John",male,33.53,0,0,752533,37.67,F22,C
703,0,1,"Smith, Mr. Edward",male,44.25,0,0,952480,100.84,,S
704,1,3,"Taylor, Mrs. Ellen",female,38.85,1,4,718841,14.42,,S
705,0,2,"Wilson, Mr. William",male,33.71,0,0,694653,9.82,,S
706,0,3,"Smith, Mr. John",male,19.45,0,0,820990,2.35,F10,S
707,1,3,"Thompson, Miss. Elizabeth",female,21.08,0,0,866083,5.02,,S
708,1,3,"Johnson, Mrs. Emma",female,,1,0,501068,2.08,,S
709,1,2,"Robinson, Mr. William",male,49.93,0,0,677028,20.75,,S
710,0,3,"Wilson, Mr. Frank",male,18.51,0,1,936034,,,S
711,0,3,"Williams, Miss. Elizabeth",female,,0,2,801203,6.73,G104,S
712,0,3,"Garcia, Mr. Edward",male,,0,0,208936,13.96,,S
713,1,3,"Williams, Miss. Helen",female,28.64,1,0,918430,22.55,,C
714,1,3,"Robinson, Mrs. Elizabeth",female,23.59,0,1,582899,25.73,,S
715,0,3,"Jones, Mr. Thomas",male,15.55,0,1,258794,18.01,G78,S
716,0,1,"Robinson, Mr. George",male,26.38,0,0,736001,76.66,,S
717,1,3,"Taylor, Miss. Elizabeth",female,,0,0,973176,,G83,S
718,1,1,"Johnson, Mrs. Florence",female,,0,2,878248,140.78,D42,S
719,0,3,"Brown, Master. Charles",male,38.5,2,0,244479,0.0,F56,C
720,0,3,"Martinez, Mr. Thomas",male,,0,0,683963,22.63,G63,S
721,1,3,"Taylor, Mrs. Margaret",female,20.07,0,0,247612,9.46,,C
722,0,2,"Robinson, Mr. Henry",male,35.08,0,0,695408,14.65,,S
723,0,1,"Jackson, Mr. Edward",male,38.54,5,0,528284,69.09,,S
724,0,3,"Moore, Miss. Helen",female,11.11,1,0,965855,15.08,G91,S
725,0,1,"Thomas, Mrs. Anna",female,35.77,0,2,120755,37.33,,S
726,1,1,"Johnson, Miss. Mary",female,45.05,0,0,470160,72.04,,S
727,0,2,"Martin, Miss. Grace",female,24.01,0,2,801118,25.25,,S
728,0,1,"Anderson, Mr. George",male,34.1,1,2,580278,93.18,,S
729,1,2,"Martinez, Mrs. Ellen",female,27.92,8,1,536922,23.81,,S
730,0,3,"Harris, Mr. George",male,50.34,1,0,706602,10.89,,C
731,0,2,"Moore, Mr. George",male,7.99,1,1,364276,26.94,,S
732,0,1,"Harris, Miss. Ellen",female,,0,0,341732,128.37,A139,S
733,1,1,"White, Mrs. Emma",female,34.96,0,0,418387,,B79,S
734,1,2,"Smith, Miss. Margaret",female,22.31,0,2,448525,24.28,,S
735,1,1,"Miller, Mr. Henry",male,34.67,1,0,324911,123.43,B6,S
736,0,3,"Miller, Miss. Elizabeth",female,33.01,0,2,719205,18.66,G72,S
737,1,1,"White, Mr. George",male,46.69,0,0,416006,196.41,,S
738,1,2,"Moore, Miss. Elizabeth",female,32.23,0,0,454837,32.18,,C
739,1,2,"Garcia, Miss. Ellen",female,43.11,0,1,263586,19.11,,S
740,0,2,"Johnson, Mr. Thomas",male,45.23,1,0,917823,10.88,,S
741,1,1,"Thompson, Miss. Grace",female,47.8,0,0,225552,73.03,,S
742,1,1,"Moore, Mr. Charles",male,31.45,1,1,611881,70.07,,S
743,0,3,"Jackson, Mrs. Emma",female,,0,0,943922,16.32,F89,S
744,0,1,"Martinez, Miss. Elizabeth",female,,0,0,724959,54.59,,S
745,1,3,"Robinson, Mrs. Margaret",female,15.21,2,0,981857,20.75,,S
746,0,3,"White, Mr. Henry",male,6.17,1,0,245749,3.97,,S
747,0,2,"White, Master. James",male,,1,0,540841,,,S
748,1,2,"Garcia, Miss. Mary",female,30.84,0,0,973250,18.65,,C
749,0,3,"Anderson, Miss. Helen",female,28.58,0,0,161707,7.52,,C
750,1,3,"Miller, Mrs. Emma",female,10.82,1,3,994900,4.82,,S
751,0,2,"Thomas, Mr. William",male,42.55,1,0,192190,13.63,,C
752,0,2,"Brown, Mr. Frank",male,31.83,1,0,702940,12.39,,S
753,1,2,"Williams, Mrs. Ellen",female,46.19,1,0,829862,20.1,,S
754,1,3,"Williams, Mrs. Mary",female,,0,0,288871,8.97,,C
755,0,3,"Jones, Master. Henry",male,12.2,0,2,851469,9.5,,C
756,0,2,"Thompson, Mr. George",male,,2,0,588309,19.95,,C
757,0,2,"Martin, Mr. Charles",male,38.04,0,0,669931,30.14,E112,C
758,0,3,"Robinson, Mr. James",male,18.43,1,1,189004,22.56,G115,S
759,1,1,"Jackson, Mr. William",male,,0,1,158089,90.21,,Q
760,0,2,"Wilson, Mr. Edward",male,31.2,2,0,149970,22.26,,S
761,0,3,"Martin, Mr. George",male,12.99,1,1,406424,11.81,G79,S
762,1,1,"Garcia, Miss. Anna",female,51.45,0,2,372712,104.21,C64,S
763,1,1,"Johnson, Miss. Elizabeth",female,,1,0,665230,,,S
764,1,1,"Johnson, Miss. Grace",female,,0,0,300644,139.69,,S
765,0,3,"Anderson, Mr. Charles",male,0.42,0,0,500760,0.72,,S
766,0,1,"Taylor, Mr. James",male,39.62,1,0,962365,74.15,,S
767,1,1,"Jackson, Mr. Thomas",male,,0,0,970621,98.25,,S
768,0,1,"Williams, Mr. Robert",male,27.32,0,0,773070,82.9,,S
769,0,1,"Martin, Mr. Edward",male,36.09,0,0,614904,44.55,,S
770,0,3,"Miller, Miss. Mary",female,,8,0,742408,4.55,F17,S
771,1,2,"Harris, Mrs. Elizabeth",female,21.79,0,0,752709,28.06,,C
772,1,3,"Thompson, Miss. Margaret",female,27.94,1,0,785347,8.08,G127,S
773,0,3,"Robinson, Mr. Henry",male,9.45,0,0,441106,1.59,F86,S
774,0,3,"Johnson, Mr. Edward",male,23.67,0,0,423733,18.57,,Q
775,0,1,"Harris, Mr. William",male,44.19,1,0,611919,103.28,,C
776,0,3,"Martinez, Mr. Edward",male,22.42,0,0,994354,12.25,,S
777,1,3,"Miller, Miss. Grace",female,13.0,1,0,722344,7.06,,S
778,0,1,"Harris, Mr. George",male,50.36,1,0,622758,79.24,D145,S
779,1,3,"Garcia, Mrs. Florence",female,33.76,5,0,972790,20.9,,C
780,0,3,"Miller, Mr. George",male,12.51,1,0,288347,2.5,,C
781,1,2,"Taylor, Miss. Anna",female,14.47,0,0,798265,4.36,D18,C
782,0,3,"Thomas, Mrs. Grace",female,13.58,1,0,706253,8.92,,Q
783,0,2,"Garcia, Mr. Edward",male,36.54,0,0,334957,19.73,F63,S
784,1,3,"Taylor, Miss. Grace",female,,0,0,597405,9.77,,S
785,0,3,"Martinez, Mr. Henry",male,34.48,0,0,577339,17.18,,S
786,1,2,"Martin, Miss. Emma",female,26.09,1,0,648147,30.89,,S
787,1,3,"Taylor, Mrs. Emma",female,13.9,0,0,952682,14.81,F128,S
788,1,2,"Wilson, Mrs. Ellen",female,41.03,0,2,340162,25.6,,S
789,0,3,"Garcia, Mrs. Helen",female,,0,0,468949,14.77,,S
790,0,3,"Harris, Mr. Henry",male,27.24,0,0,626542,13.06,,C
791,0,1,"Thomas, Miss. Grace",female,19.4,1,1,179637,29.67,,S
792,1,2,"Harris, Miss. Elizabeth",female,23.16,0,2,166975,9.72,,C
793,0,2,"Brown, Mr. George",male,42.11,1,0,473423,6.49,,Q
794,0,1,"Smith, Master. Edward",male,29.4,1,0,833785,77.76,,S
795,1,1,"White, Mrs. Anna",female,47.77,0,0,427813,93.76,,S
796,1,2,"Davis, Mr. George",male,2.03,0,1,644413,5.51,,S
797,0,1,"Harris, Mr. James",male,,0,0,785811,87.05,,C
798,1,1,"Thomas, Mrs. Elizabeth",female,35.94,0,0,696724,47.24,,
799,0,3,"Wilson, Miss. Alice",female,45.91,0,0,633617,6.05,,S
800,1,3,"Brown, Mr. William",male,10.97,0,0,618963,8.94,,S
801,0,3,"Moore, Mr. Edward",male,33.05,1,0,575639,5.72,G3,C
802,0,2,"Miller, Mr. Frank",male,42.68,0,0,988644,26.07,,S
803,0,3,"Wilson, Mrs. Elizabeth",female,16.34,0,0,458014,11.91,F46,S
804,0,3,"Williams, Mr. James",male,20.52,0,0,174373,,,S
805,0,1,"Davis, Mr. Robert",male,39.7,1,1,889449,65.37,,S
806,1,1,"Martin, Mrs. Florence",female,20.22,0,0,520811,66.96,,C
807,1,3,"Johnson, Mrs. Emma",female,19.54,1,2,983012,25.18,,S
808,1,1,"Wilson, Miss. Helen",female,53.31,0,0,704282,15.83,C65,C
809,0,3,"Williams, Mr. James",male,31.27,2,0,623283,21.35,,S
810,0,3,"Williams, Miss. Alice",female,,0,0,642005,23.75,,S
811,0,1,"Garcia, Dr. Thomas",male,39.36,0,0,423167,116.16,,S
812,0,1,"Thompson, Mr. Thomas",male,44.97,0,0,749718,70.12,B91,S
813,0,3,"Martin, Miss. Emma",female,34.27,0,0,378458,22.27,,S
814,1,3,"Moore, Miss. Elizabeth",female,18.32,1,0,982052,10.91,,S
815,0,1,"Jackson, Mr. James",male,56.42,0,0,635247,54.36,E106,C
816,0,3,"Brown, Mrs. Alice",female,40.8,0,1,536210,10.48,G17,Q
817,0,3,"Jackson, Dr. William",male,33.13,0,0,333922,9.29,F9,S
818,0,3,"Martin, Mr. Frank",male,14.88,0,1,817790,6.85,,S
819,0,3,"Miller, Mr. James",male,,1,1,516527,20.22,,Q
820,0,2,"Miller, Mr. Thomas",male,26.08,0,0,547784,12.27,,S
821,1,1,"Jones, Miss. Emma",female,38.73,1,0,240035,82.75,A53,S
822,1,3,"White, Miss. Ellen",female,3.78,1,0,766206,3.62,,S
823,1,2,"Martinez, Miss. Grace",female,35.94,0,1,162909,20.31,E23,S
824,0,3,"Davis, Mr. Charles",male,40.45,0,0,549378,,,S
825,0,3,"Taylor, Mr. Frank",male,31.92,0,0,803261,5.33,,S
826,1,1,"Williams, Mr. Henry",male,29.89,0,0,506657,79.41,,C
827,0,3,"Jackson, Mrs. Elizabeth",female,15.47,1,0,240099,19.87,,S
828,1,2,"Smith, Mr. James",male,33.6,0,0,967936,24.4,,S
829,0,3,"Wilson, Mr. William",male,23.16,0,0,132480,16.31,G31,C
830,1,2,"Brown, Miss. Alice",female,35.32,1,0,716977,18.7,,S
831,1,3,"Smith, Mrs. Helen",female,32.22,0,0,101755,10.82,,C
832,0,3,"Moore, Mr. Robert",male,38.1,1,0,714188,18.14,,S
833,1,2,"Taylor, Mr. Charles",male,16.41,0,2,971735,14.37,,S
834,0,3,"Thompson, Miss. Helen",female,27.66,0,0,567551,18.42,,S
835,0,3,"Jones, Mr. Henry",male,20.64,0,0,107610,21.03,G40,S
836,0,3,"Davis, Mr. Robert",male,23.82,0,0,161465,7.53,,S
837,0,3,"Harris, Miss. Emma",female,,5,0,309806,8.49,,S
838,0,3,"Smith, Mr. Thomas",male,36.68,0,0,422670,9.45,,S
839,0,2,"Jackson, Mr. Charles",male,46.78,1,0,895274,5.33,,S
840,0,3,"Martin, Mr. George",male,30.11,4,1,144826,9.95,,S
841,1,1,"Robinson, Mr. James",male,36.68,0,1,560778,138.66,,S
842,0,3,"Anderson, Rev. Edward",male,21.97,1,0,766193,6.2,,C
843,0,3,"Smith, Mr. Henry",male,4.18,0,1,699179,21.61,,C
844,0,2,"Davis, Mr. James",male,,0,0,817231,15.67,,C
845,1,1,"Wilson, Mr. Henry",male,34.14,3,1,716450,172.79,,S
846,1,3,"Robinson, Miss. Anna",female,31.07,0,0,128435,8.57,G67,C
847,0,2,"Wilson, Mrs. Grace",female,38.15,1,0,898438,18.56,,S
848,0,3,"Smith, Mr. George",male,10.06,0,0,548976,7.08,G1,S
849,0,1,"Anderson, Mr. William",male,26.92,0,0,543349,55.12,,Q
850,1,3,"Davis, Miss. Ellen",female,43.56,0,1,910914,21.7,,S
851,1,1,"Wilson, Miss. Helen",female,41.49,0,0,792769,103.93,,S
852,1,1,"Martin, Miss. Mary",female,31.03,0,0,195506,127.21,E72,S
853,0,3,"Thompson, Mr. Edward",male,23.48,1,0,370301,4.45,,Q
854,0,3,"Brown, Mr. John",male,38.03,0,1,421648,17.26,,S
855,0,1,"Thomas, Mr. Thomas",male,,3,0,955569,43.2,,C
856,1,2,"Garcia, Mrs. Anna",female,12.41,0,0,206982,,,S
857,0,3,"Jackson, Mr. Charles",male,44.61,0,0,527744,14.55,,S
858,0,3,"White, Mr. George",male,36.59,0,0,548606,14.49,,S
859,0,2,"Thomas, Mr. George",male,28.17,0,0,264193,20.53,,C
860,0,3,"Smith, Master. George",male,10.7,0,0,579443,17.66,,S
861,0,3,"Williams, Mr. Charles",male,37.65,0,2,309047,18.68,,Q
862,0,3,"Anderson, Mr. Edward",male,30.72,0,0,452676,22.55,,S
863,1,3,"Thompson, Mr. John",male,7.51,0,0,809776,5.26,G91,C
864,1,3,"Thomas, Mrs. Emma",female,22.22,0,0,853593,22.76,G2,S
865,1,1,"Davis, Miss. Mary",female,,0,1,130362,163.06,,S
866,0,3,"Martinez, Mr. Henry",male,25.2,0,0,468756,10.62,,S
867,1,3,"Harris, Miss. Emma",female,,0,0,117586,,G99,S
868,1,3,"Davis, Miss. Emma",female,12.9,1,0,198513,4.01,,S
869,1,1,"Robinson, Mr. Robert",male,59.27,0,1,122539,64.6,,S
870,0,1,"Taylor, Mr. Henry",male,48.17,0,0,817287,168.59,E72,Q
871,0,3,"Jones, Mr. Frank",male,41.89,0,2,575641,13.11,,S
872,1,1,"Smith, Mr. Thomas",male,40.98,0,0,291625,58.08,,S
873,0,3,"Johnson, Mr. James",male,40.05,2,0,525414,8.54,,S
874,0,2,"Moore, Mr. Edward",male,19.82,1,0,751125,6.77,,S
875,0,3,"Jones, Mr. Frank",male,,1,0,352805,18.68,,S
876,0,3,"Davis, Mr. Thomas",male,28.44,0,0,491072,12.4,G127,Q
877,1,2,"Taylor, Mr. Charles",male,46.59,0,0,227823,41.0,F70,S
878,0,2,"Smith, Mr. Robert",male,33.83,0,0,296554,26.28,F146,S
879,1,3,"Smith, Mrs. Grace",female,17.49,1,0,297450,18.39,,S
880,0,3,"Taylor, Mr. William",male,25.77,0,2,189506,11.43,,S
881,1,2,"Jones, Mr. Edward",male,9.88,0,1,829829,9.09,,S
882,0,3,"Jackson, Mr. William",male,0.42,0,0,844088,7.32,,C
883,1,3,"Miller, Dr. Ellen",female,34.98,1,0,574364,4.1,G95,S
884,0,2,"Johnson, Miss. Florence",female,25.5,0,0,296962,29.1,,S
885,0,1,"Robinson, Mr. William",male,34.86,0,0,140800,67.83,,S
886,0,2,"Johnson, Mr. Henry",male,39.97,2,0,989389,29.53,D18,Q
887,0,2,"Martinez, Mr. James",male,46.76,0,0,496786,21.36,,S
888,1,1,"Wilson, Mr. James",male,,3,1,570380,71.7,,S
889,1,1,"Garcia, Miss. Grace",female,,0,0,551665,34.88,,S
890,1,3,"Thompson, Mr. William",male,31.03,2,0,754507,14.96,,S
891,1,2,"Harris, Mrs. Anna",female,33.63,2,0,492050,17.81,,S
892,0,3,"Williams, Mr. George",male,,0,0,609630,18.86,,S
893,0,2,"Robinson, Mr. Robert",male,14.57,1,0,789733,12.85,,S
894,1,1,"Taylor, Miss. Ellen",female,,0,0,998427,109.88,,S
895,0,3,"Moore, Mr. Henry",male,0.42,0,0,731578,23.67,F116,C
896,0,3,"White, Miss. Grace",female,17.96,0,0,315553,14.77,,S
897,1,2,"Davis, Mr. Henry",male,,0,0,273230,27.85,,S
898,1,1,"Thompson, Mrs. Grace",female,,0,6,452336,108.02,E90,S
899,0,1,"Martinez, Mr. William",male,32.58,0,0,836092,163.72,,S
900,0,3,"Thompson, Mr. Frank",male,,4,0,894410,15.42,,S
901,1,2,"Johnson, Mrs. Ellen",female,43.25,1,0,513285,27.0,,S
902,0,2,"Harris, Mr. Frank",male,21.77,0,1,272356,19.64,,S
903,0,1,"Johnson, Mr. Thomas",male,,0,0,689731,51.48,,S
904,1,3,"Robinson, Mrs. Grace",female,9.68,0,0,666101,5.15,,S
905,0,3,"Davis, Mr. James",male,33.46,0,0,222117,21.24,,S
906,1,3,"Harris, Mrs. Florence",female,22.0,2,2,907144,6.45,,S
907,0,3,"Miller, Mr. Robert",male,1.4,8,0,953563,17.85,,S
908,1,1,"White, Mr. Henry",male,39.21,0,0,992570,101.47,B11,S
909,1,2,"Thomas, Master. Thomas",male,35.27,0,0,579683,29.18,,S
910,0,2,"Thomas, Rev. George",male,41.56,0,0,820043,14.85,F60,S
911,0,3,"Wilson, Mrs. Mary",female,24.12,0,0,127687,7.86,,Q
912,0,3,"Miller, Mr. William",male,20.53,0,2,163040,15.46,,
913,0,3,"Jackson, Master. John",male,48.84,0,0,106912,11.1,G46,S
914,0,3,"Anderson, Mr. George",male,25.08,0,2,611017,5.0,,C
915,0,3,"Anderson, Mr. Thomas",male,33.63,0,2,497919,25.6,G29,S
916,0,3,"Brown, Mr. William",male,,1,0,718396,,,S
917,1,1,"Wilson, Miss. Emma",female,46.28,1,1,295500,,,C
918,0,1,"White, Mrs. Grace",female,,0,0,375147,,,S
919,1,2,"Anderson, Miss. Grace",female,24.46,0,0,407450,32.53,,S
920,0,3,"Smith, Mr. John",male,10.5,1,0,709514,0.0,,S
921,0,1,"Jackson, Master. Robert",male,30.74,0,2,395859,133.14,,S
922,0,3,"Miller, Mr. Robert",male,,1,1,919525,7.08,,S
923,1,3,"Williams, Mrs. Elizabeth",female,17.65,0,0,321999,14.72,,C
924,0,3,"Martinez, Mr. James",male,,2,0,681725,8.61,,S
925,0,1,"Robinson, Mr. George",male,56.21,0,1,320239,167.66,B31,S
926,0,2,"Martin, Mr. Edward",male,29.67,1,0,544312,21.25,,Q
927,0,1,"Johnson, Mrs. Elizabeth",female,49.93,0,0,634059,54.26,,Q
928,0,3,"Garcia, Mrs. Helen",female,,1,0,782946,11.04,,S
929,1,3,"Wilson, Mrs. Florence",female,26.4,0,0,944253,13.58,,S
930,0,3,"Moore, Master. James",male,34.0,0,0,367059,14.15,G116,S
931,1,2,"Martinez, Miss. Elizabeth",female,52.08,1,0,800096,24.39,,C
932,1,2,"Garcia, Mr. Robert",male,22.35,0,0,701481,19.99,,Q
933,0,2,"Jackson, Mr. Charles",male,,0,0,789209,6.23,,C
934,0,3,"Garcia, Mr. Frank",male,12.79,0,0,556065,10.79,,S
935,0,3,"Thomas, Master. William",male,,1,0,309191,16.94,,S
936,1,1,"Garcia, Mr. John",male,,1,0,649879,55.86,,S
937,0,3,"Anderson, Mr. Robert",male,18.56,0,0,451266,17.37,,S
938,0,1,"Taylor, Mr. James",male,12.37,1,1,541418,85.33,,S
939,1,3,"White, Mrs. Emma",female,16.9,2,0,253027,11.58,,S
940,0,1,"White, Mrs. Helen",female,44.57,1,2,473422,134.15,,S
941,0,2,"Smith, Mrs. Helen",female,29.2,0,0,654370,2.62,,S
942,0,3,"Davis, Mr. Frank",male,27.16,0,0,146641,8.61,,
943,0,1,"Jackson, Mr. Robert",male,31.72,0,0,416832,135.76,E46,S
944,1,2,"Williams, Mrs. Anna",female,42.17,0,0,659565,38.3,,C
945,0,2,"Moore, Master. George",male,,0,2,524277,42.86,D39,S
946,0,2,"Smith, Master. Edward",male,37.04,1,0,979502,20.5,,S
947,0,3,"Jones, Mr. Henry",male,26.91,0,1,931247,15.98,,S
948,1,3,"White, Mrs. Emma",female,,0,0,418800,18.31,,S
949,0,3,"Jones, Dr. Frank",male,30.5,0,1,979150,21.29,F95,C
950,1,2,"White, Mrs. Grace",female,18.86,0,0,662216,23.13,,S
951,0,3,"Thomas, Mr. Edward",male,29.48,1,0,394535,19.02,,Q
952,0,2,"Taylor, Mr. Thomas",male,39.5,0,0,751276,24.6,,C
953,0,2,"Harris, Mr. James",male,43.86,2,1,200694,25.22,,S
954,0,1,"Martin, Mr. John",male,42.99,0,0,643358,45.43,,S
955,0,3,"Johnson, Mr. George",male,13.42,0,0,925562,10.86,,S
956,0,3,"Taylor, Mr. Charles",male,15.26,1,0,910211,9.6,,S
957,0,3,"Moore, Mr. William",male,19.78,1,0,197846,5.27,F21,S
958,0,3,"Martinez, Mr. Edward",male,,0,1,938775,2.26,,S
959,1,3,"Martin, Mrs. Florence",female,23.53,1,0,445272,10.25,,Q
960,0,3,"Harris, Master. George",male,11.52,0,0,884074,11.28,,S
961,1,3,"Martinez, Mr. James",male,11.44,0,1,581771,13.68,,C
962,1,2,"Martin, Mr. Charles",male,4.82,0,0,478561,25.56,,S
963,1,1,"Davis, Mr. Frank",male,0.57,0,0,511970,91.9,E67,S
964,0,1,"Martinez, Mr. Robert",male,36.42,1,0,226033,73.21,,C
965,1,3,"Taylor, Miss. Elizabeth",female,,0,0,734638,7.05,,S
966,0,3,"Thompson, Mr. George",male,46.56,1,1,460492,18.7,F55,S
967,0,3,"Miller, Mrs. Ellen",female,13.26,1,2,372535,12.34,,C
968,0,1,"Jones, Mr. John",male,,0,2,570691,65.78,D46,Q
969,0,3,"Miller, Mr. William",male,7.43,0,0,387543,11.79,,S
970,0,1,"Miller, Miss. Mary",female,,0,0,138190,53.22,A17,C
971,0,2,"Robinson, Mr. William",male,15.63,0,0,797687,14.69,F89,S
972,0,1,"Robinson, Master. Frank",male,35.29,3,0,854477,60.38,,S
973,0,1,"Thompson, Mr. William",male,35.81,1,0,875711,71.93,C26,S
974,1,3,"White, Miss. Margaret",female,28.03,0,0,897118,17.26,,S
975,1,2,"Wilson, Mrs. Ellen",female,37.96,0,3,152308,24.07,,S
976,0,3,"Garcia, Mr. William",male,20.96,0,0,668938,23.05,G146,S
977,1,2,"Smith, Miss. Florence",female,,0,0,277108,32.12,,S
978,0,2,"Robinson, Mr. Thomas",male,16.87,0,1,622145,39.56,E130,C
979,0,3,"Taylor, Master. George",male,8.87,0,0,967317,16.63,,C
980,1,1,"Garcia, Mrs. Anna",female,20.01,0,0,448623,106.81,,C
981,0,3,"Miller, Master. John",male,32.79,0,0,552554,9.83,,S
982,0,3,"Thomas, Mr. Henry",male,20.95,0,2,980185,18.37,,Q
983,0,3,"Davis, Mrs. Grace",female,,0,0,672097,8.74,F43,S
984,0,2,"Anderson, Mr. Robert",male,29.24,0,0,492563,5.3,,
985,1,1,"Robinson, Mrs. Helen",female,23.01,0,0,968635,148.11,,S
986,0,3,"Anderson, Mr. John",male,44.92,0,0,285551,4.88,,S
987,0,2,"Thomas, Mr. Robert",male,,0,0,503460,24.39,E36,S
988,1,1,"Moore, Mr. Thomas",male,46.18,3,0,964857,47.03,,S
989,1,2,"Robinson, Mrs. Alice",female,43.07,0,0,731795,31.27,,Q
990,0,3,"Davis, Mr. Robert",male,13.54,0,2,851805,21.21,,S
991,0,3,"Jones, Mr. George",male,25.91,0,0,336504,16.44,,S
992,0,3,"Robinson, Miss. Grace",female,31.64,0,0,394542,21.1,F22,S
993,1,3,"Miller, Mrs. Grace",female,26.39,0,0,508312,13.05,G59,S
994,1,1,"Taylor, Miss. Helen",female,42.33,1,0,602520,177.84,,Q
995,1,3,"Miller, Master. Henry",male,9.04,4,0,629186,17.85,,S
996,0,2,"Taylor, Mr. Edward",male,36.65,0,0,626700,10.99,D145,S
997,0,3,"Jones, Master. Thomas",male,19.17,0,0,287608,13.45,,S
998,0,1,"Moore, Miss. Helen",female,42.19,1,0,889395,77.59,A40,S
999,1,3,"Anderson, Miss. Florence",female,36.04,0,0,840208,11.37,,S
1000,1,2,"Miller, Miss. Ellen",female,38.03,0,0,592807,3.43,,S
1001,1,1,"Jones, Mr. William",male,42.18,1,0,214462,100.25,A16,S
1002,0,2,"Moore, Mr. Charles",male,37.71,0,0,476318,6.14,F62,S
1003,0,1,"Jones, Mr. Henry",male,46.26,0,1,415207,0.0,,C
1004,0,1,"Jackson, Mr. Thomas",male,55.95,0,0,632644,69.55,,S
1005,0,3,"Wilson, Mr. Charles",male,24.59,0,1,437970,8.09,G28,S
1006,1,2,"Thomas, Dr. George",male,,5,0,975108,11.38,,S
1007,0,3,"Brown, Miss. Grace",female,36.18,0,6,655069,0.0,G69,S
1008,1,2,"Robinson, Miss. Florence",female,24.12,0,0,147047,11.49,,S
1009,1,3,"Wilson, Mrs. Alice",female,8.98,0,0,333404,11.87,,S
1010,1,2,"Johnson, Miss. Mary",female,35.92,0,0,682420,13.66,,S
1011,0,3,"Wilson, Mrs. Elizabeth",female,22.53,0,0,248129,15.52,,S
1012,0,3,"Miller, Mrs. Margaret",female,,0,0,174125,22.05,,S
1013,0,3,"Brown, Mr. Charles",male,31.01,0,0,562729,16.36,,S
1014,0,3,"Smith, Mr. Edward",male,42.17,0,3,336521,19.67,F36,C
1015,1,2,"White, Mr. John",male,,1,1,118431,31.09,F110,S
1016,1,1,"Brown, Mr. James",male,50.27,0,0,726199,41.21,E129,Q
1017,1,3,"Brown, Mr. George",male,0.42,2,1,753571,15.85,G20,S
1018,1,3,"Johnson, Miss. Mary",female,,0,0,739102,19.47,G145,S
1019,1,1,"Thomas, Miss. Ellen",female,60.09,0,0,184243,65.69,C122,S
1020,1,2,"Taylor, Miss. Elizabeth",female,26.06,2,0,850285,12.09,,S
1021,1,3,"Thompson, Mrs. Grace",female,26.08,1,0,180355,16.45,F48,Q
1022,0,3,"Thompson, Miss. Margaret",female,,0,2,586529,3.37,,S
1023,0,3,"Smith, Mr. Thomas",male,4.4,0,1,960904,5.93,,S
1024,0,3,"Garcia, Mrs. Florence",female,25.87,1,2,821784,8.67,,S
1025,0,3,"Martin, Miss. Ellen",female,,0,0,947302,15.93,,S
1026,1,2,"Johnson, Miss. Alice",female,52.35,0,0,552867,22.19,,C
1027,0,3,"Garcia, Mr. Edward",male,10.17,0,0,482896,19.71,F76,C
1028,0,2,"Williams, Mr. James",male,25.42,1,0,281442,10.78,,S
1029,1,3,"Davis, Miss. Alice",female,13.86,0,1,991145,6.66,,C
1030,0,2,"Williams, Mr. Robert",male,17.59,0,0,500889,25.24,,S
1031,0,3,"Anderson, Mr. Edward",male,38.53,3,1,647185,7.81,,S
1032,0,3,"Thomas, Mr. George",male,25.32,0,0,255329,9.08,,S
1033,0,3,"Harris, Mr. Frank",male,,1,0,376217,0.93,F126,C
1034,0,3,"Jones, Mr. Robert",male,18.79,0,0,591295,14.89,,C
1035,1,2,"Williams, Miss. Anna",female,23.24,1,0,847701,35.41,,S
1036,1,3,"Thompson, Mrs. Helen",female,,0,0,564491,6.31,,S
1037,1,2,"Jackson, Miss. Alice",female,14.83,0,1,275351,30.22,,S
1038,0,2,"Johnson, Mr. Charles",male,26.9,0,0,335112,19.41,D148,Q
1039,0,2,"Brown, Mr. Thomas",male,25.69,1,0,633126,2.35,,S
1040,0,1,"Moore, Mr. John",male,28.91,0,0,537610,46.42,,C
1041,1,1,"Miller, Master. Frank",male,39.86,0,0,295609,43.83,,S
1042,0,3,"Taylor, Mr. James",male,27.88,0,0,643289,10.94,,S
1043,0,3,"Wilson, Mrs. Helen",female,,0,1,701972,15.73,,S
1044,0,3,"Anderson, Mrs. Florence",female,,0,0,491278,25.02,,S
1045,0,1,"White, Mr. Edward",male,63.9,0,2,909918,23.89,,S
1046,1,2,"Moore, Mr. Edward",male,55.45,0,0,301227,15.15,,C
1047,0,1,"Martinez, Mr. John",male,25.35,1,0,435500,46.37,,S
1048,0,3,"Harris, Mr. Robert",male,14.03,0,0,958436,4.76,F144,S
1049,0,3,"Williams, Mr. Robert",male,12.29,0,0,164712,13.62,G106,S
1050,0,2,"Martinez, Mr. Frank",male,42.68,0,0,822280,20.01,,S
1051,0,3,"Taylor, Mr. Robert",male,20.22,0,0,252172,1.21,,S
1052,1,1,"Anderson, Mr. George",male,40.88,3,0,291659,84.76,,S
1053,1,2,"Moore, Mrs. Alice",female,53.96,0,0,248390,7.95,D35,Q
1054,1,1,"Harris, Mr. George",male,,0,0,529021,84.5,,S
1055,0,2,"Smith, Mr. William",male,38.47,1,0,293757,32.69,,S
1056,0,3,"Johnson, Master. Thomas",male,31.25,0,0,440339,16.01,,S
1057,0,3,"Davis, Mr. Thomas",male,,3,0,268020,14.15,F132,S
1058,0,1,"Jones, Mr. William",male,50.71,0,0,996944,61.79,D54,C
1059,1,3,"Moore, Miss. Ellen",female,14.8,1,0,673903,13.43,F23,S
1060,1,3,"Johnson, Mrs. Emma",female,41.08,1,0,749363,16.66,,C
1061,0,3,"White, Master. Robert",male,17.95,1,0,152557,,,S
1062,0,3,"Thompson, Mr. George",male,19.26,0,0,684088,12.36,G120,S
1063,1,2,"Anderson, Mr. William",male,,1,0,790871,22.17,,S
1064,0,3,"Moore, Mr. Henry",male,13.91,1,0,232394,4.44,F65,S
1065,1,2,"Robinson, Mr. Henry",male,24.88,0,1,941480,12.66,F81,C
1066,1,3,"Davis, Mrs. Helen",female,0.42,0,0,271205,17.6,,S
1067,0,2,"Robinson, Mr. Frank",male,27.2,0,0,930461,28.42,,S
1068,0,3,"Smith, Mr. Edward",male,18.9,2,0,938221,13.61,,S
1069,1,1,"Thomas, Mr. Charles",male,,1,3,335239,146.12,,S
1070,1,2,"Smith, Mr. Charles",male,,0,0,504084,,,C
1071,1,3,"Martin, Mrs. Florence",female,,0,0,230927,11.48,F44,S
1072,0,3,"Miller, Mr. Henry",male,19.5,0,0,113479,5.07,,Q
1073,0,2,"Moore, Mr. Frank",male,27.18,0,1,515696,34.39,,S
1074,0,3,"Smith, Mr. John",male,42.83,1,0,547132,18.01,,C
1075,0,3,"Jones, Mrs. Anna",female,,0,0,251945,24.69,,C
1076,0,2,"Moore, Mr. Charles",male,21.36,1,0,656356,41.67,,Q
1077,0,3,"Johnson, Mr. Frank",male,11.46,0,0,920549,4.63,,
1078,0,3,"Taylor, Mr. William",male,7.22,0,0,361652,4.65,,S
1079,0,3,"Jones, Mr. William",male,28.68,1,2,786320,0.0,,S
1080,1,2,"Brown, Mrs. Grace",female,,0,1,482927,29.18,F119,C
1081,0,2,"Anderson, Mr. Henry",male,45.39,4,0,499235,26.56,,C
1082,0,3,"Garcia, Mr. Charles",male,37.5,2,2,348492,13.64,,S
1083,0,3,"Wilson, Mr. Edward",male,53.77,1,1,990389,5.03,,S
1084,0,3,"Wilson, Mr. Charles",male,,1,0,497771,12.42,,S
1085,0,3,"Moore, Mr. Frank",male,,0,1,930362,14.2,,S
1086,1,3,"Johnson, Mrs. Elizabeth",female,9.4,0,0,985785,18.09,,S
1087,0,3,"White, Mr. Charles",male,33.36,1,0,269164,14.77,,S
1088,0,3,"White, Mr. Frank",male,26.42,0,0,513256,17.31,,S
1089,0,3,"Davis, Mr. Charles",male,,1,1,167554,12.19,,S
1090,0,2,"Johnson, Miss. Emma",female,16.33,0,2,825821,31.81,,S
1091,0,2,"Moore, Mr. Robert",male,34.22,1,0,422398,26.32,,S
1092,0,3,"Anderson, Mr. James",male,27.46,0,0,215801,5.28,F114,S
1093,0,2,"Moore, Mr. Thomas",male,,1,0,299453,33.89,,S
1094,0,2,"Wilson, Mr. William",male,21.8,0,1,810908,32.26,D114,S
1095,0,3,"Moore, Mrs. Elizabeth",female,39.27,0,0,184795,16.03,,S
1096,0,2,"Jones, Mr. Charles",male,54.6,2,0,555828,22.81,,C
1097,0,1,"White, Master. Robert",male,24.68,0,0,960009,153.66,B68,C
1098,1,3,"Jones, Mr. Edward",male,33.65,0,0,429944,2.38,F81,S
1099,0,3,"Anderson, Mr. William",male,0.42,0,0,272674,21.07,,C
1100,0,1,"Thompson, Mr. Thomas",male,46.02,0,0,618777,64.0,,S
1101,1,1,"Thompson, Mr. Robert",male,15.56,0,0,668577,130.0,D43,S
1102,0,2,"Robinson, Mr. William",male,,0,1,415617,21.2,,C
1103,1,3,"Johnson, Miss. Florence",female,9.24,0,0,751511,4.92,,Q
1104,1,3,"Robinson, Miss. Mary",female,22.41,0,0,828748,9.77,,S
1105,1,1,"Smith, Mr. James",male,48.07,1,0,678802,126.91,,S
1106,1,3,"Thompson, Mrs. Elizabeth",female,2.71,1,0,810234,11.63,,S
1107,1,1,"Taylor, Miss. Mary",female,,0,0,413141,57.9,B146,S
1108,1,2,"Martinez, Mr. Edward",male,23.84,0,1,306975,13.72,F43,S
1109,0,3,"Thomas, Mr. Henry",male,,0,0,901674,17.17,,S
1110,1,1,"Jones, Dr. Charles",male,43.18,1,0,488821,157.53,,C
1111,0,1,"Robinson, Master. George",male,23.87,1,0,197275,0.0,,S
1112,0,2,"Davis, Mr. Frank",male,24.34,0,0,224603,48.01,,S
1113,0,3,"Martinez, Mr. James",male,43.67,0,0,980540,14.32,,C
1114,1,3,"Robinson, Mrs. Alice",female,33.57,1,0,105021,16.77,,C
1115,0,3,"Johnson, Mr. Thomas",male,13.98,0,0,874423,10.16,,S
1116,1,1,"Thomas, Mrs. Elizabeth",female,34.8,0,0,366835,83.85,,S
1117,0,1,"Brown, Dr. James",male,35.18,0,0,996841,92.09,E120,S
1118,0,3,"Anderson, Mr. Robert",male,18.54,5,0,604544,6.18,,S
1119,1,2,"Davis, Miss. Florence",female,,0,0,775658,11.94,,S
1120,0,3,"Robinson, Mr. Henry",male,16.87,0,0,783379,20.7,,S
1121,0,3,"Williams, Mr. William",male,41.67,1,0,502168,2.91,,S
1122,0,1,"Jones, Mr. William",male,33.43,0,2,954907,102.52,,S
1123,1,3,"Martinez, Mrs. Margaret",female,23.76,0,0,748536,10.59,,S
1124,0,1,"Jackson, Mr. Henry",male,39.69,0,0,480578,43.65,A50,C
1125,0,2,"Miller, Mr. Charles",male,56.62,5,0,420701,39.72,,Q
1126,0,3,"Thompson, Master. William",male,,0,0,103086,6.8,,S
1127,0,3,"White, Mr. John",male,38.13,0,0,306392,5.65,,S
1128,0,3,"Martinez, Mr. John",male,,1,3,684936,11.78,,S
1129,0,3,"White, Mr. Thomas",male,21.89,1,0,718922,8.0,,S
1130,0,3,"Williams, Mr. Charles",male,25.15,0,0,286047,13.04,,C
1131,0,3,"Martinez, Mr. James",male,15.71,0,0,512951,14.01,,S
1132,0,3,"Davis, Mr. Thomas",male,22.56,0,2,618431,14.53,,S
1133,1,1,"Williams, Miss. Ellen",female,48.66,0,0,276652,78.8,,S
1134,0,3,"Harris, Mr. Robert",male,15.4,0,1,506685,8.44,,S
1135,0,3,"Jones, Mr. William",male,25.0,1,0,823728,,,C
1136,0,2,"Anderson, Mr. Thomas",male,38.5,1,2,350359,18.88,,C
1137,0,2,"Martin, Miss. Mary",female,20.11,1,0,791495,15.04,,S
1138,0,2,"Thomas, Mr. William",male,43.14,0,2,368899,34.8,,S
1139,0,1,"Anderson, Mr. Charles",male,,0,1,186487,78.9,,S
1140,1,3,"Thomas, Mr. Edward",male,23.02,1,1,407982,20.1,G90,C
1141,0,2,"Jones, Mr. William",male,5.9,0,2,477099,32.27,,S
1142,0,3,"Smith, Mr. William",male,20.52,0,0,257163,21.37,,S
1143,0,3,"Robinson, Mr. Edward",male,29.46,0,0,755071,17.49,,S
1144,0,3,"White, Mr. Henry",male,,0,0,735156,13.0,,S
1145,0,2,"Thomas, Mr. James",male,36.81,0,1,597390,19.36,,S
1146,1,2,"White, Miss. Anna",female,,0,1,455105,17.56,,S
1147,1,3,"Brown, Mrs. Helen",female,10.49,1,0,152312,,,C
1148,0,3,"Martinez, Mr. William",male,23.48,0,0,746298,17.67,F89,S
1149,0,3,"Davis, Miss. Helen",female,,0,1,403200,14.59,,C
1150,1,3,"Davis, Mrs. Anna",female,14.35,0,1,624122,18.37,,S
1151,1,1,"Jones, Miss. Grace",female,49.58,0,0,386637,79.09,,S
1152,1,3,"Jackson, Mrs. Margaret",female,33.8,0,0,304388,17.32,,S
1153,0,1,"Robinson, Mr. William",male,41.3,0,1,630257,26.14,,C
1154,0,1,"White, Mr. John",male,,0,1,389129,34.89,,S
1155,0,3,"Martinez, Mr. Robert",male,13.16,0,0,482578,,,S
1156,0,1,"Moore, Mr. George",male,59.3,3,0,931551,78.36,,S
1157,0,1,"Anderson, Master. George",male,45.58,0,0,328743,,D132,C
1158,1,1,"Martin, Mr. Henry",male,42.09,0,0,479573,46.06,,S
1159,1,2,"Davis, Mr. Frank",male,25.05,5,0,399884,23.35,,S
1160,1,3,"Thomas, Mrs. Alice",female,25.45,1,0,201899,10.23,,S
1161,1,1,"Anderson, Mrs. Grace",female,39.98,1,1,481160,23.81,,S
1162,0,3,"White, Mr. James",male,29.8,0,2,678875,29.54,F2,S
1163,0,3,"Johnson, Mr. Edward",male,33.81,1,0,394688,12.76,,S
1164,1,1,"Anderson, Mr. George",male,,0,2,408024,38.51,,S
1165,1,1,"Thompson, Miss. Elizabeth",female,20.4,0,0,705459,55.87,E78,Q
1166,1,3,"Miller, Miss. Helen",female,26.01,1,0,519096,11.87,,S
1167,0,3,"Martin, Master. Thomas",male,4.03,0,0,624552,,G51,S
1168,0,3,"Martinez, Master. William",male,21.12,3,0,285795,21.46,,S
1169,0,3,"Brown, Mr. Frank",male,18.89,5,0,513031,12.48,,S
1170,1,1,"Brown, Miss. Alice",female,43.9,0,2,111484,161.92,,C
1171,0,2,"Davis, Miss. Margaret",female,53.79,0,0,612300,15.68,E75,C
1172,0,3,"Garcia, Master. William",male,1.66,1,0,626197,15.77,G97,S
1173,0,2,"Garcia, Mr. Robert",male,57.29,0,0,253673,30.22,,C
1174,0,3,"Miller, Mr. Robert",male,,0,0,490784,20.77,,S
1175,0,3,"Harris, Mr. Edward",male,29.17,0,0,717827,21.53,,Q
1176,0,3,"Smith, Mrs. Margaret",female,8.02,1,0,464912,11.23,,S
1177,1,2,"Martinez, Miss. Florence",female,41.96,3,0,966996,19.95,,C
1178,0,2,"Brown, Mr. Robert",male,30.5,0,0,930730,0.0,F10,C
1179,0,1,"Taylor, Mr. Robert",male,37.26,1,0,233957,75.77,,S
1180,0,1,"Moore, Master. George",male,14.75,1,2,335066,129.83,,S
1181,0,3,"Taylor, Mr. George",male,,0,0,385680,18.83,F38,Q
1182,0,1,"Johnson, Mr. George",male,,0,1,627747,80.37,,S
1183,0,1,"Johnson, Miss. Helen",female,35.16,0,5,639051,155.36,A104,S
1184,1,1,"Anderson, Miss. Helen",female,52.09,1,0,844181,67.87,A7,S
1185,1,1,"Davis, Mr. Robert",male,51.59,0,0,423238,53.92,D38,S
1186,0,3,"White, Miss. Mary",female,17.31,0,0,509461,9.96,,S
1187,1,2,"Taylor, Mrs. Elizabeth",female,49.14,0,2,540229,8.78,,C
1188,0,3,"Wilson, Mr. Charles",male,,0,0,777887,17.05,,Q
1189,0,1,"Taylor, Mr. Robert",male,38.6,0,0,509249,96.12,,S
1190,0,3,"Williams, Mr. Charles",male,26.19,0,0,603512,16.96,,Q
1191,1,2,"Miller, Miss. Mary",female,,0,1,184510,15.86,,S
1192,0,2,"Garcia, Mr. Charles",male,0.42,1,0,415902,19.42,,S
1193,0,3,"Johnson, Mr. William",male,,1,0,508714,0.0,G96,S
1194,0,3,"Williams, Mr. Thomas",male,8.63,1,0,916354,15.45,G44,S
1195,0,3,"Taylor, Mr. Henry",male,44.52,0,2,202852,13.64,,S
1196,1,1,"Davis, Mr. Thomas",male,57.03,0,0,439099,37.78,,S
1197,1,2,"Martinez, Miss. Helen",female,,1,0,676152,18.95,,S
1198,0,3,"Moore, Mr. Thomas",male,,0,1,512947,11.32,,S
1199,1,2,"Thomas, Mr. John",male,17.9,0,0,372849,37.64,E110,S
1200,0,3,"Johnson, Miss. Florence",female,17.11,0,2,682973,6.1,,S
1201,0,3,"Jones, Mr. Edward",male,48.31,0,0,128752,15.15,,S
1202,0,3,"Anderson, Mr. Charles",male,16.69,0,0,634256,,,Q
1203,0,3,"Miller, Mr. Robert",male,0.42,2,0,888423,9.37,F143,S
1204,0,3,"Jones, Mr. Frank",male,37.36,1,0,561243,14.8,G117,C
1205,0,1,"Martin, Mr. Thomas",male,56.01,1,1,812947,75.12,E38,Q
1206,1,1,"White, Miss. Florence",female,57.91,5,0,721055,,,C
1207,0,3,"White, Mr. Robert",male,37.46,1,0,659756,15.16,,S
1208,0,3,"Garcia, Master. James",male,,0,1,724374,9.79,,S
1209,0,2,"Martinez, Master. John",male,30.64,0,0,980228,28.84,,S
1210,0,2,"Martinez, Miss. Emma",female,5.08,1,0,576550,16.95,,S
1211,0,3,"Moore, Mr. Charles",male,25.33,0,0,351261,12.37,,S
1212,0,3,"Miller, Miss. Elizabeth",female,32.46,2,6,555013,,G134,S
1213,0,3,"Davis, Mr. Henry",male,23.38,0,0,530884,14.48,,S
1214,0,2,"Miller, Mr. Charles",male,27.83,0,1,248219,,F53,C
1215,0,2,"White, Mr. Edward",male,18.43,1,0,958358,,F97,S
1216,1,3,"Davis, Mr. Henry",male,12.98,1,0,739811,16.05,F88,Q
1217,0,2,"Brown, Mr. Edward",male,52.06,1,0,424867,16.75,,C
1218,1,3,"Williams, Miss. Ellen",female,,0,0,991987,6.05,,C
1219,0,3,"Johnson, Mr. Henry",male,24.97,0,0,384974,3.72,,S
1220,0,1,"Martin, Mr. John",male,41.38,0,2,361741,13.83,B67,Q
1221,0,1,"Martin, Mr. William",male,26.23,2,0,282772,158.03,A78,S
1222,0,1,"Robinson, Master. Thomas",male,45.71,0,0,280227,0.0,E20,C
1223,0,3,"Martinez, Mr. Frank",male,46.12,0,0,640166,20.76,,S
1224,0,3,"Garcia, Mr. Charles",male,6.65,0,0,945537,7.66,,S
1225,0,1,"Johnson, Mr. Henry",male,43.57,1,0,594990,133.83,,S
1226,0,3,"Smith, Mr. Frank",male,,0,1,469790,0.0,,C
1227,0,2,"Anderson, Mr. William",male,36.33,8,0,839824,17.65,F25,C
1228,0,3,"Harris, Mr. Robert",male,44.71,0,2,723035,22.45,,S
1229,0,3,"Martinez, Mr. Henry",male,49.43,1,0,234053,17.64,G63,C
1230,0,1,"Martinez, Mr. Henry",male,35.2,1,0,523966,69.83,D14,S
1231,1,1,"Thompson, Miss. Ellen",female,46.08,0,1,668301,2.39,,Q
1232,0,3,"Martinez, Mr. Edward",male,26.01,0,0,606386,4.4,,S
1233,1,1,"Martin, Miss. Anna",female,30.41,0,0,113948,142.34,,Q
1234,0,3,"Brown, Dr. William",male,28.25,0,0,400529,10.74,F107,C
1235,0,1,"Wilson, Mr. William",male,46.06,1,0,990364,80.98,B44,S
1236,0,1,"Miller, Mr. Robert",male,40.6,0,0,793594,95.91,,S
1237,0,1,"Thomas, Mr. Edward",male,27.43,0,0,766647,29.28,,S
1238,1,2,"Thompson, Miss. Anna",female,24.44,2,0,553606,24.07,E108,Q
1239,1,1,"Anderson, Mrs. Alice",female,32.53,0,0,602889,66.38,,S
1240,0,1,"Martin, Mr. Henry",male,,0,0,533822,96.34,,C
1241,0,3,"Davis, Mr. Edward",male,28.76,2,0,316782,9.24,,Q
1242,0,2,"Thomas, Mr. Robert",male,,2,1,604780,4.27,D51,
1243,0,2,"Thomas, Mr. James",male,41.75,0,2,860315,15.73,,S
1244,0,1,"Johnson, Miss. Alice",female,27.71,0,1,943749,110.91,,S
1245,0,2,"Robinson, Mr. George",male,23.07,0,1,415865,23.94,,S
1246,0,2,"White, Mr. Henry",male,48.65,0,5,836485,20.31,,C
1247,1,3,"Moore, Miss. Florence",female,23.03,1,0,386147,18.84,,S
1248,1,1,"Miller, Miss. Elizabeth",female,38.36,0,0,153911,75.45,,S
1249,0,3,"Martinez, Mr. Frank",male,22.9,0,1,369595,13.37,,S
1250,0,3,"Williams, Mr. Charles",male,,0,0,423224,9.88,,C
1251,1,1,"Martin, Miss. Grace",female,,1,0,996991,124.18,,S
1252,1,1,"White, Mr. James",male,,1,0,238645,96.24,,S
1253,1,1,"Wilson, Mr. Charles",male,38.32,0,0,494980,60.61,,S
1254,0,3,"Brown, Rev. Charles",male,,0,2,920749,3.32,,C
1255,0,1,"Wilson, Miss. Florence",female,61.1,0,0,303080,130.41,,S
1256,1,3,"Davis, Mrs. Margaret",female,35.28,0,0,321619,8.16,,S
1257,1,3,"Garcia, Miss. Alice",female,19.52,1,0,651616,13.47,,C
1258,0,3,"Brown, Mr. Edward",male,42.09,1,1,789967,28.29,,S
1259,0,3,"Miller, Mr. John",male,18.57,3,1,338102,18.21,F136,S
1260,0,3,"Martin, Mr. Robert",male,41.93,0,0,653143,23.47,G11,S
1261,0,1,"Smith, Miss. Anna",female,55.74,1,0,670209,61.4,,S
1262,1,2,"Harris, Mr. Robert",male,18.94,0,0,790307,30.71,D40,S
1263,0,2,"Wilson, Mr. George",male,36.98,0,2,621816,20.27,,S
1264,0,3,"Miller, Miss. Anna",female,34.39,0,0,702371,15.38,,S
1265,0,3,"Johnson, Mr. James",male,56.38,1,1,423846,26.14,,S
1266,1,3,"Martinez, Mrs. Ellen",female,16.09,1,0,358802,11.19,,S
1267,0,1,"Jackson, Mr. Charles",male,55.19,0,3,474245,84.81,,S
1268,0,3,"Thompson, Mrs. Grace",female,25.21,1,0,548450,7.13,,S
1269,0,3,"Moore, Master. Edward",male,10.1,1,0,596290,18.78,,S
1270,0,3,"Johnson, Mr. John",male,23.56,2,0,255160,9.36,,S
1271,0,3,"Thompson, Mr. George",male,25.03,0,1,836910,19.65,,C
1272,0,2,"Thompson, Mr. George",male,,5,1,308357,3.5,,S
1273,0,2,"Williams, Mr. John",male,33.75,1,0,328800,25.49,F132,C
1274,0,3,"Anderson, Mr. John",male,36.49,0,0,211839,8.82,,S
1275,1,1,"Thompson, Master. Robert",male,40.86,0,0,338195,114.68,,S
1276,1,2,"White, Mrs. Elizabeth",female,23.5,1,0,888459,19.86,,C
1277,0,1,"Martin, Mr. Robert",male,,1,0,886449,61.52,,S
1278,0,1,"Anderson, Mrs. Elizabeth",female,,0,0,357100,67.76,D126,Q
1279,1,3,"Garcia, Miss. Florence",female,27.61,8,1,320614,7.47,,S
1280,0,3,"Anderson, Mr. Robert",male,,0,0,218331,18.45,F44,S
1281,1,2,"Brown, Mrs. Emma",female,33.26,0,0,399493,9.51,,S
1282,0,2,"Johnson, Mr. James",male,13.17,0,0,316873,17.33,,S
1283,0,2,"White, Mr. Frank",male,23.25,0,0,169713,23.45,,S
1284,0,3,"Davis, Mr. Edward",male,,0,0,336846,23.49,F100,
1285,1,3,"Johnson, Mrs. Alice",female,,0,2,309751,12.94,G5,Q
1286,0,3,"Martinez, Mr. William",male,40.57,0,0,212792,11.42,F84,S
1287,0,2,"Martin, Mr. William",male,51.3,0,0,400804,22.74,,S
1288,0,2,"Jones, Miss. Margaret",female,31.57,0,0,727772,0.0,,S
1289,0,2,"Miller, Mr. John",male,39.16,1,1,999806,8.01,,S
1290,1,3,"Martinez, Miss. Florence",female,7.55,0,1,699788,10.56,,S
1291,1,2,"Robinson, Miss. Helen",female,35.16,0,0,770544,12.87,,S
1292,0,3,"Garcia, Miss. Margaret",female,12.1,0,0,630350,2.59,,Q
1293,1,3,"Brown, Mrs. Ellen",female,24.25,0,0,658261,18.58,,S
1294,1,2,"Thompson, Miss. Ellen",female,,0,0,882295,22.6,,S
1295,0,2,"Martinez, Mr. Robert",male,33.64,2,0,903880,21.4,,S
1296,0,2,"Anderson, Miss. Emma",female,19.63,0,0,148552,,,S
1297,1,1,"Garcia, Mrs. Anna",female,42.89,0,0,552770,87.33,,S
1298,1,1,"Martinez, Mr. Edward",male,,0,1,646296,105.61,,S
1299,0,3,"Taylor, Mr. Edward",male,13.47,0,0,986135,11.28,,C
1300,1,2,"Miller, Miss. Margaret",female,55.24,1,0,629201,24.45,D130,S
1301,0,1,"Brown, Mr. William",male,50.8,3,2,334333,50.57,,Q
1302,0,3,"Davis, Mr. George",male,29.15,0,0,745255,13.63,,Q
1303,0,3,"Moore, Mr. Robert",male,20.3,0,0,976268,20.43,,S
1304,0,2,"Wilson, Mr. George",male,,0,0,393020,32.32,,C
1305,1,3,"Martin, Miss. Grace",female,43.51,0,0,376011,21.63,,S
1306,0,3,"Miller, Mr. Charles",male,28.68,0,1,483328,14.86,,S
1307,1,3,"Harris, Mrs. Elizabeth",female,,0,1,652309,13.21,G128,S
1308,1,3,"Harris, Miss. Florence",female,54.05,0,0,404951,10.08,,S
1309,0,1,"Williams, Mr. Frank",male,40.2,0,3,720894,8.09,,S
1310,0,3,"Brown, Mrs. Florence",female,29.12,1,0,451307,4.26,,C
1311,0,2,"Davis, Mr. James",male,43.04,0,0,546268,18.32,,S
1312,0,3,"White, Mrs. Helen",female,30.58,0,0,676041,12.3,G85,S
1313,1,3,"Miller, Miss. Mary",female,33.96,1,0,309895,22.18,,S
1314,1,1,"Garcia, Mr. Charles",male,32.92,0,0,332475,139.22,,Q
1315,1,1,"Garcia, Mrs. Alice",female,,0,0,348414,55.17,E103,
1316,0,3,"Harris, Mr. Henry",male,28.36,1,3,881203,18.32,,S
1317,0,3,"White, Mr. Henry",male,42.18,0,0,641980,9.9,,S
1318,0,1,"Johnson, Miss. Emma",female,30.23,1,0,994484,112.67,,Q
1319,0,3,"Harris, Mr. Henry",male,16.26,0,0,354403,18.24,,S
1320,0,3,"Jackson, Mr. Robert",male,39.65,0,0,483408,21.07,F52,S
1321,0,3,"Jackson, Mr. Edward",male,,1,0,479153,9.8,,
1322,0,2,"Robinson, Mr. Edward",male,25.07,0,0,991715,30.14,,S
1323,1,1,"Thompson, Miss. Emma",female,33.52,1,0,689846,5.34,D76,S
1324,0,3,"Williams, Mr. Edward",male,,0,1,533892,21.43,,C
1325,1,2,"Harris, Mr. John",male,,0,0,605008,19.75,,S
1326,0,3,"Brown, Mr. Robert",male,18.53,1,0,117837,12.98,,S
1327,1,2,"Thomas, Mrs. Emma",female,32.76,0,0,416382,0.0,E87,Q
1328,0,3,"Garcia, Mr. John",male,27.68,0,1,912195,10.47,,S
1329,0,2,"Robinson, Mr. John",male,43.9,0,2,346638,33.55,D72,S
1330,0,1,"Thomas, Mr. Thomas",male,60.07,1,0,402750,66.08,,S
1331,0,3,"Moore, Mr. Thomas",male,43.15,8,0,462007,17.64,,S
1332,1,3,"Jackson, Miss. Margaret",female,35.98,0,0,154400,13.22,,S
1333,0,3,"Garcia, Mr. James",male,23.22,0,0,549921,19.91,,S
1334,0,3,"Martin, Mr. William",male,17.52,0,1,265936,14.24,,S
1335,0,3,"Harris, Miss. Mary",female,25.21,0,0,731237,6.94,,Q
1336,0,3,"Martinez, Mr. John",male,32.03,0,0,751680,13.37,,S
1337,0,1,"Jackson, Mr. Robert",male,47.86,1,0,486561,151.25,,S
1338,0,3,"Martinez, Mr. Henry",male,32.48,0,2,309709,16.23,G125,S
1339,0,3,"Thompson, Mr. William",male,23.55,0,0,780855,12.24,,C
1340,1,2,"Brown, Mrs. Mary",female,39.44,0,0,759934,42.56,D99,S
1341,1,1,"Jones, Miss. Helen",female,,0,2,388149,132.69,,S
1342,1,3,"Davis, Mrs. Mary",female,35.56,0,0,848442,18.31,,C
1343,1,3,"Robinson, Mrs. Grace",female,24.62,0,0,583260,15.06,,S
1344,0,3,"Moore, Mr. Robert",male,14.99,0,0,919077,17.75,,C
1345,0,3,"Moore, Mr. Robert",male,,0,0,712675,17.96,,S
1346,0,3,"Johnson, Master. William",male,16.83,0,0,915614,0.0,G37,C
1347,1,2,"Brown, Mrs. Anna",female,33.08,0,6,356370,23.95,,S
1348,1,2,"Robinson, Mrs. Mary",female,,1,1,262509,18.39,,Q
1349,0,2,"Thompson, Mr. Thomas",male,13.03,0,0,796840,15.0,,S
1350,1,1,"Moore, Mrs. Grace",female,,0,0,602655,75.79,A95,S
1351,1,3,"Anderson, Miss. Ellen",female,27.92,1,6,794293,2.89,,C
1352,1,3,"Thompson, Mrs. Helen",female,14.2,0,0,895009,1.27,,S
1353,1,2,"Thomas, Dr. Mary",female,35.21,0,0,424010,32.47,D97,S
1354,1,2,"Miller, Mr. Thomas",male,26.31,1,1,318684,24.62,,S
1355,0,3,"Martinez, Mr. Edward",male,,0,0,264627,0.0,,S
1356,1,1,"Taylor, Mr. Charles",male,,2,0,999211,59.79,,S
1357,0,3,"Moore, Master. Edward",male,29.71,0,0,601056,18.72,,S
1358,1,2,"Miller, Miss. Florence",female,19.82,0,0,762739,17.2,F103,S
1359,0,3,"Jackson, Mr. Frank",male,,0,0,958098,21.09,,S
1360,0,1,"Brown, Mr. Henry",male,43.61,0,1,940343,128.09,A7,C
1361,0,3,"Moore, Mr. Thomas",male,15.85,0,0,993780,4.18,G139,S
1362,0,2,"Moore, Mr. Edward",male,10.11,0,0,379760,18.57,,S
1363,0,3,"Williams, Dr. Henry",male,6.56,0,0,709325,10.09,F65,S
1364,1,1,"Smith, Mr. George",male,,0,0,282365,25.65,,S
1365,1,2,"Harris, Miss. Margaret",female,14.18,0,0,518328,5.46,,S
1366,0,3,"Robinson, Mr. Frank",male,20.83,0,5,954665,7.76,F113,S
1367,0,1,"Martinez, Mr. George",male,57.98,0,0,352489,57.08,,S
1368,0,1,"Harris, Master. James",male,21.46,0,0,353464,95.9,,S
1369,0,1,"Johnson, Dr. George",male,34.61,1,0,611689,127.86,,S
1370,1,2,"Wilson, Miss. Alice",female,55.59,0,4,913845,25.14,D64,S
1371,0,1,"Jackson, Mrs. Margaret",female,42.9,0,1,672420,115.52,,S
1372,0,3,"Robinson, Master. Edward",male,20.59,2,1,253189,11.27,F69,S
1373,1,2,"Jackson, Mrs. Grace",female,28.12,2,0,968039,26.03,,S
1374,1,3,"Smith, Mrs. Anna",female,,0,0,422625,12.04,,S
1375,0,3,"Thompson, Mr. Edward",male,45.35,0,0,509437,10.13,G26,Q
1376,1,1,"Thomas, Mr. John",male,31.63,1,0,665755,163.68,,S
1377,0,3,"Miller, Mr. George",male,,0,0,718656,0.0,,S
1378,1,3,"Johnson, Mrs. Grace",female,,0,1,920700,0.82,,C
1379,0,3,"Davis, Master. Thomas",male,26.24,0,0,305371,15.49,,C
1380,1,2,"Anderson, Mr. William",male,,0,0,515186,17.35,,S
1381,1,2,"Smith, Miss. Grace",female,24.43,1,1,391195,5.63,,S
1382,1,1,"White, Mrs. Grace",female,27.1,0,2,639244,39.71,E11,S
1383,1,3,"Jones, Mrs. Anna",female,37.89,0,0,351368,6.99,F80,S
1384,1,3,"Jones, Miss. Margaret",female,18.9,0,0,393723,18.8,,S
1385,0,3,"Wilson, Mr. Edward",male,,0,1,701053,,,S
1386,1,1,"Robinson, Mrs. Mary",female,18.75,1,3,275728,152.86,,Q
1387,0,3,"Anderson, Mr. Frank",male,26.58,1,0,496679,2.67,,S
1388,0,2,"Jones, Master. Charles",male,15.56,0,0,766606,6.33,E90,C
1389,1,3,"Harris, Miss. Florence",female,19.89,1,0,521809,3.67,,S
1390,0,1,"Johnson, Mr. Charles",male,64.53,0,1,761373,138.13,,S
1391,0,3,"Davis, Mr. John",male,36.19,0,0,506965,15.71,F104,C
1392,0,3,"Williams, Mr. William",male,23.46,0,0,877638,13.52,F13,S
1393,1,1,"Garcia, Mr. Henry",male,76.39,0,1,863595,93.64,,S
1394,0,1,"Brown, Mr. Frank",male,27.02,0,0,235617,81.62,C42,S
1395,1,3,"Harris, Mr. Charles",male,38.98,1,0,893836,5.71,,S
1396,0,1,"Smith, Mrs. Emma",female,19.61,0,0,152746,105.55,,C
1397,1,3,"Brown, Mrs. Anna",female,22.07,0,0,924716,11.79,,S
1398,1,3,"Miller, Mr. James",male,8.83,1,0,662706,5.2,,C
1399,0,3,"Martinez, Mr. George",male,28.09,1,0,230198,16.73,F115,S
1400,1,2,"Thompson, Miss. Mary",female,30.67,0,0,539925,15.74,,C
1401,0,2,"Brown, Mr. John",male,26.31,0,5,963020,22.27,,S
1402,0,1,"Johnson, Mr. Edward",male,51.1,1,0,663119,78.75,,S
1403,0,3,"Brown, Mr. Thomas",male,18.19,0,1,569991,18.79,,C
1404,1,2,"Harris, Mr. Robert",male,33.92,0,0,314903,22.2,,S
1405,1,1,"Miller, Mr. William",male,,0,1,430924,46.88,,S
1406,1,2,"Anderson, Mrs. Helen",female,12.2,0,3,843049,23.22,,C
1407,1,3,"Moore, Mrs. Grace",female,16.02,0,2,868382,15.31,,S
1408,1,1,"Martin, Mr. Robert",male,,1,1,500421,105.48,,S
1409,0,3,"Wilson, Mr. Henry",male,32.56,0,0,599484,19.73,,S
1410,0,3,"Harris, Mr. Thomas",male,42.05,4,0,709575,9.0,F137,C
1411,1,3,"Johnson, Mr. James",male,22.41,0,0,977077,17.34,,S
1412,1,3,"Anderson, Mrs. Elizabeth",female,21.2,0,0,275499,1.79,,S
1413,0,3,"Harris, Mr. Edward",male,14.53,0,0,159812,12.22,,S
1414,1,3,"Moore, Miss. Mary",female,,0,0,144670,11.21,,S
1415,1,1,"Wilson, Mr. Robert",male,34.43,0,0,588183,144.81,,S
1416,0,3,"Wilson, Mr. Henry",male,21.71,1,1,422149,11.98,G120,C
1417,0,3,"Harris, Mr. Frank",male,23.87,0,0,194942,,,C
1418,0,3,"Smith, Mr. Frank",male,,0,0,483326,1.55,,C
1419,1,3,"Anderson, Miss. Helen",female,18.24,0,0,653060,10.71,,C
1420,1,3,"Moore, Mrs. Florence",female,15.73,0,0,486606,7.5,,S
1421,0,3,"Davis, Mr. Edward",male,30.18,0,2,719009,29.09,,S
1422,0,3,"Moore, Master. Henry",male,0.42,0,0,315449,8.67,,S
1423,1,2,"Martinez, Miss. Emma",female,,0,1,987115,20.73,D126,S
1424,0,2,"Anderson, Mrs. Alice",female,16.18,1,0,520660,21.27,E118,S
1425,0,2,"Anderson, Mr. Edward",male,44.44,1,0,549509,4.11,,S
1426,0,2,"Garcia, Mr. Edward",male,24.71,0,0,555174,14.74,F49,S
1427,1,1,"Harris, Mr. Charles",male,,0,0,945563,,,S
1428,1,1,"Miller, Mr. William",male,37.42,0,1,357762,87.6,,S
1429,0,3,"Robinson, Mr. Charles",male,,0,2,548866,0.0,,Q
1430,0,2,"Taylor, Mr. Charles",male,25.17,1,0,398830,14.33,,S
1431,0,3,"Wilson, Mr. John",male,26.17,0,1,635325,19.64,,S
1432,0,3,"Jones, Mr. Robert",male,19.94,1,0,603481,16.82,,S
1433,0,1,"Brown, Master. John",male,32.85,0,0,934532,135.16,,S
1434,1,1,"Martinez, Mrs. Mary",female,25.88,4,0,140301,,B122,S
1435,1,1,"Williams, Mr. George",male,24.15,1,0,769755,137.8,,Q
1436,0,3,"Martinez, Mr. Frank",male,25.73,1,4,137151,12.71,,C
1437,0,1,"Williams, Master. Frank",male,,2,0,610278,150.87,,S
1438,1,3,"Thomas, Mr. Edward",male,,0,0,489281,13.02,,C
1439,1,3,"Miller, Miss. Alice",female,34.12,0,0,180688,0.0,F138,S
1440,0,3,"Robinson, Master. Edward",male,,0,0,156416,18.52,G74,Q
1441,0,2,"Miller, Mr. Edward",male,41.7,1,0,813873,15.56,D99,S
1442,1,1,"Garcia, Miss. Emma",female,,1,1,771778,68.2,,S
1443,1,1,"Jackson, Miss. Emma",female,,0,0,633471,22.97,,Q
1444,1,1,"Anderson, Dr. Elizabeth",female,64.22,1,2,628144,152.13,,S
1445,1,1,"Taylor, Mr. George",male,34.38,0,0,184557,62.11,,S
1446,0,3,"Martin, Mr. Edward",male,12.45,0,0,123637,23.24,,C
1447,1,3,"Williams, Miss. Mary",female,6.59,0,0,832892,10.2,,S
1448,0,3,"Brown, Mr. Robert",male,46.07,0,1,396546,6.97,,S
1449,0,3,"Miller, Mrs. Alice",female,46.23,0,0,808657,21.58,G144,S
1450,1,1,"Harris, Miss. Alice",female,26.9,1,0,179163,80.92,,S
1451,0,3,"Taylor, Rev. Thomas",male,16.27,0,1,699326,12.59,G31,S
1452,0,3,"Martin, Mr. Edward",male,,0,0,915619,4.67,G126,S
1453,0,3,"Martin, Mr. James",male,39.69,0,0,438315,10.03,G47,S
1454,0,3,"Harris, Mr. Charles",male,9.55,0,6,379666,15.79,,S
1455,1,2,"Jackson, Mrs. Emma",female,6.4,1,0,774743,7.01,E147,S
1456,0,1,"Johnson, Miss. Helen",female,64.01,1,0,443964,61.36,,S
1457,0,2,"Garcia, Master. George",male,33.75,0,3,395056,15.8,,S
1458,1,2,"White, Mrs. Mary",female,35.45,1,0,808422,20.66,,S
1459,0,3,"Martin, Mr. Thomas",male,22.54,1,0,712138,22.62,G120,S
1460,0,2,"Wilson, Miss. Alice",female,,1,1,294767,17.0,,S
1461,0,3,"Anderson, Mr. John",male,6.83,0,0,504810,8.51,,C
1462,1,3,"Johnson, Miss. Mary",female,14.91,0,1,287103,30.85,,S
1463,1,1,"Brown, Mrs. Emma",female,39.26,1,0,540438,65.81,E53,S
1464,0,2,"Jackson, Mr. Frank",male,2.75,0,0,826547,18.09,,S
1465,0,3,"Johnson, Mr. Robert",male,21.37,0,1,684044,10.67,G81,S
1466,0,3,"Martinez, Mrs. Florence",female,20.63,0,0,579769,11.2,,S
1467,0,2,"Johnson, Mr. Thomas",male,26.37,0,1,378061,20.78,,S
1468,1,2,"Thomas, Mrs. Alice",female,23.39,0,1,330927,29.21,,S
1469,0,3,"Thomas, Miss. Margaret",female,,1,3,664371,15.63,,S
1470,1,1,"White, Miss. Margaret",female,16.14,0,0,241964,,,S
1471,0,3,"Wilson, Mr. John",male,26.74,0,0,899488,19.79,,Q
1472,0,1,"Brown, Master. Thomas",male,34.4,3,0,812349,92.76,,S
1473,0,1,"Jones, Mrs. Anna",female,21.5,0,0,788238,99.81,,S
1474,0,3,"Taylor, Mr. James",male,25.75,0,0,283526,20.21,,S
1475,0,3,"Moore, Mr. John",male,21.46,1,0,409476,5.78,,S
1476,0,3,"Miller, Mr. John",male,19.47,3,0,542009,29.24,G136,C
1477,1,2,"Garcia, Dr. Alice",female,4.12,1,2,841908,14.87,,S
1478,0,3,"Smith, Mr. Thomas",male,33.19,0,0,271043,10.72,,S
1479,0,3,"Robinson, Mr. John",male,10.2,0,0,849547,5.12,,S
1480,0,3,"Johnson, Mr. John",male,25.76,1,0,438097,5.32,,Q
1481,0,2,"Miller, Miss. Alice",female,20.3,1,0,894147,29.74,,S
1482,0,1,"Martin, Mr. Thomas",male,33.34,0,0,175506,179.35,,S
1483,0,3,"Garcia, Mrs. Ellen",female,38.83,1,0,771256,,,S
1484,0,2,"Johnson, Mrs. Ellen",female,,0,0,109161,23.47,,S
1485,0,3,"White, Dr. Anna",female,38.56,0,0,399523,14.43,,S
1486,1,1,"Robinson, Miss. Emma",female,,0,1,618968,126.01,,S
1487,0,3,"Martin, Master. Frank",male,,0,5,779226,27.42,,Q
1488,1,2,"Martin, Miss. Mary",female,8.63,2,0,612289,35.21,,S
1489,0,3,"Thomas, Mr. Frank",male,,0,0,420936,11.45,F11,S
1490,1,3,"Garcia, Miss. Helen",female,22.3,1,1,270787,16.44,F77,Q
1491,0,1,"Jones, Mr. Frank",male,52.68,0,0,422435,110.38,C118,S
1492,1,3,"Jones, Miss. Elizabeth",female,18.93,1,0,277626,12.87,,S
1493,0,3,"Jackson, Miss. Margaret",female,28.18,0,0,135995,5.88,,S
1494,0,3,"Davis, Mr. George",male,27.71,2,0,795838,7.81,F132,C
1495,0,2,"Brown, Mrs. Anna",female,,0,0,987249,31.48,,S
1496,0,3,"Moore, Mr. John",male,23.4,1,1,501964,21.13,,S
1497,0,3,"Harris, Mr. Frank",male,34.93,0,0,404340,11.65,,S
1498,0,3,"Martinez, Mr. John",male,4.54,0,0,643619,14.7,,S
1499,0,2,"Harris, Mr. James",male,10.63,2,1,101961,31.97,D14,Q
1500,0,3,"Jackson, Mr. John",male,0.42,0,1,351885,1.92,,S
1501,1,3,"Harris, Miss. Mary",female,34.43,1,0,508576,10.1,,S
1502,0,3,"Smith, Mr. Robert",male,33.08,0,0,627522,26.12,G144,S
1503,0,2,"Wilson, Mr. Edward",male,40.76,0,0,367401,22.99,,S
1504,0,2,"Brown, Miss. Emma",female,21.87,2,1,476411,8.71,D19,C
1505,1,3,"Taylor, Miss. Mary",female,,1,0,312417,13.76,,S
1506,0,3,"Robinson, Mr. George",male,23.55,0,2,346863,19.64,,S
1507,0,3,"Garcia, Miss. Mary",female,,0,1,401391,0.0,,S
1508,0,2,"Taylor, Mr. John",male,,1,0,598307,,D47,C
1509,0,1,"Anderson, Mr. Edward",male,47.53,0,0,921627,68.36,,S
1510,0,3,"Thompson, Mr. Thomas",male,28.97,2,2,162296,2.33,G65,S
1511,1,1,"Miller, Miss. Elizabeth",female,54.02,0,1,277327,87.44,,S
1512,0,1,"Martin, Mr. Edward",male,34.93,0,0,214018,78.27,,C
1513,1,3,"Davis, Mr. William",male,20.31,1,0,253057,12.84,F141,C
1514,1,3,"Brown, Mrs. Emma",female,,0,0,499033,10.74,,S
1515,0,3,"Williams, Mr. George",male,13.26,0,0,953335,6.36,,S
1516,1,2,"Wilson, Mr. George",male,27.9,0,0,377086,5.45,,
1517,1,1,"Martinez, Mrs. Grace",female,24.59,5,0,737734,54.99,C134,S
1518,0,3,"Martinez, Mrs. Helen",female,37.3,0,2,826193,18.59,,S
1519,1,1,"Moore, Mr. Thomas",male,44.52,8,0,271124,93.79,,S
1520,0,1,"Thomas, Mr. William",male,55.15,0,0,276945,81.09,,S
1521,1,2,"Garcia, Mrs. Ellen",female,10.45,0,0,735544,9.6,,S
1522,0,3,"Taylor, Mr. Henry",male,47.82,0,0,220618,10.57,,S
1523,0,3,"Taylor, Mr. Charles",male,6.13,0,0,839888,,,S
1524,1,3,"Anderson, Mr. George",male,10.62,0,0,160030,16.28,G63,C
1525,0,3,"Garcia, Rev. Thomas",male,17.55,0,0,627978,9.9,,S
1526,1,1,"Martin, Miss. Florence",female,53.69,0,0,834942,0.0,,S
1527,0,2,"Williams, Mr. William",male,32.71,1,0,947406,13.25,D6,C
1528,0,3,"Williams, Mr. James",male,22.07,0,0,874176,9.86,,C
1529,0,1,"Jackson, Mr. Robert",male,,0,0,678491,45.9,,C
1530,0,2,"Johnson, Mr. Robert",male,,0,0,911029,,,C
1531,0,2,"Johnson, Mr. John",male,43.59,0,0,561699,28.17,,S
1532,0,1,"Taylor, Miss. Helen",female,,1,0,898272,82.43,A16,S
1533,0,3,"Martin, Miss. Margaret",female,41.23,1,0,990262,19.43,,C
1534,0,3,"Harris, Mr. James",male,29.76,1,0,886526,3.2,,S
1535,1,1,"Williams, Mr. William",male,,0,0,710353,71.19,E66,S
1536,0,3,"Jackson, Mr. John",male,10.07,0,0,977380,0.4,,S
1537,0,3,"Smith, Mr. George",male,,1,0,999454,10.23,G139,S
1538,0,3,"Moore, Mr. Charles",male,20.56,2,0,458411,6.2,G66,S
1539,0,3,"Moore, Mr. Thomas",male,18.29,0,0,369181,21.33,,S
1540,0,2,"Williams, Miss. Helen",female,16.76,0,1,692307,24.1,D26,S
1541,0,3,"Martin, Miss. Emma",female,36.37,1,0,535137,19.6,,S
1542,0,2,"Johnson, Mr. William",male,35.47,8,0,137743,15.71,,S
1543,0,2,"Robinson, Miss. Emma",female,36.01,0,0,376738,9.8,,S
1544,0,1,"Martinez, Dr. Edward",male,30.4,0,2,879601,39.83,,C
1545,0,2,"Johnson, Mr. Thomas",male,32.12,1,0,905210,22.65,,S
1546,0,2,"Thompson, Mrs. Helen",female,,1,0,230650,38.1,,S
1547,0,2,"Smith, Mr. Thomas",male,28.44,0,0,724376,24.12,,S
1548,0,3,"Garcia, Dr. Henry",male,0.42,0,6,713724,10.56,,S
1549,1,2,"Miller, Mrs. Ellen",female,11.18,0,2,805500,18.11,,S
1550,0,2,"Smith, Mr. George",male,26.13,1,0,393755,19.69,,S
1551,1,1,"Martin, Mrs. Elizabeth",female,,1,0,788561,169.12,,C
1552,0,2,"Robinson, Mr. George",male,8.39,0,1,629033,32.34,,S
1553,1,2,"Brown, Miss. Ellen",female,15.08,0,0,253514,22.6,F68,S
1554,1,2,"Williams, Mr. Thomas",male,32.6,1,0,813846,21.1,,S
1555,0,2,"Robinson, Mr. Thomas",male,51.23,0,0,971465,22.99,E65,Q
1556,0,3,"Davis, Mr. Charles",male,27.43,0,0,557978,16.21,,C
1557,0,3,"Martin, Mrs. Grace",female,33.43,0,0,203187,10.31,,S
1558,0,3,"Jones, Rev. Charles",male,20.95,0,0,955472,7.51,,Q
1559,0,3,"Wilson, Mrs. Helen",female,,1,0,238382,19.71,F70,S
1560,0,3,"Martin, Mr. Charles",male,,0,0,378325,13.14,,C
1561,0,3,"Garcia, Mr. William",male,17.1,1,0,357831,19.17,,C
1562,0,3,"Martin, Mr. Charles",male,33.69,0,0,604304,23.7,F14,C
1563,1,3,"Williams, Mr. William",male,5.72,0,1,324961,16.38,,S
1564,1,3,"Thompson, Miss. Alice",female,35.68,1,0,872184,15.33,,S
1565,0,3,"Martin, Master. Frank",male,25.47,0,0,393259,33.8,,S
1566,0,2,"Moore, Mrs. Elizabeth",female,27.42,1,0,596371,22.07,,S
1567,1,1,"Harris, Mr. Frank",male,18.28,0,0,239869,38.2,C48,C
1568,1,1,"Davis, Mr. James",male,26.24,8,0,580973,72.19,,S
1569,0,3,"Wilson, Mr. James",male,39.38,0,0,308761,23.09,,S
1570,1,3,"Martin, Mrs. Elizabeth",female,22.5,0,0,447800,4.59,,S
1571,1,2,"Wilson, Mrs. Elizabeth",female,33.34,0,0,551990,12.48,,S
1572,0,3,"Martinez, Mr. Henry",male,14.45,0,1,799961,20.19,,S
1573,0,3,"Martinez, Mr. Edward",male,24.65,0,0,841885,11.23,F120,S
1574,0,3,"Williams, Master. Frank",male,8.53,0,0,423264,12.28,,S
1575,0,1,"Taylor, Mr. Edward",male,,0,1,412396,129.08,,S
1576,0,2,"White, Mr. Frank",male,34.45,0,2,323252,,,S
1577,0,3,"Jackson, Dr. Henry",male,28.85,1,0,905677,3.45,,Q
1578,1,3,"Garcia, Miss. Florence",female,14.16,0,0,215781,3.97,F22,S
1579,0,3,"Smith, Mrs. Mary",female,20.9,0,0,183601,16.78,,S
1580,0,3,"Smith, Mrs. Grace",female,,2,0,484695,14.68,,Q
1581,1,3,"Taylor, Miss. Alice",female,22.46,0,0,454432,8.5,F146,S
1582,0,2,"Miller, Mr. Thomas",male,26.55,0,0,357348,8.41,,S
1583,1,2,"Jones, Mrs. Grace",female,52.84,0,0,496158,17.29,E122,S
1584,0,2,"White, Mr. William",male,18.59,0,0,990665,31.17,,S
1585,0,3,"White, Mr. Thomas",male,37.97,0,0,341318,7.57,,S
1586,0,3,"Johnson, Mr. James",male,11.14,1,1,649964,8.69,,C
1587,0,2,"Brown, Mr. Frank",male,37.86,0,0,755588,8.09,,S
1588,0,3,"Anderson, Mrs. Helen",female,33.5,4,0,993251,10.61,,S
1589,1,2,"Moore, Miss. Grace",female,23.88,1,0,866832,23.38,,C
1590,0,1,"Taylor, Mr. Charles",male,23.39,5,0,725795,172.84,,S
1591,0,1,"Taylor, Mr. Robert",male,14.35,0,1,846430,93.15,A84,S
1592,1,1,"Robinson, Miss. Mary",female,30.62,0,1,862850,81.75,,S
1593,0,3,"Smith, Mr. Charles",male,31.31,1,0,809330,18.61,,S
1594,0,2,"White, Miss. Alice",female,17.07,1,0,200805,26.96,,S
1595,1,3,"Martin, Miss. Margaret",female,26.16,0,0,400914,9.25,F71,S
1596,0,3,"Jones, Mr. Frank",male,7.28,0,3,722300,27.96,,C
1597,0,1,"Jones, Master. George",male,35.19,0,0,896127,82.98,B15,C
1598,0,1,"Jackson, Mr. John",male,24.24,0,0,206627,93.93,,C
1599,0,3,"Jones, Mr. James",male,24.06,1,0,992028,16.58,,S
1600,1,2,"Jones, Mr. Henry",male,23.99,1,0,231791,23.46,,S
1601,0,3,"Smith, Mr. Edward",male,10.72,0,0,276736,22.92,,S
1602,0,1,"Brown, Mr. Charles",male,30.09,0,2,169624,59.22,,S
1603,0,3,"Smith, Mr. Charles",male,13.79,0,0,683129,18.09,,S
1604,0,3,"Martinez, Mr. John",male,9.23,1,0,661375,14.07,,S
1605,0,2,"Davis, Mrs. Elizabeth",female,42.99,2,0,886969,29.83,F42,S
1606,0,2,"Harris, Mr. Henry",male,25.68,0,0,685475,17.85,,S
1607,1,3,"Miller, Miss. Anna",female,0.42,0,2,176635,10.72,,S
1608,0,2,"Garcia, Mr. John",male,22.52,3,0,361298,27.32,,Q
1609,0,2,"Garcia, Mr. George",male,40.98,0,2,408546,23.58,D98,S
1610,1,2,"Martin, Mr. Henry",male,20.86,1,1,905872,11.8,,S
1611,1,2,"White, Miss. Margaret",female,47.97,0,0,745756,33.46,D66,S
1612,0,3,"Davis, Mr. Frank",male,14.72,0,0,931067,17.76,,S
1613,0,3,"Anderson, Master. Thomas",male,31.04,1,0,840071,12.52,,S
1614,1,2,"Martin, Mr. Henry",male,,0,0,824378,15.32,,S
1615,0,3,"Wilson, Miss. Alice",female,30.4,1,0,495113,15.37,,S
1616,0,1,"Garcia, Mr. Robert",male,21.51,1,0,663460,111.74,,S
1617,0,1,"Thompson, Mr. George",male,26.69,0,0,790354,17.05,,S
1618,0,3,"Moore, Miss. Ellen",female,39.04,0,0,637965,15.44,,S
1619,0,3,"Miller, Mr. Frank",male,15.34,1,0,473109,17.24,,S
1620,0,1,"Wilson, Mr. Thomas",male,49.71,2,0,453712,0.0,B15,S
1621,1,1,"Anderson, Miss. Florence",female,32.84,0,0,917532,92.24,,S
1622,1,3,"Davis, Mr. James",male,26.7,1,0,510727,17.51,,S
1623,0,3,"Robinson, Mr. Charles",male,8.37,0,0,455304,16.78,,S
1624,0,1,"White, Mr. Thomas",male,30.7,1,0,227037,117.7,,S
1625,0,2,"Wilson, Mr. James",male,19.5,1,0,627824,16.72,,Q
1626,1,3,"Martin, Miss. Helen",female,27.71,0,0,960147,6.24,,Q
1627,0,2,"Jackson, Mr. William",male,31.12,1,0,800869,2.0,E26,C
1628,0,1,"Martinez, Mr. Charles",male,43.55,1,0,630400,129.87,,S
1629,0,1,"Smith, Mr. George",male,32.11,1,0,403958,113.53,D128,S
1630,1,2,"Martin, Miss. Alice",female,18.84,0,0,442117,31.68,,S
1631,1,3,"Taylor, Mrs. Ellen",female,27.19,1,1,510340,8.29,,S
1632,0,3,"Thomas, Mr. William",male,12.64,1,1,281555,18.22,,S
1633,0,3,"Wilson, Mrs. Emma",female,,0,0,767120,3.23,,Q
1634,0,3,"Harris, Dr. James",male,23.63,0,1,466109,7.35,,C
1635,1,3,"Martin, Mrs. Margaret",female,21.09,1,0,832807,13.82,,S
1636,0,2,"Williams, Mr. John",male,,0,1,251052,26.63,,S
1637,0,2,"Garcia, Mr. Robert",male,29.08,0,0,144882,36.79,,C
1638,0,3,"Anderson, Miss. Florence",female,5.1,1,0,818255,11.44,,Q
1639,1,2,"Taylor, Mrs. Margaret",female,17.26,0,0,166967,11.34,,S
1640,0,3,"Smith, Mr. James",male,37.69,1,0,749849,7.04,,S
1641,0,3,"Taylor, Mr. Henry",male,26.01,0,0,383217,8.53,,S
1642,1,1,"Thompson, Mrs. Helen",female,,0,0,771825,177.28,,S
1643,1,2,"Miller, Mr. Thomas",male,34.23,4,2,789947,27.57,,S
1644,0,1,"Wilson, Mr. Henry",male,31.29,1,0,716092,130.73,A51,S
1645,0,1,"Williams, Mr. George",male,27.51,0,1,464188,73.96,C117,S
1646,0,2,"Jones, Mr. Charles",male,16.26,2,0,904659,19.98,,S
1647,1,2,"Martin, Mr. Thomas",male,42.0,2,1,529438,26.99,,C
1648,0,3,"Johnson, Master. Charles",male,1.41,1,1,264040,9.71,,S
1649,0,3,"Johnson, Miss. Florence",female,,0,0,662835,11.11,F32,S
1650,0,3,"Robinson, Mr. William",male,,0,0,572206,8.61,,S
1651,1,2,"Wilson, Miss. Elizabeth",female,48.94,1,0,113813,15.53,,C
1652,1,2,"Thompson, Miss. Grace",female,36.65,2,0,655214,20.49,E5,S
1653,1,2,"Thompson, Miss. Elizabeth",female,19.85,0,0,181679,11.78,,S
1654,0,1,"Jones, Mr. John",male,56.35,0,0,983563,96.01,A6,S
1655,0,3,"Brown, Mr. Edward",male,8.74,0,1,192438,14.85,G65,S
1656,0,2,"Anderson, Mr. Henry",male,33.18,0,0,426336,18.21,,Q
1657,0,2,"White, Mr. Thomas",male,35.85,0,2,445642,11.73,,S
1658,1,3,"Johnson, Mrs. Helen",female,,0,1,349094,13.68,,S
1659,0,2,"Williams, Mrs. Margaret",female,,0,0,489257,14.95,,S
1660,0,1,"Taylor, Mr. George",male,,0,3,153199,85.96,,S
1661,1,1,"Jones, Mr. John",male,46.34,0,1,960218,130.12,,C
1662,1,3,"Williams, Miss. Elizabeth",female,2.92,1,0,973153,4.86,F8,S
1663,0,3,"White, Mr. Henry",male,29.02,0,2,198688,27.13,,C
1664,1,1,"Davis, Mrs. Grace",female,33.05,0,0,328126,80.95,,S
1665,0,3,"Thompson, Mr. Robert",male,38.8,0,0,518996,15.68,G6,S
1666,0,3,"Brown, Miss. Margaret",female,,0,0,200099,8.11,,Q
1667,0,3,"Williams, Miss. Ellen",female,39.99,0,0,364369,20.42,F125,S
1668,0,2,"Thompson, Mr. William",male,36.09,3,4,907080,18.74,,C
1669,1,1,"Anderson, Mr. William",male,36.47,0,0,625349,67.45,,S
1670,1,3,"Smith, Miss. Elizabeth",female,34.45,0,0,938325,,F78,S
1671,1,2,"Smith, Mr. Charles",male,39.53,1,0,328126,17.32,D36,Q
1672,0,3,"Moore, Master. William",male,30.66,2,1,587156,15.72,,S
1673,1,3,"White, Mr. Edward",male,0.42,0,0,989316,14.12,,S
1674,0,1,"Thomas, Mr. William",male,26.21,0,0,344193,82.33,,S
1675,0,3,"Davis, Miss. Alice",female,41.61,0,0,779606,8.38,,S
1676,0,3,"Harris, Mr. William",male,9.93,0,0,544811,8.0,,S
1677,0,3,"Harris, Mr. William",male,35.59,0,2,384643,10.0,,S
1678,0,2,"Anderson, Mrs. Elizabeth",female,38.48,1,3,200105,24.6,,Q
1679,0,3,"Johnson, Master. Charles",male,16.29,0,0,955669,17.3,,S
1680,1,3,"Harris, Mr. Charles",male,1.06,0,0,219903,18.18,,S
1681,1,3,"Martin, Mrs. Mary",female,,1,1,211886,12.99,,S
1682,1,3,"Smith, Miss. Ellen",female,49.94,0,0,531661,15.49,,S
1683,0,3,"Thomas, Master. William",male,14.64,0,0,189207,11.91,,S
1684,1,2,"Jackson, Miss. Emma",female,20.47,1,0,859533,2.58,,S
1685,0,1,"Garcia, Mr. Thomas",male,26.03,0,0,770653,74.93,,S
1686,0,2,"Wilson, Master. James",male,44.58,0,0,229939,16.25,F18,C
1687,1,3,"Moore, Dr. Anna",female,22.09,0,0,913575,6.25,,Q
1688,0,3,"Anderson, Mrs. Anna",female,17.49,0,0,679561,9.31,,C
1689,0,3,"White, Mr. Henry",male,41.96,0,0,725486,13.88,,S
1690,0,2,"Jones, Mr. George",male,36.95,0,0,399745,,,C
1691,0,3,"Robinson, Mr. William",male,13.97,0,0,855287,8.38,,S
1692,0,3,"Martin, Mr. James",male,,0,0,150331,23.06,,S
1693,0,2,"Jackson, Mrs. Mary",female,,0,0,980440,3.97,E15,S
1694,1,3,"Johnson, Miss. Florence",female,25.2,1,1,326775,11.81,,S
1695,1,3,"Garcia, Mr. Edward",male,6.41,5,0,239638,5.42,,S
1696,0,3,"Moore, Mr. William",male,3.6,0,0,162243,8.11,,S
1697,0,1,"Taylor, Mr. Robert",male,24.61,0,0,173702,75.7,C95,S
1698,1,3,"Smith, Mr. Henry",male,,1,0,269079,6.58,,Q
1699,1,3,"Anderson, Miss. Grace",female,0.45,0,2,577097,16.73,,S
1700,0,3,"Thomas, Master. William",male,11.81,0,0,374641,21.78,,S
1701,0,3,"Johnson, Mr. Edward",male,13.97,2,1,584585,18.47,,S
1702,0,3,"Jackson, Mr. Henry",male,,0,0,256178,19.66,F111,S
1703,1,2,"Jones, Miss. Margaret",female,50.31,0,0,837241,6.2,,Q
1704,0,3,"Jones, Mr. John",male,21.8,0,0,463546,11.42,,S
1705,0,3,"Garcia, Mr. William",male,22.99,0,1,611350,16.04,,S
1706,0,3,"Smith, Mr. James",male,31.11,0,0,102823,18.66,,S
1707,0,1,"Davis, Mr. James",male,35.15,0,1,400427,157.64,C77,S
1708,0,2,"Garcia, Mr. Henry",male,34.8,1,1,126089,30.69,,S
1709,0,3,"Martinez, Mr. Henry",male,28.37,0,0,412660,18.83,,Q
1710,0,2,"Smith, Mr. Frank",male,31.47,2,0,788808,46.34,,S
1711,0,3,"Garcia, Mr. Henry",male,58.2,0,0,512929,,,S
1712,1,2,"Taylor, Mrs. Ellen",female,40.93,0,0,799208,17.11,E108,S
1713,0,3,"Brown, Mr. Frank",male,12.02,0,0,169818,14.15,,C
1714,0,3,"Miller, Mr. Thomas",male,,0,0,445077,7.05,,S
1715,0,2,"Garcia, Mr. Thomas",male,,0,0,100623,20.68,,S
1716,1,3,"Johnson, Miss. Elizabeth",female,30.36,0,0,984589,1.78,,S
1717,1,2,"Wilson, Miss. Ellen",female,,0,0,969218,14.7,,C
1718,1,3,"White, Mrs. Ellen",female,11.71,0,0,345825,12.25,G83,S
1719,0,3,"Garcia, Mr. Robert",male,,0,1,773471,19.17,F39,C
1720,0,3,"Brown, Mr. Frank",male,,0,1,772723,20.22,,C
1721,0,1,"Martin, Mr. Robert",male,44.03,0,5,441661,43.53,D66,S
1722,0,2,"White, Mr. William",male,40.25,0,0,498701,40.76,,S
1723,0,3,"Martin, Mr. Frank",male,29.49,1,0,996822,13.96,G140,S
1724,0,3,"White, Mr. James",male,27.07,1,0,407710,14.56,,C
1725,0,3,"Thompson, Mr. Frank",male,18.96,0,1,491097,,,S
1726,1,1,"Jones, Mr. Charles",male,47.76,0,0,359498,,,Q
1727,0,2,"Miller, Mr. John",male,42.3,0,0,469275,30.5,,S
1728,0,3,"Taylor, Mr. Frank",male,24.24,0,0,306853,14.1,F72,S
1729,1,1,"Martin, Mrs. Ellen",female,36.6,0,0,128412,,,C
1730,1,2,"Jackson, Mr. James",male,49.1,0,0,696422,22.27,,C
1731,0,3,"Wilson, Miss. Alice",female,24.75,4,0,362946,3.62,,S
1732,0,1,"Robinson, Mr. John",male,38.91,1,0,126693,79.94,B62,C
1733,1,3,"Garcia, Mrs. Elizabeth",female,,0,2,195702,22.15,,S
1734,1,2,"White, Mrs. Alice",female,28.83,0,0,914198,30.87,,S
1735,0,3,"Robinson, Mr. Robert",male,15.16,0,0,508764,12.19,,S
1736,0,3,"Taylor, Miss. Helen",female,29.54,0,1,329001,23.16,,S
1737,0,3,"Brown, Mr. Robert",male,24.53,0,1,391572,4.82,,S
1738,0,1,"Martin, Master. Edward",male,60.11,0,0,533035,43.19,,S
1739,1,3,"White, Mrs. Anna",female,34.46,0,0,374399,25.11,F134,C
1740,0,3,"Jones, Mr. Thomas",male,17.85,0,0,451652,16.76,,S
1741,0,2,"Martinez, Mr. Charles",male,38.75,0,0,476991,17.11,,S
1742,0,2,"Thomas, Mr. James",male,33.69,0,1,953991,19.45,,S
1743,1,1,"White, Mr. James",male,53.71,3,0,397374,50.12,,S
1744,0,3,"Johnson, Mr. George",male,18.71,0,2,251538,14.8,,S
1745,0,3,"Thompson, Master. Thomas",male,27.26,0,0,526412,14.28,,Q
1746,0,3,"Moore, Mr. George",male,23.81,0,0,428684,13.13,,Q
1747,0,3,"Anderson, Mr. Charles",male,25.7,0,0,672695,5.46,,S
1748,0,3,"Harris, Mr. Edward",male,14.38,0,2,695551,14.72,G76,S
1749,0,3,"Taylor, Mr. Robert",male,31.91,0,0,512141,9.56,,S
1750,0,2,"Thompson, Miss. Helen",female,,0,0,354298,10.14,,S
1751,0,3,"Moore, Master. Robert",male,40.42,0,0,736415,21.23,G76,S
1752,0,1,"Moore, Mr. Henry",male,37.88,0,0,590176,175.13,,Q
1753,0,3,"Davis, Miss. Grace",female,20.06,0,0,385792,25.63,,S
1754,0,3,"Jones, Mrs. Anna",female,34.47,0,0,124217,17.23,G80,S
1755,0,2,"Johnson, Mr. John",male,20.47,0,0,125349,17.34,,Q
1756,0,3,"Miller, Mr. Edward",male,38.02,2,0,911943,12.54,,S
1757,0,1,"Anderson, Mrs. Helen",female,50.99,0,0,668083,101.04,B32,S
1758,1,3,"Johnson, Miss. Helen",female,40.09,1,0,854636,,,C
1759,0,3,"Jackson, Mr. George",male,29.52,0,0,472090,21.57,,S
1760,0,3,"Jackson, Mr. John",male,,0,0,211793,0.0,,S
1761,0,2,"Taylor, Mr. Edward",male,31.31,0,0,988013,17.04,,S
1762,1,1,"Williams, Mr. John",male,,0,0,756166,117.65,B17,S
1763,1,1,"Harris, Miss. Florence",female,31.28,0,0,701454,48.5,,S
1764,1,1,"Jones, Miss. Margaret",female,54.0,0,0,155075,73.91,,C
1765,0,1,"Garcia, Mr. William",male,44.96,0,2,155145,108.93,,S
1766,0,1,"Wilson, Master. Henry",male,27.29,0,1,930354,147.77,,S
1767,1,3,"Jones, Mrs. Alice",female,47.59,1,1,863498,4.59,,Q
1768,0,1,"Davis, Mr. Charles",male,39.17,0,0,207987,26.54,,Q
1769,1,1,"Miller, Miss. Grace",female,24.87,0,0,602456,44.27,,C
1770,0,3,"Williams, Mr. George",male,15.04,0,2,422980,3.01,,C
1771,0,3,"Jackson, Mr. Henry",male,42.85,2,2,671085,3.47,G22,Q
1772,0,3,"Johnson, Mr. Henry",male,46.9,3,1,871823,6.68,G118,C
1773,0,3,"Jones, Mr. Frank",male,,0,2,669773,21.02,,S
1774,0,3,"Johnson, Miss. Anna",female,40.83,0,2,286191,10.97,,S
1775,1,3,"Anderson, Mr. John",male,,0,0,459758,13.2,F48,S
1776,0,3,"Moore, Mr. Charles",male,,0,0,935257,6.79,,S
1777,0,3,"Taylor, Mr. James",male,28.95,1,0,158474,17.12,F80,S
1778,0,2,"Harris, Dr. William",male,36.48,0,0,700429,38.76,,S
1779,1,2,"Harris, Mr. Robert",male,38.83,1,1,549166,11.12,,S
1780,1,2,"Jones, Mrs. Mary",female,,0,0,527288,37.25,,S
1781,0,1,"Garcia, Mr. William",male,,1,0,122512,99.31,,S
1782,0,3,"Williams, Mr. Robert",male,42.5,0,6,210246,13.11,,S
1783,0,2,"Williams, Mr. John",male,27.52,0,0,503838,24.0,,S
1784,1,1,"Johnson, Mr. Edward",male,34.24,0,0,691052,100.4,,S
1785,0,2,"Thomas, Miss. Ellen",female,35.72,0,0,249790,38.57,,S
1786,0,3,"Robinson, Mr. Frank",male,17.2,1,0,629860,16.38,,S
1787,0,2,"Anderson, Mr. Thomas",male,14.2,0,0,908015,25.41,,S
1788,1,3,"Martinez, Miss. Anna",female,38.77,2,0,480076,10.26,,C
1789,0,3,"Thomas, Miss. Emma",female,19.59,0,2,742620,18.45,,S
1790,1,1,"Garcia, Mrs. Alice",female,,0,0,463168,43.81,A37,C
1791,0,3,"Jackson, Mr. Charles",male,17.68,0,0,170486,13.71,,C
1792,0,2,"Jackson, Mr. Frank",male,,0,0,630247,48.83,,Q
1793,1,1,"Thomas, Miss. Emma",female,48.24,1,0,170272,0.0,,C
1794,0,3,"Johnson, Mr. James",male,22.11,0,0,470092,,,S
1795,1,3,"Thompson, Mr. William",male,10.84,0,0,367946,14.77,,S
1796,0,2,"Wilson, Mr. Edward",male,25.84,0,0,714880,17.72,,S
1797,1,3,"Anderson, Miss. Florence",female,,1,4,132540,11.67,,S
1798,0,2,"Martinez, Mr. William",male,32.26,2,0,492532,20.91,,S
1799,0,3,"Miller, Mr. James",male,26.31,1,0,190958,11.36,,Q
1800,0,3,"Martinez, Mr. James",male,27.54,0,1,981751,14.44,,S
1801,0,3,"Moore, Mr. Charles",male,34.11,0,0,724593,,,S
1802,1,3,"Martinez, Miss. Alice",female,,0,1,598641,26.15,G11,Q
1803,0,1,"Smith, Mr. Robert",male,43.4,2,0,894103,73.42,,S
1804,0,3,"Anderson, Mr. Edward",male,13.16,0,0,226711,16.7,,S
1805,1,3,"Johnson, Miss. Emma",female,55.65,3,0,686673,8.65,G67,S
1806,1,3,"Brown, Miss. Anna",female,,1,0,971267,19.07,,S
1807,1,1,"Williams, Mr. John",male,,1,1,527487,114.81,,S
1808,1,2,"Jackson, Mrs. Grace",female,36.8,1,0,987040,24.19,,S
1809,1,2,"Johnson, Mr. Thomas",male,25.07,0,1,866795,9.73,,S
1810,1,1,"Jones, Mrs. Ellen",female,38.09,0,0,993678,52.4,,S
1811,0,2,"Thompson, Mr. Frank",male,29.95,0,0,235214,36.86,,S
1812,0,2,"Taylor, Mr. Thomas",male,19.03,0,2,375028,12.37,D30,S
1813,1,3,"Taylor, Mr. John",male,30.26,1,1,803373,17.17,,S
1814,0,2,"Davis, Master. John",male,10.21,0,0,408931,10.55,,S
1815,0,3,"Miller, Mr. James",male,46.03,1,1,746744,19.55,F19,
1816,0,3,"Taylor, Mr. George",male,34.52,1,1,105560,8.54,,S
1817,0,3,"Anderson, Master. Robert",male,32.67,0,0,658273,6.74,G23,S
1818,0,3,"Miller, Mr. George",male,,0,0,898989,8.37,,S
1819,0,3,"Davis, Mr. James",male,15.49,0,0,342220,9.4,F144,S
1820,1,3,"Harris, Mrs. Florence",female,41.67,0,4,738804,15.63,,C
1821,1,3,"Brown, Miss. Grace",female,74.81,1,0,188731,13.45,G107,
1822,1,3,"Miller, Mrs. Emma",female,39.34,1,1,353440,5.88,,S
1823,0,3,"Smith, Mr. William",male,37.44,1,2,261735,12.82,,S
1824,0,3,"Jones, Dr. James",male,31.3,0,0,267990,5.57,G80,S
1825,0,3,"Moore, Master. Robert",male,,1,2,539461,,F71,C
1826,1,1,"Miller, Mr. George",male,49.94,0,0,900958,118.73,,S
1827,0,3,"Garcia, Mr. Robert",male,11.79,8,0,193063,12.84,,S
1828,1,3,"Brown, Miss. Emma",female,10.47,1,0,419316,14.77,G11,C
1829,0,3,"Moore, Mr. Thomas",male,,1,0,141050,24.39,,S
1830,1,3,"Harris, Miss. Anna",female,36.71,0,0,606670,11.98,,C
1831,0,2,"Martin, Master. James",male,29.31,1,0,668465,10.56,D68,S
1832,0,3,"Taylor, Mr. James",male,26.21,0,0,242246,16.76,,Q
1833,1,2,"Martin, Mr. Henry",male,29.82,0,0,311514,8.67,,C
1834,1,1,"Martinez, Miss. Mary",female,24.49,0,0,258413,75.16,,S
1835,0,1,"Thompson, Mr. Edward",male,,0,2,160007,58.84,,S
1836,0,1,"Garcia, Mr. Charles",male,30.55,0,0,448935,,,S
1837,0,1,"White, Mr. Charles",male,21.14,0,0,371202,73.5,,S
1838,0,2,"White, Mr. Edward",male,23.95,1,0,325576,29.0,E100,S
1839,1,3,"Miller, Mrs. Margaret",female,12.02,0,0,863849,20.19,,Q
1840,1,3,"Robinson, Mrs. Grace",female,31.93,2,0,300349,19.02,F1,C
1841,1,1,"Johnson, Mrs. Mary",female,45.93,1,3,334592,98.13,,Q
1842,1,3,"Martin, Miss. Emma",female,9.48,0,0,466698,11.32,,S
1843,0,1,"Jones, Mrs. Ellen",female,,1,0,874557,0.0,,S
1844,0,3,"Smith, Mr. John",male,47.27,0,2,288403,15.39,,S
1845,0,1,"Thomas, Mr. George",male,26.23,0,0,637138,0.0,,S
1846,0,3,"Jones, Mr. Frank",male,30.12,4,0,949801,0.5,,S
1847,0,2,"Thompson, Mr. John",male,31.27,2,2,850864,18.38,E91,S
1848,0,3,"Martin, Mr. George",male,38.11,0,0,625444,14.72,,S
1849,0,2,"Martinez, Mr. Robert",male,,1,0,762326,15.49,,S
1850,0,3,"White, Miss. Emma",female,19.82,0,0,139296,22.98,,S
1851,0,2,"Wilson, Miss. Florence",female,,2,1,727974,24.62,E26,S
1852,0,3,"Harris, Mr. Charles",male,25.98,0,1,298222,11.38,,S
1853,1,3,"White, Miss. Emma",female,,0,0,354505,22.01,,C
1854,0,3,"Jones, Mr. Edward",male,9.17,1,0,503839,23.17,F93,S
1855,0,3,"Thomas, Mr. Robert",male,39.92,0,0,825793,16.33,G147,S
1856,0,3,"Thompson, Mr. James",male,37.8,0,0,487199,7.96,,S
1857,0,2,"Jackson, Mr. Robert",male,,1,1,286662,14.5,,S
1858,0,2,"Harris, Mr. Henry",male,26.39,1,0,718584,5.53,E77,S
1859,0,2,"White, Master. William",male,27.3,0,1,637743,19.58,E110,S
1860,0,2,"Jackson, Mr. Robert",male,16.12,1,1,795345,9.5,E65,
1861,0,3,"Johnson, Mr. William",male,,0,0,550448,10.86,,S
1862,1,3,"Jackson, Mrs. Margaret",female,16.95,0,0,613308,14.69,F42,S
1863,0,3,"Williams, Mr. Charles",male,,0,0,171358,0.11,,S
1864,0,3,"Garcia, Mr. Charles",male,7.71,0,0,420762,4.79,G55,C
1865,0,3,"Taylor, Mr. Robert",male,27.12,0,0,133286,9.71,,S
1866,0,3,"Taylor, Mr. Robert",male,38.95,2,1,268850,12.66,,Q
1867,0,3,"Robinson, Mr. Edward",male,35.11,1,0,834168,9.79,,C
1868,0,1,"Harris, Mr. Frank",male,36.48,0,0,133373,72.64,C58,C
1869,0,3,"Davis, Mr. Frank",male,,0,0,357836,8.41,,S
1870,0,3,"Robinson, Mr. John",male,33.59,1,0,154233,3.58,,S
1871,0,2,"Garcia, Miss. Ellen",female,31.76,1,0,493991,14.65,,C
1872,1,2,"Johnson, Mr. James",male,35.09,0,0,469404,17.87,,Q
1873,0,3,"Taylor, Mr. Frank",male,48.23,0,0,768146,10.98,,C
1874,0,3,"Anderson, Master. Edward",male,15.1,0,0,101230,13.73,,Q
1875,0,3,"Thompson, Mr. Robert",male,0.42,0,0,221438,15.72,,S
1876,0,3,"Anderson, Master. James",male,12.36,0,0,404689,17.43,F23,S
1877,0,2,"Williams, Master. Edward",male,,0,1,152209,13.66,,S
1878,0,2,"Garcia, Mr. George",male,,1,0,106837,4.24,,S
1879,0,3,"Harris, Mrs. Ellen",female,10.41,2,1,623965,21.27,F67,S
1880,0,3,"Johnson, Mr. Edward",male,,0,0,874993,15.51,,S
1881,0,3,"Jackson, Mr. Thomas",male,20.74,0,0,164076,6.79,,S
1882,0,3,"Davis, Mrs. Helen",female,,0,0,290035,14.81,,S
1883,0,2,"Thompson, Mr. Charles",male,36.25,0,0,892998,30.68,,S
1884,1,3,"Miller, Mrs. Ellen",female,20.06,0,3,697252,24.24,G39,S
1885,1,2,"Brown, Mrs. Grace",female,22.47,4,0,363369,22.51,,S
1886,1,2,"Thompson, Mrs. Mary",female,20.9,0,0,902893,30.6,,S
1887,0,1,"Wilson, Mr. George",male,41.16,1,0,603366,33.2,,C
1888,0,1,"Williams, Mr. John",male,38.51,0,0,900609,82.49,,S
1889,0,3,"Davis, Mr. Thomas",male,,0,1,512093,10.82,,S
1890,0,2,"Moore, Mr. Frank",male,32.16,1,0,840469,23.43,,S
1891,0,2,"Jackson, Master. Charles",male,,2,1,427842,36.11,E64,S
1892,0,3,"Johnson, Mr. Thomas",male,12.6,0,0,670030,14.62,,S
1893,0,3,"Anderson, Mr. William",male,,2,2,310393,,F25,C
1894,0,1,"Moore, Mr. Charles",male,33.26,0,0,299968,30.94,,S
1895,0,2,"Robinson, Rev. William",male,,1,3,193622,36.46,,C
1896,0,1,"Robinson, Mr. John",male,21.81,0,0,482085,105.58,,S
1897,0,3,"Jones, Miss. Anna",female,,0,4,266005,15.91,,S
1898,0,2,"Martinez, Mr. George",male,31.18,1,0,468251,16.56,,C
1899,1,1,"Taylor, Master. James",male,34.36,1,0,515600,,,C
1900,1,1,"Brown, Mrs. Ellen",female,50.89,1,1,631195,42.55,D130,S
1901,0,3,"Robinson, Mr. William",male,21.3,0,0,191650,15.52,,S
1902,1,1,"Harris, Mr. William",male,35.19,1,0,449816,34.66,E85,S
1903,0,3,"Robinson, Mrs. Anna",female,34.78,0,0,912375,10.66,,S
1904,0,1,"Johnson, Mr. William",male,59.73,0,1,183575,57.0,,S
1905,0,3,"Brown, Mr. Frank",male,,0,0,931529,0.0,,S
1906,1,2,"Martinez, Miss. Ellen",female,28.36,0,0,139030,16.53,,S
1907,1,2,"Robinson, Miss. Anna",female,29.41,0,1,964046,11.01,,Q
1908,1,1,"Johnson, Miss. Anna",female,,0,0,466248,75.16,A3,S
1909,1,3,"Martin, Mrs. Anna",female,,0,0,724181,13.01,G61,C
1910,0,3,"White, Mr. George",male,14.83,0,0,883612,24.49,,S
1911,0,1,"Martin, Mrs. Anna",female,49.24,0,0,790623,96.8,,S
1912,0,1,"Moore, Mr. James",male,40.48,1,0,734738,98.03,D21,S
1913,1,3,"Smith, Mrs. Emma",female,24.46,0,0,163276,16.22,,S
1914,1,3,"Thomas, Miss. Emma",female,9.75,0,0,375147,18.67,,S
1915,1,1,"Johnson, Mrs. Margaret",female,,0,0,880928,103.08,,S
1916,1,1,"Williams, Mrs. Florence",female,,2,1,941484,95.83,C5,S
1917,0,3,"Thomas, Mr. Edward",male,18.02,8,0,362249,17.62,G94,S
1918,0,3,"Johnson, Mrs. Mary",female,18.24,0,0,690687,0.0,,S
1919,0,3,"Garcia, Mr. Frank",male,28.44,2,0,508828,26.58,,S
1920,0,3,"Williams, Mr. Robert",male,,0,0,855013,23.33,G86,S
1921,1,3,"Moore, Miss. Alice",female,31.86,1,1,887138,14.41,,S
1922,1,2,"Harris, Mrs. Margaret",female,47.38,0,0,841731,5.87,,S
1923,0,3,"Thomas, Master. Edward",male,32.74,0,0,789985,20.87,,S
1924,0,2,"Williams, Mr. Charles",male,43.5,0,0,659934,13.06,,C
1925,0,2,"Miller, Mr. Edward",male,52.29,1,0,995792,25.34,,Q
1926,0,1,"Williams, Mr. William",male,29.22,0,0,945649,30.12,,S
1927,0,2,"Jackson, Mr. George",male,20.43,0,0,453241,42.26,,S
1928,1,3,"Smith, Miss. Ellen",female,33.03,0,0,504922,3.63,,Q
1929,0,1,"Johnson, Mr. Charles",male,37.96,3,0,442537,86.9,,S
1930,1,2,"Johnson, Mrs. Florence",female,,0,0,806954,0.0,,S
1931,0,3,"Wilson, Mr. Frank",male,,1,0,896402,12.73,,S
1932,0,3,"Jackson, Mrs. Ellen",female,17.84,0,2,283376,10.24,,S
1933,0,3,"Smith, Mr. Frank",male,44.45,2,0,541494,20.39,,S
1934,1,3,"Davis, Mrs. Helen",female,,0,1,948021,10.24,,C
1935,0,3,"Robinson, Mr. Henry",male,33.24,0,0,296441,20.4,,S
1936,1,1,"Robinson, Miss. Ellen",female,44.29,0,0,757251,40.99,,
1937,1,3,"Martin, Miss. Grace",female,,0,0,835932,11.17,,S
1938,0,3,"White, Mr. John",male,15.03,0,0,344135,11.3,,S
1939,0,2,"Garcia, Master. Frank",male,22.05,0,0,295879,24.96,,C
1940,1,1,"Garcia, Master. William",male,44.78,0,0,628540,99.47,E91,Q
1941,1,2,"Thomas, Miss. Alice",female,25.6,0,0,834906,27.22,F56,C
1942,0,2,"Smith, Mr. Frank",male,,0,0,119865,22.67,D102,S
1943,0,2,"Davis, Mr. John",male,12.51,0,0,977155,26.61,,C
1944,0,1,"Jones, Mr. Frank",male,65.91,1,2,573964,46.29,,S
1945,1,3,"Harris, Mr. Robert",male,25.85,0,0,205866,15.53,,S
1946,0,3,"Davis, Mrs. Grace",female,30.99,0,0,785186,23.45,,
1947,1,1,"Taylor, Mrs. Margaret",female,31.51,0,2,562563,13.44,,S
1948,1,3,"Garcia, Miss. Mary",female,,1,0,428391,16.18,,S
1949,1,1,"White, Mrs. Florence",female,60.95,1,0,398968,112.42,,C
1950,1,3,"Wilson, Miss. Emma",female,2.0,2,1,765517,22.5,,C
1951,1,3,"Miller, Mr. Frank",male,28.34,0,0,480345,17.72,,S
1952,1,1,"Miller, Miss. Emma",female,,0,0,756971,88.21,,S
1953,0,3,"Moore, Mr. Henry",male,20.14,0,2,837012,15.8,,S
1954,1,3,"Thomas, Mr. James",male,17.34,1,0,940980,8.22,,S
1955,1,3,"Jackson, Mrs. Mary",female,13.17,0,0,917710,10.48,,S
1956,0,3,"Harris, Mr. Robert",male,25.43,1,0,964311,4.32,,S
1957,1,3,"Robinson, Mr. Robert",male,0.42,0,1,696990,22.67,F93,S
1958,0,1,"Taylor, Mr. George",male,34.21,1,0,287430,102.91,D93,S
1959,0,3,"Williams, Master. Robert",male,23.92,0,0,126917,7.05,,Q
1960,0,3,"Robinson, Mrs. Margaret",female,8.69,1,0,391393,14.76,,C
1961,0,3,"Martin, Mr. Charles",male,43.16,0,0,542518,20.54,F85,S
1962,0,2,"Jones, Mr. Frank",male,,1,0,302387,29.93,,S
1963,0,3,"Williams, Mr. Thomas",male,,0,1,796677,6.97,,S
1964,0,1,"White, Mr. Frank",male,30.89,0,0,450284,0.0,C76,S
1965,0,3,"Smith, Mr. Robert",male,24.02,1,0,937901,15.57,,C
1966,1,1,"Wilson, Master. William",male,,0,0,135491,46.75,,S
1967,0,3,"Williams, Mr. James",male,54.68,0,1,207679,17.05,F93,S
1968,0,3,"Thomas, Mr. Charles",male,,0,0,533114,19.18,F48,S
1969,0,3,"Jones, Mr. George",male,38.06,0,0,357242,20.24,,C
1970,0,3,"Robinson, Mr. Thomas",male,45.6,0,0,897469,24.34,,C
1971,1,2,"Garcia, Miss. Elizabeth",female,32.99,0,0,555360,32.36,,S
1972,0,3,"Brown, Mr. Robert",male,43.84,0,0,753116,24.37,F50,Q
1973,0,3,"Davis, Master. James",male,34.51,0,0,729308,21.96,,S
1974,1,2,"Davis, Mrs. Florence",female,31.73,0,0,608587,34.66,,S
1975,0,1,"Jones, Mr. Thomas",male,42.2,0,0,690716,82.28,,C
1976,1,1,"Thompson, Mr. William",male,16.14,1,0,324837,29.85,,S
1977,0,2,"Moore, Miss. Alice",female,33.51,0,0,466938,,,S
1978,0,3,"Davis, Mr. James",male,6.48,2,0,322123,13.41,,S
1979,1,3,"Wilson, Mrs. Florence",female,5.5,1,0,895184,20.99,F133,S
1980,0,1,"Miller, Miss. Elizabeth",female,40.31,0,0,174196,60.89,,S
1981,1,3,"Anderson, Miss. Mary",female,11.63,1,6,873604,19.27,F125,S
1982,0,2,"Harris, Miss. Helen",female,29.91,0,0,174461,0.0,,S
1983,0,3,"Robinson, Master. John",male,26.66,0,0,496344,10.33,,S
1984,1,2,"Martin, Mrs. Anna",female,32.2,0,0,787804,19.02,E81,S
1985,0,3,"Martin, Mr. Robert",male,14.15,0,0,516317,16.01,G42,C
1986,0,3,"Thompson, Mr. John",male,35.78,0,0,947721,19.97,,Q
1987,0,2,"Thompson, Mr. Frank",male,28.93,0,0,878679,9.06,F122,S
1988,1,3,"Smith, Mr. Robert",male,30.29,0,0,862025,17.29,,S
1989,0,3,"Taylor, Mr. Frank",male,10.64,0,0,742240,20.97,,S
1990,0,1,"Harris, Mr. George",male,35.86,0,0,943357,182.53,,S
1991,1,1,"White, Mr. William",male,51.17,0,0,406311,113.68,,S
1992,0,3,"Davis, Mr. John",male,36.64,0,0,174798,10.01,,S
1993,1,2,"White, Mrs. Helen",female,20.43,1,0,573313,7.28,,S
1994,0,1,"Martinez, Mr. George",male,31.45,0,0,420124,160.83,,Q
1995,1,3,"Jackson, Mrs. Emma",female,13.14,0,0,165555,17.79,,S
1996,1,3,"Garcia, Mrs. Florence",female,17.12,0,0,313804,12.86,,S
1997,0,2,"Harris, Miss. Grace",female,13.21,2,0,150672,3.8,,C
1998,1,2,"Thomas, Mr. George",male,28.34,1,0,187831,10.69,,C
1999,0,3,"White, Mrs. Grace",female,32.6,0,0,819787,17.1,,S
2000,0,3,"Thomas, Miss. Florence",female,15.58,1,1,312673,15.3,,S
2001,0,3,"Jones, Miss. Ellen",female,23.91,0,0,584827,0.35,G53,S
2002,1,2,"Johnson, Miss. Grace",female,,1,5,677068,26.33,E71,S
2003,0,3,"Wilson, Mr. Robert",male,,0,0,372945,2.81,F96,C
2004,0,3,"Jones, Mr. Edward",male,,1,0,535127,21.8,,S
2005,1,1,"Miller, Miss. Anna",female,,0,0,519179,92.76,E147,S
2006,0,3,"Taylor, Mr. Thomas",male,14.85,0,0,918187,9.99,,S
2007,1,3,"Garcia, Mrs. Margaret",female,11.35,0,0,961486,19.44,,S
2008,0,1,"Jackson, Mr. Charles",male,44.35,0,2,219318,,,C
2009,0,1,"Wilson, Mr. James",male,36.38,0,0,740942,139.65,,S
2010,0,3,"Brown, Mr. Henry",male,25.66,4,0,714870,13.52,,C
2011,0,1,"Robinson, Mr. Thomas",male,,1,0,951436,89.83,C86,C
2012,1,2,"Robinson, Miss. Alice",female,45.98,1,0,629017,17.15,,S
2013,1,1,"Johnson, Mr. John",male,18.25,0,0,493068,95.04,,S
2014,1,2,"Martin, Miss. Helen",female,37.77,1,0,766545,36.98,,S
2015,0,2,"Robinson, Mr. Robert",male,,1,0,716868,14.97,,S
2016,0,3,"Wilson, Miss. Ellen",female,19.46,0,0,521478,,F89,S
2017,0,2,"Martinez, Mr. William",male,33.93,0,2,744055,11.2,,S
2018,0,1,"Robinson, Mr. George",male,17.28,0,0,131658,0.0,B105,S
2019,0,3,"Robinson, Mr. James",male,42.55,0,0,950967,14.35,,Q
2020,0,2,"Thomas, Mr. Thomas",male,36.18,0,0,452728,23.7,,S
2021,0,3,"Robinson, Mrs. Florence",female,,0,0,370271,12.28,,C
2022,1,1,"Smith, Mrs. Ellen",female,30.98,0,0,290288,21.17,,Q
2023,1,1,"Brown, Mr. William",male,17.56,0,0,215070,96.78,,S
2024,0,2,"Garcia, Mr. George",male,26.23,2,0,377673,22.66,D9,S
2025,0,2,"Miller, Mr. James",male,24.21,0,0,116540,11.11,,S
2026,0,2,"Brown, Mr. Edward",male,14.1,1,0,302040,6.47,,C
2027,0,3,"Harris, Mr. John",male,,0,0,733834,11.36,,C
2028,0,2,"Martinez, Mr. Charles",male,45.32,5,0,670707,26.53,,C
2029,0,3,"White, Mr. Frank",male,24.67,1,0,541324,15.71,,S
2030,1,3,"Williams, Miss. Mary",female,21.33,1,0,930552,7.27,,C
2031,0,1,"Jackson, Mr. Edward",male,43.22,0,0,784880,89.75,,S
2032,0,3,"Martinez, Master. Henry",male,24.76,0,0,232516,18.77,,S
2033,0,2,"Thomas, Mr. George",male,17.01,0,0,601752,8.27,,S
2034,0,2,"Moore, Mr. Frank",male,22.17,0,0,449568,20.63,,S
2035,0,1,"Robinson, Mr. James",male,34.44,1,0,530399,140.26,,S
2036,0,3,"Taylor, Master. Charles",male,27.98,0,0,357354,4.71,,C
2037,0,3,"Davis, Mr. Henry",male,25.11,0,1,982100,,,S
2038,1,1,"Anderson, Mrs. Mary",female,40.52,1,0,203768,152.01,,C
2039,1,3,"White, Miss. Ellen",female,,0,0,194229,11.56,G64,S
2040,1,3,"Brown, Mrs. Alice",female,32.98,1,0,459379,10.77,,
2041,1,2,"Jones, Miss. Mary",female,30.04,0,0,874739,30.33,D57,S
2042,0,3,"Moore, Mr. William",male,,0,0,816361,11.79,,S
2043,0,3,"Martinez, Mr. George",male,20.35,0,0,422818,0.0,,S
2044,0,3,"Jackson, Mr. Thomas",male,,0,0,347514,12.36,F37,S
2045,1,3,"Anderson, Mrs. Emma",female,58.95,1,0,392065,16.06,F73,S
2046,1,1,"Anderson, Miss. Florence",female,40.33,1,0,334017,115.08,,S
2047,0,2,"Jones, Master. Thomas",male,29.19,0,0,628852,11.19,,S
2048,0,3,"Davis, Mr. Robert",male,13.16,0,0,935197,11.25,,S
2049,0,1,"Davis, Mr. William",male,56.34,1,0,641462,125.03,,S
2050,0,2,"Wilson, Mr. Edward",male,,0,0,681786,19.4,,S
2051,1,3,"Harris, Miss. Florence",female,,0,0,405060,3.06,F58,S
2052,0,1,"Miller, Mr. Robert",male,32.32,0,0,355034,135.98,,C
2053,0,2,"White, Mr. Edward",male,,1,0,196148,17.86,,S
2054,0,3,"Moore, Mr. Robert",male,,0,0,128513,20.09,,S
2055,0,2,"Taylor, Mr. George",male,46.12,0,0,497012,6.05,,C
2056,0,3,"Johnson, Mr. Henry",male,21.67,3,0,991885,12.21,,S
2057,0,3,"Harris, Mrs. Elizabeth",female,10.42,2,0,792201,16.31,,C
2058,0,3,"Thompson, Mr. Edward",male,40.03,0,0,978414,12.43,,C
2059,0,1,"Anderson, Mr. Henry",male,31.95,1,0,363416,34.31,D92,C
2060,0,1,"Jones, Mr. William",male,42.02,2,0,702037,0.0,,C
2061,0,3,"Robinson, Master. John",male,35.1,0,1,640869,,,S
2062,0,2,"Garcia, Mr. Henry",male,35.69,1,2,212487,22.48,,S
2063,0,3,"Wilson, Mr. Charles",male,0.42,0,3,120954,20.58,,S
2064,0,1,"Martinez, Mr. William",male,,0,0,751369,,,S
2065,0,2,"Wilson, Mr. James",male,28.79,1,0,326413,25.97,,S
2066,1,3,"Wilson, Mrs. Anna",female,,1,2,507587,10.91,,S
2067,1,3,"Jones, Miss. Florence",female,,0,0,820393,16.18,G1,Q
2068,1,3,"Martin, Miss. Grace",female,5.68,0,0,142160,22.31,,S
2069,0,2,"Wilson, Mr. George",male,32.31,1,1,252715,20.83,,
2070,0,3,"Johnson, Mrs. Elizabeth",female,,0,0,218343,25.36,,S
2071,0,3,"Davis, Miss. Ellen",female,21.57,1,0,643604,3.25,,S
2072,0,2,"Thompson, Mr. William",male,,0,2,137349,3.93,,S
2073,0,2,"Brown, Mr. John",male,,0,6,713358,29.88,D48,S
2074,0,3,"Anderson, Mr. Thomas",male,15.16,8,0,203480,7.68,,Q
2075,0,2,"Thomas, Mrs. Margaret",female,47.42,1,0,589695,40.43,,S
2076,0,3,"Thompson, Mr. Charles",male,36.36,1,0,599165,21.69,,S
2077,0,3,"Jones, Mr. Henry",male,19.85,1,0,797049,23.32,G129,S
2078,1,1,"Martinez, Miss. Elizabeth",female,,0,0,762213,121.15,,S
2079,0,2,"Robinson, Master. George",male,12.67,0,0,496422,10.78,,S
2080,1,1,"Jones, Miss. Grace",female,,0,0,980502,14.31,,S
2081,1,2,"Williams, Mrs. Elizabeth",female,21.15,0,0,323232,34.95,,S
2082,1,1,"Wilson, Mrs. Grace",female,52.39,0,2,985864,21.02,,S
2083,0,3,"Martinez, Mrs. Anna",female,16.85,0,1,989623,,F61,C
2084,0,1,"Smith, Mr. Henry",male,27.19,0,0,831273,112.12,,C
2085,0,3,"Anderson, Mr. William",male,27.8,0,0,584574,12.5,G84,S
2086,1,2,"Smith, Mrs. Florence",female,,0,0,144035,24.42,,S
2087,1,2,"Williams, Mrs. Florence",female,30.1,0,0,505975,24.65,,C
2088,0,2,"Brown, Mr. Robert",male,41.83,0,0,507090,17.98,,S
2089,0,3,"Williams, Mr. John",male,,0,0,454771,22.27,F83,S
2090,0,2,"Harris, Dr. Edward",male,31.45,1,0,144180,33.91,,S
2091,0,2,"Taylor, Rev. Henry",male,32.46,0,0,926903,21.56,,S
2092,0,3,"Robinson, Mr. John",male,4.68,1,2,673208,9.1,,Q
2093,0,3,"Jones, Mrs. Emma",female,,0,3,145978,21.49,,S
2094,1,1,"Thomas, Miss. Margaret",female,39.92,1,1,240759,0.0,,S
2095,0,3,"Thomas, Mrs. Florence",female,35.71,1,2,831436,15.89,,S
2096,0,2,"Thomas, Mr. George",male,37.27,2,0,691269,27.4,,S
2097,0,1,"Smith, Mr. Edward",male,35.58,1,2,254126,49.21,,C
2098,0,3,"Brown, Mr. George",male,37.39,1,2,327761,19.33,,S
2099,1,1,"Anderson, Mr. James",male,34.49,0,0,211053,82.89,,C
2100,0,2,"Miller, Mr. Robert",male,32.97,0,0,686878,14.54,,S
2101,0,3,"Jones, Mr. William",male,21.27,0,0,160586,19.26,,C
2102,1,1,"Miller, Mr. George",male,43.54,1,0,757931,38.4,,C
2103,0,3,"Johnson, Mr. John",male,20.48,1,0,444203,18.65,G131,S
2104,0,3,"Anderson, Mr. William",male,,0,0,359562,0.11,,C
2105,0,3,"Moore, Mr. James",male,49.21,0,1,451072,14.86,,S
2106,0,3,"Miller, Mr. William",male,35.49,0,1,992486,13.28,,S
2107,1,3,"Smith, Mr. George",male,43.5,0,0,483384,9.49,,S
2108,0,3,"Johnson, Mr. Thomas",male,6.53,0,0,307259,15.53,G137,S
2109,0,2,"Smith, Mr. John",male,12.94,0,0,977006,19.2,,Q
2110,1,1,"Anderson, Master. James",male,,1,0,187738,128.3,,C
2111,0,3,"Jackson, Mrs. Margaret",female,25.49,0,2,347694,16.64,,S
2112,0,3,"Smith, Mr. Frank",male,,1,1,625614,15.94,,Q
2113,1,1,"Johnson, Miss. Helen",female,18.29,1,0,608875,96.26,,S
2114,0,3,"White, Mr. William",male,38.82,0,0,469971,9.93,,S
2115,1,1,"Jackson, Miss. Mary",female,63.85,0,1,410626,71.32,,C
2116,1,3,"Garcia, Mrs. Ellen",female,40.37,0,1,847248,14.61,,S
2117,0,2,"Brown, Mr. George",male,,0,0,153069,18.27,,C
2118,1,1,"Moore, Mrs. Emma",female,40.71,1,3,564374,130.68,,S
2119,1,1,"Jones, Mr. William",male,27.88,0,0,714775,87.92,,S
2120,1,2,"Wilson, Miss. Grace",female,30.87,0,0,329669,23.76,,S
2121,0,2,"Anderson, Mr. Edward",male,55.27,0,0,808698,5.97,,S
2122,0,1,"Johnson, Mr. James",male,33.78,0,1,571870,123.62,C85,S
2123,1,2,"Martinez, Miss. Mary",female,24.54,0,3,483063,14.19,,S
2124,1,1,"White, Miss. Anna",female,,0,0,877146,40.21,B145,S
2125,0,2,"Anderson, Mr. Henry",male,44.08,0,0,196481,36.46,,C
2126,0,2,"Taylor, Miss. Elizabeth",female,19.83,1,0,313129,26.98,,S
2127,0,2,"Brown, Mr. William",male,26.86,0,1,832757,29.77,,S
2128,0,2,"Martinez, Mr. George",male,23.98,0,0,208995,24.54,E70,S
2129,1,1,"Taylor, Mrs. Helen",female,38.84,0,0,122932,80.09,,S
2130,1,1,"Anderson, Mr. Charles",male,51.24,0,1,885751,72.26,,S
2131,0,1,"Brown, Mr. Charles",male,28.35,0,0,108120,116.72,A149,S
2132,0,3,"Miller, Mrs. Margaret",female,,1,2,875531,20.36,,S
2133,0,3,"Davis, Mr. James",male,26.22,3,1,822015,12.56,,Q
2134,0,3,"Anderson, Mr. John",male,52.91,0,0,865389,26.47,,S
2135,0,3,"Moore, Master. Henry",male,28.83,0,2,146267,,,S
2136,0,3,"Thompson, Miss. Ellen",female,23.84,0,0,346704,3.94,,S
2137,0,2,"Williams, Mr. Henry",male,36.9,0,3,266448,2.78,,S
2138,0,3,"Thompson, Mr. William",male,20.95,1,0,816486,2.03,,S
2139,1,3,"Wilson, Mrs. Anna",female,3.46,0,1,341713,10.31,,S
2140,0,3,"Robinson, Mr. George",male,22.11,1,0,331299,11.49,,S
2141,0,3,"Miller, Mr. James",male,21.92,0,0,627461,17.44,,C
2142,1,2,"Anderson, Mrs. Ellen",female,10.89,0,5,658692,19.71,,S
2143,1,3,"Wilson, Miss. Emma",female,24.12,1,0,547736,18.48,,
2144,0,3,"Davis, Mr. Thomas",male,0.42,0,0,209113,13.29,,S
2145,1,2,"Jackson, Mrs. Grace",female,,1,1,475912,20.14,,S
2146,0,3,"Jackson, Miss. Alice",female,27.92,1,0,477528,9.25,,S
2147,0,1,"Smith, Mr. William",male,39.16,0,0,568642,143.75,,C
2148,1,3,"Jones, Miss. Grace",female,20.07,0,3,916662,3.05,,S
2149,0,3,"Thomas, Mrs. Florence",female,23.97,0,0,423273,14.96,,S
2150,0,1,"Robinson, Mr. Henry",male,28.59,0,0,117937,76.37,,S
2151,0,3,"White, Mr. William",male,,0,0,193163,18.08,,Q
2152,1,1,"Williams, Mrs. Florence",female,38.7,0,0,238375,83.13,,S
2153,0,3,"Robinson, Miss. Alice",female,14.2,0,0,881867,13.06,F136,S
2154,0,3,"Robinson, Mr. John",male,28.21,1,0,675273,11.27,,Q
2155,1,3,"Johnson, Miss. Florence",female,,1,0,364450,22.06,,C
2156,0,3,"Wilson, Miss. Mary",female,23.01,1,0,815451,13.02,F78,S
2157,0,1,"Martinez, Miss. Margaret",female,67.05,0,0,980255,166.73,,S
2158,1,2,"Miller, Mrs. Florence",female,28.31,0,2,493356,22.72,,S
2159,0,2,"Thompson, Mr. John",male,,0,0,807096,20.22,,Q
2160,0,1,"Wilson, Mr. Edward",male,32.93,1,0,786235,77.9,,S
2161,0,2,"White, Mr. John",male,18.35,1,2,340229,25.64,,C
2162,0,2,"Smith, Mr. Edward",male,,1,0,975930,14.12,,S
2163,0,2,"Jones, Dr. James",male,21.77,0,2,945648,21.46,,Q
2164,1,2,"Garcia, Mrs. Helen",female,,1,1,725931,20.08,,S
2165,0,3,"Taylor, Miss. Alice",female,18.54,1,0,973673,15.11,,S
2166,0,2,"Garcia, Mr. Edward",male,18.18,0,0,498582,23.5,D65,C
2167,1,3,"Anderson, Miss. Florence",female,3.99,0,0,731879,15.61,,Q
2168,0,2,"Anderson, Mr. William",male,24.44,0,0,667157,20.95,,C
2169,0,2,"Anderson, Mr. Frank",male,40.48,0,0,638756,35.69,F61,S
2170,0,3,"Jackson, Mr. William",male,27.36,0,0,375871,15.75,G49,S
2171,0,2,"Thompson, Mr. William",male,48.73,0,0,417312,46.06,E13,C
2172,0,2,"Harris, Master. Charles",male,39.01,0,1,186071,20.5,F102,S
2173,0,3,"Martinez, Miss. Emma",female,31.29,1,0,547421,19.23,,S
2174,0,1,"Harris, Mr. Frank",male,60.59,1,0,230615,53.51,,S
2175,1,2,"Brown, Mr. Thomas",male,28.83,1,0,551206,34.01,F127,S
2176,0,3,"Harris, Master. James",male,25.76,1,0,493825,8.42,F20,S
2177,0,2,"Miller, Mr. John",male,29.86,0,1,220586,24.56,,S
2178,1,3,"Williams, Miss. Alice",female,43.53,1,0,354947,11.28,,Q
2179,1,2,"Martin, Mrs. Helen",female,30.03,0,0,898638,24.52,,S
2180,0,3,"Martinez, Mr. James",male,17.22,1,0,140166,11.47,,S
2181,0,3,"Jackson, Mr. Robert",male,32.05,1,0,290764,7.87,G4,S
2182,0,3,"Smith, Mr. Thomas",male,15.2,1,2,440122,11.23,F143,S
2183,0,3,"Williams, Miss. Margaret",female,31.4,0,0,761437,23.02,,C
2184,0,1,"Anderson, Mr. William",male,42.97,0,0,867063,103.63,A74,C
2185,1,3,"Brown, Mr. Robert",male,22.73,0,0,796858,4.62,,S
2186,0,1,"White, Mr. James",male,44.79,0,0,173142,130.01,,Q
2187,0,3,"Johnson, Mr. Robert",male,7.15,0,0,433984,7.21,G6,S
2188,0,3,"Robinson, Mr. John",male,,0,0,911833,17.83,,C
2189,0,2,"White, Mr. William",male,,0,0,761479,25.53,E129,C
2190,1,3,"Anderson, Mrs. Elizabeth",female,59.35,1,0,243401,17.01,G120,C
2191,1,1,"Martinez, Mr. Charles",male,,0,0,462877,161.83,,S
2192,0,3,"Smith, Mr. Robert",male,,1,6,513074,7.61,F146,S
2193,0,3,"Davis, Mr. Thomas",male,8.46,0,0,292157,16.97,,S
2194,0,1,"Smith, Mr. Robert",male,53.66,0,2,902036,136.9,,S
2195,0,3,"Brown, Mrs. Anna",female,20.8,0,0,767265,,,S
2196,1,3,"Robinson, Miss. Emma",female,15.5,1,0,169528,8.15,,S
2197,1,1,"Martinez, Master. Henry",male,,0,0,303093,71.94,,S
2198,0,3,"Garcia, Mrs. Florence",female,32.8,1,0,626484,15.11,,S
2199,0,2,"Anderson, Miss. Margaret",female,,0,0,748784,5.9,,S
2200,1,3,"Johnson, Mrs. Grace",female,25.24,0,0,776768,16.58,,S
2201,1,1,"Wilson, Mr. Frank",male,39.91,0,0,946896,24.85,,S
2202,0,3,"Robinson, Mr. William",male,27.78,0,0,618589,21.41,F49,S
2203,0,3,"Williams, Mr. William",male,29.04,0,1,269641,16.34,,C
2204,1,1,"Robinson, Mrs. Mary",female,,1,1,136817,164.35,,S
2205,0,2,"Miller, Master. James",male,,0,0,160561,26.69,,S
2206,0,3,"Martin, Mr. John",male,25.68,0,1,591340,11.02,,C
2207,0,3,"Miller, Mr. Robert",male,,0,0,670477,7.81,,S
2208,0,2,"Smith, Mr. Thomas",male,,8,0,232915,22.39,E129,S
2209,0,1,"Wilson, Mr. Henry",male,47.05,0,0,456488,82.73,,C
2210,0,1,"Anderson, Mr. James",male,16.56,0,0,464386,133.82,B132,C
2211,0,3,"Brown, Mr. James",male,3.63,0,0,406120,6.96,,S
2212,0,2,"Jones, Miss. Florence",female,41.02,1,0,301749,40.21,,S
2213,0,3,"Williams, Miss. Margaret",female,43.24,0,2,374751,21.29,,C
2214,0,3,"Smith, Mr. Henry",male,9.82,1,0,780781,11.68,F114,S
2215,0,3,"Wilson, Miss. Ellen",female,26.21,1,0,714942,24.69,G5,S
2216,0,1,"Davis, Mr. Charles",male,,0,0,826468,51.11,,S
2217,1,1,"Taylor, Mrs. Anna",female,34.87,0,0,902930,92.63,E105,S
2218,0,3,"Harris, Miss. Grace",female,28.67,0,0,285907,4.7,,S
2219,0,3,"Garcia, Mr. Charles",male,9.49,0,0,433596,25.0,,C
2220,1,2,"Martin, Mr. Charles",male,16.71,0,0,677093,3.53,,S
2221,0,2,"Williams, Mr. Edward",male,26.38,0,0,600523,5.6,F67,Q
2222,0,2,"Moore, Mr. William",male,28.26,0,0,826522,13.65,,C
2223,0,2,"Johnson, Mr. Robert",male,16.49,1,0,939071,33.22,,C
2224,0,1,"Moore, Mr. Edward",male,47.48,0,0,492274,124.1,,C
2225,1,3,"Wilson, Mrs. Anna",female,,0,0,675984,13.79,,S
2226,0,2,"Wilson, Mr. James",male,24.94,0,0,925400,30.19,,S
2227,0,3,"Taylor, Mr. Charles",male,,0,0,582059,12.25,,S
2228,0,1,"Harris, Mr. James",male,36.45,0,0,296199,101.74,,S
2229,1,1,"Jackson, Mr. Edward",male,,1,2,820574,153.37,,S
2230,0,3,"Thompson, Miss. Ellen",female,13.8,0,0,213766,,,C
2231,0,2,"White, Mr. Thomas",male,13.23,0,0,719812,12.34,,C
2232,0,3,"Davis, Mr. John",male,21.28,1,0,237808,16.06,F143,S
2233,0,1,"Smith, Mr. Thomas",male,38.72,0,0,340675,115.09,,
2234,0,3,"Williams, Mr. John",male,10.11,0,2,921525,13.72,G88,S
2235,0,3,"Harris, Mr. William",male,8.35,0,0,296036,19.52,F27,C
2236,1,3,"Anderson, Mrs. Mary",female,,0,0,658197,11.69,,Q
2237,0,1,"Moore, Master. Henry",male,28.91,1,0,547904,89.36,D47,S
2238,0,2,"Thomas, Mr. Robert",male,,1,2,205033,23.75,,S
2239,0,2,"Brown, Mr. Frank",male,,1,1,646886,22.87,,C
2240,0,3,"Harris, Mrs. Emma",female,17.42,0,0,450094,23.49,G105,S
2241,0,2,"Williams, Mr. William",male,43.8,1,0,963255,23.7,,C
2242,0,1,"Johnson, Mr. Edward",male,38.34,0,0,375716,71.24,,S
2243,1,2,"Miller, Miss. Margaret",female,,5,0,638053,25.28,,S
2244,0,2,"Thomas, Miss. Anna",female,27.46,1,0,889292,30.09,D4,S
2245,0,2,"Martin, Mr. Charles",male,0.42,0,0,526294,27.74,D80,C
2246,1,1,"Thomas, Mrs. Emma",female,24.36,0,0,419095,114.19,,S
2247,1,2,"White, Mrs. Mary",female,28.49,0,0,449787,5.02,E59,C
2248,0,3,"Johnson, Mr. Henry",male,29.38,0,0,177025,0.0,,C
2249,1,2,"Garcia, Mrs. Elizabeth",female,8.52,0,0,777250,32.75,,C
2250,0,2,"Smith, Mr. Frank",male,29.36,0,0,109878,24.39,,Q
2251,1,3,"Robinson, Mr. John",male,11.53,0,0,807866,12.86,,C
2252,0,3,"Johnson, Mr. William",male,27.82,1,1,614110,17.51,,C
2253,0,2,"Jackson, Mrs. Alice",female,29.77,0,0,106872,39.27,,S
2254,0,3,"Taylor, Rev. Charles",male,33.92,1,2,235918,22.19,,C
2255,0,3,"Robinson, Mr. Robert",male,37.8,0,0,182428,19.25,G10,Q
2256,0,3,"Johnson, Mr. George",male,,1,1,993431,7.24,,S
2257,0,3,"Taylor, Mr. Robert",male,35.32,1,0,170680,8.08,,S
2258,0,3,"Robinson, Miss. Anna",female,20.8,1,0,916064,0.0,,S
2259,1,1,"Williams, Mrs. Anna",female,71.88,0,2,121514,110.61,,C
2260,0,2,"Martinez, Mr. Henry",male,,3,0,567788,31.09,F54,Q
2261,1,3,"Robinson, Miss. Anna",female,18.67,0,2,611867,20.74,,S
2262,0,3,"Smith, Miss. Margaret",female,35.82,1,0,729485,17.39,,Q
2263,1,2,"Taylor, Mr. Robert",male,39.03,0,0,509165,18.46,F85,S
2264,1,1,"Jackson, Mr. Frank",male,43.85,0,0,278854,60.3,D49,S
2265,0,3,"White, Master. William",male,33.1,0,0,342232,7.64,,C
2266,0,1,"Smith, Mr. Robert",male,,0,0,118235,77.14,C78,Q
2267,0,3,"Brown, Mr. Thomas",male,44.07,0,2,852847,6.64,,S
2268,0,3,"Thompson, Mr. Thomas",male,22.55,0,1,123734,24.41,,Q
2269,1,3,"Martin, Miss. Anna",female,39.95,0,0,655705,4.53,F101,C
2270,0,3,"Taylor, Mr. Frank",male,0.6,5,0,610149,11.72,F74,C
2271,0,3,"Johnson, Miss. Grace",female,28.08,0,0,369666,0.41,,C
2272,1,3,"Thompson, Miss. Ellen",female,18.24,0,0,252793,14.93,,S
2273,0,3,"Miller, Mr. Robert",male,31.87,1,3,631816,12.98,,S
2274,0,3,"Jackson, Mr. Edward",male,28.8,0,0,743290,10.68,,S
2275,0,3,"Miller, Mrs. Margaret",female,29.39,1,0,526899,6.94,F1,S
2276,1,1,"Davis, Miss. Helen",female,25.29,0,1,731847,84.1,,S
2277,0,3,"Williams, Mr. George",male,24.32,0,0,653032,9.46,,S
2278,1,1,"Jones, Miss. Emma",female,35.84,0,2,966058,78.25,,S
2279,0,3,"Harris, Mr. Thomas",male,30.94,1,0,349176,25.72,,S
2280,1,3,"Wilson, Miss. Anna",female,36.87,1,0,794644,14.12,,S
2281,0,2,"Jones, Miss. Elizabeth",female,31.81,1,0,442417,25.33,,S
2282,0,1,"Smith, Mr. George",male,,0,0,607252,64.49,,S
2283,0,2,"White, Mr. William",male,31.29,1,0,536187,12.16,E5,S
2284,0,3,"Miller, Master. George",male,56.33,0,0,411137,12.85,,S
2285,0,1,"Brown, Miss. Emma",female,57.75,1,0,716003,189.16,,C
2286,1,1,"Jones, Mrs. Helen",female,,0,0,961922,71.93,,S
2287,0,3,"White, Miss. Emma",female,25.76,1,0,492934,15.35,F28,S
2288,0,3,"Anderson, Mr. John",male,,5,0,267938,7.62,,Q
2289,0,1,"Smith, Mr. James",male,35.81,0,1,501538,0.0,,C
2290,0,2,"Williams, Master. Henry",male,24.48,1,0,279746,12.1,,S
2291,0,3,"Williams, Mr. Charles",male,,0,0,566028,28.47,,S
2292,0,3,"Taylor, Mr. Frank",male,31.63,0,0,667476,16.87,,S
2293,1,3,"Williams, Miss. Mary",female,11.22,0,0,523364,23.67,,S
2294,1,2,"Thompson, Mr. Edward",male,44.26,1,6,988157,16.52,F12,C
2295,0,2,"Jackson, Mr. John",male,29.33,0,0,320435,0.0,E118,S
2296,1,1,"Harris, Miss. Emma",female,26.78,0,0,174670,37.43,,Q
2297,1,3,"Thompson, Miss. Mary",female,38.49,1,0,728750,15.58,,S
2298,0,1,"Thomas, Mr. James",male,,0,0,990902,93.98,B147,Q
2299,1,1,"Davis, Mrs. Margaret",female,31.34,1,0,145523,83.56,,S
2300,1,3,"Williams, Mr. Robert",male,18.14,0,0,453221,9.55,F125,S
2301,0,3,"Martinez, Mr. Thomas",male,50.73,0,0,604772,19.11,,S
2302,0,3,"Anderson, Miss. Alice",female,16.78,1,0,675101,9.74,,S
2303,1,3,"Robinson, Miss. Alice",female,0.42,0,0,885626,15.0,,S
2304,0,3,"Moore, Mr. James",male,18.02,0,0,715937,14.27,,C
2305,0,2,"Williams, Mr. Charles",male,35.47,0,0,914078,16.31,E127,S
2306,0,2,"Davis, Mr. James",male,39.41,2,0,601333,11.19,,S
2307,0,3,"Harris, Mr. Frank",male,52.32,0,0,292623,10.22,F92,S
2308,0,2,"Johnson, Miss. Ellen",female,46.88,4,0,926246,38.74,,S
2309,0,3,"Miller, Mr. William",male,27.26,1,0,442879,20.23,,S
2310,0,3,"Brown, Mr. Henry",male,14.3,0,0,390806,19.63,,S
2311,0,3,"Robinson, Mr. Thomas",male,44.49,0,0,712491,7.89,,C
2312,0,1,"Johnson, Master. Thomas",male,33.58,0,0,761834,23.62,,S
2313,0,2,"Johnson, Mr. Edward",male,22.1,0,0,729492,30.96,F106,Q
2314,0,1,"White, Mr. Henry",male,33.0,0,0,589057,122.0,A93,S
2315,1,2,"Anderson, Mr. William",male,,0,0,727825,,,S
2316,1,2,"White, Mr. George",male,,0,0,790176,16.29,,S
2317,1,1,"Brown, Mrs. Helen",female,,3,0,290141,22.51,C49,S
2318,0,3,"White, Miss. Elizabeth",female,33.77,0,0,878574,18.64,,S
2319,0,3,"Jackson, Mr. William",male,20.34,0,1,594488,20.71,,S
2320,0,3,"Anderson, Mr. William",male,9.79,0,0,451991,8.59,,S
2321,0,1,"White, Mr. James",male,18.75,0,0,423324,51.97,C107,C
2322,0,1,"Brown, Mr. Charles",male,40.51,0,0,109499,136.12,C111,Q
2323,0,2,"White, Mr. Edward",male,30.87,1,0,525616,13.58,,S
2324,0,1,"Brown, Miss. Helen",female,31.35,0,1,808825,158.72,,S
2325,1,2,"Robinson, Mrs. Helen",female,24.39,0,0,943397,18.91,,S
2326,0,3,"Johnson, Mr. Frank",male,29.66,1,0,219998,10.49,,S
2327,1,1,"Wilson, Miss. Mary",female,54.69,0,0,738631,85.89,,S
2328,0,1,"Moore, Mr. James",male,28.64,1,0,352795,,B145,S
2329,0,3,"Williams, Mr. John",male,26.07,0,5,193993,20.32,G7,C
2330,0,3,"Jones, Mr. Thomas",male,,1,0,617420,18.76,,S
2331,0,3,"Jones, Master. Henry",male,,2,0,132984,20.07,F129,Q
2332,1,2,"Brown, Mrs. Florence",female,29.81,1,0,269166,21.85,D145,C
2333,0,3,"Davis, Mr. William",male,24.54,0,4,328647,10.03,,S
2334,1,1,"Anderson, Dr. Ellen",female,22.26,0,0,869694,83.62,,S
2335,0,2,"White, Mr. James",male,32.02,1,0,243946,,D148,S
2336,0,3,"Martinez, Miss. Mary",female,25.38,0,0,354354,22.53,,S
2337,0,3,"Taylor, Master. Frank",male,31.66,0,0,973201,19.51,,S
2338,0,2,"Anderson, Mr. George",male,15.76,0,0,396766,19.08,,S
2339,0,3,"Harris, Mr. Thomas",male,25.12,0,0,354101,6.98,,S
2340,1,1,"Jones, Mrs. Grace",female,54.58,0,0,750844,148.72,B46,S
2341,0,1,"Smith, Mr. Thomas",male,,0,0,140822,89.74,,S
2342,0,1,"Wilson, Master. Edward",male,53.36,0,4,204288,78.53,B134,C
2343,1,3,"Miller, Miss. Ellen",female,10.88,0,2,442367,23.07,,Q
2344,0,2,"Anderson, Master. Frank",male,35.41,0,0,693946,14.9,,C
2345,0,3,"Jones, Rev. George",male,,0,0,114455,10.93,,S
2346,1,1,"Martin, Mr. George",male,,2,2,124634,74.31,,S
2347,0,3,"Brown, Mr. Thomas",male,15.73,0,0,138327,4.44,F132,S
2348,0,3,"Jones, Mr. John",male,4.44,0,2,720361,15.05,F32,Q
2349,0,1,"Jackson, Mr. George",male,33.87,1,0,749710,51.98,,S
2350,0,1,"Taylor, Mr. William",male,,0,0,457386,60.03,,S
2351,0,1,"Smith, Mr. Frank",male,,0,0,209190,54.41,,C
2352,0,3,"Jones, Mr. Frank",male,29.84,0,0,787486,9.18,,S
2353,1,2,"Garcia, Miss. Margaret",female,32.6,0,0,742057,11.61,,Q
2354,0,3,"Thomas, Mr. Frank",male,29.85,0,0,146306,14.61,,S
2355,0,2,"Thomas, Mr. George",male,36.35,0,0,758463,18.44,,S
2356,0,3,"Taylor, Mr. John",male,21.7,2,0,918663,13.31,,Q
2357,1,3,"White, Mrs. Helen",female,25.99,0,0,700255,28.3,,S
2358,0,3,"Moore, Mr. James",male,45.92,0,0,412824,11.99,,S
2359,0,3,"Smith, Mr. Henry",male,26.7,0,0,299079,16.93,,S
2360,1,1,"Williams, Miss. Ellen",female,38.51,0,0,450212,114.19,,S
2361,0,3,"Johnson, Mr. James",male,,0,0,403851,12.59,,S
2362,0,1,"Jones, Mrs. Elizabeth",female,35.39,1,0,254668,95.5,,S
2363,0,3,"Davis, Mrs. Anna",female,19.78,1,1,954501,13.13,,S
2364,1,3,"Williams, Miss. Emma",female,27.5,1,0,216041,14.32,G145,S
2365,0,3,"Martinez, Mr. James",male,18.93,0,0,355165,9.19,,S
2366,0,3,"Jackson, Mr. George",male,,0,0,148999,9.79,,S
2367,0,2,"White, Mr. William",male,20.51,0,0,626470,20.17,,C
2368,0,2,"Jones, Mrs. Emma",female,,0,0,196737,0.28,,S
2369,1,2,"Jackson, Mrs. Helen",female,,0,0,775225,34.96,F91,S
2370,1,3,"Williams, Miss. Florence",female,22.46,0,0,598976,27.05,,
2371,0,2,"Martinez, Mr. George",male,,0,0,553432,21.7,F51,S
2372,0,2,"Garcia, Miss. Emma",female,,0,0,755822,26.65,,S
2373,1,2,"Wilson, Mr. Charles",male,31.44,0,0,923363,30.81,E61,Q
2374,1,2,"Davis, Miss. Alice",female,18.08,0,1,191881,6.75,,S
2375,0,2,"Brown, Mr. James",male,39.28,0,0,707898,29.28,,C
2376,0,1,"Harris, Rev. Robert",male,21.22,0,1,216134,66.09,,S
2377,0,3,"Garcia, Master. William",male,,0,0,189977,27.89,,C
2378,1,3,"Jackson, Miss. Florence",female,24.31,0,0,181693,11.78,,C
2379,0,1,"Miller, Dr. Frank",male,,0,0,334852,122.14,,C
2380,0,3,"Moore, Mr. Thomas",male,27.14,1,0,540185,11.84,G132,S
2381,0,3,"Wilson, Mr. Robert",male,20.13,0,0,282138,27.28,F115,S
2382,0,2,"Smith, Master. George",male,23.32,0,3,299371,14.88,F149,S
2383,1,1,"Anderson, Mrs. Emma",female,29.15,0,0,958192,132.93,,S
2384,0,1,"Brown, Mr. William",male,,0,2,231477,110.32,,S
2385,0,1,"Jones, Mr. George",male,32.18,0,0,179198,100.98,,C
2386,1,3,"Miller, Miss. Alice",female,2.72,0,0,478605,14.49,,S
2387,0,3,"Martinez, Mr. William",male,40.26,0,0,713908,8.66,F54,S
2388,1,1,"Robinson, Mr. James",male,,1,3,633076,0.0,,C
2389,0,3,"Taylor, Master. James",male,16.22,1,0,682935,19.98,,S
2390,1,1,"Thomas, Mr. Robert",male,24.46,0,1,260058,63.47,A66,C
2391,0,3,"Brown, Mr. Thomas",male,,0,0,462901,20.6,,C
2392,0,3,"White, Mr. John",male,9.42,3,1,799561,15.29,,S
2393,0,2,"Harris, Mr. James",male,,0,1,409412,32.0,E91,S
2394,1,1,"Anderson, Miss. Helen",female,,8,0,636456,117.68,,Q
2395,0,3,"Williams, Miss. Ellen",female,18.69,1,0,219908,0.0,,S
2396,1,3,"Johnson, Miss. Mary",female,11.76,0,0,784065,17.0,,Q
2397,1,2,"Taylor, Mr. Edward",male,22.56,0,2,979702,16.56,,S
2398,0,1,"Anderson, Mr. John",male,38.11,0,0,396653,,,S
2399,1,1,"Johnson, Mrs. Anna",female,,1,0,177485,108.83,,S
2400,1,3,"Robinson, Miss. Ellen",female,15.57,0,1,453558,16.92,,S
2401,0,3,"Johnson, Mr. Edward",male,23.91,0,0,872421,11.23,F141,S
2402,0,3,"Thompson, Mr. George",male,35.66,0,0,982574,7.07,,S
2403,0,3,"Brown, Mr. John",male,5.05,1,0,584922,10.19,,S
2404,0,3,"White, Mr. George",male,,1,0,644360,1.3,,S
2405,0,3,"Brown, Mr. James",male,13.59,0,0,691859,9.16,,C
2406,0,2,"Moore, Mr. William",male,17.37,0,0,236470,5.36,,S
2407,1,3,"Robinson, Miss. Emma",female,28.13,0,1,279880,3.65,,
2408,0,2,"Moore, Mr. George",male,23.46,1,0,742847,21.16,,S
2409,0,2,"Anderson, Mr. Frank",male,15.4,1,1,499157,,,S
2410,0,3,"Thomas, Mr. John",male,40.89,0,0,769368,12.79,,S
2411,1,3,"Anderson, Miss. Emma",female,36.04,1,6,456368,9.76,,Q
2412,1,3,"Martinez, Miss. Ellen",female,1.81,0,0,968254,6.84,F22,S
2413,0,2,"White, Mr. Thomas",male,12.31,0,0,791207,16.83,E61,Q
2414,0,3,"Smith, Mr. James",male,32.12,1,2,592674,7.66,,C
2415,0,3,"Brown, Mrs. Mary",female,21.58,0,0,834986,12.59,,C
2416,1,1,"White, Miss. Florence",female,56.01,1,2,630555,20.1,,S
2417,0,2,"Anderson, Mr. George",male,37.4,0,0,310955,27.01,F53,S
2418,1,3,"Taylor, Miss. Grace",female,28.59,0,0,374692,9.31,,S
2419,1,1,"Jones, Mr. William",male,25.74,0,0,263917,99.8,,S
2420,0,3,"Johnson, Mr. George",male,30.9,0,1,600936,18.77,,S
2421,0,1,"Davis, Mr. Robert",male,,0,0,683981,97.77,,S
2422,0,1,"Anderson, Mr. Thomas",male,53.66,1,0,134959,117.56,,S
2423,0,3,"Martin, Mr. John",male,30.07,0,0,496422,0.0,,S
2424,0,1,"Wilson, Mr. Thomas",male,28.1,0,0,841077,63.3,B28,S
2425,1,3,"Jones, Miss. Grace",female,34.66,0,1,789669,20.17,G141,S
2426,0,3,"Garcia, Mr. James",male,51.9,0,2,725286,16.31,,S
2427,1,1,"Robinson, Mrs. Emma",female,,0,0,365390,161.64,,S
2428,0,3,"Taylor, Mr. William",male,31.6,1,0,714392,24.08,,S
2429,1,3,"Taylor, Mr. Robert",male,19.82,0,0,315253,14.95,,S
2430,0,3,"Martin, Mrs. Alice",female,26.02,0,0,712701,11.36,G83,Q
2431,1,3,"Moore, Mrs. Ellen",female,6.91,0,1,834462,6.77,,S
2432,0,3,"Smith, Mr. William",male,24.99,0,0,295654,9.91,,S
2433,1,3,"Jackson, Mrs. Elizabeth",female,25.52,0,0,763497,10.35,F78,S
2434,0,2,"Brown, Mr. George",male,51.59,1,1,139743,14.07,,S
2435,0,3,"Brown, Mr. Charles",male,3.46,0,1,680516,7.03,,S
2436,0,3,"Johnson, Mr. James",male,21.63,2,0,575059,15.61,G46,C
2437,0,3,"Harris, Mr. John",male,40.46,0,2,957944,24.03,,C
2438,0,3,"Smith, Master. James",male,22.1,1,0,586133,19.07,,S
2439,0,2,"Thomas, Mr. George",male,27.94,1,0,129209,16.78,,S
2440,0,3,"Thomas, Miss. Helen",female,15.0,1,2,867843,19.59,F147,C
2441,1,3,"White, Miss. Emma",female,13.81,0,0,338875,15.25,,S
2442,1,1,"Garcia, Miss. Elizabeth",female,16.09,0,6,710556,82.29,A128,S
2443,0,1,"Johnson, Mrs. Grace",female,30.45,1,0,798941,79.67,,C
2444,0,3,"Johnson, Mr. Charles",male,13.13,0,2,395648,11.7,,S
2445,0,3,"Jackson, Mr. James",male,26.42,0,0,136689,17.23,G82,C
2446,1,3,"Robinson, Miss. Ellen",female,15.55,0,0,566344,13.91,,S
2447,0,1,"Thompson, Mr. Frank",male,32.24,0,1,462636,53.41,D111,C
2448,0,2,"Martin, Mr. George",male,24.57,2,1,578707,12.23,D43,S
2449,0,3,"Martin, Mr. James",male,24.42,0,1,912199,14.99,G148,S
2450,0,3,"Jones, Mr. James",male,18.66,0,0,730292,15.79,G126,S
2451,0,3,"Williams, Mr. George",male,12.26,0,0,301929,,,S
2452,0,3,"Martin, Mr. Henry",male,26.03,0,0,778136,5.64,,S
2453,0,3,"Brown, Master. Frank",male,37.81,1,0,359286,21.13,,S
2454,0,3,"Harris, Mr. James",male,26.54,2,0,655272,19.75,,S
2455,1,3,"Davis, Miss. Helen",female,,0,0,329897,0.08,G95,S
2456,0,3,"Williams, Mr. William",male,23.52,0,0,868876,21.71,,S
2457,1,3,"Taylor, Miss. Anna",female,0.42,0,0,537156,11.64,G34,Q
2458,1,1,"Johnson, Miss. Grace",female,36.33,0,1,387307,91.98,,S
2459,0,2,"Johnson, Master. George",male,25.2,0,3,987429,31.38,E15,S
2460,1,3,"Moore, Miss. Emma",female,13.8,4,0,837749,23.74,,C
2461,0,3,"Garcia, Mr. John",male,15.97,0,1,269653,19.52,F39,S
2462,1,3,"Martinez, Mr. John",male,20.08,0,1,131786,14.57,,S
2463,0,1,"Garcia, Mr. George",male,49.91,0,0,871731,26.22,E119,S
2464,1,3,"Smith, Mrs. Florence",female,38.1,0,0,851831,0.0,,S
2465,1,2,"Garcia, Miss. Florence",female,18.86,0,2,330485,28.78,F64,C
2466,0,3,"Johnson, Mr. Edward",male,18.78,0,0,378482,21.72,,C
2467,0,3,"Thompson, Mr. Frank",male,19.09,0,0,704664,7.7,,S
2468,0,3,"Moore, Mr. Frank",male,34.71,0,0,725127,11.25,,Q
2469,1,3,"Davis, Miss. Anna",female,,0,1,511809,9.38,F82,S
2470,0,2,"Garcia, Mr. Charles",male,31.11,1,0,740219,14.16,,S
2471,0,2,"Martin, Mr. George",male,36.44,0,0,370089,30.75,,S
2472,0,3,"Garcia, Miss. Florence",female,17.84,0,0,438421,14.42,F116,S
2473,0,3,"Davis, Mr. William",male,41.37,3,1,532534,11.51,,S
2474,0,3,"Anderson, Mr. Thomas",male,24.98,0,0,306340,30.27,,S
2475,0,2,"Brown, Mr. John",male,19.73,0,2,826781,5.66,E66,S
2476,1,1,"Miller, Mr. Thomas",male,35.24,2,0,778480,107.01,,S
2477,0,1,"Jackson, Mr. Edward",male,52.78,0,1,565028,39.94,,S
2478,0,1,"Thomas, Mr. George",male,32.9,1,0,376550,77.39,,Q
2479,0,2,"Jackson, Mr. John",male,41.39,0,1,553508,21.49,,C
2480,1,3,"Jackson, Mrs. Florence",female,17.5,1,1,391062,18.49,,S
2481,0,3,"Thompson, Mr. James",male,,0,0,312062,11.3,,S
2482,0,2,"Anderson, Miss. Ellen",female,37.92,0,0,680385,16.33,,S
2483,1,1,"Thompson, Mr. Robert",male,27.51,3,2,278732,72.28,,S
2484,1,2,"Harris, Miss. Margaret",female,39.87,0,1,722055,9.2,E14,S
2485,0,3,"Martin, Rev. Frank",male,29.22,0,0,708179,17.11,,C
2486,1,2,"Taylor, Mrs. Mary",female,19.52,0,0,104662,22.81,,S
2487,0,3,"Martin, Mr. George",male,24.14,0,2,262937,15.83,,Q
2488,0,3,"Anderson, Mr. Edward",male,18.41,0,0,551720,12.55,F131,C
2489,0,1,"Martinez, Mr. Robert",male,42.19,0,0,123257,75.9,D117,S
2490,0,3,"Martinez, Mr. John",male,,0,0,840959,20.64,,C
2491,1,3,"Jackson, Miss. Alice",female,20.55,2,0,612831,19.64,,S
2492,0,2,"Martin, Miss. Florence",female,,1,1,462945,34.15,,Q
2493,1,1,"Thomas, Miss. Alice",female,38.29,2,1,474282,99.65,,S
2494,0,3,"White, Mr. Robert",male,25.29,0,0,415959,21.79,,S
2495,1,3,"Miller, Mrs. Alice",female,23.02,0,0,695740,10.3,G125,S
2496,0,3,"Jones, Miss. Margaret",female,14.71,0,0,658267,11.69,,S
2497,0,3,"Johnson, Mr. Robert",male,29.02,0,0,148175,20.77,,C
2498,0,1,"Moore, Mr. Charles",male,34.54,0,2,272819,119.42,,
2499,0,3,"Jackson, Miss. Margaret",female,14.14,1,0,844770,11.11,,S
2500,0,3,"Jackson, Mr. Charles",male,37.17,1,0,932919,6.2,,C
2501,0,1,"Moore, Mr. James",male,39.19,0,0,860391,75.43,,S
2502,1,3,"Martin, Miss. Helen",female,22.26,0,0,309961,8.55,,S
2503,0,3,"Johnson, Mr. James",male,41.08,0,0,864153,24.21,,S
2504,1,3,"Harris, Mr. Robert",male,2.97,0,0,725295,17.94,,C
2505,0,2,"Garcia, Mr. Henry",male,45.27,0,0,289388,12.34,,S
2506,1,1,"Moore, Mrs. Ellen",female,,1,2,708878,40.11,A55,S
2507,1,3,"Anderson, Miss. Ellen",female,27.54,0,0,793126,7.94,,S
2508,1,3,"Johnson, Mrs. Florence",female,17.94,0,1,741683,9.37,,C
2509,0,3,"Thompson, Mr. Robert",male,13.92,1,0,959662,11.92,,S
2510,0,3,"Thompson, Mr. Henry",male,,1,0,855403,20.24,G49,S
2511,0,2,"Martin, Mr. Frank",male,52.27,1,2,738619,10.33,E2,S
2512,0,2,"Johnson, Master. Thomas",male,,0,1,570460,42.9,,S
2513,0,1,"Garcia, Mr. George",male,42.03,0,0,649321,44.38,,S
2514,1,1,"Wilson, Miss. Florence",female,38.68,0,0,912876,24.82,,C
2515,1,2,"Robinson, Miss. Mary",female,50.77,1,0,461074,36.88,,S
2516,1,3,"Taylor, Mr. John",male,0.42,4,0,650031,21.59,G125,C
2517,1,1,"Thompson, Miss. Helen",female,42.53,0,0,418887,76.34,E132,Q
2518,0,2,"Martinez, Miss. Ellen",female,21.27,0,0,966874,23.81,,S
2519,0,3,"Williams, Master. Charles",male,0.42,0,0,903592,15.64,G27,S
2520,0,1,"Martinez, Mr. James",male,33.67,0,0,182213,89.74,,S
2521,0,1,"Garcia, Mr. William",male,60.18,0,0,242893,29.55,,S
2522,0,3,"Anderson, Mr. John",male,17.13,0,0,859130,0.0,,S
2523,0,2,"Davis, Rev. Thomas",male,39.49,0,0,650967,11.55,D24,S
2524,0,3,"Martinez, Mr. John",male,39.38,0,1,664834,24.81,,C
2525,0,3,"Thomas, Mr. John",male,24.85,0,2,248901,25.06,F72,C
2526,0,1,"Robinson, Mr. Charles",male,39.45,0,0,898989,73.0,D144,S
2527,1,3,"Miller, Miss. Florence",female,4.4,0,0,788908,6.77,G63,C
2528,0,3,"Jones, Mrs. Emma",female,,0,1,415633,14.81,,Q
2529,1,3,"Davis, Mr. William",male,35.88,0,0,895236,15.85,G73,S
2530,0,3,"Martin, Mr. Henry",male,25.73,0,0,687800,16.9,F121,S
2531,0,3,"Jones, Mr. George",male,29.41,4,0,880096,0.0,,C
2532,0,3,"Davis, Mr. James",male,26.6,0,0,561967,33.53,,C
2533,0,3,"Miller, Mr. James",male,,0,0,461912,20.36,F130,S
2534,0,1,"Martin, Mr. Charles",male,32.83,0,0,784576,75.69,,S
2535,0,3,"Anderson, Mr. Charles",male,,0,0,160810,8.33,,S
2536,1,3,"Miller, Mrs. Alice",female,26.6,0,0,692597,19.42,F139,S
2537,0,3,"Brown, Mr. James",male,45.33,1,0,950672,16.22,,C
2538,0,2,"Brown, Miss. Mary",female,15.3,0,0,903632,20.92,,C
2539,0,1,"Thomas, Mr. James",male,,0,6,371392,103.25,C140,S
2540,0,3,"Wilson, Mr. Edward",male,20.28,1,0,486688,12.27,,S
2541,1,3,"Thomas, Miss. Helen",female,26.67,0,0,300964,15.61,,S
2542,0,2,"Miller, Mr. John",male,44.67,0,0,623951,27.26,F56,S
2543,0,2,"Brown, Mr. Charles",male,,0,0,696752,23.43,,C
2544,0,2,"Garcia, Miss. Ellen",female,,0,1,865188,22.91,,S
2545,1,3,"Williams, Master. James",male,16.96,4,1,862782,22.05,,C
2546,1,2,"Taylor, Mr. John",male,,1,0,601550,4.03,,S
2547,0,3,"Williams, Mr. William",male,25.19,0,0,357634,7.81,,S
2548,1,1,"Robinson, Mr. Robert",male,,0,0,484515,85.12,,S
2549,1,2,"Johnson, Master. John",male,27.77,0,0,440149,12.7,,C
2550,0,2,"Jackson, Mr. Thomas",male,18.5,1,0,520650,16.04,,S
2551,1,3,"Robinson, Miss. Emma",female,,0,0,345635,21.37,,S
2552,0,3,"Anderson, Mrs. Emma",female,20.65,2,0,795231,12.03,,S
2553,0,3,"Johnson, Mr. Thomas",male,42.11,0,0,702999,1.11,,S
2554,1,3,"Martin, Mr. John",male,25.15,0,0,945793,10.25,,S
2555,1,2,"Miller, Mrs. Grace",female,37.78,2,0,156095,20.58,,Q
2556,1,3,"Anderson, Miss. Ellen",female,31.69,1,0,283531,13.26,G6,C
2557,0,1,"Wilson, Mr. George",male,,0,0,108893,107.35,,S
2558,0,2,"Smith, Mr. Thomas",male,34.41,0,0,324894,24.74,,C
2559,0,2,"Thompson, Mrs. Grace",female,53.14,1,0,201218,18.61,E74,S
2560,1,1,"Martin, Mrs. Margaret",female,41.02,0,0,273678,33.89,,S
2561,1,3,"Smith, Miss. Margaret",female,35.82,0,0,609486,10.13,,S
2562,0,3,"White, Mr. Frank",male,33.32,0,0,269723,8.95,,S
2563,0,3,"Garcia, Rev. George",male,,2,0,621020,11.15,,S
2564,0,3,"Davis, Mr. William",male,27.24,0,0,155935,17.49,,S
2565,0,3,"Robinson, Mr. James",male,31.57,0,0,707602,15.63,,S
2566,0,2,"White, Mrs. Mary",female,39.16,0,0,817878,28.24,,S
2567,1,1,"Taylor, Mr. James",male,21.77,1,0,841492,67.87,,S
2568,0,1,"Jones, Mr. Charles",male,40.97,0,0,405450,147.35,,S
2569,1,3,"Davis, Mrs. Mary",female,22.79,0,0,392095,17.37,,S
2570,0,3,"Martin, Mrs. Anna",female,20.3,0,4,482187,13.73,,S
2571,1,1,"Harris, Mrs. Ellen",female,53.55,0,1,898905,109.34,,S
2572,0,3,"Jones, Mrs. Alice",female,,3,3,878963,8.61,,S
2573,0,3,"Jackson, Mr. Thomas",male,8.26,0,2,566669,0.0,F52,S
2574,0,3,"Wilson, Mr. John",male,,1,0,924292,9.06,,C
2575,0,3,"Williams, Mr. William",male,7.96,0,0,352813,17.86,,S
2576,0,3,"Thompson, Miss. Helen",female,1.86,0,0,590784,13.52,F94,S
2577,1,3,"Jones, Mrs. Ellen",female,35.9,0,0,270290,12.11,,S
2578,0,3,"Jackson, Mr. Frank",male,26.9,0,1,187656,7.49,G115,S
2579,0,1,"Smith, Mr. Thomas",male,43.67,1,2,722689,1.86,,S
2580,0,3,"Johnson, Mr. James",male,19.69,1,0,510673,22.26,,Q
2581,1,1,"White, Mr. William",male,21.39,0,2,614582,75.27,,S
2582,1,3,"Martinez, Miss. Grace",female,10.77,0,0,922108,10.21,,S
2583,0,1,"Anderson, Mr. George",male,34.73,3,0,542300,55.79,,S
2584,1,1,"Brown, Miss. Anna",female,,0,0,911576,136.69,,Q
2585,0,1,"Smith, Mr. John",male,41.68,1,2,621361,121.02,,S
2586,0,2,"Moore, Mr. Edward",male,24.45,0,0,392586,10.33,,S
2587,0,2,"Johnson, Mr. John",male,32.22,0,0,173534,31.65,,S
2588,0,1,"Wilson, Miss. Alice",female,39.86,0,0,973896,77.91,C85,C
2589,0,2,"Moore, Mr. John",male,34.64,0,1,819033,13.89,E48,C
2590,0,2,"Martin, Mr. Robert",male,35.99,1,1,391902,17.06,,C
2591,0,3,"Williams, Mr. William",male,20.87,0,0,737646,7.91,,C
2592,1,3,"Robinson, Miss. Anna",female,27.21,1,6,832812,4.41,F147,S
2593,1,3,"Williams, Miss. Helen",female,27.83,0,0,120909,18.04,F75,S
2594,1,1,"Jackson, Miss. Anna",female,8.85,0,2,942618,74.73,,C
2595,0,2,"White, Master. Edward",male,37.76,1,0,222291,26.17,,S
2596,0,3,"Jackson, Miss. Florence",female,,0,0,216953,14.87,,S
2597,0,1,"Taylor, Mr. William",male,44.77,1,2,504366,,,S
2598,0,2,"Johnson, Mrs. Helen",female,14.56,0,1,362987,0.0,,S
2599,0,3,"Martin, Mr. Charles",male,21.21,0,0,445144,7.37,,S
2600,0,3,"Harris, Mr. James",male,,0,1,604837,16.7,,S
2601,1,2,"Johnson, Mrs. Margaret",female,,0,0,477408,7.25,,S
2602,1,3,"Davis, Miss. Florence",female,8.14,0,0,431920,15.42,,S
2603,0,2,"Smith, Mr. John",male,18.86,0,0,583527,6.09,,S
2604,0,3,"Harris, Master. Edward",male,31.41,0,0,981310,13.11,,C
2605,1,1,"Martin, Mrs. Margaret",female,30.45,0,0,729360,151.62,,C
2606,1,1,"White, Mrs. Elizabeth",female,26.86,1,0,462861,116.53,A133,C
2607,1,3,"Garcia, Mrs. Mary",female,35.88,1,0,724806,0.97,,S
2608,0,2,"Jackson, Mr. James",male,41.37,0,0,854187,28.48,E50,Q
2609,0,3,"Thompson, Mr. Robert",male,,2,0,141964,24.84,,C
2610,1,2,"Smith, Mrs. Margaret",female,40.18,2,0,278064,47.97,,S
2611,1,3,"Garcia, Mrs. Anna",female,22.22,1,0,996141,16.09,,S
2612,0,3,"Miller, Mrs. Florence",female,22.54,0,0,984816,4.13,F137,S
2613,1,3,"Garcia, Mrs. Anna",female,17.22,0,0,735316,15.83,,S
2614,0,3,"Wilson, Mr. Thomas",male,,0,0,757059,23.37,,C
2615,0,2,"White, Mr. George",male,23.67,1,0,918409,18.13,,S
2616,1,3,"Wilson, Miss. Emma",female,,0,1,112553,19.78,,S
2617,1,1,"Martinez, Mr. Charles",male,45.2,0,2,572738,48.74,,S
2618,0,3,"Robinson, Mrs. Elizabeth",female,39.21,1,0,255131,15.42,,C
2619,0,3,"Thompson, Miss. Alice",female,29.78,2,0,958216,0.0,G91,S
2620,1,3,"Jones, Miss. Alice",female,46.53,0,0,192018,6.82,G17,S
2621,0,3,"Moore, Mr. Frank",male,16.53,1,0,208510,12.96,,Q
2622,1,3,"Martin, Miss. Ellen",female,2.94,1,0,632391,10.64,F95,S
2623,0,2,"Williams, Rev. Robert",male,38.58,0,0,393822,6.99,,S
2624,0,3,"Thompson, Mr. James",male,15.74,1,0,850452,9.75,,S
2625,0,3,"Miller, Mr. Edward",male,,0,0,367470,15.14,,C
2626,0,2,"Anderson, Mr. James",male,8.76,0,2,806687,,,C
2627,1,3,"Williams, Mrs. Emma",female,14.21,8,0,452906,13.4,,C
2628,1,2,"Davis, Miss. Emma",female,11.97,0,0,620391,27.32,,C
2629,1,2,"White, Mr. Henry",male,24.79,0,2,976521,16.57,,S
2630,1,2,"Thomas, Mrs. Mary",female,25.27,3,0,655417,33.59,F43,S
2631,0,1,"Williams, Mr. Robert",male,,0,0,268765,42.45,,S
2632,0,3,"Brown, Miss. Florence",female,39.88,0,0,948869,25.53,,S
2633,1,3,"Taylor, Miss. Margaret",female,,0,0,945365,20.23,,S
2634,0,3,"Thomas, Mr. Henry",male,5.53,0,0,507177,10.69,F57,S
2635,0,3,"Wilson, Mr. Charles",male,32.3,0,0,442747,11.12,G18,S
2636,0,2,"Garcia, Mr. Charles",male,31.34,0,0,775424,22.07,,S
2637,0,2,"Johnson, Dr. John",male,28.83,1,0,596051,25.99,,S
2638,1,1,"Miller, Mrs. Florence",female,37.73,0,0,187437,129.97,,Q
2639,0,3,"Moore, Mr. William",male,,0,0,395645,4.29,,S
2640,0,1,"Thompson, Mr. Charles",male,29.7,0,0,176058,102.37,,
2641,0,3,"Taylor, Mr. Robert",male,22.81,0,0,364365,0.0,,S
2642,1,3,"Taylor, Miss. Helen",female,39.21,0,0,254604,11.85,,C
2643,0,3,"Martinez, Mr. Henry",male,16.55,0,0,984657,22.45,,S
2644,1,3,"Smith, Mrs. Mary",female,12.64,0,0,962117,3.79,,S
2645,0,2,"Thompson, Miss. Elizabeth",female,29.26,0,0,119586,4.01,E51,S
2646,0,3,"Smith, Mr. Frank",male,11.43,0,0,783691,14.44,,S
2647,1,3,"Robinson, Mr. Edward",male,,0,0,832643,22.02,,C
2648,0,3,"Williams, Mr. Robert",male,20.87,0,0,920405,15.12,,S
2649,0,3,"Miller, Mr. Robert",male,42.38,0,0,897093,0.62,,S
2650,0,3,"Jackson, Miss. Emma",female,24.54,0,0,405924,2.06,G42,S
2651,1,3,"Miller, Mrs. Florence",female,27.14,0,0,535364,13.64,,S
2652,0,2,"Taylor, Mr. William",male,4.44,1,1,250718,8.21,,S
2653,0,3,"Brown, Mr. James",male,30.26,0,0,878876,13.89,,S
2654,0,3,"Martinez, Mr. Frank",male,,0,0,153931,14.27,,S
2655,0,2,"Thompson, Mr. Robert",male,22.02,0,2,552287,15.1,,S
2656,1,3,"Jones, Dr. Florence",female,27.16,0,0,494112,24.8,F97,S
2657,0,2,"White, Mrs. Emma",female,32.04,0,0,403817,25.9,,S
2658,0,3,"Anderson, Miss. Alice",female,12.29,0,0,974677,20.88,G144,Q
2659,1,1,"Thomas, Rev. Robert",male,41.98,0,0,527595,122.66,,S
2660,0,2,"Brown, Mr. Robert",male,,0,0,137806,18.5,,S
2661,0,3,"Davis, Mr. Edward",male,,0,1,862569,11.74,,C
2662,0,2,"Garcia, Miss. Grace",female,19.59,2,0,934438,,F48,Q
2663,1,2,"Wilson, Mrs. Ellen",female,,1,0,414817,26.81,,C
2664,1,2,"Robinson, Miss. Grace",female,40.26,0,1,348408,13.5,F31,S
2665,0,3,"Johnson, Master. Frank",male,10.28,1,1,732684,24.21,,C
2666,0,3,"Miller, Mr. Henry",male,31.94,0,0,151624,8.15,,S
2667,0,3,"Jones, Miss. Margaret",female,16.86,0,0,689835,14.39,G123,C
2668,0,1,"Miller, Mr. Henry",male,40.9,0,0,255554,74.38,C91,S
2669,0,3,"Thomas, Mr. Charles",male,18.23,2,0,295384,10.07,,S
2670,0,2,"Thompson, Mr. George",male,23.2,0,1,189084,41.72,,C
2671,0,3,"Jackson, Miss. Anna",female,43.28,1,1,673987,10.15,,S
2672,1,2,"Wilson, Mr. Charles",male,,0,1,711962,16.95,,S
2673,1,2,"Moore, Miss. Margaret",female,35.82,0,0,518122,13.36,,C
2674,1,3,"Robinson, Mr. William",male,45.78,0,0,960162,13.27,G69,S
2675,0,3,"Thomas, Mr. George",male,,0,0,167632,12.34,,S
2676,0,3,"Jones, Mr. Henry",male,,1,0,989663,5.72,,S
2677,1,3,"Brown, Mr. Henry",male,9.62,0,0,827620,10.24,F117,S
2678,1,3,"Thomas, Miss. Margaret",female,,0,0,163790,,,S
2679,1,3,"Miller, Mrs. Emma",female,,0,0,486975,19.68,,S
2680,1,2,"Moore, Mrs. Florence",female,32.71,1,0,592440,20.24,,C
2681,1,3,"Wilson, Mrs. Margaret",female,9.74,1,0,648733,13.38,,S
2682,1,3,"Miller, Miss. Ellen",female,,0,0,491280,10.65,F148,Q
2683,0,1,"Garcia, Mr. John",male,28.26,0,0,371591,62.9,C105,C
2684,1,3,"Williams, Miss. Grace",female,22.83,0,0,351562,7.02,,Q
2685,1,2,"Wilson, Mr. Robert",male,53.82,0,0,636937,4.43,,S
2686,0,3,"Jones, Mrs. Grace",female,13.8,0,0,584586,8.43,,S
2687,0,2,"Miller, Mr. Edward",male,,1,0,446089,29.04,,S
2688,0,3,"Taylor, Mrs. Alice",female,,0,0,320874,10.24,G19,C
2689,0,2,"Davis, Mr. James",male,37.63,0,1,558912,16.54,,Q
2690,0,3,"Johnson, Mr. John",male,24.5,0,0,315929,10.62,,C
2691,0,3,"Miller, Mr. John",male,14.25,0,0,481900,21.09,,S
2692,0,2,"Miller, Mr. Edward",male,25.65,0,0,959683,10.72,,S
2693,0,3,"Smith, Rev. Frank",male,15.5,1,0,768816,14.8,F102,S
2694,0,3,"Anderson, Mr. Robert",male,28.55,0,2,773749,12.55,,S
2695,0,3,"Miller, Mr. William",male,57.21,0,0,148580,13.44,,Q
2696,1,1,"Miller, Mr. William",male,,0,0,789099,94.26,D121,C
2697,0,3,"Moore, Mr. Frank",male,,0,0,667039,13.37,G106,C
2698,1,1,"Jackson, Miss. Margaret",female,,1,0,559937,117.31,,C
2699,0,2,"Miller, Mr. Edward",male,13.88,1,0,345709,19.71,,S
2700,0,3,"Martin, Mr. Frank",male,33.8,1,0,482519,24.34,,S
2701,0,3,"White, Master. Robert",male,33.15,1,1,429036,13.29,,S
2702,0,3,"White, Mr. William",male,19.41,1,0,444619,1.93,,C
2703,0,2,"Anderson, Mr. George",male,,0,0,831243,26.38,,C
2704,0,3,"Martin, Mr. Thomas",male,,0,1,222979,15.55,,S
2705,0,3,"Moore, Mr. John",male,34.3,1,0,668357,13.21,F57,S
2706,1,2,"Smith, Master. William",male,33.55,0,0,975622,17.4,,S
2707,0,3,"Moore, Mr. George",male,22.87,0,0,257673,0.0,,S
2708,0,2,"Wilson, Mr. William",male,18.54,2,0,707955,0.53,,Q
2709,0,1,"Harris, Mr. Robert",male,,0,0,195964,,,S
2710,1,3,"Smith, Miss. Alice",female,,0,2,556961,9.19,G21,S
2711,0,3,"Jackson, Mr. John",male,18.9,0,0,394147,19.28,,S
2712,1,2,"Smith, Miss. Helen",female,,0,0,666950,3.97,,C
2713,0,2,"Brown, Mr. Henry",male,17.01,0,0,777349,9.53,,S
2714,0,1,"Davis, Mr. Thomas",male,47.36,0,0,997472,112.5,,S
2715,0,3,"Johnson, Master. Charles",male,28.76,0,0,184895,12.33,,S
2716,0,2,"Moore, Mr. Robert",male,15.57,0,0,325206,25.38,,S
2717,0,3,"Wilson, Mr. William",male,,0,0,734134,12.91,,S
2718,1,3,"Johnson, Mrs. Elizabeth",female,36.18,0,0,890868,11.65,,C
2719,1,1,"Miller, Mrs. Florence",female,22.89,0,0,444828,55.44,,C
2720,0,3,"Miller, Mr. John",male,,0,0,190361,5.24,G27,S
2721,0,3,"White, Mr. William",male,,0,2,181942,22.12,,S
2722,1,3,"Smith, Mrs. Anna",female,,0,0,105032,23.19,,S
2723,0,2,"Thomas, Mr. Robert",male,21.93,2,0,172299,9.61,,S
2724,0,2,"Martinez, Dr. Frank",male,35.94,0,0,920931,8.96,,S
2725,1,1,"Miller, Mrs. Ellen",female,,0,0,997554,69.39,,C
2726,0,3,"Harris, Mr. Frank",male,,0,0,177932,15.21,,S
2727,0,3,"Johnson, Mr. Robert",male,26.93,0,0,999616,11.82,,
2728,0,1,"Jackson, Mr. Charles",male,32.63,0,2,717589,,,S
2729,0,2,"Garcia, Mr. Frank",male,25.71,2,0,593604,19.51,D33,S
2730,0,3,"Johnson, Mr. Henry",male,,0,0,530905,12.25,,S
2731,1,1,"Martinez, Miss. Emma",female,37.71,1,0,329716,185.35,,S
2732,0,2,"Martin, Mr. John",male,40.79,0,2,469763,14.75,,C
2733,0,3,"Harris, Mr. Frank",male,25.69,1,0,977456,23.66,,S
2734,0,2,"Williams, Mr. John",male,43.09,1,3,990829,34.47,,S
2735,1,2,"Anderson, Miss. Margaret",female,36.96,0,0,687539,25.04,,Q
2736,0,2,"Thomas, Mr. Thomas",male,29.29,0,0,390835,0.74,F146,S
2737,0,1,"Jackson, Miss. Grace",female,30.46,0,1,415494,85.3,,C
2738,0,3,"Smith, Mr. Robert",male,,0,0,184035,9.65,,S
2739,0,3,"Garcia, Master. Edward",male,7.35,0,0,327421,13.13,,S
2740,0,3,"Wilson, Mr. William",male,21.8,0,1,319882,6.09,,S
2741,1,1,"Harris, Master. James",male,39.75,1,0,971196,,E86,C
2742,0,3,"Johnson, Mr. Henry",male,,0,2,967282,19.4,,C
2743,1,1,"Martin, Miss. Grace",female,44.34,1,1,656527,133.14,,S
2744,1,3,"Taylor, Dr. Elizabeth",female,14.62,0,0,941930,10.52,,S
2745,0,2,"Wilson, Miss. Emma",female,12.73,0,0,615533,9.41,,S
2746,0,3,"Jones, Mr. James",male,22.52,1,0,362805,15.29,,S
2747,0,1,"Taylor, Mr. George",male,47.74,0,0,570132,157.76,D94,S
2748,1,1,"Moore, Dr. Thomas",male,35.35,1,0,591403,86.91,,Q
2749,0,3,"Jackson, Mr. Edward",male,31.5,1,0,366299,15.94,,S
2750,1,1,"Jones, Miss. Florence",female,35.83,0,1,632061,74.13,,S
2751,1,2,"Wilson, Miss. Margaret",female,38.6,0,0,901354,14.97,F142,S
2752,0,3,"Williams, Master. Edward",male,5.83,0,0,981578,17.28,,S
2753,0,3,"Taylor, Mrs. Ellen",female,44.25,0,2,939518,12.31,,Q
2754,1,1,"Thomas, Mrs. Anna",female,24.65,2,1,660868,100.95,,S
2755,0,3,"Harris, Mr. James",male,34.52,1,0,660973,16.3,F28,C
2756,0,3,"Harris, Miss. Margaret",female,,0,0,864655,15.26,,S
2757,0,3,"Smith, Mr. George",male,23.61,1,0,380810,16.63,,S
2758,0,3,"Taylor, Mr. Robert",male,22.11,2,0,230351,,,S
2759,0,3,"Williams, Mr. Frank",male,28.07,0,0,116159,7.06,,C
2760,0,3,"Taylor, Mr. William",male,30.49,0,0,544183,12.72,,S
2761,0,3,"Thomas, Mr. Thomas",male,37.7,1,0,230470,12.88,,S
2762,0,3,"Garcia, Miss. Elizabeth",female,41.9,1,0,787641,9.6,,S
2763,1,1,"Wilson, Mr. Henry",male,41.98,0,2,288988,94.12,E46,S
2764,0,2,"Williams, Master. Thomas",male,50.56,0,1,137711,29.08,,C
2765,0,1,"Moore, Mr. Charles",male,39.12,0,0,447230,133.88,,Q
2766,0,3,"Robinson, Mr. John",male,37.93,0,0,488644,22.18,,S
2767,1,2,"Brown, Miss. Grace",female,35.14,0,0,585681,6.85,D63,S
2768,0,3,"Harris, Mr. Charles",male,18.41,0,0,950512,5.44,,S
2769,1,3,"Williams, Mrs. Florence",female,27.17,1,1,554886,11.12,,S
2770,1,3,"Martin, Miss. Mary",female,31.04,0,0,802226,13.52,G66,S
2771,1,1,"Jones, Mr. William",male,37.61,1,0,768609,73.99,,S
2772,0,3,"Miller, Mr. George",male,29.95,0,0,225125,9.41,,S
2773,0,3,"Robinson, Mr. Frank",male,35.38,0,0,312139,11.02,G55,C
2774,1,1,"Anderson, Dr. Ellen",female,37.72,0,0,540336,104.3,,S
2775,0,3,"Thompson, Miss. Florence",female,0.42,0,0,379587,4.36,,C
2776,0,2,"Johnson, Mr. Robert",male,50.14,1,0,513778,43.43,,C
2777,0,3,"Martinez, Mr. George",male,21.43,0,0,282914,13.14,G90,Q
2778,0,3,"Martinez, Mrs. Mary",female,,0,1,208422,19.83,F18,Q
2779,0,2,"Brown, Dr. John",male,16.51,3,0,459610,14.2,,S
2780,1,1,"Johnson, Mrs. Margaret",female,,1,0,378003,108.12,E16,S
2781,1,1,"Robinson, Miss. Mary",female,31.25,0,0,620964,88.2,,C
2782,0,1,"Martinez, Mr. James",male,29.16,0,2,262609,119.99,,C
2783,0,3,"Smith, Mr. James",male,16.81,0,0,667859,11.71,,S
2784,0,2,"Martin, Mr. John",male,36.36,0,0,989546,35.52,,S
2785,0,1,"Williams, Mr. Henry",male,62.36,3,0,496043,21.33,,C
2786,0,3,"Jackson, Miss. Margaret",female,,0,0,554163,19.17,,S
2787,0,3,"Martin, Miss. Ellen",female,38.47,0,2,169009,13.77,,S
2788,0,3,"Anderson, Miss. Grace",female,,0,0,238509,6.38,,S
2789,0,3,"Davis, Mr. Henry",male,26.26,0,0,127976,25.69,,S
2790,0,2,"Jackson, Mr. Robert",male,35.12,0,1,520658,38.49,,S
2791,0,3,"Jackson, Miss. Margaret",female,17.09,0,0,547176,0.0,G86,S
2792,1,1,"Johnson, Rev. Charles",male,,1,0,181144,91.42,,C
2793,0,3,"Johnson, Mr. Charles",male,,1,0,479945,17.59,,S
2794,0,3,"Garcia, Mr. James",male,38.08,1,0,857458,15.87,,C
2795,0,3,"White, Mr. Robert",male,25.81,0,2,878610,22.85,,S
2796,1,3,"Thomas, Miss. Helen",female,,0,0,675422,21.5,,C
2797,0,3,"Martin, Mr. Frank",male,21.45,1,0,781448,14.72,,S
2798,1,2,"Jones, Miss. Margaret",female,,0,2,568754,42.77,,S
2799,0,3,"Thomas, Mr. Robert",male,25.9,0,0,390285,19.09,,S
2800,0,3,"Thompson, Mr. George",male,28.06,5,0,756910,10.72,F127,S
2801,0,3,"White, Mr. Frank",male,21.75,1,0,861900,9.41,,S
2802,1,3,"Wilson, Mrs. Emma",female,27.9,1,0,378210,21.08,F16,S
2803,1,1,"Jackson, Mr. Henry",male,,0,0,460939,50.7,,C
2804,0,3,"Davis, Mr. George",male,28.08,0,0,466311,10.34,,S
2805,0,1,"Garcia, Mr. William",male,23.58,0,0,744054,73.94,,Q
2806,1,2,"Thompson, Mrs. Margaret",female,26.96,0,0,181402,23.56,,S
2807,1,2,"Williams, Miss. Mary",female,34.92,0,0,770513,18.07,,S
2808,0,3,"Taylor, Mr. Charles",male,43.94,1,0,317348,4.44,G130,Q
2809,1,1,"Miller, Mrs. Grace",female,,0,0,513562,132.81,,S
2810,1,1,"Thompson, Mr. Frank",male,,0,0,129318,67.02,,
2811,0,1,"Martin, Mr. George",male,48.54,1,0,826088,168.84,,S
2812,0,3,"Jackson, Mr. Robert",male,22.64,1,0,193904,14.98,,S
2813,1,3,"Smith, Mrs. Florence",female,,0,2,312817,21.24,,C
2814,0,1,"Williams, Mr. John",male,52.43,0,1,688909,110.5,B127,S
2815,0,1,"Anderson, Mr. William",male,54.56,0,0,401857,139.23,,S
2816,0,3,"Wilson, Mr. George",male,30.5,0,1,303177,16.71,,S
2817,0,2,"Thompson, Mr. James",male,58.32,0,0,595536,22.35,D9,S
2818,0,3,"Miller, Miss. Margaret",female,17.62,0,3,106069,20.11,,S
2819,1,2,"Jones, Miss. Mary",female,55.49,1,2,427647,44.86,,S
2820,1,3,"Miller, Mr. John",male,34.22,2,0,276169,11.25,,S
2821,0,2,"Garcia, Mr. William",male,46.08,0,0,599143,27.95,E40,S
2822,0,3,"Davis, Master. Frank",male,21.16,0,0,376800,12.97,,Q
2823,0,1,"Thomas, Mr. Robert",male,48.13,0,0,700957,105.25,D58,Q
2824,0,3,"Miller, Mr. James",male,42.12,5,0,227219,13.27,G11,C
2825,1,3,"Jones, Mrs. Margaret",female,11.95,1,0,170854,0.0,,C
2826,0,3,"Moore, Mr. Robert",male,23.04,3,0,291727,11.7,,C
2827,1,2,"Garcia, Mrs. Emma",female,4.3,0,1,879777,30.0,,S
2828,0,1,"Moore, Mr. Henry",male,35.86,0,2,978234,51.86,,S
2829,1,3,"Davis, Mrs. Helen",female,15.21,0,0,161693,18.99,G28,S
2830,0,3,"Martin, Mr. Frank",male,,0,0,121630,14.19,G32,S
2831,1,2,"Davis, Mrs. Emma",female,65.08,0,1,245015,18.09,D66,C
2832,0,2,"Williams, Miss. Margaret",female,50.61,0,0,608401,29.06,,S
2833,0,2,"Thompson, Mr. Frank",male,12.73,0,2,935200,26.81,,S
2834,1,3,"Wilson, Mrs. Alice",female,31.67,0,0,805449,15.73,,C
2835,0,3,"Moore, Mr. Charles",male,34.59,2,0,322712,19.6,,S
2836,0,3,"Jones, Mr. Edward",male,20.95,1,0,983332,14.32,,Q
2837,0,3,"Johnson, Master. Edward",male,27.14,1,0,342691,2.31,,Q
2838,1,2,"Thomas, Miss. Alice",female,33.31,0,0,422682,16.22,,S
2839,0,2,"Martin, Mrs. Ellen",female,13.84,1,1,836554,1.96,,S
2840,1,1,"Moore, Mr. George",male,25.62,0,0,374187,111.61,,S
2841,0,3,"Moore, Miss. Alice",female,27.07,0,0,768273,18.83,,S
2842,0,2,"Wilson, Mr. George",male,31.19,0,0,481051,29.42,,C
2843,0,2,"Smith, Rev. Edward",male,,0,0,850785,24.89,,S
2844,0,2,"Johnson, Mr. Thomas",male,20.47,1,0,665092,29.68,,S
2845,0,1,"Wilson, Mr. Frank",male,36.92,1,0,936634,17.78,,S
2846,0,3,"Smith, Mr. William",male,35.63,0,0,496187,12.3,,S
2847,0,2,"Martinez, Mr. George",male,29.08,0,1,432195,5.85,F110,S
2848,1,1,"Taylor, Mr. William",male,57.47,0,2,396699,68.95,,S
2849,0,3,"White, Mr. Frank",male,16.65,0,0,589921,23.51,,S
2850,1,2,"Anderson, Mrs. Ellen",female,32.32,0,0,920866,30.93,E139,C
2851,0,2,"Thomas, Mr. Henry",male,25.75,1,2,244914,26.62,,S
2852,0,2,"Taylor, Mrs. Alice",female,37.06,1,0,469948,18.18,E148,S
2853,0,3,"Thomas, Master. William",male,15.62,0,0,324420,6.54,,S
2854,0,2,"Martin, Mr. Charles",male,53.13,0,0,267425,21.87,,C
2855,0,3,"Miller, Mr. William",male,4.71,0,0,712904,20.22,,S
2856,0,3,"Davis, Mrs. Ellen",female,45.59,0,0,996561,15.66,,S
2857,0,3,"Davis, Mr. Robert",male,26.08,0,0,991477,2.69,G142,S
2858,0,2,"White, Mr. Henry",male,36.63,0,0,609557,21.05,,S
2859,0,3,"Moore, Mrs. Alice",female,41.01,0,0,104491,0.56,G142,Q
2860,1,2,"Jackson, Mrs. Helen",female,40.29,0,0,865611,28.04,,C
2861,0,2,"Williams, Mr. Thomas",male,,1,0,735157,13.07,,S
2862,0,3,"Wilson, Master. George",male,,0,0,388797,5.05,G25,S
2863,0,2,"Johnson, Mr. Frank",male,,0,0,889019,28.18,,S
2864,1,1,"Williams, Mr. James",male,27.35,2,0,308288,107.49,,S
2865,1,2,"Robinson, Mrs. Anna",female,55.42,1,0,639575,22.32,,S
2866,0,1,"Harris, Master. George",male,42.63,0,0,271005,176.05,,S
2867,0,2,"Jones, Mr. William",male,24.8,0,0,553643,,,S
2868,0,3,"Williams, Mr. Frank",male,,0,0,779727,,,S
2869,0,3,"Thompson, Mr. William",male,22.32,3,1,747244,16.37,G102,S
2870,1,1,"Martinez, Miss. Anna",female,14.54,0,0,969995,71.98,,S
2871,0,3,"Martinez, Mr. Edward",male,20.02,0,0,779762,21.23,F72,S
2872,0,2,"Johnson, Mr. Henry",male,26.84,1,0,947270,22.81,F113,S
2873,0,1,"Johnson, Mr. Thomas",male,25.11,1,0,894932,99.96,E132,S
2874,0,2,"White, Master. Robert",male,38.97,0,1,736446,5.58,,S
2875,0,1,"Martinez, Master. William",male,35.37,0,1,419358,86.58,,Q
2876,0,1,"Williams, Mr. Robert",male,30.37,0,0,750690,81.64,,S
2877,0,2,"Garcia, Mr. Thomas",male,26.1,0,0,136844,9.76,,S
2878,0,2,"Martinez, Miss. Florence",female,,0,0,338460,17.78,,S
2879,0,3,"Brown, Miss. Ellen",female,25.88,1,0,524035,15.83,G139,S
2880,1,1,"Anderson, Mrs. Grace",female,29.59,1,0,437760,83.82,E66,C
2881,1,1,"Johnson, Mr. Robert",male,39.51,1,0,356031,24.69,,S
2882,1,1,"Jones, Mr. Charles",male,37.39,1,0,159637,72.52,,C
2883,0,3,"Garcia, Mr. Charles",male,11.33,0,2,917813,9.96,,S
2884,0,2,"Jackson, Miss. Alice",female,26.54,0,1,606594,21.94,F86,S
2885,0,3,"Robinson, Mr. Thomas",male,31.95,1,0,495840,13.56,G29,S
2886,0,2,"Garcia, Master. John",male,36.87,0,0,962711,15.88,,S
2887,1,1,"Garcia, Mr. Edward",male,35.24,0,0,784358,65.07,A102,S
2888,0,3,"Wilson, Mr. Robert",male,,0,1,697815,13.44,,S
2889,1,1,"Robinson, Miss. Emma",female,26.24,1,0,468316,124.45,E102,S
2890,1,1,"Miller, Miss. Elizabeth",female,26.61,0,0,488873,95.7,,S
2891,0,1,"Thomas, Mr. George",male,,0,0,476220,143.77,A149,S
2892,1,3,"Thompson, Mrs. Helen",female,42.97,0,0,375276,20.37,F104,S
2893,0,3,"Thompson, Mr. Charles",male,26.96,1,0,945541,22.73,G132,
2894,0,3,"Robinson, Mr. Thomas",male,21.7,0,1,544480,21.9,,S
2895,0,3,"Martinez, Mr. Edward",male,,0,0,528149,23.16,,S
2896,1,1,"Wilson, Miss. Anna",female,34.56,1,0,411119,35.57,A129,S
2897,0,3,"Thomas, Mr. William",male,51.82,0,0,448642,,G123,S
2898,0,1,"Brown, Mr. William",male,,0,0,932369,135.17,,S
2899,1,3,"Thompson, Miss. Elizabeth",female,12.86,0,0,810282,22.09,,S
2900,0,2,"Johnson, Mr. Robert",male,28.0,2,0,738682,12.29,,C
2901,0,2,"Brown, Mr. John",male,27.01,0,2,692609,26.57,,S
2902,0,3,"Moore, Mr. Henry",male,15.31,1,0,334590,13.49,,S
2903,1,1,"Wilson, Mrs. Ellen",female,69.22,1,0,220706,161.58,,S
2904,1,3,"Garcia, Miss. Anna",female,,1,1,492152,3.98,,S
2905,1,2,"Jackson, Miss. Emma",female,,0,0,673776,12.31,,S
2906,0,3,"Harris, Mr. Robert",male,19.46,0,2,111499,1.23,,S
2907,0,3,"Harris, Mr. George",male,18.07,0,0,103431,13.94,G89,S
2908,1,1,"Jones, Mrs. Anna",female,50.31,0,0,119631,179.08,E31,S
2909,1,3,"Wilson, Mr. Robert",male,,0,0,117967,12.71,G32,S
2910,0,3,"Anderson, Master. Charles",male,11.29,0,0,500742,13.66,,S
2911,0,3,"Williams, Mrs. Emma",female,22.03,0,2,554950,16.58,G89,S
2912,1,1,"Johnson, Mr. Charles",male,54.21,0,2,493062,79.12,,S
2913,0,3,"Johnson, Mr. Henry",male,20.51,0,0,186475,15.38,,S
2914,0,3,"Davis, Mrs. Mary",female,29.99,0,0,110635,15.55,,S
2915,0,2,"Jones, Mrs. Florence",female,30.33,0,0,662185,11.54,,S
2916,0,1,"Martin, Mrs. Anna",female,53.56,1,0,430290,80.05,D37,S
2917,1,2,"Davis, Mrs. Anna",female,10.98,0,0,211017,27.42,,S
2918,0,3,"Jones, Mr. William",male,33.83,1,0,344636,19.04,G80,C
2919,1,1,"Thomas, Mrs. Anna",female,35.61,0,0,328950,138.54,,C
2920,0,3,"Jackson, Mr. Edward",male,36.1,0,0,351682,15.18,G147,S
2921,1,3,"Martinez, Mrs. Florence",female,15.17,1,0,237603,15.31,,S
2922,0,1,"Taylor, Master. Frank",male,38.29,0,0,403078,115.51,,
2923,1,1,"Robinson, Mrs. Mary",female,36.77,0,0,245869,59.02,E112,S
2924,0,3,"Brown, Mr. Robert",male,12.97,2,0,638157,8.87,,S
2925,1,1,"Brown, Mrs. Florence",female,22.64,0,0,465498,78.76,,S
2926,0,3,"Smith, Mr. James",male,18.04,0,0,751993,4.71,,S
2927,0,3,"White, Mr. John",male,26.56,2,0,798152,15.64,,S
2928,0,3,"Davis, Mr. James",male,15.92,1,1,452509,19.82,,S
2929,1,2,"Martin, Mr. Thomas",male,26.04,0,0,899661,12.9,,S
2930,1,3,"White, Mrs. Alice",female,2.37,0,0,983453,15.83,,S
2931,0,3,"Wilson, Mr. James",male,,0,0,502320,8.91,,S
2932,0,1,"Miller, Mr. Charles",male,50.28,1,3,623769,41.3,,S
2933,0,3,"Johnson, Mr. Henry",male,33.46,1,0,501767,26.36,,S
2934,0,3,"Jackson, Mr. John",male,,0,0,723973,6.49,F19,S
2935,0,3,"Garcia, Mr. Robert",male,,0,0,198936,4.68,,S
2936,1,3,"White, Mr. Thomas",male,15.06,1,0,507188,,,Q
2937,0,2,"Wilson, Mr. Henry",male,49.49,0,1,544734,22.69,,S
2938,0,1,"Martinez, Mr. George",male,62.81,3,1,945607,112.02,,S
2939,0,2,"White, Mr. John",male,31.98,0,1,855716,40.01,,S
2940,0,1,"Thompson, Mr. Robert",male,,0,0,584881,51.36,,S
2941,0,3,"Miller, Mr. Henry",male,16.84,0,0,613811,9.24,,S
2942,0,2,"Jones, Master. Frank",male,14.99,0,0,770415,36.09,,S
2943,0,3,"Wilson, Miss. Margaret",female,16.48,0,1,157885,19.1,,Q
2944,0,1,"Martinez, Mr. James",male,35.37,0,0,568681,117.6,B113,S
2945,0,2,"Harris, Mr. John",male,57.74,0,0,532048,14.1,E78,S
2946,0,2,"Thompson, Mr. Edward",male,26.63,0,5,880569,31.26,,C
2947,1,2,"Jackson, Mrs. Helen",female,19.68,1,2,750748,28.03,,S
2948,0,3,"Smith, Master. William",male,14.22,0,0,788328,14.23,,S
2949,0,3,"Harris, Mr. George",male,38.68,0,0,170808,9.2,F127,S
2950,1,3,"Brown, Mrs. Emma",female,36.97,0,0,842569,13.69,,S
2951,1,1,"Miller, Mrs. Helen",female,32.17,0,0,709939,153.24,,S
2952,0,3,"Jackson, Mr. Robert",male,2.49,0,0,156762,5.89,,C
2953,0,1,"Smith, Miss. Ellen",female,24.46,1,0,679111,50.41,,S
2954,0,3,"Martin, Mr. James",male,45.65,0,0,615116,8.92,,S
2955,0,3,"Brown, Miss. Florence",female,33.27,0,2,220111,10.33,,S
2956,1,2,"Garcia, Mrs. Elizabeth",female,30.79,1,2,570555,19.84,,S
2957,1,1,"Anderson, Mr. Edward",male,,2,3,849872,124.26,,Q
2958,0,1,"Garcia, Mr. George",male,61.5,1,1,450695,103.38,,S
2959,0,2,"Moore, Mr. John",male,,0,0,339948,20.61,,S
2960,0,3,"Anderson, Miss. Florence",female,24.79,0,0,349970,14.8,,S
2961,0,3,"Garcia, Mr. George",male,18.02,0,0,746223,,,C
2962,0,3,"Martin, Mr. Charles",male,21.58,0,0,835797,2.07,,S
2963,0,1,"Taylor, Miss. Mary",female,20.16,0,0,804265,129.01,,S
2964,1,3,"Taylor, Miss. Elizabeth",female,7.12,1,0,360511,7.63,,S
2965,1,2,"Davis, Mr. Thomas",male,,0,2,493703,15.56,,S
2966,1,3,"White, Miss. Anna",female,38.01,1,0,610589,15.21,,S
2967,0,2,"Thomas, Mr. Charles",male,11.26,8,0,730006,19.25,,S
2968,1,2,"Martin, Miss. Elizabeth",female,53.4,0,0,547273,24.87,,C
2969,0,3,"Jackson, Master. Edward",male,16.24,0,0,698893,13.92,G117,C
2970,0,1,"Harris, Mr. George",male,58.85,3,0,559021,71.85,E107,Q
2971,0,2,"Smith, Mr. Edward",male,,0,0,141627,35.29,D16,S
2972,0,3,"Robinson, Mr. Frank",male,6.21,1,0,940420,17.6,,C
2973,0,1,"Thomas, Mr. George",male,53.41,0,0,352796,96.69,,S
2974,0,3,"Johnson, Mr. Thomas",male,,0,0,903974,17.5,,S
2975,1,3,"Wilson, Miss. Emma",female,14.13,0,2,529997,8.42,,Q
2976,1,3,"Anderson, Mrs. Helen",female,,0,0,630165,27.14,G100,C
2977,1,3,"Johnson, Mrs. Helen",female,14.13,2,0,892647,5.93,,C
2978,1,3,"Thomas, Mrs. Alice",female,23.55,0,0,282593,13.74,,S
2979,0,3,"Harris, Mrs. Helen",female,26.29,0,0,192533,11.14,G148,S
2980,0,3,"Martin, Mr. Frank",male,20.78,1,3,266403,10.89,,Q
2981,1,3,"Martin, Mr. Henry",male,3.17,3,0,849254,10.05,,Q
2982,0,2,"Thompson, Mrs. Ellen",female,23.03,0,1,198240,12.28,,S
2983,0,1,"Anderson, Dr. Alice",female,,1,1,673905,133.91,E50,S
2984,1,3,"Johnson, Mrs. Helen",female,22.49,0,0,515743,5.17,,S
2985,1,1,"White, Miss. Elizabeth",female,34.07,1,1,176995,125.31,,S
2986,0,2,"Smith, Mr. Henry",male,18.83,1,4,270670,26.49,,S
2987,1,1,"Williams, Miss. Emma",female,30.68,1,2,835309,68.0,E109,Q
2988,0,3,"Robinson, Miss. Ellen",female,,0,0,500355,16.46,,S
2989,1,1,"Jones, Miss. Helen",female,24.32,2,0,638498,77.37,D59,C
2990,0,3,"Martinez, Mrs. Emma",female,,0,0,414302,5.84,,S
2991,0,3,"Miller, Mr. James",male,25.56,1,0,566331,5.91,,S
2992,1,3,"Anderson, Mrs. Helen",female,27.94,1,0,128427,17.26,,S
2993,0,2,"Brown, Mr. William",male,21.21,0,0,995113,26.04,D94,S
2994,1,3,"Moore, Mrs. Florence",female,20.78,2,0,810131,14.57,,C
2995,0,3,"Johnson, Mr. William",male,24.93,1,1,642654,10.46,G112,S
2996,0,3,"Thompson, Mr. Robert",male,18.75,1,0,955358,11.76,,Q
2997,0,3,"Thompson, Mr. Henry",male,28.98,0,2,969337,10.88,F27,S
2998,0,1,"Garcia, Mr. George",male,43.49,1,0,465558,10.63,,Q
2999,0,3,"Wilson, Mr. Robert",male,51.07,0,0,974408,13.4,G51,S
3000,1,1,"Anderson, Miss. Emma",female,,3,1,382228,105.94,,S
3001,0,3,"Thompson, Mr. James",male,,0,0,866227,13.44,,S
3002,0,3,"Martinez, Miss. Elizabeth",female,,0,0,144307,24.5,,S
3003,0,2,"Miller, Master. William",male,27.55,0,3,422703,9.95,,S
3004,0,3,"Wilson, Mr. John",male,49.14,1,2,116103,8.7,,Q
3005,1,1,"Davis, Mrs. Grace",female,55.65,0,1,844420,89.59,D57,
3006,1,3,"Smith, Miss. Helen",female,18.94,1,0,670972,14.58,G108,S
3007,0,3,"Garcia, Mr. Frank",male,,1,0,152584,0.64,,S
3008,1,1,"Taylor, Mrs. Florence",female,30.87,0,0,585623,109.31,,S
3009,0,1,"Anderson, Miss. Margaret",female,38.03,1,0,306558,94.43,,C
3010,1,3,"Thompson, Mr. Frank",male,,1,3,806202,0.0,F38,C
3011,1,2,"Johnson, Miss. Emma",female,43.36,0,0,277076,18.83,,S
3012,0,3,"Jones, Mrs. Florence",female,35.74,0,0,590092,7.74,,S
3013,0,3,"Brown, Miss. Alice",female,25.9,0,0,700226,10.05,,S
3014,0,3,"Williams, Mr. Robert",male,,0,0,274011,4.3,,S
3015,0,2,"Garcia, Mr. James",male,25.62,0,0,145676,24.16,,S
3016,0,3,"Davis, Mr. James",male,,0,0,876644,24.45,,S
3017,1,3,"Brown, Miss. Emma",female,8.02,0,0,204674,14.72,G109,C
3018,0,1,"Thomas, Mrs. Margaret",female,55.69,3,2,898781,0.0,,S
3019,0,2,"Johnson, Mr. Edward",male,29.08,0,0,320103,22.86,,Q
3020,0,2,"Miller, Mr. George",male,31.91,1,0,802481,18.05,D38,C
3021,0,2,"Williams, Mr. Charles",male,23.49,1,0,657037,8.99,,S
3022,0,3,"Garcia, Master. Frank",male,,1,0,956388,15.3,,S
3023,1,3,"Taylor, Miss. Anna",female,15.55,0,0,480886,18.72,,S
3024,0,3,"Miller, Dr. Thomas",male,30.65,0,0,888238,8.65,,S
3025,0,2,"Martinez, Mr. William",male,28.83,1,0,538025,3.56,E38,S
3026,0,1,"Jackson, Mr. Edward",male,43.22,1,1,521516,0.0,,C
3027,0,2,"Moore, Mr. Robert",male,34.07,1,2,865569,13.34,D23,C
3028,0,3,"Davis, Miss. Alice",female,19.89,0,6,857540,11.99,F139,S
3029,1,3,"Wilson, Miss. Alice",female,7.5,0,0,133269,9.65,G98,S
3030,0,2,"Brown, Mr. William",male,11.45,0,0,758078,13.17,,S
3031,0,3,"Brown, Mr. William",male,,0,0,890139,16.69,,S
3032,1,1,"Miller, Mr. Charles",male,55.74,1,0,543584,103.44,,S
3033,0,2,"Robinson, Mr. Henry",male,46.08,0,0,650468,22.0,,C
3034,0,2,"Jackson, Mr. George",male,21.9,0,0,469462,28.16,,S
3035,0,3,"Davis, Mr. James",male,25.11,0,0,902260,8.73,,S
3036,1,3,"Jackson, Mrs. Elizabeth",female,15.22,0,0,727146,5.89,,C
3037,0,3,"Smith, Mr. Thomas",male,9.26,0,0,814347,9.6,G46,S
3038,0,1,"Jones, Mr. James",male,30.93,0,3,163948,59.17,,S
3039,0,1,"Thomas, Mr. Frank",male,53.91,0,0,227498,0.0,B34,S
3040,1,3,"Miller, Miss. Elizabeth",female,35.09,0,0,709629,9.45,G36,S
3041,0,2,"Williams, Mr. Charles",male,18.36,1,0,183248,31.05,,
3042,0,3,"Moore, Mr. William",male,,0,0,477785,18.21,,S
3043,1,3,"Martinez, Mrs. Ellen",female,33.99,0,0,922980,16.41,,S
3044,0,2,"Garcia, Master. George",male,23.15,1,1,443717,21.32,,S
3045,1,3,"Robinson, Mrs. Elizabeth",female,25.96,0,0,144157,,F61,S
3046,0,3,"Harris, Mr. Frank",male,,0,0,523165,6.11,,S
3047,1,2,"Jackson, Miss. Mary",female,,0,2,228657,10.35,,S
3048,1,3,"Williams, Miss. Ellen",female,28.05,3,0,941340,20.31,,S
3049,0,3,"Miller, Mr. William",male,17.16,0,0,762282,13.18,F3,Q
3050,1,2,"White, Miss. Grace",female,23.39,3,0,980469,13.29,,S
3051,0,3,"Wilson, Mr. Henry",male,,0,0,493618,16.59,,C
3052,0,1,"Jackson, Miss. Anna",female,19.26,0,0,978295,65.58,,Q
3053,0,3,"Thomas, Miss. Ellen",female,23.62,0,0,795211,7.56,,S
3054,1,3,"Robinson, Mrs. Ellen",female,34.8,1,0,681439,7.38,,S
3055,1,3,"Johnson, Mrs. Grace",female,8.44,0,2,436021,15.09,,S
3056,0,3,"Taylor, Mr. Charles",male,,0,0,827388,14.34,,S
3057,0,3,"Moore, Mr. Frank",male,34.42,3,0,980438,22.86,,Q
3058,0,1,"Anderson, Mr. James",male,15.96,0,1,249988,71.82,B56,Q
3059,1,1,"Wilson, Mrs. Ellen",female,34.75,0,0,805529,71.1,,S
3060,1,2,"Williams, Mrs. Elizabeth",female,49.75,1,0,576000,34.4,,C
3061,0,3,"Williams, Mr. Edward",male,,0,0,439048,19.41,,C
3062,0,2,"Thompson, Mr. Henry",male,7.55,0,1,380336,21.45,D32,S
3063,0,2,"Johnson, Mr. Thomas",male,37.9,1,2,289209,4.39,,C
3064,0,3,"Garcia, Miss. Grace",female,16.03,0,0,254260,7.72,,S
3065,1,2,"Garcia, Miss. Grace",female,38.3,0,0,306130,9.46,,Q
3066,0,2,"Smith, Mr. Edward",male,21.72,0,0,733529,20.36,,C
3067,0,2,"Martinez, Mr. George",male,,0,0,366662,,,S
3068,0,1,"Martinez, Mr. James",male,31.55,0,0,108174,151.32,,S
3069,0,3,"Thomas, Mr. Thomas",male,25.04,0,0,271792,2.79,,Q
3070,1,2,"Thomas, Miss. Alice",female,,0,0,878909,8.39,,S
3071,0,1,"Miller, Mr. Edward",male,,0,0,457094,94.27,B3,S
3072,0,3,"Martinez, Mr. William",male,10.89,0,1,992928,16.39,,S
3073,0,3,"Taylor, Mr. Charles",male,30.89,0,0,372187,0.0,,S
3074,0,3,"Jackson, Mr. Charles",male,27.1,0,0,388370,1.72,,S
3075,0,3,"Harris, Miss. Ellen",female,5.6,8,2,534132,11.29,F12,S
3076,0,3,"Davis, Mr. Robert",male,36.91,0,2,219293,21.81,,Q
3077,0,2,"Thomas, Mr. George",male,27.88,0,2,240348,38.88,,C
3078,0,3,"Moore, Mr. John",male,26.94,1,0,811172,10.31,,C
3079,1,3,"Williams, Dr. Alice",female,,0,0,327228,11.89,,S
3080,1,2,"Harris, Miss. Florence",female,,2,0,820722,11.63,E93,S
3081,0,2,"Martin, Mr. John",male,43.98,0,2,356135,26.33,D131,S
3082,0,1,"Martinez, Mr. Frank",male,34.48,0,2,803620,148.2,,S
3083,0,3,"White, Dr. Henry",male,37.41,0,0,292849,21.16,,C
3084,0,3,"Martinez, Mr. Henry",male,,0,0,735082,12.81,,S
3085,0,3,"Taylor, Mr. Edward",male,,1,0,305991,7.55,,Q
3086,0,2,"Moore, Mrs. Anna",female,34.84,0,0,810226,20.08,,Q
3087,1,1,"Robinson, Miss. Helen",female,52.89,1,0,359469,141.99,D125,S
3088,0,2,"Martin, Mr. Frank",male,,1,0,876618,15.99,,Q
3089,0,3,"Davis, Mr. Edward",male,19.68,1,0,566586,1.2,F30,C
3090,0,3,"Davis, Mr. Edward",male,17.3,0,0,130964,10.66,F124,S
3091,0,3,"Thompson, Mr. Frank",male,24.4,1,0,746572,11.19,,S
3092,0,3,"Taylor, Mr. Edward",male,15.88,1,0,992421,1.16,,S
3093,0,3,"Johnson, Dr. Henry",male,,0,0,291006,14.51,,C
3094,1,3,"Anderson, Miss. Florence",female,0.42,1,0,788273,16.29,,S
3095,1,2,"Jones, Mr. John",male,,0,0,354144,38.6,,S
3096,1,1,"Wilson, Miss. Grace",female,61.82,3,0,590482,28.04,,S
3097,0,1,"Smith, Mr. Frank",male,30.12,0,0,267232,114.68,A15,S
3098,0,2,"Robinson, Mr. Frank",male,52.84,0,0,459291,29.67,,S
3099,0,2,"Miller, Mr. Robert",male,34.84,1,0,748177,25.2,,S
3100,1,1,"Davis, Miss. Anna",female,37.4,0,0,989303,41.71,,C
3101,0,3,"Thomas, Mr. Edward",male,6.99,0,0,345356,6.08,,S
3102,0,1,"Anderson, Master. James",male,38.06,0,0,183567,88.08,,S
3103,0,3,"Garcia, Mrs. Alice",female,47.71,1,0,732673,13.59,G68,S
3104,1,3,"Anderson, Mrs. Florence",female,43.69,0,0,791333,,,Q
3105,1,3,"Jackson, Mrs. Mary",female,28.29,0,0,426749,,,Q
3106,0,3,"Jones, Master. George",male,,0,0,222110,10.4,,Q
3107,0,2,"Wilson, Mr. John",male,18.51,0,0,317546,1.06,,S
3108,1,3,"Martinez, Mrs. Elizabeth",female,14.77,0,1,603268,11.54,,S
3109,0,1,"Jones, Mr. Thomas",male,53.34,0,0,214881,104.17,,S
3110,0,3,"Jones, Mr. George",male,44.58,3,0,519159,15.22,,S
3111,0,2,"Anderson, Mr. Thomas",male,32.35,1,0,375175,23.34,,S
3112,0,2,"Robinson, Mr. Charles",male,,2,0,196780,34.94,F82,S
3113,1,3,"Smith, Miss. Grace",female,43.58,1,1,144583,5.75,F46,S
3114,0,3,"Jackson, Mrs. Mary",female,13.26,1,0,260643,10.25,,S
3115,0,2,"Williams, Mr. Robert",male,30.62,3,0,765331,35.45,F94,S
3116,1,3,"Thompson, Mrs. Elizabeth",female,,0,1,425346,0.21,G56,Q
3117,0,1,"Garcia, Mr. James",male,27.65,1,0,383626,81.74,,S
3118,0,3,"Anderson, Mr. Thomas",male,17.37,0,0,392522,20.99,,S
3119,0,2,"Jackson, Mr. George",male,21.44,0,0,105063,32.14,,S
3120,1,2,"Wilson, Miss. Florence",female,47.0,0,0,311394,26.6,E133,S
3121,0,1,"Miller, Mr. George",male,60.97,0,0,838395,112.79,B111,C
3122,0,2,"Johnson, Mr. Robert",male,31.38,0,0,537821,9.59,E19,S
3123,1,2,"Harris, Miss. Ellen",female,26.78,0,0,738783,33.73,,S
3124,0,2,"Moore, Mr. Frank",male,22.8,0,0,635443,8.0,E148,C
3125,1,1,"Taylor, Mrs. Anna",female,38.02,1,0,123522,36.1,A4,S
3126,0,1,"Robinson, Mr. Charles",male,,0,0,743867,100.29,,S
3127,0,3,"Williams, Mr. James",male,23.84,0,0,548926,9.8,,S
3128,1,1,"Jones, Mrs. Helen",female,42.96,1,0,390803,92.68,,S
3129,0,3,"Davis, Master. George",male,20.14,0,0,171581,15.8,G130,S
3130,0,3,"Brown, Mr. Thomas",male,,1,1,684265,24.56,F61,C
3131,0,2,"Robinson, Mr. Thomas",male,27.77,0,0,612939,24.34,,S
3132,1,3,"Jackson, Mrs. Mary",female,21.19,0,0,647295,8.98,,S
3133,1,1,"Williams, Mrs. Mary",female,32.7,2,0,636263,112.41,D56,S
3134,1,1,"Taylor, Dr. Grace",female,,0,0,733147,49.07,A117,S
3135,0,3,"Martin, Mr. George",male,,1,0,806015,18.94,,S
3136,0,3,"Harris, Mr. Charles",male,43.89,0,0,960595,13.42,,Q
3137,0,3,"Jackson, Mr. George",male,,0,0,971872,15.6,F109,S
3138,1,1,"Jackson, Mr. Charles",male,45.32,1,0,910824,9.21,,Q
3139,1,3,"Harris, Mrs. Helen",female,33.7,0,2,987914,0.0,F58,S
3140,0,2,"Miller, Mr. Thomas",male,,0,0,853699,4.99,,S
3141,0,2,"Taylor, Mr. Frank",male,19.03,1,0,456184,37.46,D14,S
3142,1,1,"Anderson, Mr. William",male,25.61,0,0,739658,35.78,,S
3143,0,3,"Johnson, Mr. Robert",male,,0,0,611944,17.76,,S
3144,0,1,"Robinson, Mr. Thomas",male,,0,0,353234,57.04,,S
3145,0,3,"Brown, Mr. George",male,17.99,0,0,108020,11.44,G84,C
3146,0,3,"Miller, Mr. George",male,32.3,0,2,232137,12.71,F2,C
3147,0,3,"White, Mr. James",male,0.42,0,0,976249,23.68,,S
3148,0,3,"Robinson, Mr. Thomas",male,20.37,0,0,725408,16.8,F107,S
3149,1,3,"Robinson, Mrs. Alice",female,39.01,0,0,884740,15.5,,S
3150,1,1,"Harris, Mr. Thomas",male,35.95,1,0,630230,138.46,,S
3151,0,1,"Brown, Mr. John",male,28.05,0,1,235139,57.41,B89,S
3152,0,3,"Thompson, Mr. William",male,,2,0,610327,19.94,,C
3153,0,2,"Brown, Mr. Robert",male,0.42,0,1,925512,29.01,,S
3154,1,1,"White, Mrs. Margaret",female,,0,0,736932,121.38,,S
3155,0,1,"Davis, Mr. Thomas",male,50.69,1,1,368516,77.49,C49,C
3156,1,2,"Robinson, Mrs. Alice",female,,0,2,665789,15.63,,S
3157,1,1,"Jones, Miss. Grace",female,32.43,0,3,665012,47.47,,C
3158,0,1,"Martin, Mr. Edward",male,10.02,1,1,307508,,,Q
3159,0,3,"Jones, Mr. Robert",male,5.43,1,0,548793,7.04,G34,S
3160,0,2,"Johnson, Mr. George",male,,0,0,922052,23.67,,S
3161,0,3,"Smith, Mr. Henry",male,32.41,1,0,608504,11.52,,S
3162,0,3,"Davis, Mr. Frank",male,9.43,0,0,892653,15.8,F58,S
3163,1,1,"Brown, Mr. Robert",male,30.43,1,0,729098,104.49,,Q
3164,0,3,"Miller, Mr. Henry",male,,0,0,213411,6.11,,S
3165,0,3,"Robinson, Mr. George",male,,0,0,594892,5.92,,C
3166,1,3,"Williams, Mrs. Ellen",female,0.95,0,0,636199,11.51,,
3167,1,1,"Miller, Mrs. Helen",female,36.09,0,0,692858,51.44,,S
3168,0,1,"Jones, Miss. Alice",female,44.87,1,0,918799,47.02,,S
3169,1,1,"Smith, Mr. Charles",male,45.1,0,1,437374,155.22,,C
3170,0,3,"White, Mr. Henry",male,,0,0,700719,3.03,G141,S
3171,1,3,"Robinson, Mrs. Ellen",female,6.36,0,0,854017,26.15,G68,S
3172,0,3,"Robinson, Mrs. Alice",female,25.69,0,0,570961,14.88,F15,Q
3173,0,3,"Miller, Mr. John",male,21.78,3,0,136320,19.41,,S
3174,0,3,"Brown, Mr. James",male,23.95,0,0,921804,18.64,G106,C
3175,0,3,"Harris, Master. William",male,,0,0,296887,17.01,,S
3176,1,1,"Anderson, Miss. Margaret",female,30.07,0,2,793942,153.8,,C
3177,1,3,"Anderson, Mr. Charles",male,0.42,0,0,763422,5.96,,S
3178,0,2,"Thomas, Mr. John",male,43.94,0,0,691613,18.44,,S
3179,1,1,"Martinez, Mr. Charles",male,,1,0,799548,48.18,,S
3180,1,3,"White, Dr. Thomas",male,7.19,0,0,489130,1.98,F110,S
3181,0,3,"Johnson, Mr. Robert",male,30.68,2,0,194662,8.7,,S
3182,1,2,"Anderson, Miss. Helen",female,24.63,0,3,798508,38.73,E94,S
3183,0,3,"Taylor, Mr. James",male,19.97,1,0,596688,11.87,F53,S
3184,0,1,"White, Mr. Frank",male,,0,0,883774,167.31,C53,S
3185,1,1,"Smith, Mr. Thomas",male,44.44,0,4,385211,171.6,B15,Q
3186,1,1,"Garcia, Mrs. Elizabeth",female,,0,0,247908,209.8,,S
3187,0,3,"Jackson, Mr. Henry",male,11.84,0,3,254009,25.39,,S
3188,0,3,"Moore, Mr. James",male,38.58,0,0,727172,28.33,,Q
3189,0,1,"Moore, Mr. William",male,35.85,0,0,175377,97.66,,S
3190,1,2,"Thompson, Miss. Mary",female,28.23,0,0,728244,22.28,D131,Q
3191,1,1,"Martinez, Mrs. Margaret",female,46.31,5,1,314612,96.38,,S
3192,1,1,"Wilson, Miss. Margaret",female,29.99,0,2,232026,84.0,,S
3193,0,3,"Smith, Mr. Frank",male,,0,0,414902,13.97,,C
3194,0,3,"Harris, Miss. Elizabeth",female,28.67,0,0,863099,17.89,F134,S
3195,1,3,"Williams, Mrs. Grace",female,6.5,0,0,153221,9.97,,S
3196,0,2,"White, Dr. Robert",male,32.65,0,0,878973,6.22,F43,S
3197,0,3,"White, Mr. Robert",male,15.93,0,0,919776,15.36,,S
3198,0,1,"Jackson, Master. Charles",male,48.27,0,0,221700,54.9,,S
3199,1,1,"Brown, Mr. Frank",male,44.56,1,0,423304,59.25,A97,C
3200,0,3,"Brown, Mr. Henry",male,29.97,0,0,758755,12.07,,S
3201,0,3,"Williams, Mr. Henry",male,5.72,0,0,516463,10.58,,S
3202,1,3,"Miller, Miss. Florence",female,23.76,1,0,311927,20.22,,S
3203,0,3,"Garcia, Mr. Thomas",male,10.87,0,0,579592,11.92,,S
3204,0,3,"Taylor, Mr. Robert",male,24.56,0,0,308044,20.54,,S
3205,1,3,"Harris, Mr. Thomas",male,0.42,0,1,108073,14.34,,S
3206,0,2,"Miller, Mr. William",male,11.51,1,0,213676,19.11,D8,S
3207,0,1,"Thompson, Mr. Robert",male,52.27,0,2,921523,90.65,B64,S
3208,0,1,"Thomas, Mr. William",male,42.43,1,0,718483,29.75,,Q
3209,0,1,"Anderson, Mr. George",male,33.75,0,0,837899,98.2,,C
3210,1,1,"Anderson, Mrs. Alice",female,,5,0,916827,119.67,A129,S
3211,0,2,"Wilson, Master. James",male,,0,0,257821,29.91,,S
3212,0,3,"Martin, Miss. Margaret",female,27.4,1,0,616901,4.21,,S
3213,1,3,"Johnson, Miss. Alice",female,20.88,0,0,412091,3.13,G3,S
3214,0,3,"Thompson, Mr. Frank",male,43.56,1,0,332568,9.51,F143,C
3215,0,1,"Thomas, Mr. Thomas",male,35.78,0,0,423030,142.16,,S
3216,0,3,"White, Mr. Thomas",male,25.7,1,1,270315,14.44,,S
3217,1,2,"Garcia, Miss. Florence",female,13.34,1,0,607811,12.25,,C
3218,0,1,"Johnson, Mr. George",male,33.67,0,0,250644,22.98,,C
3219,0,2,"Martinez, Mr. Frank",male,32.12,0,0,204539,13.16,,S
3220,1,2,"Jones, Mrs. Grace",female,,0,0,284448,12.48,,S
3221,0,2,"Thompson, Mr. Edward",male,24.17,8,5,659497,29.36,,S
3222,0,3,"Brown, Miss. Emma",female,28.92,2,0,598029,19.58,,S
3223,0,3,"Garcia, Mr. Charles",male,43.18,0,0,844611,6.18,,S
3224,1,3,"White, Miss. Grace",female,,0,0,995473,,,S
3225,0,1,"Harris, Mr. Frank",male,51.73,0,2,308428,111.33,,S
3226,0,3,"Moore, Mr. John",male,,0,0,941248,5.33,,S
3227,1,3,"Miller, Miss. Florence",female,38.01,0,1,353173,12.46,,S
3228,0,1,"Harris, Rev. William",male,30.68,1,0,184526,98.31,,C
3229,1,3,"Wilson, Miss. Elizabeth",female,22.52,0,0,825822,14.06,F128,S
3230,1,3,"Wilson, Miss. Helen",female,22.57,1,1,281573,1.88,F30,Q
3231,0,2,"Smith, Mr. Frank",male,36.56,4,0,343189,21.31,,S
3232,0,1,"Johnson, Mr. Thomas",male,47.51,0,0,713254,110.72,,Q
3233,0,3,"Harris, Mrs. Ellen",female,26.5,0,0,824971,23.27,F78,S
3234,0,1,"Wilson, Mr. Charles",male,,0,0,720718,55.91,,S
3235,1,1,"Taylor, Miss. Anna",female,31.24,0,0,228355,61.09,,S
3236,1,1,"Harris, Mr. John",male,48.62,1,0,289205,75.23,E115,S
3237,0,3,"Thompson, Miss. Ellen",female,37.19,0,0,571451,14.89,,S
3238,1,2,"Miller, Mr. William",male,,0,1,960745,20.97,,S
3239,1,2,"Smith, Miss. Margaret",female,31.61,1,0,251128,26.04,E146,S
3240,0,2,"Jones, Mr. Frank",male,38.56,0,0,628258,8.75,,S
3241,0,3,"Martin, Mr. James",male,14.27,0,0,998973,15.58,,S
3242,0,3,"Brown, Miss. Helen",female,27.38,5,1,576028,8.18,F138,S
3243,0,3,"Taylor, Mrs. Grace",female,28.61,0,0,339574,12.07,G128,S
3244,0,2,"Martin, Mr. Edward",male,14.05,0,0,840542,37.08,,S
3245,1,1,"Robinson, Miss. Alice",female,43.7,0,0,255234,25.27,,S
3246,0,3,"White, Mr. John",male,10.01,0,1,437737,11.18,G59,C
3247,1,2,"Johnson, Mr. Robert",male,24.86,0,0,266678,7.25,E59,S
3248,0,3,"Miller, Mr. Robert",male,25.48,1,0,743034,13.99,F27,S
3249,0,3,"White, Mr. William",male,16.23,0,0,982283,19.81,G44,S
3250,0,3,"Harris, Rev. John",male,25.99,0,0,926506,14.1,F118,S
3251,0,3,"Wilson, Mr. George",male,25.8,0,0,170519,12.24,,S
3252,0,3,"Robinson, Mr. William",male,15.16,0,0,954299,21.63,F9,C
3253,1,2,"Thomas, Mrs. Alice",female,36.82,2,0,636760,23.31,,C
3254,0,3,"Smith, Miss. Elizabeth",female,15.83,1,0,135802,18.33,,S
3255,1,1,"Miller, Miss. Alice",female,65.46,1,0,215533,114.04,,S
3256,0,3,"Brown, Mr. Edward",male,23.69,0,0,165538,0.0,,S
3257,1,1,"Taylor, Mrs. Mary",female,23.94,0,4,515695,80.78,C13,C
3258,0,2,"Wilson, Rev. George",male,18.19,1,0,737467,9.22,,S
3259,0,3,"Jones, Miss. Helen",female,,1,0,510144,7.61,,C
3260,1,1,"Martin, Mr. Frank",male,,1,0,103999,145.93,,S
3261,1,1,"White, Mr. Thomas",male,,0,0,371055,68.26,,S
3262,0,3,"Anderson, Mr. Edward",male,35.24,0,0,696916,25.3,F55,S
3263,1,1,"Davis, Mrs. Emma",female,33.01,0,0,536681,24.88,,S
3264,1,3,"Thomas, Mrs. Grace",female,32.84,0,0,840034,5.96,,S
3265,1,2,"Johnson, Mrs. Ellen",female,,0,3,782588,27.62,,S
3266,1,2,"Jones, Mrs. Grace",female,33.29,0,1,180927,16.59,,S
3267,1,1,"Wilson, Mrs. Helen",female,66.75,0,2,738281,96.91,,S
3268,0,3,"Davis, Mr. Henry",male,4.3,0,0,121104,12.27,,S
3269,0,3,"Harris, Miss. Margaret",female,,0,5,136986,12.07,,S
3270,0,1,"Williams, Master. Thomas",male,,0,0,557664,71.22,,S
3271,0,3,"Robinson, Mr. John",male,,0,0,983699,14.17,,S
3272,0,3,"Davis, Mr. Robert",male,46.58,0,0,988587,17.17,,C
3273,1,3,"Jones, Miss. Anna",female,40.46,4,0,789795,23.49,,S
3274,0,3,"Harris, Mrs. Emma",female,,0,1,581477,11.68,,S
3275,0,3,"Jackson, Mr. Charles",male,16.87,1,0,768603,10.44,,S
3276,0,3,"Robinson, Mr. Edward",male,15.06,0,0,977675,9.6,,S
3277,0,3,"Johnson, Mr. George",male,,0,0,991234,22.55,,Q
3278,1,3,"Brown, Miss. Alice",female,42.91,0,0,731508,17.49,,C
3279,0,2,"Wilson, Miss. Grace",female,27.07,1,1,277040,1.01,,S
3280,0,1,"Thompson, Mr. Charles",male,36.66,1,0,372199,2.39,,S
3281,0,3,"Martin, Mr. Frank",male,34.29,0,0,406723,7.6,,S
3282,0,1,"Thomas, Mr. Henry",male,18.04,1,0,317461,93.67,,C
3283,0,2,"Jackson, Master. Robert",male,30.63,1,1,962329,19.67,F63,S
3284,0,1,"Wilson, Mr. Charles",male,24.84,1,0,645247,105.62,,S
3285,0,1,"Thompson, Mr. John",male,34.47,0,0,466158,76.63,E31,S
3286,0,3,"Taylor, Mr. George",male,17.96,0,5,399290,22.08,,S
3287,0,3,"Robinson, Mr. Edward",male,17.34,1,0,836675,18.02,,Q
3288,1,2,"Miller, Miss. Mary",female,,1,0,314839,20.78,F101,S
3289,0,1,"Williams, Mr. James",male,40.65,3,0,753003,132.1,,Q
3290,0,2,"Moore, Mr. Edward",male,27.36,0,0,455015,3.51,,S
3291,1,2,"White, Dr. Emma",female,34.45,1,2,145896,19.15,F111,S
3292,0,3,"Anderson, Mrs. Alice",female,14.58,1,2,579443,13.89,,C
3293,0,3,"Thompson, Mr. William",male,33.18,1,0,191687,16.91,G98,S
3294,0,3,"Thomas, Mr. Robert",male,22.53,1,0,931099,1.85,,C
3295,1,3,"Wilson, Mrs. Mary",female,19.2,0,1,293303,,,S
3296,0,3,"Jackson, Master. George",male,15.46,1,0,960102,15.6,,S
3297,1,3,"Davis, Miss. Helen",female,22.1,0,0,695573,16.1,,S
3298,0,3,"Williams, Mr. Henry",male,47.45,0,2,757315,20.71,G96,Q
3299,1,3,"Smith, Mr. George",male,,0,0,207355,17.95,,S
3300,0,1,"Miller, Mr. John",male,24.27,1,0,317601,81.44,,S
3301,1,3,"Brown, Miss. Margaret",female,36.03,0,0,104212,17.39,,C
3302,1,2,"Jackson, Mr. Edward",male,,0,0,514694,17.99,,S
3303,0,2,"Martinez, Master. Frank",male,33.41,0,0,357569,21.47,,C
3304,0,3,"Taylor, Mr. Edward",male,,4,0,188302,18.17,,S
3305,1,3,"Thompson, Miss. Alice",female,,0,0,382689,12.71,F86,C
3306,1,1,"Moore, Mr. James",male,,0,0,613391,99.2,,S
3307,1,1,"Smith, Mrs. Grace",female,54.77,0,2,586440,124.37,,S
3308,1,1,"Garcia, Miss. Margaret",female,25.41,0,1,676593,113.91,,C
3309,0,3,"Martinez, Master. James",male,,0,0,849593,21.02,,C
3310,1,1,"Robinson, Mrs. Florence",female,54.8,1,0,457784,181.79,D45,S
3311,1,3,"Anderson, Miss. Emma",female,,0,0,892795,17.57,,S
3312,0,3,"Jones, Mr. Charles",male,52.26,0,0,296831,10.0,,S
3313,0,3,"Jones, Mr. Frank",male,21.77,1,0,567048,16.33,,C
3314,1,3,"Moore, Mr. Charles",male,28.08,0,0,988512,16.05,,C
3315,1,2,"Harris, Mr. Henry",male,52.86,0,2,109542,26.14,F144,S
3316,1,1,"Garcia, Mr. Edward",male,19.83,0,1,135662,146.79,,S
3317,1,3,"Brown, Miss. Emma",female,5.35,0,0,589671,2.05,,S
3318,1,1,"Harris, Mrs. Mary",female,28.45,0,1,758315,147.58,B97,C
3319,1,1,"Brown, Mr. George",male,47.76,5,0,220376,161.72,,C
3320,0,2,"Davis, Mr. Edward",male,,1,0,718758,25.68,,S
3321,0,1,"Martin, Mr. Robert",male,45.16,1,0,132782,108.87,A38,C
3322,0,2,"Smith, Mr. Robert",male,,0,1,604652,,D123,S
3323,0,3,"Martinez, Master. Thomas",male,49.17,0,0,282598,13.04,,S
3324,0,3,"Anderson, Mrs. Grace",female,37.55,1,0,268379,17.54,,Q
3325,0,3,"Thomas, Miss. Ellen",female,29.37,0,0,982631,17.12,,S
3326,0,3,"Brown, Mr. Charles",male,,0,0,868722,17.68,F143,S
3327,0,2,"Brown, Mrs. Anna",female,36.47,0,0,417445,26.27,E128,S
3328,0,3,"Brown, Mr. James",male,19.48,0,0,649336,18.84,,S
3329,1,3,"Martinez, Mrs. Emma",female,11.26,0,2,982477,18.11,,S
3330,1,2,"Taylor, Mr. Henry",male,23.17,0,0,710286,9.76,,S
3331,0,3,"Thomas, Mr. Charles",male,24.52,0,0,753229,18.41,,S
3332,1,2,"Taylor, Mr. Charles",male,32.1,0,0,738045,38.59,,S
3333,0,1,"Moore, Master. Henry",male,12.38,0,0,556967,82.88,,S
3334,0,2,"Robinson, Mr. John",male,,0,0,208266,34.99,E47,S
3335,1,2,"Harris, Mr. James",male,30.34,0,0,121691,10.83,,C
3336,1,2,"Martin, Miss. Ellen",female,36.57,0,0,519686,19.7,,S
3337,0,3,"Harris, Miss. Florence",female,44.52,0,0,622591,8.83,G99,C
3338,0,3,"Martinez, Mr. Edward",male,,0,1,810488,21.96,,S
3339,0,2,"Martin, Master. Thomas",male,19.09,0,0,129151,36.4,E41,S
3340,1,3,"Anderson, Miss. Grace",female,,0,0,458073,12.36,,S
3341,0,2,"Garcia, Mr. Charles",male,38.24,0,0,424018,31.71,D102,S
3342,0,3,"Harris, Master. Frank",male,14.57,0,0,758271,23.73,F58,S
3343,0,1,"Robinson, Mrs. Helen",female,48.4,1,0,604947,82.62,,S
3344,0,1,"Harris, Mr. Thomas",male,54.77,0,0,438210,89.45,,C
3345,1,3,"Smith, Miss. Anna",female,,0,0,749261,17.77,,C
3346,0,3,"Davis, Mr. Frank",male,31.65,0,0,823231,7.52,,S
3347,0,3,"Moore, Mr. Henry",male,40.51,1,0,666766,13.72,,S
3348,0,3,"Johnson, Mr. William",male,37.23,0,0,861047,26.93,,S
3349,0,3,"Williams, Mr. Edward",male,0.42,2,0,585259,9.75,F29,C
3350,0,2,"Miller, Mr. Robert",male,19.76,0,0,850307,,,Q
3351,1,1,"Jackson, Mrs. Mary",female,,0,0,759599,,A112,S
3352,1,1,"Martinez, Miss. Mary",female,44.28,0,0,687803,77.12,,S
3353,1,1,"Davis, Mrs. Florence",female,42.96,0,0,537015,93.31,,C
3354,0,2,"Smith, Mr. James",male,0.42,0,0,553934,37.53,,S
3355,0,3,"Robinson, Mr. George",male,21.39,0,0,708917,16.6,,C
3356,1,2,"Smith, Miss. Margaret",female,,0,0,869147,27.1,,S
3357,0,3,"Davis, Mrs. Mary",female,26.78,0,0,750474,23.41,F37,Q
3358,0,3,"Thomas, Mr. Robert",male,26.76,1,1,441373,11.12,F120,S
3359,0,3,"Jackson, Miss. Emma",female,20.62,2,0,139802,6.2,,C
3360,0,3,"Moore, Mr. William",male,12.29,0,0,966061,24.49,,S
3361,0,2,"Jackson, Mr. Edward",male,29.8,1,0,329656,21.37,,S
3362,1,2,"Wilson, Miss. Grace",female,,1,0,847960,28.94,,Q
3363,0,3,"Miller, Master. Edward",male,32.38,1,2,189494,8.04,,S
3364,0,3,"Wilson, Mr. Frank",male,33.36,1,1,341970,,,C
3365,0,2,"Robinson, Master. Edward",male,31.03,0,0,122901,9.03,,S
3366,1,2,"Davis, Mrs. Florence",female,43.14,1,0,438201,20.64,,S
3367,0,3,"Jones, Mr. Charles",male,20.5,0,1,182388,8.79,,S
3368,1,3,"Jackson, Mrs. Mary",female,7.67,1,0,906345,7.3,F34,S
3369,0,1,"Wilson, Mr. Thomas",male,,0,2,467275,71.27,,S
3370,0,2,"Robinson, Mr. Henry",male,31.52,0,0,327342,0.0,,C
3371,0,3,"Harris, Mr. Frank",male,,0,0,377557,5.46,,S
3372,0,1,"Anderson, Mr. Frank",male,22.83,0,0,173920,116.86,,S
3373,0,3,"Jones, Mr. George",male,46.49,0,0,284297,15.26,,S
3374,0,1,"Thomas, Mr. James",male,46.53,1,0,170489,38.88,,S
3375,0,3,"Miller, Mr. William",male,21.54,0,0,103837,16.56,F38,S
3376,0,2,"White, Master. William",male,18.77,0,2,879842,11.22,,C
3377,1,1,"Jones, Mrs. Emma",female,50.93,0,0,713752,114.32,,S
3378,1,3,"Anderson, Mrs. Helen",female,11.78,0,0,433995,12.25,,S
3379,0,2,"Davis, Mr. William",male,57.14,0,0,326638,16.75,E13,C
3380,0,3,"Thomas, Mr. William",male,17.64,1,0,290060,12.41,,S
3381,1,2,"Robinson, Mr. Henry",male,,8,0,433856,45.6,,S
3382,0,3,"Robinson, Mr. Edward",male,22.79,0,0,340456,8.07,,S
3383,0,3,"Johnson, Mr. Henry",male,43.97,0,1,828811,14.47,,C
3384,0,3,"Jones, Mr. William",male,16.18,1,1,633462,18.08,F137,S
3385,0,1,"Moore, Mr. Charles",male,38.23,0,2,177858,43.58,,S
3386,0,3,"Thompson, Mr. George",male,,1,0,476952,2.64,,S
3387,0,3,"Anderson, Mrs. Anna",female,32.94,0,0,229357,9.09,,S
3388,0,3,"Martin, Mr. William",male,38.21,1,0,228272,17.94,,S
3389,0,2,"White, Mr. Charles",male,24.15,0,0,674099,16.58,,S
3390,0,2,"White, Mr. Frank",male,31.02,4,0,542629,17.69,,S
3391,1,1,"Thomas, Mrs. Alice",female,52.98,3,1,268268,122.25,,C
3392,0,3,"Harris, Mr. John",male,16.54,0,2,688263,7.76,,S
3393,0,3,"Robinson, Mr. Charles",male,31.87,0,0,501712,12.42,,S
3394,1,1,"Robinson, Miss. Florence",female,,0,0,455287,20.42,,C
3395,0,3,"Williams, Mr. Frank",male,27.47,0,0,123032,15.08,,S
3396,0,3,"Anderson, Mr. Henry",male,26.01,4,0,655154,14.49,,S
3397,0,1,"Thompson, Mr. Robert",male,,0,0,348398,117.41,,C
3398,1,1,"Martin, Mrs. Florence",female,,0,0,731920,35.9,,S
3399,1,3,"Taylor, Miss. Alice",female,,0,1,396834,11.75,G4,S
3400,0,3,"White, Miss. Helen",female,23.77,0,0,685489,4.69,,Q
3401,1,1,"Garcia, Mr. Henry",male,,1,0,662026,73.66,,S
3402,0,3,"Jones, Master. Charles",male,37.12,0,0,228180,22.63,,S
3403,0,3,"Robinson, Mr. Henry",male,,0,1,183327,10.92,F58,
3404,0,3,"Moore, Miss. Mary",female,15.84,0,0,492714,4.12,,S
3405,1,3,"Jones, Mrs. Ellen",female,15.11,1,1,346674,8.58,,S
3406,1,3,"Harris, Miss. Emma",female,48.69,0,0,918222,2.53,,S
3407,0,3,"Martin, Mr. John",male,12.88,0,2,209337,4.58,,S
3408,1,2,"Thomas, Mrs. Helen",female,31.37,0,1,242790,26.71,F14,S
3409,0,3,"Johnson, Mrs. Florence",female,,4,2,527857,3.6,,C
3410,1,1,"Miller, Mrs. Ellen",female,34.26,1,0,887500,97.12,C124,S
3411,1,3,"Miller, Mrs. Margaret",female,12.97,1,0,483339,13.17,,S
3412,0,1,"Garcia, Mr. Frank",male,28.58,0,0,501807,61.68,,S
3413,0,3,"Martinez, Mr. George",male,18.44,0,0,922455,14.48,F41,S
3414,1,1,"Brown, Mr. Robert",male,29.49,0,0,642922,44.62,,S
3415,1,2,"Brown, Mr. Henry",male,45.93,0,0,880100,28.41,,S
3416,1,2,"Smith, Mrs. Emma",female,29.89,1,0,383348,13.02,,S
3417,0,3,"Moore, Mrs. Florence",female,18.71,0,0,253731,10.49,,S
3418,1,3,"Thompson, Miss. Ellen",female,,0,0,754383,9.72,,S
3419,1,1,"Miller, Mr. Thomas",male,46.02,0,0,326945,112.96,,S
3420,0,3,"Martinez, Rev. Henry",male,20.86,0,0,261179,16.54,,C
3421,0,3,"Williams, Mr. John",male,35.82,1,0,650862,0.0,,S
3422,1,2,"Smith, Mrs. Grace",female,14.75,4,1,786485,22.54,,Q
3423,1,3,"Robinson, Mrs. Margaret",female,39.06,0,0,913803,1.66,,S
3424,1,2,"Anderson, Mrs. Florence",female,29.89,0,2,228531,16.59,,S
3425,0,1,"Wilson, Mr. Thomas",male,37.42,1,2,897204,79.46,D117,Q
3426,0,3,"Martinez, Mr. Robert",male,,0,0,255102,10.71,G59,S
3427,1,1,"Anderson, Miss. Anna",female,23.27,0,0,723821,105.03,,C
3428,1,3,"Johnson, Mr. Henry",male,5.0,0,0,107713,,F2,S
3429,1,3,"Garcia, Mrs. Mary",female,15.85,2,1,566715,7.97,,C
3430,0,3,"Anderson, Mr. John",male,,0,0,876870,7.74,,S
3431,0,3,"Thomas, Mr. William",male,13.46,0,0,250129,12.77,,S
3432,0,3,"Anderson, Mr. Edward",male,,0,0,859750,2.97,,S
3433,1,3,"Johnson, Miss. Alice",female,,0,0,174798,9.9,,S
3434,0,2,"Davis, Mr. William",male,25.38,0,0,451839,33.48,,S
3435,1,1,"Martinez, Dr. Ellen",female,33.85,3,0,264749,20.74,D22,C
3436,1,3,"White, Mrs. Emma",female,23.45,0,1,102825,10.79,,C
3437,0,2,"Wilson, Mr. Frank",male,42.39,2,0,349373,14.08,,C
3438,0,2,"Taylor, Mrs. Margaret",female,44.99,0,0,939764,40.05,D91,C
3439,1,1,"Martin, Dr. Grace",female,62.07,0,0,906968,61.41,,S
3440,0,3,"Wilson, Mr. Robert",male,,1,0,254235,9.88,F27,S
3441,0,2,"Moore, Mrs. Ellen",female,19.73,0,0,595320,9.69,D49,C
3442,0,1,"Martin, Mr. Robert",male,46.38,0,0,234167,84.39,B118,S
3443,1,1,"Jackson, Mr. Henry",male,32.55,1,2,912454,95.35,,S
3444,0,2,"Wilson, Mr. Thomas",male,40.33,0,0,290060,11.14,E15,S
3445,0,3,"Martinez, Miss. Elizabeth",female,27.49,0,0,897033,19.43,G36,S
3446,0,2,"Jackson, Mr. Robert",male,,1,1,331532,22.71,,C
3447,0,3,"White, Mr. James",male,37.51,0,0,229301,18.54,,S
3448,1,3,"Jackson, Mrs. Margaret",female,37.73,0,0,938176,10.87,,S
3449,0,2,"Anderson, Mr. George",male,25.06,0,0,224907,22.43,,C
3450,1,3,"Robinson, Mrs. Mary",female,23.83,0,1,665242,11.61,G134,Q
3451,1,3,"Thomas, Miss. Anna",female,21.34,0,0,668547,22.47,,S
3452,0,3,"Jackson, Master. Charles",male,,0,0,407025,13.76,,C
3453,1,1,"Brown, Master. John",male,,0,0,739278,84.37,,S
3454,1,1,"Williams, Mrs. Emma",female,,1,1,787515,64.75,B90,S
3455,0,3,"Martinez, Mr. William",male,,0,1,654972,9.65,G96,S
3456,0,3,"Wilson, Mr. James",male,40.66,0,0,795650,14.55,,S
3457,0,3,"Brown, Mrs. Anna",female,,1,0,347418,18.33,,S
3458,1,3,"Martinez, Dr. Margaret",female,2.94,1,0,321742,8.55,,S
3459,1,1,"Martin, Mrs. Anna",female,50.09,1,0,544295,89.32,,S
3460,0,3,"Brown, Dr. Robert",male,9.66,0,0,256916,14.2,,C
3461,1,2,"Brown, Miss. Elizabeth",female,27.65,0,0,201305,23.58,,S
3462,1,3,"Miller, Miss. Alice",female,27.47,2,0,237308,1.9,,S
3463,0,1,"Brown, Mrs. Florence",female,42.63,0,1,126371,45.16,,S
3464,1,2,"Wilson, Miss. Helen",female,40.18,0,0,420794,6.34,,C
3465,0,3,"Thomas, Mrs. Ellen",female,31.97,0,0,363300,13.21,,Q
3466,0,3,"Jackson, Mr. Frank",male,31.6,1,0,125395,7.14,,C
3467,0,3,"Thompson, Mr. John",male,15.51,0,0,705401,9.77,,C
3468,0,2,"Garcia, Master. Charles",male,33.53,0,0,496890,8.06,F134,S
3469,0,2,"White, Master. Edward",male,11.93,0,0,371013,15.97,,S
3470,0,3,"Jones, Mr. George",male,,3,0,281035,5.69,F10,S
3471,0,2,"Miller, Mr. John",male,13.17,0,0,531675,27.58,,Q
3472,1,2,"Garcia, Mrs. Emma",female,25.84,0,2,790631,24.79,D137,S
3473,0,3,"Brown, Mr. John",male,9.17,3,0,127332,13.98,,S
3474,0,2,"Johnson, Mr. William",male,21.24,0,0,396789,16.98,D46,S
3475,0,3,"Jones, Mr. Edward",male,,0,0,472537,0.0,,C
3476,0,2,"Moore, Mr. Thomas",male,23.65,0,0,685895,15.42,E12,S
3477,1,3,"Thomas, Miss. Grace",female,,0,1,846442,8.05,F148,C
3478,0,3,"Johnson, Mr. Thomas",male,27.72,0,0,714152,14.61,,Q
3479,0,3,"Davis, Mr. William",male,19.45,0,0,656869,17.03,,S
3480,0,3,"Thomas, Miss. Alice",female,23.4,0,0,815924,15.11,,C
3481,0,2,"Davis, Mr. John",male,44.64,1,0,670325,32.63,,S
3482,0,3,"Moore, Mr. Charles",male,35.91,0,0,527719,9.31,,S
3483,1,3,"Williams, Miss. Emma",female,11.33,0,1,701380,9.04,F71,S
3484,0,3,"Brown, Master. James",male,16.83,1,0,459885,19.75,,S
3485,1,3,"Davis, Mrs. Margaret",female,30.7,2,0,904316,14.08,,S
3486,1,3,"Miller, Miss. Ellen",female,,0,0,331477,11.39,,C
3487,0,3,"Thomas, Miss. Anna",female,,0,1,676088,25.0,F33,C
3488,0,3,"Anderson, Mr. Robert",male,,0,0,108662,16.76,,S
3489,0,1,"Robinson, Dr. Ellen",female,27.31,1,0,754366,76.0,,S
3490,0,3,"Thomas, Mrs. Margaret",female,40.65,1,0,241717,8.54,,S
3491,0,3,"Williams, Master. Henry",male,,0,0,623297,21.62,,S
3492,1,1,"Smith, Mrs. Elizabeth",female,24.42,0,0,299843,92.69,,Q
3493,0,3,"Anderson, Mr. Robert",male,18.65,0,0,131040,13.16,F45,S
3494,1,3,"Harris, Mrs. Anna",female,18.44,0,0,692475,17.4,,C
3495,1,1,"Garcia, Mr. James",male,,0,2,717841,120.96,,Q
3496,0,3,"Davis, Mr. Charles",male,22.55,0,0,811912,16.57,,S
3497,0,3,"Robinson, Mr. Edward",male,11.25,0,1,784715,18.75,,S
3498,1,3,"Robinson, Mrs. Florence",female,8.27,1,0,512923,15.93,G98,C
3499,1,2,"Martinez, Mr. Charles",male,36.59,4,0,937271,,,S
3500,0,3,"Smith, Mr. Robert",male,28.43,0,0,839593,8.24,,S
3501,0,2,"Wilson, Mr. Frank",male,31.27,2,0,149559,38.1,,C
3502,1,3,"Jones, Miss. Elizabeth",female,,0,0,436436,4.98,,C
3503,0,1,"White, Mr. James",male,30.57,0,1,708637,96.99,,C
3504,0,3,"Garcia, Mr. Thomas",male,27.21,1,0,688874,4.31,,C
3505,0,3,"Thompson, Mrs. Ellen",female,55.46,0,1,877522,12.36,,C
3506,0,3,"Brown, Master. Robert",male,39.09,0,0,601458,9.29,,S
3507,0,3,"Garcia, Mr. Robert",male,21.54,0,0,469459,13.88,G20,S
3508,0,3,"Harris, Mr. George",male,18.72,1,0,235183,15.22,F127,Q
3509,1,3,"Miller, Mrs. Alice",female,0.42,0,0,974935,6.78,,S
3510,1,2,"Moore, Mrs. Grace",female,42.82,0,0,515905,19.71,,C
3511,0,3,"Anderson, Mr. Charles",male,,0,0,840324,22.06,F101,S
3512,0,3,"White, Mr. John",male,18.47,0,1,970902,4.47,,S
3513,1,3,"Davis, Mr. George",male,7.82,0,0,703400,7.45,,C
3514,1,3,"Jackson, Miss. Anna",female,,1,0,234992,18.59,G51,C
3515,0,3,"Davis, Mr. Charles",male,30.33,0,0,573712,13.5,,S
3516,0,3,"Smith, Mr. George",male,23.93,0,0,465183,13.98,,S
3517,1,3,"Thompson, Miss. Ellen",female,33.3,0,0,650839,19.64,,S
3518,1,1,"Jackson, Mr. Robert",male,39.04,2,0,399184,50.65,,S
3519,1,3,"Harris, Mr. Frank",male,36.6,0,0,231025,9.62,F70,S
3520,0,3,"Smith, Rev. James",male,29.43,0,2,771598,8.82,,Q
3521,0,3,"Robinson, Mr. Henry",male,34.95,0,2,910050,10.74,,Q
3522,0,3,"Moore, Mr. William",male,0.42,0,0,134671,21.71,,S
3523,1,1,"Johnson, Miss. Elizabeth",female,23.19,0,0,295234,12.55,,C
3524,0,2,"Johnson, Master. John",male,,0,0,507779,8.06,F78,S
3525,0,3,"Garcia, Mr. Edward",male,37.95,0,0,743178,4.12,,S
3526,1,2,"Martin, Miss. Mary",female,52.57,0,0,338052,34.02,,S
3527,1,1,"Wilson, Miss. Helen",female,36.03,0,0,615501,58.2,,C
3528,1,1,"Thomas, Miss. Margaret",female,30.66,0,0,367994,70.28,,C
3529,1,3,"Moore, Mrs. Emma",female,1.54,1,0,420152,2.5,,S
3530,0,3,"Thompson, Mr. Thomas",male,35.36,0,0,466540,11.29,,S
3531,1,1,"Harris, Master. Robert",male,,0,0,438803,120.39,A26,S
3532,0,1,"Martinez, Mr. Frank",male,73.5,8,0,362491,94.62,B68,C
3533,0,3,"Martin, Mr. William",male,16.13,0,0,248883,12.3,,S
3534,1,1,"Thomas, Mrs. Florence",female,63.26,0,0,610968,18.27,,S
3535,1,3,"Harris, Mrs. Mary",female,33.98,0,0,794963,10.87,F96,S
3536,0,3,"Anderson, Mr. Robert",male,,3,0,358467,13.95,F83,S
3537,0,2,"Brown, Rev. Edward",male,32.79,0,0,371694,10.08,,S
3538,1,3,"Anderson, Mrs. Margaret",female,34.26,0,0,925607,17.26,G92,C
3539,1,1,"White, Mr. James",male,35.3,1,1,373182,121.17,B119,S
3540,0,2,"Martinez, Mr. William",male,40.06,0,1,502679,14.71,,S
3541,1,3,"Williams, Mr. Frank",male,34.79,0,0,407843,17.72,,Q
3542,0,3,"Thompson, Mr. Thomas",male,32.16,0,1,239575,12.29,G147,S
3543,0,3,"Martin, Mr. Henry",male,24.8,0,0,440842,20.46,,S
3544,0,2,"Davis, Miss. Emma",female,15.9,0,0,360215,40.34,,S
3545,1,2,"Smith, Master. Thomas",male,29.08,0,0,395781,9.06,,S
3546,0,3,"Thompson, Master. Frank",male,27.11,0,0,817560,18.0,G87,Q
3547,0,3,"Martinez, Miss. Florence",female,2.49,0,0,909605,21.48,,S
3548,0,3,"Davis, Mr. George",male,27.03,0,3,198036,6.69,,C
3549,1,1,"Johnson, Mrs. Ellen",female,36.84,1,0,256549,59.84,,S
3550,1,3,"Anderson, Mrs. Mary",female,,0,0,441749,9.19,,S
3551,0,3,"Jackson, Mr. George",male,,0,0,585102,12.14,,S
3552,0,3,"Robinson, Mr. Edward",male,21.26,0,1,953892,10.68,F134,S
3553,1,2,"Miller, Mrs. Mary",female,53.16,0,0,845523,18.02,E97,S
3554,1,3,"Moore, Miss. Grace",female,27.64,0,2,101058,18.45,,S
3555,1,2,"Harris, Mrs. Grace",female,42.43,1,0,735432,1.04,,S
3556,0,3,"Thompson, Master. George",male,,0,0,974121,6.67,G103,S
3557,1,3,"Thompson, Mrs. Grace",female,,0,0,262739,17.35,,S
3558,1,3,"Williams, Miss. Anna",female,,3,0,423174,16.59,,S
3559,0,3,"Jones, Mr. Thomas",male,,0,0,332780,6.12,,S
3560,0,3,"Garcia, Miss. Mary",female,20.97,1,0,289958,16.64,,S
3561,0,3,"Martinez, Mr. James",male,12.36,0,0,458778,21.62,,Q
3562,1,3,"Martin, Mr. George",male,25.87,0,0,842951,12.68,,S
3563,0,3,"Jackson, Mrs. Emma",female,37.78,0,0,168122,6.45,,Q
3564,0,1,"Garcia, Mr. Edward",male,49.19,0,0,522337,120.75,,S
3565,0,3,"Anderson, Mr. George",male,,1,0,921955,24.2,,C
3566,0,3,"Robinson, Mr. Edward",male,,0,0,195076,7.24,,S
3567,1,3,"Jackson, Miss. Helen",female,,0,1,796383,13.26,F8,S
3568,0,3,"Miller, Mr. Henry",male,10.68,1,3,700105,20.09,F77,C
3569,0,3,"Harris, Mrs. Anna",female,3.3,0,0,284223,13.75,,S
3570,1,2,"Martin, Mrs. Ellen",female,37.58,0,0,800237,2.53,,C
3571,0,3,"Harris, Mr. Henry",male,16.68,0,3,300076,15.88,,C
3572,1,1,"Martin, Miss. Grace",female,32.13,0,2,505850,42.89,A20,S
3573,0,2,"Thomas, Mrs. Margaret",female,27.4,2,2,908287,7.29,D77,S
3574,1,2,"Taylor, Mr. Thomas",male,,0,0,743031,2.72,E11,S
3575,0,2,"White, Miss. Anna",female,12.18,0,0,539041,31.9,,S
3576,0,2,"Wilson, Mr. James",male,14.89,0,2,196427,11.65,F51,S
3577,0,3,"Garcia, Master. William",male,25.02,0,0,189387,15.17,,S
3578,0,2,"Johnson, Mr. Thomas",male,,0,0,128672,25.79,D6,S
3579,1,3,"Thompson, Master. Thomas",male,24.7,0,4,154774,14.05,,Q
3580,0,1,"Wilson, Mr. Charles",male,28.5,0,1,297061,96.46,,S
3581,0,3,"Anderson, Mr. Edward",male,0.42,0,0,560178,15.48,,S
3582,0,3,"Thompson, Mr. George",male,36.43,0,0,982757,13.9,,S
3583,0,2,"Anderson, Master. John",male,21.17,0,1,861015,12.4,,S
3584,0,3,"Brown, Mr. Frank",male,11.23,0,0,257889,7.48,,S
3585,1,3,"Taylor, Mrs. Anna",female,4.42,0,0,879270,12.32,F107,S
3586,0,3,"Williams, Mr. Frank",male,7.73,1,0,927734,12.18,,S
3587,0,2,"Garcia, Mr. Robert",male,18.47,0,0,626397,24.29,F97,S
3588,0,3,"Anderson, Master. Robert",male,22.13,0,0,367385,20.16,,S
3589,0,3,"Thompson, Mr. Frank",male,10.5,1,3,415748,15.24,,Q
3590,0,2,"Davis, Mr. Charles",male,32.23,0,0,542472,11.89,F145,S
3591,0,3,"Anderson, Mr. Henry",male,22.04,0,0,314186,0.0,,S
3592,1,2,"Taylor, Mr. Frank",male,56.66,1,0,733783,12.31,,S
3593,1,3,"Taylor, Mrs. Elizabeth",female,4.55,0,0,699244,4.26,,S
3594,1,1,"Jackson, Mr. Edward",male,39.94,0,2,252905,53.32,D145,S
3595,0,1,"Robinson, Master. James",male,40.09,0,0,131333,94.18,,S
3596,0,3,"Robinson, Miss. Emma",female,12.63,0,2,279692,13.55,,S
3597,0,3,"Miller, Mrs. Margaret",female,26.14,0,1,443333,25.08,,S
3598,0,3,"White, Mr. William",male,34.24,0,0,327770,16.14,F22,S
3599,1,3,"Davis, Mr. George",male,26.16,0,0,606014,25.41,,Q
3600,0,2,"White, Mr. Thomas",male,46.61,0,3,529359,27.15,D118,S
3601,1,2,"Garcia, Mr. Robert",male,3.87,0,0,451712,30.86,F120,S
3602,1,1,"Brown, Mr. Thomas",male,27.89,0,1,411450,,,S
3603,0,3,"Martinez, Mr. George",male,42.7,0,0,752654,6.02,,C
3604,1,2,"White, Miss. Elizabeth",female,40.94,0,0,177354,15.51,D39,S
3605,1,3,"Jackson, Miss. Helen",female,31.49,0,0,416501,12.92,,S
3606,0,1,"Miller, Mr. Edward",male,,0,0,340526,57.62,,S
3607,1,1,"Wilson, Mr. George",male,15.0,1,0,795931,41.95,D86,S
3608,1,2,"Smith, Miss. Anna",female,,8,0,844700,24.17,,S
3609,0,1,"Jackson, Master. Henry",male,50.77,0,0,859797,41.77,,S
3610,0,2,"Thomas, Mr. Henry",male,22.1,0,0,564896,4.67,,S
3611,0,3,"Thompson, Mr. Edward",male,56.55,1,0,927217,5.71,,S
3612,0,2,"Thompson, Mrs. Emma",female,32.36,0,2,952681,17.66,,Q
3613,0,3,"Thompson, Mr. William",male,0.42,5,2,918776,6.56,G68,S
3614,0,3,"Wilson, Mr. Charles",male,29.58,1,0,349640,11.52,,S
3615,1,3,"Anderson, Mr. Frank",male,16.36,1,2,427660,16.9,,S
3616,0,3,"Anderson, Mr. John",male,38.98,0,0,335820,16.73,F43,C
3617,0,2,"Wilson, Mr. Frank",male,36.58,0,0,692174,13.39,,C
3618,0,1,"Smith, Dr. Anna",female,30.82,0,0,483124,29.23,,S
3619,1,2,"Martinez, Master. Henry",male,48.03,0,1,674941,14.24,,S
3620,1,3,"Thomas, Miss. Anna",female,36.27,1,0,171472,17.26,,S
3621,0,3,"Miller, Mrs. Emma",female,15.06,8,1,221764,18.78,,S
3622,1,2,"Harris, Mr. Robert",male,28.18,0,0,384632,23.53,,S
3623,0,2,"Johnson, Mr. Thomas",male,36.2,0,0,978146,32.01,,S
3624,0,3,"Harris, Dr. Helen",female,20.63,1,0,424421,24.24,,C
3625,0,3,"Garcia, Mr. Charles",male,20.99,1,0,345154,9.86,G69,S
3626,0,3,"Williams, Master. James",male,25.44,1,0,659480,22.66,,S
3627,0,3,"Robinson, Mr. Frank",male,12.21,0,1,995536,11.31,,S
3628,1,3,"Harris, Miss. Margaret",female,0.42,8,0,227782,19.63,,S
3629,0,3,"Williams, Mr. Edward",male,27.87,0,0,434891,17.61,,S
3630,1,1,"Martin, Mrs. Emma",female,14.13,0,0,899788,0.96,C111,S
3631,0,1,"Anderson, Mr. Frank",male,26.08,0,0,958530,43.42,,S
3632,0,3,"Davis, Mr. Robert",male,,0,1,888599,5.06,,S
3633,1,3,"Smith, Master. John",male,,1,0,420741,1.42,,S
3634,1,2,"Moore, Mr. Charles",male,35.12,0,0,576783,28.79,,Q
3635,0,3,"Moore, Mr. Charles",male,22.33,0,0,886509,26.45,F112,C
3636,1,1,"Jones, Mr. Frank",male,34.9,0,0,478760,73.18,,S
3637,0,3,"Moore, Mr. George",male,,1,0,898859,18.55,F29,S
3638,0,1,"Thomas, Mr. Charles",male,,0,0,728688,146.35,,S
3639,0,3,"Thomas, Mr. Charles",male,29.52,0,0,269972,14.35,,S
3640,1,3,"Wilson, Mr. George",male,24.37,0,0,283510,12.84,,S
3641,0,2,"White, Master. Henry",male,39.87,0,0,624918,17.54,,C
3642,1,1,"Johnson, Mrs. Anna",female,49.58,0,0,607588,,A126,Q
3643,1,3,"Williams, Mr. James",male,21.97,0,0,890750,18.69,G100,S
3644,0,1,"Thompson, Master. Robert",male,15.77,0,0,358417,103.4,,S
3645,1,1,"Miller, Mr. William",male,,4,0,748566,101.95,E100,S
3646,1,3,"Garcia, Master. Frank",male,23.83,1,0,930547,12.67,,Q
3647,0,2,"Williams, Mrs. Grace",female,20.68,0,0,737117,4.07,F67,S
3648,0,2,"Robinson, Mr. Edward",male,17.34,0,0,532410,28.98,,Q
3649,1,2,"Taylor, Mr. Thomas",male,30.84,0,1,952038,7.15,,S
3650,0,3,"Smith, Mr. James",male,54.16,0,0,555442,17.03,,S
3651,0,2,"Martin, Mr. John",male,24.14,0,0,486981,27.56,,S
3652,0,1,"Johnson, Mrs. Mary",female,37.97,1,0,786285,36.1,,S
3653,1,2,"Moore, Mrs. Helen",female,14.26,2,0,232351,13.92,,S
3654,1,1,"Moore, Mr. Charles",male,52.92,0,1,805882,173.1,,S
3655,0,2,"Williams, Mr. William",male,,1,0,313653,19.21,,C
3656,0,1,"Martinez, Mr. William",male,,1,0,311775,32.75,,S
3657,1,1,"Davis, Mr. Henry",male,54.32,0,0,199064,117.64,,S
3658,0,2,"Johnson, Mr. James",male,24.87,1,0,648673,12.27,D138,S
3659,1,3,"Garcia, Mr. William",male,21.37,5,0,216690,0.52,,S
3660,0,1,"Jones, Mr. Charles",male,,3,0,879348,105.83,,S
3661,0,1,"Smith, Mr. Charles",male,45.59,1,0,156651,45.5,,S
3662,1,3,"Smith, Mr. Frank",male,0.42,0,0,471795,15.09,,C
3663,1,3,"Garcia, Miss. Helen",female,30.46,0,0,483128,7.72,G74,S
3664,1,3,"Brown, Miss. Grace",female,18.02,8,0,200001,17.6,,S
3665,0,2,"White, Mr. Henry",male,40.78,0,0,912140,21.83,,S
3666,1,2,"Martinez, Mrs. Margaret",female,34.9,0,0,881635,0.0,F90,S
3667,0,1,"Robinson, Mr. Henry",male,17.11,0,1,962832,100.04,,C
3668,1,1,"Thomas, Mrs. Helen",female,41.23,0,0,906281,71.83,,S
3669,0,2,"Taylor, Mr. Henry",male,32.53,0,0,200349,34.17,,S
3670,1,3,"Johnson, Miss. Alice",female,29.36,1,0,237767,15.57,,C
3671,0,2,"Williams, Master. James",male,36.91,0,0,941625,27.56,,S
3672,0,3,"Martinez, Mr. Frank",male,,0,0,293404,8.38,,S
3673,1,2,"Taylor, Miss. Ellen",female,34.97,0,0,674979,12.1,,S
3674,0,2,"Johnson, Mr. Thomas",male,30.27,0,0,315232,19.74,,S
3675,0,3,"Taylor, Mr. John",male,38.78,1,0,761139,10.66,,S
3676,0,3,"Miller, Mrs. Alice",female,51.91,1,0,851473,21.7,,S
3677,1,2,"Thompson, Miss. Grace",female,40.98,1,0,217413,18.47,,S
3678,0,3,"Williams, Miss. Alice",female,,0,0,960197,5.04,,S
3679,1,2,"Moore, Miss. Florence",female,35.19,1,0,427901,11.72,,C
3680,1,1,"Thomas, Miss. Ellen",female,41.07,0,1,455430,,,S
3681,0,3,"Miller, Mr. Charles",male,25.22,0,0,984425,11.91,,S
3682,0,1,"Miller, Mr. John",male,63.98,0,0,940912,74.73,,S
3683,1,2,"Wilson, Mrs. Mary",female,21.01,0,2,698252,30.6,,S
3684,1,3,"Martin, Mrs. Alice",female,38.86,0,0,118578,7.05,G78,S
3685,1,1,"Moore, Mr. George",male,36.49,1,0,404972,0.0,,C
3686,0,1,"Anderson, Mr. Thomas",male,20.23,0,0,456840,48.18,D138,S
3687,1,2,"Thomas, Dr. Emma",female,27.74,1,0,913226,22.42,,S
3688,0,3,"Thompson, Master. James",male,,0,0,204495,11.38,F77,Q
3689,0,3,"Thompson, Master. Henry",male,31.93,0,0,896445,2.86,F78,S
3690,0,2,"Jackson, Miss. Mary",female,31.1,1,0,986903,30.16,,S
3691,1,1,"Smith, Mr. James",male,25.74,0,0,308461,90.87,E16,C
3692,0,3,"Harris, Mr. George",male,42.65,0,0,276789,15.53,,S
3693,0,1,"Wilson, Mr. George",male,,0,0,987041,101.62,,S
3694,0,3,"Taylor, Mr. William",male,44.03,0,0,940835,4.56,,Q
3695,1,3,"Martin, Miss. Alice",female,27.84,0,0,481266,14.97,,S
3696,0,2,"Anderson, Mr. Thomas",male,29.57,1,0,798922,29.07,,S
3697,0,2,"Martinez, Mr. Frank",male,38.44,0,1,975630,31.4,,S
3698,0,1,"Martinez, Mr. William",male,,0,1,901697,114.29,E105,C
3699,0,1,"Wilson, Mr. Thomas",male,39.56,0,0,388677,105.55,,S
3700,0,2,"Garcia, Mr. John",male,27.89,0,0,557301,2.63,,S
3701,0,3,"Smith, Mr. John",male,7.47,0,0,184316,12.9,,C
3702,0,2,"Martin, Master. Robert",male,31.53,3,0,560665,,,C
3703,0,3,"Robinson, Mr. Robert",male,19.71,0,0,139653,21.33,,S
3704,0,3,"Brown, Mr. James",male,22.09,0,0,232800,20.35,,C
3705,0,1,"Martinez, Mr. William",male,42.37,0,1,454826,44.08,,S
3706,0,1,"Thompson, Mr. George",male,53.27,0,0,212329,82.07,,C
3707,0,2,"Brown, Mr. Robert",male,19.81,0,0,350656,22.49,,S
3708,0,3,"Johnson, Mr. John",male,,0,0,694764,18.86,,S
3709,0,2,"Thompson, Mr. Frank",male,20.82,0,0,956596,3.24,,S
3710,0,3,"Brown, Mr. Charles",male,15.04,0,0,347085,0.0,,S
3711,0,3,"Jones, Miss. Helen",female,17.87,0,0,672500,13.25,,S
3712,0,3,"Williams, Mr. Robert",male,22.64,1,1,527268,0.0,,C
3713,1,3,"White, Miss. Emma",female,,0,0,691923,14.03,F73,S
3714,1,3,"Robinson, Miss. Ellen",female,28.85,1,2,210384,16.85,,C
3715,0,3,"Harris, Mr. Robert",male,12.32,0,0,755304,21.03,,S
3716,0,3,"Thompson, Mr. Frank",male,40.53,0,0,630469,8.95,,S
3717,0,3,"Robinson, Mr. Edward",male,36.33,0,1,622180,14.05,G86,S
3718,0,3,"Thompson, Mr. George",male,14.19,0,0,170015,17.23,,S
3719,0,3,"Thompson, Mr. Robert",male,,2,1,969467,5.36,,S
3720,0,3,"Johnson, Master. Robert",male,28.92,0,2,256774,18.95,,S
3721,1,3,"Thomas, Miss. Helen",female,23.12,0,0,112667,14.78,,S
3722,0,3,"Taylor, Mr. Charles",male,29.3,0,0,232257,9.06,,S
3723,1,3,"Brown, Miss. Grace",female,24.69,1,0,713091,13.92,,C
3724,1,2,"Jones, Miss. Mary",female,36.54,0,0,223863,18.61,,C
3725,1,3,"Brown, Mr. James",male,27.25,1,1,945926,18.07,,S
3726,0,3,"Robinson, Miss. Margaret",female,20.95,0,0,662688,10.66,,S
3727,1,3,"Martin, Miss. Alice",female,0.69,0,0,386797,14.48,,C
3728,0,2,"Martinez, Mr. Frank",male,,1,0,132886,13.79,E102,C
3729,0,3,"Jones, Mr. John",male,20.52,0,0,186717,6.9,F60,S
3730,0,3,"Brown, Mr. George",male,34.34,0,1,705967,14.11,,S
3731,0,3,"Smith, Mr. Henry",male,30.78,0,0,534803,7.17,F116,C
3732,0,3,"Miller, Dr. Thomas",male,20.83,2,0,706424,18.2,,C
3733,0,3,"Williams, Mr. Henry",male,37.28,1,0,452938,16.85,,S
3734,0,3,"Garcia, Mr. George",male,27.46,0,0,279489,8.03,,S
3735,0,1,"Taylor, Miss. Grace",female,39.96,1,0,896194,92.98,,C
3736,0,3,"Thompson, Master. George",male,23.34,0,0,525747,8.0,,S
3737,0,2,"Davis, Mr. James",male,50.2,0,0,933281,3.96,,S
3738,0,3,"Martinez, Mr. Thomas",male,,1,1,258445,9.12,,S
3739,0,3,"Garcia, Miss. Mary",female,21.13,1,0,643454,12.67,,S
3740,0,2,"Moore, Mr. Robert",male,15.15,0,0,368332,25.21,,S
3741,0,1,"Moore, Mr. James",male,,1,0,364529,90.28,D136,S
3742,0,1,"Anderson, Mrs. Florence",female,31.01,0,0,800213,122.12,,S
3743,0,3,"Jones, Mr. George",male,19.36,2,0,117621,6.62,,S
3744,1,3,"Anderson, Miss. Helen",female,18.8,0,0,555848,10.55,,S
3745,1,1,"Jones, Master. John",male,38.75,0,0,521131,153.06,B94,S
3746,0,3,"Davis, Mr. James",male,9.99,1,1,968230,0.45,,Q
3747,1,2,"White, Miss. Elizabeth",female,,0,0,141046,15.48,,C
3748,1,3,"Davis, Mrs. Mary",female,30.49,0,1,944384,6.04,,S
3749,1,2,"Anderson, Mrs. Mary",female,4.64,1,0,985410,18.05,F146,S
3750,0,1,"Taylor, Mr. Robert",male,,0,1,295061,65.75,,C
3751,1,1,"Jackson, Miss. Ellen",female,56.7,0,0,654438,109.29,,S
3752,0,3,"Thomas, Mr. Henry",male,23.03,0,0,831758,14.66,,S
3753,1,2,"Brown, Miss. Margaret",female,45.59,0,2,987098,6.94,D45,S
3754,0,3,"Thompson, Miss. Margaret",female,,0,1,407923,9.18,,S
3755,0,2,"Martinez, Mr. Thomas",male,49.19,0,1,347088,20.0,,S
3756,0,2,"Harris, Mr. Frank",male,24.53,1,4,445097,27.39,,S
3757,0,2,"Davis, Mr. Henry",male,1.62,0,0,363983,44.33,,S
3758,0,2,"Robinson, Mr. Henry",male,29.04,1,0,636005,27.03,D107,S
3759,0,3,"Davis, Mr. John",male,45.5,4,1,939111,6.42,,S
3760,1,1,"Martinez, Mr. James",male,,0,0,553835,80.06,,S
3761,0,3,"Martin, Mr. Robert",male,18.82,4,1,830359,14.18,F81,S
3762,1,2,"Martin, Mr. George",male,33.95,0,1,941870,14.81,F85,S
3763,0,1,"Williams, Mr. Thomas",male,49.65,0,0,975522,103.75,,S
3764,0,2,"Martinez, Miss. Margaret",female,28.97,8,0,915072,0.0,E99,S
3765,0,1,"Brown, Mr. Henry",male,69.52,1,0,425971,107.23,,Q
3766,0,3,"Moore, Mr. Frank",male,,0,2,503034,9.9,,S
3767,1,3,"Thompson, Mrs. Helen",female,,0,0,338257,12.29,F127,S
3768,1,2,"Taylor, Miss. Emma",female,39.14,0,0,844085,34.66,F91,S
3769,0,3,"Johnson, Mr. George",male,16.6,2,0,641470,4.8,,S
3770,0,3,"Jackson, Mr. Frank",male,19.91,0,1,922499,14.77,,C
3771,0,3,"Jones, Mr. Edward",male,37.22,0,0,901589,18.16,,S
3772,0,3,"Davis, Miss. Florence",female,26.74,0,0,751434,14.11,,S
3773,1,3,"Harris, Miss. Mary",female,29.06,0,0,980327,2.51,,S
3774,1,3,"Robinson, Mrs. Florence",female,5.37,0,0,728127,21.78,,S
3775,1,3,"Smith, Mrs. Florence",female,32.87,0,2,243274,11.63,,S
3776,0,3,"Miller, Mr. Henry",male,28.45,0,0,607781,9.57,,S
3777,0,3,"Brown, Master. James",male,24.23,0,0,750643,10.98,G138,Q
3778,1,1,"Harris, Miss. Mary",female,42.33,0,0,723033,67.95,,S
3779,0,3,"Brown, Mrs. Margaret",female,20.09,0,0,463434,5.26,,S
3780,0,3,"Garcia, Mr. Henry",male,17.9,0,0,233430,14.07,,S
3781,0,1,"Jackson, Mr. Charles",male,35.1,1,1,516319,58.92,A29,S
3782,0,3,"White, Mr. William",male,19.43,0,0,285477,17.36,,S
3783,0,3,"Garcia, Mrs. Helen",female,51.17,0,0,810274,16.36,,S
3784,0,2,"Thomas, Mr. George",male,40.94,0,0,430948,36.26,,Q
3785,1,3,"Jackson, Mrs. Florence",female,13.38,0,1,989092,11.62,,S
3786,0,3,"White, Mr. Charles",male,,1,0,949059,7.78,F106,S
3787,0,3,"Miller, Mr. Edward",male,19.81,1,0,829109,3.45,,S
3788,0,1,"Davis, Miss. Mary",female,,0,0,368822,176.12,,S
3789,0,2,"Johnson, Mr. James",male,40.77,0,3,407888,26.62,,S
3790,1,3,"Anderson, Mrs. Helen",female,1.36,0,0,215817,8.5,,C
3791,1,2,"Miller, Miss. Mary",female,27.16,1,0,181405,36.93,D88,S
3792,1,2,"Jackson, Mrs. Margaret",female,23.12,0,0,516621,33.56,E43,S
3793,1,1,"Martin, Mr. William",male,,4,0,395158,27.25,,S
3794,1,1,"Jackson, Miss. Helen",female,,0,2,405354,52.35,,S
3795,0,3,"Miller, Mr. Edward",male,24.07,4,0,750240,12.14,,S
3796,0,3,"Thompson, Mr. Henry",male,23.52,0,0,991439,6.04,,S
3797,0,3,"Davis, Master. Robert",male,37.78,0,1,114590,12.37,G59,S
3798,0,3,"Miller, Mr. John",male,28.62,0,0,448399,17.63,,S
3799,0,2,"Garcia, Mr. Thomas",male,30.5,0,0,313742,6.27,,Q
3800,0,2,"Thompson, Mr. James",male,,8,0,606802,22.93,F147,C
3801,1,1,"Martinez, Mr. Henry",male,60.03,0,0,268290,133.08,,S
3802,1,1,"Johnson, Mr. James",male,40.07,0,2,968940,100.81,,C
3803,1,2,"Miller, Mr. Charles",male,23.83,5,1,658908,19.24,,S
3804,0,1,"Wilson, Mr. Frank",male,,0,0,901934,55.94,,C
3805,1,1,"White, Miss. Alice",female,20.79,0,2,670206,118.9,,S
3806,0,1,"Wilson, Mr. George",male,32.4,0,0,912414,34.57,,S
3807,0,3,"Williams, Mr. James",male,23.7,0,0,410033,14.58,,S
3808,1,3,"Martin, Mrs. Anna",female,18.33,2,0,812952,13.17,,S
3809,0,3,"Robinson, Mrs. Florence",female,29.21,0,1,433202,20.32,,C
3810,1,3,"Anderson, Miss. Grace",female,18.18,1,0,426112,9.21,G30,S
3811,0,3,"Jones, Mrs. Florence",female,14.03,0,0,465038,9.76,,Q
3812,1,1,"Taylor, Miss. Alice",female,,0,0,796512,31.84,,S
3813,0,3,"Martinez, Mr. Thomas",male,41.43,1,0,814054,15.84,F98,S
3814,1,1,"Moore, Mrs. Margaret",female,24.71,1,0,638691,66.2,B111,S
3815,1,2,"Miller, Mrs. Margaret",female,,0,0,331558,11.38,,S
3816,0,2,"Moore, Mr. James",male,7.14,0,1,426685,12.33,,S
3817,1,2,"Jones, Miss. Emma",female,,0,2,584656,25.37,,S
3818,1,2,"Harris, Miss. Mary",female,22.93,1,0,577986,8.97,,C
3819,1,3,"Garcia, Miss. Anna",female,38.62,0,2,519371,6.41,,S
3820,1,3,"Brown, Miss. Mary",female,15.66,0,1,878086,18.83,,S
3821,0,3,"Brown, Mr. John",male,,0,1,116345,11.92,G96,S
3822,0,3,"Garcia, Mr. Charles",male,25.43,1,0,159043,19.21,G112,S
3823,0,3,"Brown, Mr. James",male,25.45,0,1,293260,10.66,,C
3824,0,1,"Jones, Mrs. Alice",female,28.58,0,0,908835,83.95,B94,S
3825,1,3,"Moore, Miss. Alice",female,,1,0,251747,14.02,,S
3826,1,3,"Jones, Miss. Anna",female,21.82,0,0,739102,22.02,F60,S
3827,1,2,"Taylor, Miss. Mary",female,,0,0,962671,33.06,,S
3828,0,2,"Garcia, Mrs. Margaret",female,25.18,0,1,394196,31.53,D26,S
3829,0,3,"White, Mr. Frank",male,30.28,0,0,868860,8.91,,S
3830,0,3,"Smith, Mrs. Helen",female,39.82,1,0,462209,6.59,,C
3831,0,3,"Jackson, Mr. John",male,44.96,0,0,542738,17.95,,S
3832,0,3,"Thomas, Mr. James",male,15.85,0,1,488888,21.95,,S
3833,0,2,"Taylor, Mr. John",male,,0,0,367018,31.63,,S
3834,0,3,"Davis, Mr. Henry",male,31.6,0,1,489787,13.08,,S
3835,0,2,"Garcia, Mr. Thomas",male,41.69,0,0,239320,,,C
3836,0,2,"Robinson, Mr. George",male,28.9,1,0,118547,27.45,,Q
3837,0,3,"Garcia, Mr. Thomas",male,,0,0,379008,13.97,,S
3838,1,1,"Miller, Mrs. Anna",female,49.23,0,2,262902,92.08,,S
3839,0,3,"Wilson, Mr. Frank",male,,0,2,468084,13.64,G141,C
3840,1,2,"Williams, Miss. Helen",female,48.79,1,0,492234,12.12,,S
3841,0,3,"Davis, Mr. Charles",male,27.38,1,0,623497,8.54,,S
3842,0,3,"Wilson, Mr. Edward",male,23.72,0,0,181701,8.44,,S
3843,1,3,"Davis, Mr. Charles",male,0.42,0,0,745401,2.6,,S
3844,0,3,"Jackson, Mr. Henry",male,,2,0,226346,13.93,,S
3845,0,3,"Taylor, Miss. Anna",female,20.27,1,0,308000,12.74,G31,S
3846,1,3,"Thomas, Mr. James",male,11.79,0,0,935715,17.95,,Q
3847,0,3,"White, Mrs. Margaret",female,34.77,1,2,865162,21.19,,S
3848,0,3,"Jackson, Mr. John",male,9.28,2,0,609457,21.61,,S
3849,0,2,"Taylor, Mrs. Anna",female,23.98,0,0,314989,34.18,,S
3850,1,2,"Thomas, Miss. Mary",female,24.46,0,0,913780,12.43,,S
3851,0,2,"Anderson, Mr. Charles",male,44.46,0,0,990383,5.68,,Q
3852,0,2,"Williams, Mr. Edward",male,22.7,0,0,684678,29.31,,S
3853,0,2,"Thompson, Master. George",male,,1,2,331978,33.82,E128,S
3854,0,2,"Anderson, Mr. William",male,32.35,0,0,420408,35.56,,C
3855,0,3,"Miller, Mr. James",male,,0,0,111718,16.15,,S
3856,0,1,"Taylor, Mr. George",male,48.2,0,0,830183,0.14,,S
3857,1,3,"Smith, Mrs. Margaret",female,24.6,0,0,966041,15.38,,S
3858,1,2,"Thomas, Miss. Elizabeth",female,9.64,0,0,620186,25.55,,S
3859,0,3,"Thomas, Mr. Charles",male,,0,3,588873,21.14,,S
3860,1,1,"Martinez, Mr. John",male,37.76,0,0,573691,144.04,,S
3861,1,2,"Smith, Mr. William",male,33.43,1,1,351629,29.1,,S
3862,0,1,"Thompson, Mr. Thomas",male,,0,0,182684,59.33,C8,S
3863,1,3,"Jackson, Miss. Helen",female,38.69,0,1,371794,6.31,,Q
3864,0,2,"Harris, Mr. Thomas",male,30.16,1,1,284866,25.34,,S
3865,1,3,"Martinez, Mr. Frank",male,13.95,0,0,796769,7.85,,S
3866,0,2,"Wilson, Mr. James",male,24.5,1,0,136485,34.75,,S
3867,0,3,"Brown, Mr. Frank",male,48.14,0,1,876794,1.92,,S
3868,0,2,"Johnson, Mr. Henry",male,37.97,1,2,176916,25.67,,S
3869,0,3,"Taylor, Mr. Thomas",male,37.58,0,0,570674,15.08,G109,S
3870,0,2,"Garcia, Mr. George",male,17.5,0,2,901962,17.93,,S
3871,0,2,"Moore, Mr. John",male,21.73,0,1,346969,10.75,,S
3872,1,1,"Robinson, Mrs. Helen",female,,2,0,812059,0.0,,
3873,1,1,"Moore, Mr. John",male,40.21,1,0,186347,61.68,,S
3874,1,1,"Garcia, Mrs. Mary",female,,0,0,299562,62.42,,S
3875,0,3,"White, Mr. Robert",male,,0,0,918060,20.23,,C
3876,0,2,"Jackson, Mr. James",male,25.63,0,1,317886,12.17,,S
3877,1,1,"Thompson, Miss. Alice",female,28.47,0,1,694180,103.02,,S
3878,1,3,"Moore, Miss. Ellen",female,22.84,0,0,541201,4.6,F10,S
3879,0,1,"Brown, Master. Frank",male,51.36,1,0,258894,104.17,,S
3880,0,2,"Thomas, Mr. Frank",male,11.84,0,0,397327,0.0,,S
3881,1,3,"White, Miss. Grace",female,29.16,1,0,639953,26.62,,S
3882,1,3,"Wilson, Miss. Elizabeth",female,41.56,0,0,599332,12.08,F56,S
3883,0,3,"White, Master. George",male,22.8,1,0,845202,0.0,,S
3884,0,2,"Martinez, Mr. Edward",male,23.65,0,0,295144,12.82,,S
3885,0,3,"Jones, Mr. William",male,36.09,0,0,526537,7.31,,S
3886,0,1,"White, Mr. William",male,26.19,1,1,466657,56.46,B87,S
3887,0,3,"Martinez, Master. Edward",male,24.73,0,0,258359,10.63,,S
3888,0,3,"Wilson, Mr. Henry",male,,1,0,924453,8.69,,S
3889,1,3,"White, Mrs. Margaret",female,2.56,1,3,363755,7.69,G141,S
3890,0,2,"Moore, Mr. Frank",male,28.18,5,1,513414,8.41,F9,S
3891,1,1,"Jones, Mrs. Helen",female,22.84,1,0,684141,118.52,,S
3892,1,3,"Davis, Miss. Ellen",female,24.86,0,0,887773,20.81,,S
3893,1,3,"Thomas, Miss. Emma",female,38.38,0,0,249453,11.35,,C
3894,0,3,"Thomas, Mr. John",male,47.25,1,0,578311,12.89,F83,S
3895,0,3,"White, Mr. Frank",male,26.12,0,0,154583,5.68,,C
3896,0,3,"Williams, Mr. Thomas",male,37.23,0,0,484175,13.46,,C
3897,0,2,"Johnson, Mr. William",male,34.79,0,0,976621,22.3,,S
3898,1,2,"Williams, Mr. Edward",male,25.4,0,0,559399,17.81,,C
3899,0,1,"Moore, Mr. George",male,14.9,0,2,974876,100.64,,S
3900,0,1,"Garcia, Mr. Charles",male,57.52,0,0,766932,96.97,,S
3901,1,1,"Taylor, Mr. George",male,25.41,3,0,359416,39.73,,Q
3902,1,3,"Martinez, Mrs. Alice",female,41.59,1,0,998631,20.75,,S
3903,0,3,"Jones, Miss. Margaret",female,31.44,0,0,737976,11.65,F98,Q
3904,0,3,"Anderson, Mr. Edward",male,13.29,0,0,126608,23.89,,C
3905,1,2,"Garcia, Miss. Florence",female,33.74,1,0,810256,24.2,,C
3906,0,3,"Taylor, Mr. Thomas",male,50.59,0,2,565250,25.81,G118,S
3907,0,3,"White, Mr. James",male,43.43,0,2,977711,20.64,,S
3908,1,3,"White, Mrs. Emma",female,18.85,1,2,704845,14.48,,S
3909,0,3,"Martin, Mr. John",male,16.46,0,0,213568,8.3,G38,S
3910,0,3,"Anderson, Mr. Edward",male,26.2,0,1,464214,8.44,,C
3911,0,3,"Martinez, Dr. Henry",male,,0,0,790764,16.46,,S
3912,0,3,"Martin, Master. Edward",male,39.4,0,0,614448,13.93,,S
3913,0,3,"Wilson, Mr. George",male,33.88,0,0,131272,9.17,,
3914,0,2,"Smith, Mr. John",male,9.69,0,0,148202,28.33,,S
3915,0,2,"Miller, Mr. Thomas",male,35.5,3,0,353416,20.39,,C
3916,0,2,"Jones, Mr. William",male,27.85,1,2,352363,28.39,,S
3917,1,3,"Thompson, Mr. James",male,,0,0,609522,6.66,,S
3918,0,3,"Brown, Mr. James",male,27.99,0,3,439480,19.5,G6,S
3919,1,3,"Thomas, Miss. Emma",female,39.38,0,0,354931,16.26,,S
3920,1,2,"Martinez, Miss. Grace",female,41.73,0,0,465628,31.98,,C
3921,1,1,"Harris, Mr. Henry",male,,0,0,267932,125.05,,S
3922,1,3,"Martinez, Miss. Florence",female,24.3,0,0,713431,12.45,,S
3923,0,2,"Williams, Mr. Frank",male,,0,2,140878,18.35,,C
3924,1,3,"Davis, Mr. Thomas",male,4.82,0,0,912131,24.59,,S
3925,0,1,"Anderson, Mr. Frank",male,36.69,0,0,788587,71.8,,S
3926,0,3,"Anderson, Mr. William",male,47.14,0,0,154963,17.86,G137,S
3927,1,3,"Martinez, Mrs. Ellen",female,4.46,8,1,687386,10.52,,Q
3928,1,3,"Garcia, Miss. Ellen",female,24.71,0,0,504324,0.9,,Q
3929,0,1,"Smith, Mr. Frank",male,37.33,5,0,626337,32.45,,S
3930,1,3,"Moore, Mr. George",male,28.45,0,0,458016,15.64,,S
3931,0,3,"Taylor, Mr. Thomas",male,,0,0,368599,17.56,,Q
3932,0,3,"Thompson, Mr. Edward",male,7.9,1,0,968301,15.66,,C
3933,0,3,"White, Mr. John",male,,0,0,263742,20.45,G90,S
3934,1,1,"Brown, Miss. Ellen",female,53.97,0,0,735383,100.43,B123,S
3935,1,3,"Smith, Miss. Emma",female,13.21,2,0,555183,7.96,,S
3936,1,2,"Thomas, Miss. Emma",female,,0,0,959395,25.94,F80,S
3937,0,2,"Robinson, Mr. Charles",male,,2,0,528311,21.7,,S
3938,0,3,"Thomas, Mr. James",male,16.19,0,0,552933,9.26,,S
3939,0,3,"Wilson, Mr. Robert",male,,1,0,895392,16.07,F149,S
3940,1,1,"Thompson, Mrs. Margaret",female,50.77,0,0,664954,87.33,,C
3941,0,1,"Davis, Mr. Charles",male,50.19,0,0,505039,58.59,,S
3942,0,1,"Thomas, Mr. Edward",male,,1,0,868974,76.53,,C
3943,0,1,"Robinson, Mr. Charles",male,29.44,0,1,859509,143.37,,S
3944,1,3,"Jackson, Mrs. Margaret",female,28.63,0,1,132978,21.98,,Q
3945,1,1,"Thomas, Miss. Elizabeth",female,61.15,1,0,308096,91.9,,S
3946,1,3,"Jones, Miss. Emma",female,,1,0,932769,13.37,G44,S
3947,0,1,"White, Dr. Edward",male,32.08,0,0,923228,23.81,D143,S
3948,1,1,"Harris, Miss. Margaret",female,43.03,0,1,528575,156.21,,S
3949,0,3,"Martin, Mr. Robert",male,,2,0,431235,19.74,F136,S
3950,0,2,"Smith, Mr. Robert",male,38.16,0,6,965244,27.52,F126,C
3951,0,2,"White, Mr. Frank",male,19.84,0,0,136702,0.0,,S
3952,0,3,"Harris, Mr. Edward",male,18.62,0,0,108418,13.27,,C
3953,0,3,"Jones, Mr. Edward",male,,0,1,672712,12.17,F84,S
3954,0,3,"Taylor, Miss. Grace",female,40.15,3,0,184578,17.44,G37,S
3955,0,1,"Smith, Mr. Edward",male,35.14,0,2,277390,65.06,,S
3956,0,3,"White, Mr. Charles",male,,1,0,167365,11.49,,S
3957,0,3,"Garcia, Mrs. Elizabeth",female,12.69,0,0,939998,17.03,,S
3958,0,3,"Wilson, Miss. Margaret",female,47.36,0,0,150399,7.97,G116,S
3959,0,1,"Taylor, Mr. Robert",male,39.85,0,0,923573,59.89,,S
3960,0,2,"White, Mr. James",male,42.93,1,0,220341,21.93,D85,S
3961,1,2,"Smith, Mr. John",male,30.36,0,0,906494,33.38,E90,
3962,0,1,"Moore, Dr. James",male,39.02,0,0,399867,117.96,,S
3963,1,3,"Jackson, Mrs. Anna",female,7.0,0,0,483321,19.99,G42,S
3964,0,2,"Martin, Mr. Henry",male,4.19,0,1,220695,20.63,E13,S
3965,0,2,"Garcia, Mr. George",male,45.02,0,1,352112,34.95,,C
3966,0,1,"Anderson, Mr. William",male,38.94,0,0,230617,10.87,,S
3967,0,3,"Williams, Mr. Robert",male,27.48,0,1,288994,26.14,,Q
3968,0,1,"Jones, Mr. George",male,23.01,0,2,504997,,,S
3969,1,2,"Smith, Miss. Ellen",female,19.16,0,0,537596,24.57,,Q
3970,1,1,"Williams, Master. William",male,50.75,1,6,663981,118.96,,S
3971,1,3,"Davis, Mrs. Grace",female,,1,0,925471,12.75,,S
3972,0,1,"Jackson, Mr. Thomas",male,,1,1,140457,75.2,,S
3973,1,3,"Martinez, Mrs. Emma",female,33.06,0,0,345700,9.03,G61,Q
3974,0,1,"Williams, Mr. George",male,40.28,0,2,617032,81.94,,S
3975,0,1,"Thomas, Mr. William",male,36.55,0,0,523277,107.35,,C
3976,1,1,"Smith, Mr. James",male,,0,0,623723,101.64,,S
3977,0,1,"Wilson, Mr. Edward",male,32.56,0,1,364459,167.44,,S
3978,1,1,"Brown, Miss. Ellen",female,52.89,1,0,388812,88.21,B2,C
3979,1,3,"Miller, Miss. Helen",female,29.58,0,0,739721,3.32,,S
3980,0,3,"Smith, Master. James",male,24.8,0,0,269658,23.69,G19,S
3981,0,1,"Anderson, Mr. John",male,54.46,0,0,176058,32.72,,C
3982,1,2,"Jackson, Mr. William",male,,0,0,669279,14.41,,S
3983,0,3,"Jones, Mr. Thomas",male,23.84,0,0,610401,14.77,,S
3984,1,2,"Wilson, Miss. Mary",female,46.55,0,0,803173,24.17,,S
3985,0,2,"Williams, Mr. William",male,,0,0,689867,5.55,,C
3986,1,1,"Taylor, Miss. Florence",female,,2,1,355661,52.65,,S
3987,0,2,"Moore, Mr. John",male,0.42,0,0,526781,5.19,,S
3988,1,2,"Miller, Miss. Anna",female,35.28,0,0,558859,26.22,,S
3989,0,3,"Anderson, Mr. James",male,27.55,1,0,190571,20.69,,Q
3990,0,3,"Martin, Mr. George",male,24.58,0,1,189005,5.06,,S
3991,1,3,"Miller, Miss. Elizabeth",female,32.32,0,0,972158,19.47,F116,S
3992,0,2,"Smith, Mr. James",male,,0,0,803678,29.31,,C
3993,1,1,"White, Mr. George",male,46.13,0,1,839648,56.32,,C
3994,0,2,"Williams, Mr. Edward",male,,0,0,696437,0.17,D119,S
3995,0,2,"Robinson, Mr. Frank",male,47.98,0,1,865773,9.29,,S
3996,1,1,"Garcia, Mrs. Helen",female,,1,0,485531,59.0,,S
3997,1,1,"Martinez, Mrs. Florence",female,44.51,0,1,246490,148.75,,S
3998,0,2,"Thompson, Mr. Edward",male,35.92,0,0,644724,18.82,,S
3999,1,2,"Davis, Miss. Mary",female,43.89,0,0,147301,9.93,E94,S
4000,1,1,"Moore, Mr. John",male,50.26,1,0,959564,90.21,,S
4001,1,3,"Garcia, Mrs. Emma",female,,0,0,649405,4.58,,S
4002,0,2,"Garcia, Master. William",male,41.88,0,1,605724,25.14,F104,S
4003,0,3,"Anderson, Mr. Robert",male,27.09,0,0,735540,6.65,,S
4004,0,2,"Taylor, Mr. James",male,,0,0,484454,11.67,,S
4005,0,3,"Wilson, Mr. Henry",male,38.17,0,0,673209,15.44,,S
4006,1,1,"Jackson, Mrs. Grace",female,30.49,1,1,507443,157.51,,S
4007,0,3,"Martin, Mr. James",male,52.97,0,2,299829,27.29,G77,C
4008,0,1,"Taylor, Master. William",male,,0,0,263720,40.33,,S
4009,1,1,"Williams, Mrs. Elizabeth",female,,1,0,229391,58.94,,C
4010,0,3,"Smith, Mr. Robert",male,,1,1,918981,16.35,F56,Q
4011,0,2,"White, Master. Robert",male,52.59,0,1,427006,31.69,,S
4012,1,1,"Harris, Miss. Elizabeth",female,,0,0,595834,0.0,,C
4013,0,3,"Johnson, Miss. Emma",female,15.47,4,0,275830,13.57,F127,S
4014,0,1,"Brown, Mr. Thomas",male,,0,1,455488,63.54,,S
4015,0,3,"Moore, Mrs. Mary",female,,0,0,530448,0.49,G140,S
4016,1,3,"Jones, Miss. Margaret",female,,0,5,942653,4.31,,S
4017,0,2,"Taylor, Miss. Helen",female,26.06,0,1,908663,14.32,,S
4018,0,2,"Davis, Mr. William",male,20.99,0,1,595886,20.59,D43,Q
4019,1,1,"Martinez, Mrs. Anna",female,41.24,3,1,379766,126.34,,S
4020,1,3,"Harris, Miss. Anna",female,,0,2,231587,15.3,,C
4021,0,2,"Miller, Mr. George",male,18.04,0,0,955922,29.48,F87,Q
4022,1,1,"Johnson, Miss. Anna",female,,0,2,724046,85.12,,C
4023,1,2,"Garcia, Miss. Mary",female,,0,0,407137,12.95,,S
4024,0,3,"Williams, Mr. Edward",male,31.38,1,0,970323,11.81,F58,S
4025,0,3,"Taylor, Mrs. Margaret",female,33.76,3,0,716948,17.52,G86,S
4026,0,3,"Thompson, Mr. Henry",male,31.61,1,0,844143,19.71,,S
4027,1,3,"Williams, Miss. Alice",female,43.87,5,0,338743,12.04,,S
4028,0,3,"Martinez, Miss. Anna",female,36.96,0,0,442363,6.96,,S
4029,0,3,"Moore, Mr. John",male,57.16,0,0,465531,15.18,,C
4030,0,3,"Williams, Mr. Henry",male,,0,0,827800,16.11,,S
4031,0,3,"Jackson, Mr. John",male,3.9,1,0,869622,21.01,,S
4032,1,2,"Davis, Miss. Margaret",female,,0,0,533138,13.21,,S
4033,0,3,"Martinez, Mr. William",male,24.91,0,0,641431,8.66,,S
4034,1,3,"Williams, Mrs. Ellen",female,31.05,0,0,464202,17.92,,C
4035,0,1,"Johnson, Mr. Thomas",male,37.09,0,1,457192,66.89,C110,C
4036,0,2,"Davis, Mr. Frank",male,,0,0,599996,15.5,,S
4037,0,2,"Anderson, Mrs. Elizabeth",female,26.76,1,0,911534,32.54,F64,S
4038,0,3,"Anderson, Mr. John",male,,0,0,169112,4.09,,C
4039,0,2,"Anderson, Master. James",male,23.49,0,0,354452,40.56,,S
4040,0,3,"Jones, Mr. James",male,22.6,0,0,337822,9.02,F76,S
4041,0,2,"Jackson, Mr. Thomas",male,40.12,0,2,626295,,,S
4042,0,3,"Smith, Mr. Frank",male,19.16,0,0,621320,12.29,,S
4043,0,1,"Anderson, Mr. John",male,34.53,0,3,915254,95.4,,Q
4044,0,3,"White, Mr. Edward",male,,0,0,205549,11.29,,S
4045,0,3,"Martinez, Mr. James",male,22.61,0,0,740442,18.57,,S
4046,0,2,"Brown, Rev. George",male,,1,0,469222,16.53,,Q
4047,0,2,"Martin, Master. John",male,18.97,0,2,159759,14.27,,S
4048,0,2,"Wilson, Mr. Charles",male,16.36,1,1,844755,38.13,,S
4049,0,2,"White, Mrs. Elizabeth",female,33.66,0,0,105111,20.29,E62,S
4050,0,3,"Miller, Master. John",male,29.85,0,0,904456,8.61,,Q
4051,0,3,"Jones, Mr. Thomas",male,14.62,0,0,342361,3.31,F15,Q
4052,0,3,"Harris, Mr. Thomas",male,,0,0,264338,25.13,,S
4053,0,3,"Martinez, Miss. Alice",female,48.1,0,0,374944,9.41,F88,C
4054,1,2,"Brown, Miss. Emma",female,,0,2,950161,40.62,E136,C
4055,1,3,"Robinson, Miss. Elizabeth",female,42.85,0,0,824322,15.59,,S
4056,0,3,"Martin, Mrs. Margaret",female,0.42,1,0,520330,13.93,,S
4057,0,2,"Martinez, Mr. Robert",male,42.91,1,0,407357,21.7,,C
4058,1,3,"White, Miss. Mary",female,,0,0,236857,27.4,,S
4059,1,2,"Martinez, Mr. Charles",male,41.71,1,1,577814,0.0,E45,S
4060,1,3,"Taylor, Miss. Emma",female,,8,0,775503,14.39,,S
4061,1,3,"Jones, Miss. Emma",female,24.18,0,0,196311,11.28,G98,S
4062,0,3,"Williams, Miss. Alice",female,15.28,0,0,176759,11.61,,S
4063,0,1,"Davis, Mr. Charles",male,35.43,0,3,793815,90.27,B97,S
4064,1,3,"Thomas, Miss. Helen",female,,2,0,758465,11.27,G48,S
4065,0,1,"Jones, Mr. Thomas",male,36.7,1,0,488746,91.9,,Q
4066,0,3,"White, Mr. John",male,50.32,0,0,728564,12.85,,S
4067,0,2,"Brown, Mr. Charles",male,25.37,1,1,558436,6.86,,S
4068,0,3,"Robinson, Mr. Thomas",male,42.9,0,0,673737,15.48,,S
4069,1,3,"Jones, Miss. Florence",female,5.49,0,1,274831,17.65,,S
4070,1,1,"Davis, Mr. Edward",male,34.56,0,2,845047,61.23,B50,C
4071,1,2,"Harris, Mr. Charles",male,23.57,1,0,816363,38.68,,S
4072,0,3,"Davis, Master. Thomas",male,,0,0,840687,21.68,F22,S
4073,1,2,"Moore, Mrs. Grace",female,32.22,0,2,250592,28.44,,S
4074,1,1,"Smith, Miss. Alice",female,12.94,1,0,496706,118.94,B137,C
4075,1,1,"Anderson, Mrs. Mary",female,22.28,0,1,363757,85.26,,C
4076,1,2,"Johnson, Mr. George",male,17.85,1,1,564586,31.41,,S
4077,0,3,"Harris, Miss. Elizabeth",female,36.21,0,0,485068,23.21,F137,C
4078,0,3,"Garcia, Dr. Elizabeth",female,,0,0,475973,18.25,,C
4079,1,1,"Johnson, Mr. Charles",male,34.4,0,0,919278,60.05,,Q
4080,0,2,"Williams, Mr. Charles",male,23.42,3,0,652134,19.6,,Q
4081,0,2,"Smith, Mr. Henry",male,38.6,1,0,966465,25.74,,C
4082,0,2,"Jackson, Master. James",male,16.45,0,0,570300,28.38,,S
4083,0,3,"Martinez, Mr. Robert",male,30.49,0,0,773693,12.5,,S
4084,0,2,"Anderson, Mr. Frank",male,34.47,1,1,366771,14.33,,C
4085,0,3,"Moore, Mr. Frank",male,21.7,0,0,524156,23.3,,Q
4086,0,3,"Brown, Mr. William",male,29.77,0,0,480778,,G131,S
4087,0,3,"White, Mr. John",male,26.23,1,0,789151,,,S
4088,1,3,"Davis, Miss. Elizabeth",female,,0,0,608327,,,S
4089,1,1,"Williams, Mr. Henry",male,21.99,2,0,389920,44.37,A122,S
4090,1,1,"Robinson, Mr. Robert",male,45.37,0,2,820120,136.39,D14,S
4091,1,1,"Garcia, Mrs. Alice",female,,2,0,814394,137.79,,S
4092,0,3,"Jones, Mr. Thomas",male,,4,0,221407,12.52,,S
4093,0,3,"Williams, Mr. John",male,32.21,0,0,459047,16.23,,S
4094,0,1,"Moore, Mr. Henry",male,36.68,0,0,606057,83.56,,S
4095,1,1,"Miller, Mr. Edward",male,48.7,0,0,902057,33.94,,S
4096,0,2,"Garcia, Mr. Charles",male,30.78,1,0,944575,42.18,,C
4097,0,3,"Williams, Mr. Thomas",male,11.22,0,0,324533,21.94,,S
4098,0,3,"Thompson, Mr. James",male,,0,0,467819,15.3,,S
4099,1,3,"Thomas, Mr. Henry",male,5.39,1,0,230549,7.44,G100,S
4100,1,3,"Thomas, Miss. Anna",female,28.39,0,0,161655,11.54,,S
4101,1,2,"Martinez, Mr. William",male,25.39,0,0,402557,13.08,,S
4102,0,3,"Smith, Mr. John",male,19.62,0,2,864628,13.63,,S
4103,0,3,"Taylor, Master. Charles",male,27.06,4,0,461411,15.01,F84,Q
4104,1,2,"Jackson, Mrs. Anna",female,,0,0,291011,16.59,,S
4105,1,3,"Johnson, Miss. Elizabeth",female,,2,2,317956,3.55,G130,S
4106,1,1,"Johnson, Miss. Mary",female,,0,0,727695,173.55,,Q
4107,0,3,"Jackson, Mr. William",male,17.59,1,0,595062,14.54,,C
4108,0,3,"Brown, Rev. John",male,41.06,0,1,515582,15.97,F10,S
4109,1,3,"Martin, Miss. Helen",female,27.46,0,0,428152,10.25,G28,C
4110,0,3,"Smith, Mr. Frank",male,32.57,1,0,946737,2.85,G102,S
4111,1,2,"Jackson, Mrs. Helen",female,47.0,1,0,227128,19.17,,C
4112,0,3,"Martin, Mr. Frank",male,41.8,0,2,796462,10.9,,S
4113,0,3,"Harris, Master. John",male,31.96,0,0,996621,17.61,,S
4114,0,3,"Martinez, Mr. Robert",male,21.37,0,0,821771,18.89,G137,Q
4115,0,3,"Martin, Mr. Edward",male,7.84,0,0,585930,17.97,,C
4116,0,2,"Taylor, Mrs. Alice",female,32.48,1,0,640850,29.88,,
4117,0,3,"Garcia, Mr. Frank",male,38.14,3,0,869870,24.72,,S
4118,0,3,"Miller, Mr. James",male,,0,0,225474,15.53,,C
4119,0,2,"Williams, Mr. William",male,0.42,0,0,827978,30.99,,S
4120,0,3,"White, Mrs. Alice",female,,0,0,252534,16.21,,S
4121,0,3,"Martin, Mr. Frank",male,,0,0,230848,0.65,,S
4122,0,3,"Harris, Miss. Ellen",female,21.39,0,0,139852,12.0,,Q
4123,0,3,"Johnson, Mrs. Florence",female,36.86,1,0,192754,7.36,,S
4124,0,2,"Davis, Mr. Edward",male,37.54,0,0,666546,22.31,,S
4125,1,3,"Thompson, Miss. Helen",female,,0,0,182434,,,S
4126,1,1,"Harris, Mrs. Ellen",female,53.26,1,0,721256,109.44,D125,S
4127,0,3,"Thomas, Mr. Henry",male,9.79,0,2,184146,19.38,,S
4128,0,3,"Williams, Mr. Robert",male,,0,0,285330,20.82,,S
4129,0,3,"Martinez, Mr. Robert",male,23.12,0,0,427529,23.53,F83,S
4130,0,3,"Smith, Mr. Thomas",male,15.09,0,2,873130,2.11,,C
4131,0,3,"Wilson, Mr. George",male,,0,0,238536,5.21,G16,S
4132,1,3,"Martin, Mrs. Alice",female,40.72,0,0,418143,32.03,G18,S
4133,0,2,"Smith, Mr. Edward",male,44.97,0,0,197397,30.1,,S
4134,0,3,"White, Mr. Robert",male,,0,1,297253,14.46,,
4135,0,3,"White, Mr. Henry",male,,0,0,582102,13.21,,S
4136,1,1,"Robinson, Miss. Florence",female,,0,0,775751,81.61,B147,S
4137,0,3,"Johnson, Mr. Henry",male,26.99,0,0,572922,0.43,,S
4138,0,3,"Moore, Mr. Frank",male,24.59,0,0,663916,7.98,,S
4139,1,3,"Garcia, Mr. Robert",male,19.02,0,0,418347,12.27,F46,S
4140,0,3,"Smith, Mr. Thomas",male,47.86,0,5,279702,8.35,,S
4141,0,2,"Brown, Mr. Charles",male,31.27,0,2,693870,14.15,,C
4142,1,3,"Martin, Mrs. Emma",female,,5,0,849380,29.63,,S
4143,0,1,"Brown, Mr. Robert",male,49.85,0,1,640661,73.43,E138,C
4144,0,2,"White, Mrs. Alice",female,30.66,0,1,194415,22.78,,Q
4145,0,3,"Anderson, Mr. Edward",male,56.09,0,2,996645,14.58,,C
4146,0,2,"Garcia, Mrs. Helen",female,18.72,0,1,271072,25.89,,S
4147,1,1,"Brown, Master. Thomas",male,30.73,1,2,592382,63.95,,S
4148,0,3,"Thomas, Mr. Edward",male,13.69,1,0,790731,21.11,,S
4149,0,2,"Jackson, Mr. William",male,48.75,4,0,982780,24.44,,S
4150,0,2,"White, Master. Henry",male,39.63,0,0,586582,7.13,,
4151,0,2,"Thompson, Mr. Thomas",male,23.47,0,0,925984,18.92,,S
4152,0,3,"Johnson, Mr. Thomas",male,14.63,1,2,489633,11.88,,Q
4153,0,2,"Davis, Mr. Thomas",male,,0,5,171730,17.82,,C
4154,0,3,"Anderson, Mrs. Helen",female,29.34,0,1,236794,16.31,,S
4155,0,3,"Martin, Mr. Edward",male,41.93,0,1,924939,17.13,F128,C
4156,0,1,"Davis, Miss. Helen",female,37.28,0,0,180591,105.7,D77,S
4157,0,3,"Thomas, Mr. William",male,31.14,1,0,930193,15.2,,C
4158,1,1,"Smith, Mr. Henry",male,41.6,1,0,491473,87.6,,S
4159,0,2,"Moore, Mr. Robert",male,22.51,0,0,958894,0.0,,S
4160,0,1,"Davis, Mr. Charles",male,,0,1,985491,116.67,,S
4161,0,3,"Robinson, Mr. William",male,,1,0,170615,16.17,G16,C
4162,1,2,"Williams, Mrs. Anna",female,35.93,0,0,660096,10.15,,C
4163,1,3,"Martinez, Miss. Emma",female,34.13,1,0,126494,14.82,,Q
4164,0,2,"Smith, Mr. Charles",male,41.88,0,0,386109,26.48,,C
4165,0,3,"Miller, Mr. George",male,33.0,3,1,953142,20.61,,S
4166,1,2,"Jackson, Mr. George",male,28.46,0,1,999217,25.1,,S
4167,0,1,"Taylor, Mr. Frank",male,56.62,0,0,223881,,D91,S
4168,0,2,"Harris, Mr. John",male,40.71,1,1,997946,29.47,,S
4169,0,3,"White, Mr. George",male,41.66,1,0,264395,11.01,,S
4170,0,2,"Moore, Mr. Robert",male,47.42,2,0,404006,24.12,,S
4171,0,3,"Thomas, Mr. Thomas",male,,0,0,568016,8.96,,S
4172,0,3,"Taylor, Miss. Mary",female,,1,1,295780,20.22,,C
4173,1,3,"Jones, Mr. Thomas",male,34.29,0,2,156676,2.54,G26,S
4174,0,2,"Thompson, Mr. James",male,16.21,0,0,274713,28.17,,S
4175,1,3,"Thompson, Mrs. Anna",female,11.48,0,0,157024,13.12,,S
4176,1,3,"Davis, Mrs. Ellen",female,9.41,0,1,629049,19.28,,S
4177,0,3,"Jackson, Mr. Frank",male,23.7,2,2,676350,7.93,G3,S
4178,0,3,"Jones, Mr. William",male,21.0,1,0,382735,13.58,G49,S
4179,1,3,"Johnson, Mrs. Florence",female,7.77,0,0,852961,13.39,,C
4180,1,3,"Taylor, Mr. John",male,26.79,0,0,801795,15.82,,S
4181,0,3,"Miller, Mr. James",male,23.85,0,2,403237,6.19,,S
4182,1,1,"Johnson, Mr. James",male,52.19,0,0,418920,110.72,,C
4183,0,3,"Davis, Mr. Robert",male,49.16,0,0,458471,1.0,,C
4184,0,3,"Brown, Miss. Anna",female,30.48,1,6,648120,8.66,,S
4185,0,3,"Martinez, Mrs. Alice",female,16.64,0,0,857626,2.84,F13,S
4186,1,3,"Anderson, Mrs. Grace",female,32.76,0,0,323966,,,S
4187,1,1,"Robinson, Miss. Margaret",female,38.11,1,6,399467,100.81,,S
4188,1,1,"Martin, Mr. William",male,35.12,0,0,532852,103.15,,S
4189,1,1,"Miller, Mrs. Anna",female,27.66,0,0,327598,145.87,,S
4190,1,3,"Davis, Miss. Ellen",female,19.43,0,0,692271,10.95,F130,Q
4191,0,1,"Brown, Mr. John",male,35.87,0,0,172461,,,S
4192,0,3,"Miller, Mr. William",male,34.65,0,0,991554,13.43,,C
4193,0,3,"Wilson, Mr. Thomas",male,31.13,1,0,353029,12.44,,S
4194,0,3,"Martinez, Mr. Charles",male,46.91,0,0,373758,21.49,,S
4195,0,2,"Garcia, Mr. William",male,38.09,1,0,344572,40.82,F130,C
4196,1,3,"Wilson, Mr. Edward",male,30.09,2,1,779483,10.2,,S
4197,0,1,"Garcia, Mr. James",male,34.33,1,0,252445,119.02,,S
4198,0,3,"Thomas, Mr. William",male,12.55,3,1,644904,15.07,G75,S
4199,1,1,"Wilson, Master. George",male,,2,2,702632,97.91,,S
4200,1,1,"Anderson, Mr. Thomas",male,29.6,1,0,779487,94.38,,S
4201,0,1,"Moore, Master. Thomas",male,7.27,0,0,577090,70.01,,S
4202,1,3,"White, Miss. Helen",female,12.9,0,0,651384,0.0,,S
4203,0,1,"Anderson, Mr. William",male,57.23,1,0,510446,148.46,A131,S
4204,1,3,"Thomas, Mr. George",male,,1,0,197305,8.48,,S
4205,0,3,"Williams, Mr. Thomas",male,,1,0,112935,11.43,,S
4206,1,3,"Garcia, Miss. Helen",female,29.78,0,2,314092,11.57,,S
4207,0,1,"White, Mr. John",male,14.56,1,0,741025,51.08,B50,
4208,1,1,"Thomas, Mr. Thomas",male,41.39,1,0,741428,94.09,,S
4209,0,2,"Williams, Mr. Thomas",male,45.33,0,1,638458,19.56,,S
4210,1,1,"Wilson, Miss. Elizabeth",female,36.55,0,5,767977,53.91,,Q
4211,0,3,"Martinez, Miss. Helen",female,3.74,0,1,821102,13.97,,Q
4212,0,2,"Thompson, Dr. Henry",male,,0,0,666593,19.67,,C
4213,0,2,"Smith, Mr. Robert",male,,0,0,528694,29.28,,S
4214,0,1,"Jones, Dr. Thomas",male,,0,0,277978,27.7,,S
4215,0,3,"Anderson, Mr. John",male,7.98,0,0,205257,7.76,,S
4216,1,1,"White, Miss. Margaret",female,66.41,2,0,196797,114.46,,Q
4217,1,3,"Thomas, Mrs. Ellen",female,9.95,0,1,196756,8.84,,Q
4218,1,1,"Miller, Miss. Ellen",female,35.08,1,0,762633,46.06,,S
4219,0,3,"Harris, Mrs. Mary",female,,0,2,712685,9.16,F79,S
4220,0,3,"Wilson, Mr. Henry",male,12.57,1,0,673656,12.34,F145,S
4221,1,1,"Garcia, Miss. Helen",female,32.57,0,0,557620,79.92,,S
4222,0,1,"White, Mr. Henry",male,45.63,0,1,602596,75.18,,S
4223,0,2,"Williams, Mr. Charles",male,45.49,0,0,330123,9.71,,S
4224,1,1,"Wilson, Miss. Ellen",female,33.37,0,0,117043,116.47,,S
4225,0,1,"Martin, Mr. Edward",male,,0,0,849086,139.7,,C
4226,1,3,"Johnson, Miss. Emma",female,,1,0,657413,0.58,,C
4227,1,3,"Thompson, Miss. Alice",female,31.1,1,0,952961,2.9,,C
4228,1,1,"Garcia, Mrs. Margaret",female,40.88,0,1,801044,126.12,E97,S
4229,1,3,"White, Miss. Elizabeth",female,28.31,2,0,446773,,,S
4230,1,2,"Anderson, Rev. James",male,,0,5,517925,0.0,,S
4231,0,3,"Williams, Mr. Thomas",male,,0,1,446875,18.3,F107,S
4232,1,1,"Harris, Miss. Florence",female,35.82,0,1,145902,152.79,,Q
4233,0,3,"Moore, Mr. George",male,37.84,0,1,285961,7.39,,S
4234,1,3,"Harris, Miss. Margaret",female,,0,0,360896,23.27,F130,S
4235,0,1,"Davis, Mr. Edward",male,40.16,1,0,899273,76.52,,S
4236,0,1,"Anderson, Mr. Charles",male,37.92,0,2,256728,97.21,,S
4237,0,2,"Moore, Mr. Henry",male,33.07,3,0,143824,12.81,,S
4238,0,3,"Anderson, Miss. Mary",female,,0,0,656609,19.51,,S
4239,0,3,"Thompson, Miss. Elizabeth",female,34.18,0,0,372100,18.42,,S
4240,0,3,"Johnson, Miss. Elizabeth",female,,0,0,209628,24.21,,S
4241,0,3,"Williams, Mr. James",male,,0,0,446469,22.36,,S
4242,0,3,"White, Mr. Frank",male,35.82,0,6,136856,12.94,,S
4243,0,3,"Davis, Mr. Edward",male,25.23,1,0,500932,33.2,F33,C
4244,0,3,"Smith, Mr. Charles",male,13.36,1,0,836379,21.78,,S
4245,0,3,"Thomas, Mr. Edward",male,29.22,0,0,607662,16.51,,S
4246,0,2,"Miller, Mr. Thomas",male,,0,0,929716,10.03,,S
4247,0,3,"Wilson, Mr. Edward",male,36.53,0,0,994988,3.05,F78,S
4248,1,1,"Brown, Mr. Frank",male,47.98,0,0,859552,23.31,,S
4249,0,1,"Thomas, Mr. Charles",male,36.69,0,1,791177,44.79,,S
4250,0,3,"Miller, Mrs. Florence",female,19.33,0,0,625299,21.95,G82,Q
4251,1,2,"Moore, Mr. Robert",male,30.02,1,0,176658,24.87,,S
4252,0,1,"Anderson, Mr. Robert",male,,5,0,420945,,C109,S
4253,0,1,"White, Miss. Mary",female,43.81,0,0,920588,78.29,A25,C
4254,0,3,"Jones, Mrs. Alice",female,,2,0,172294,11.32,G30,S
4255,0,3,"Williams, Mrs. Elizabeth",female,23.91,1,0,799402,18.2,G108,S
4256,1,1,"Moore, Mr. Charles",male,49.96,0,0,451350,47.09,,S
4257,0,1,"Davis, Mr. Henry",male,29.91,1,0,935761,98.69,,S
4258,1,2,"Anderson, Mrs. Margaret",female,59.75,0,0,265200,23.0,,S
4259,0,3,"Anderson, Dr. William",male,34.16,1,0,484721,7.48,,Q
4260,0,2,"Johnson, Mr. Charles",male,16.47,1,0,827290,35.88,,S
4261,0,3,"Wilson, Miss. Alice",female,27.22,1,0,472909,11.08,,S
4262,0,3,"Anderson, Mr. Robert",male,34.27,1,0,850295,6.55,,Q
4263,1,2,"Taylor, Miss. Florence",female,25.81,1,0,426068,28.53,E74,S
4264,0,3,"Jones, Mrs. Mary",female,7.06,0,1,522718,13.35,F120,S
4265,0,3,"Brown, Mr. Charles",male,12.53,4,0,740451,15.65,,Q
4266,1,3,"White, Mrs. Helen",female,31.51,0,0,376645,5.3,G117,S
4267,1,2,"Martin, Mr. Charles",male,,1,0,828452,28.12,,C
4268,1,3,"Garcia, Miss. Ellen",female,,1,2,729310,,,S
4269,0,3,"Smith, Miss. Anna",female,31.44,0,0,886174,4.79,,S
4270,0,3,"Wilson, Miss. Alice",female,22.33,0,1,664738,15.3,,Q
4271,0,3,"Jones, Mr. Robert",male,16.65,1,1,875102,7.9,,S
4272,0,3,"Smith, Miss. Ellen",female,19.06,2,0,622819,30.48,,C
4273,1,3,"Martin, Mrs. Anna",female,7.35,1,0,514384,21.06,F51,C
4274,0,3,"Moore, Mr. George",male,,0,0,932972,14.83,,S
4275,0,1,"Moore, Mr. Charles",male,,0,1,489810,32.43,,C
4276,0,1,"Thomas, Mr. Thomas",male,31.57,0,0,351810,42.59,,Q
4277,0,2,"Anderson, Miss. Florence",female,,0,2,831014,27.46,,C
4278,0,3,"Miller, Mr. Charles",male,,1,0,397897,4.14,,S
4279,0,2,"White, Mr. George",male,21.54,0,1,123616,6.69,,S
4280,1,3,"Taylor, Miss. Emma",female,1.13,0,0,149091,13.06,G102,S
4281,0,1,"Jones, Miss. Mary",female,,0,0,754621,89.6,C116,S
4282,1,2,"Davis, Miss. Elizabeth",female,30.95,2,0,297770,23.8,,C
4283,0,3,"Martinez, Mr. Robert",male,18.79,0,2,445289,10.14,,Q
4284,0,1,"Martinez, Mr. Charles",male,25.55,0,0,522608,122.65,A3,S
4285,0,3,"Harris, Mr. George",male,25.15,0,0,446298,7.4,,S
4286,0,1,"Smith, Mr. Thomas",male,,0,0,838474,110.32,,Q
4287,0,3,"Taylor, Mrs. Florence",female,26.17,0,0,858049,14.39,G13,S
4288,1,1,"Miller, Mr. John",male,57.66,1,0,270156,109.23,,S
4289,0,3,"Smith, Mr. George",male,33.46,0,1,155334,20.68,,
4290,0,3,"Davis, Mr. Charles",male,23.71,0,0,570747,10.04,,S
4291,1,1,"Robinson, Mr. Frank",male,46.86,0,1,863243,56.23,E122,Q
4292,1,1,"Harris, Mrs. Helen",female,,0,1,378018,13.09,,S
4293,1,1,"Brown, Mrs. Helen",female,38.54,0,5,458657,0.0,,S
4294,0,3,"Garcia, Mr. Thomas",male,40.56,1,0,806932,11.86,G88,C
4295,0,3,"Smith, Mr. James",male,14.22,0,0,487914,12.3,F103,C
4296,0,2,"Robinson, Mr. Edward",male,30.28,0,0,674240,9.14,,Q
4297,0,2,"Smith, Mr. Henry",male,44.28,1,0,895955,11.29,,C
4298,0,3,"Martinez, Miss. Elizabeth",female,28.71,1,0,149384,22.9,F52,S
4299,1,3,"Jones, Mrs. Emma",female,20.57,0,1,146401,18.69,,Q
4300,0,3,"Davis, Mr. John",male,4.53,0,0,246488,4.8,,S
4301,1,3,"White, Miss. Florence",female,0.42,2,0,570693,,,S
4302,0,3,"Miller, Mr. William",male,,0,0,787411,15.64,G101,S
4303,0,3,"Taylor, Mr. Robert",male,,4,1,212100,8.93,,S
4304,0,2,"Johnson, Mr. Frank",male,,1,0,710583,11.91,E57,S
4305,0,1,"Miller, Mr. Charles",male,42.19,0,1,174336,69.79,C3,C
4306,0,1,"Davis, Mr. John",male,26.63,0,0,204633,129.81,,S
4307,1,3,"Anderson, Miss. Helen",female,21.03,4,0,936932,20.68,,S
4308,0,2,"Anderson, Mrs. Florence",female,18.71,0,2,371705,12.65,,Q
4309,0,3,"Harris, Mr. James",male,8.04,0,0,473946,15.99,,C
4310,0,3,"Martin, Mr. Henry",male,0.42,0,0,344804,12.96,,C
4311,0,3,"Brown, Mr. Thomas",male,5.83,0,2,406779,6.45,G117,S
4312,0,3,"Taylor, Mr. William",male,37.26,1,0,524264,11.07,F32,S
4313,1,2,"Miller, Mr. Thomas",male,,0,0,285393,7.36,,S
4314,1,3,"Anderson, Mr. Thomas",male,31.42,0,2,123347,20.56,,C
4315,0,1,"Harris, Mr. Charles",male,,0,0,730389,149.2,,C
4316,1,3,"Smith, Miss. Ellen",female,25.2,0,2,577206,10.33,,S
4317,0,3,"Jones, Miss. Emma",female,21.42,0,1,587486,8.78,,S
4318,1,3,"Williams, Mr. Henry",male,26.6,1,0,249750,,,S
4319,1,3,"Smith, Miss. Anna",female,,0,0,746749,20.9,,S
4320,0,2,"Miller, Mr. Edward",male,44.45,0,0,761031,8.86,,S
4321,1,3,"Robinson, Miss. Elizabeth",female,47.52,3,0,533860,12.04,,S
4322,0,3,"Thomas, Mr. Edward",male,42.4,0,0,593238,12.62,,S
4323,0,3,"Garcia, Mr. Robert",male,0.42,0,1,441742,7.99,,S
4324,1,1,"Williams, Mrs. Emma",female,32.76,0,4,808532,100.21,E63,S
4325,0,1,"Smith, Mr. Henry",male,,0,2,925699,54.6,,S
4326,0,3,"Moore, Mr. George",male,30.56,0,2,666935,9.49,,S
4327,0,1,"Taylor, Mr. Charles",male,17.27,0,0,192468,,E119,S
4328,0,3,"Smith, Mr. John",male,4.08,1,0,918460,3.32,,S
4329,0,3,"Wilson, Mr. Robert",male,40.68,0,0,592732,0.0,,S
4330,0,3,"Thompson, Dr. Thomas",male,18.29,0,0,959360,18.97,,Q
4331,0,1,"Jones, Mr. Edward",male,20.15,1,2,754984,52.91,,S
4332,0,3,"Anderson, Mr. Edward",male,11.76,1,1,660329,26.88,,C
4333,0,1,"Martin, Mr. Henry",male,42.69,0,1,385220,166.82,,S
4334,0,3,"Robinson, Mr. George",male,,8,0,664652,9.71,,S
4335,0,3,"Martinez, Miss. Alice",female,,0,0,304334,28.2,G76,S
4336,1,1,"Smith, Mrs. Margaret",female,,0,0,419845,123.38,E4,S
4337,1,1,"White, Mr. James",male,17.07,0,0,679351,56.9,,S
4338,0,1,"Thompson, Mr. Henry",male,55.09,0,0,940524,0.0,A75,S
4339,0,3,"Jones, Mr. Henry",male,29.78,0,1,585274,17.47,,S
4340,0,3,"Martin, Mr. William",male,,0,0,833265,13.2,,C
4341,1,1,"Martinez, Mr. George",male,31.74,0,0,493639,102.12,E89,S
4342,0,1,"Moore, Mr. George",male,55.58,1,1,324376,74.39,,S
4343,1,3,"Robinson, Mrs. Helen",female,32.1,1,0,184550,5.56,,S
4344,0,2,"Anderson, Mr. Frank",male,43.76,0,0,337334,15.73,,S
4345,0,3,"Harris, Master. John",male,,0,1,202117,17.59,,C
4346,0,3,"Anderson, Dr. Frank",male,25.61,1,2,767636,10.7,,S
4347,0,3,"Brown, Mr. Edward",male,29.83,0,0,192740,10.66,F134,S
4348,0,3,"Smith, Mrs. Mary",female,18.4,0,0,415977,3.12,,S
4349,1,3,"Wilson, Miss. Helen",female,23.85,0,0,891645,13.59,,S
4350,0,3,"Williams, Mr. Charles",male,18.0,0,0,840324,5.77,,Q
4351,1,1,"Brown, Miss. Grace",female,42.79,0,0,850501,122.58,,S
4352,1,1,"Harris, Mr. Thomas",male,22.14,0,0,925017,53.17,,S
4353,0,3,"Wilson, Mr. George",male,31.86,0,0,558796,11.08,G44,S
4354,1,1,"Wilson, Miss. Margaret",female,41.73,0,0,203909,174.89,E106,S
4355,1,3,"Anderson, Miss. Ellen",female,22.56,1,0,299248,11.01,,S
4356,0,3,"Garcia, Dr. Robert",male,30.39,0,0,568752,10.14,,S
4357,1,3,"Davis, Mrs. Alice",female,20.62,0,1,279598,16.81,,S
4358,0,2,"Martin, Mr. William",male,21.96,0,0,899087,2.15,,S
4359,0,3,"Johnson, Master. John",male,31.52,0,0,489316,21.13,,C
4360,0,3,"Wilson, Mr. Henry",male,,1,0,596418,19.46,,S
4361,0,2,"White, Mr. Robert",male,23.91,0,0,202355,25.24,D70,C
4362,0,3,"Thomas, Mr. Edward",male,,0,0,230953,0.0,,S
4363,0,3,"Miller, Mr. Edward",male,22.8,5,1,819072,,,S
4364,0,3,"Jackson, Mr. Frank",male,18.38,0,0,812197,4.73,,Q
4365,0,3,"Williams, Mrs. Anna",female,,0,0,643223,20.31,F5,S
4366,1,1,"Taylor, Master. Charles",male,41.8,0,0,284791,128.21,,S
4367,1,3,"Davis, Miss. Ellen",female,25.18,0,1,516964,15.52,,S
4368,1,3,"Jones, Mrs. Margaret",female,13.81,0,0,545857,5.18,,S
4369,1,1,"Smith, Mrs. Mary",female,46.87,0,0,329930,146.76,,S
4370,0,2,"Davis, Mrs. Emma",female,22.66,0,0,970978,,D147,S
4371,0,2,"Thomas, Miss. Helen",female,22.17,0,1,489307,38.05,,S
4372,0,1,"Martin, Rev. George",male,47.27,0,0,900642,95.15,,S
4373,1,3,"Moore, Miss. Margaret",female,29.65,0,0,569726,16.29,,S
4374,1,1,"Smith, Mrs. Margaret",female,7.96,0,0,648582,64.67,E61,S
4375,0,3,"Taylor, Mr. Robert",male,23.11,0,1,976909,22.15,,C
4376,1,1,"Williams, Mr. George",male,39.51,0,0,241244,109.55,,S
4377,0,3,"Taylor, Mrs. Ellen",female,20.92,0,0,625733,22.38,,S
4378,0,1,"Thompson, Mr. Edward",male,39.92,0,1,447525,91.46,,S
4379,0,3,"Taylor, Mr. Frank",male,3.28,1,0,274228,12.69,,C
4380,1,1,"Garcia, Mr. George",male,4.03,1,0,313392,109.0,A127,S
4381,0,3,"Miller, Mr. Edward",male,13.29,0,0,267665,22.38,G100,C
4382,0,2,"Williams, Mr. George",male,33.39,1,0,708486,30.17,,C
4383,0,2,"Garcia, Mr. Henry",male,,0,0,667771,21.38,,S
4384,0,3,"Martin, Mrs. Florence",female,,0,0,785070,0.93,G122,C
4385,0,3,"Davis, Mr. Robert",male,1.93,0,0,827999,18.27,,S
4386,0,3,"Taylor, Mr. George",male,22.09,0,0,661750,3.65,,S
4387,1,2,"Davis, Miss. Elizabeth",female,,1,0,388133,20.35,,Q
4388,1,1,"Martin, Miss. Florence",female,35.39,0,0,647357,79.14,,C
4389,0,3,"Taylor, Mr. Henry",male,23.71,0,0,650828,3.78,,S
4390,0,3,"Robinson, Mr. Edward",male,,1,0,381696,15.42,,C
4391,0,1,"Martin, Mr. Robert",male,,0,0,896709,174.48,,S
4392,1,3,"Garcia, Mrs. Emma",female,22.42,0,0,507278,10.97,,C
4393,0,3,"Thomas, Mr. John",male,36.12,0,0,536355,17.98,,Q
4394,0,3,"Anderson, Rev. Frank",male,30.66,3,6,984196,28.31,,C
4395,1,2,"Brown, Mrs. Margaret",female,,0,0,513978,28.63,,S
4396,1,2,"Martin, Miss. Helen",female,28.33,1,0,918151,13.55,,S
4397,0,1,"Jones, Mr. Henry",male,33.85,0,0,419216,93.95,,C
4398,0,3,"Thompson, Mrs. Anna",female,36.01,4,1,741562,16.13,,S
4399,1,1,"Johnson, Miss. Helen",female,33.96,8,0,955878,144.22,,Q
4400,1,3,"Johnson, Miss. Helen",female,39.78,1,1,880649,20.89,,S
4401,1,3,"Anderson, Miss. Emma",female,12.43,0,3,258093,0.0,,S
4402,1,3,"Smith, Miss. Ellen",female,42.21,0,0,737230,7.43,,S
4403,1,1,"Johnson, Mr. Charles",male,43.66,1,2,290574,81.06,,S
4404,1,2,"Thompson, Mr. John",male,18.38,0,0,675092,9.85,,S
4405,0,2,"Harris, Mrs. Helen",female,36.11,1,0,771039,0.0,,S
4406,0,3,"Garcia, Mr. George",male,17.2,1,0,781298,8.28,,C
4407,0,3,"Davis, Mr. Henry",male,,0,0,878207,12.98,,S
4408,0,2,"Brown, Mr. Edward",male,24.16,0,1,322342,14.75,,S
4409,0,3,"Brown, Mrs. Emma",female,23.41,0,0,234145,6.52,G53,S
4410,0,1,"Smith, Mr. William",male,,1,0,967679,85.74,,S
4411,0,2,"Garcia, Mr. Charles",male,36.22,0,0,688962,23.43,,S
4412,0,1,"Smith, Mr. Thomas",male,24.5,0,0,490773,64.32,,C
4413,0,3,"Thomas, Mr. Charles",male,12.18,1,0,483631,21.92,,S
4414,1,1,"Garcia, Mrs. Florence",female,41.25,0,0,139669,86.42,,S
4415,1,2,"Thomas, Miss. Helen",female,34.12,0,1,987186,11.28,,S
4416,0,3,"Brown, Mr. John",male,16.91,0,0,268755,5.69,,S
4417,0,3,"Jackson, Mr. Edward",male,,0,0,731457,11.62,G21,S
4418,1,1,"Robinson, Mrs. Mary",female,,0,2,695939,130.76,,S
4419,0,1,"Johnson, Mr. Thomas",male,30.49,1,0,966337,49.41,,S
4420,0,3,"Brown, Mrs. Florence",female,16.33,1,0,698277,16.87,,C
4421,0,2,"Taylor, Mr. John",male,27.27,1,1,933951,20.95,,S
4422,0,1,"Martin, Mr. Edward",male,34.02,3,1,587825,167.72,,S
4423,0,3,"Miller, Master. Henry",male,,0,1,577070,15.54,G3,S
4424,0,2,"Jackson, Mr. Robert",male,,0,0,551895,13.02,F72,S
4425,0,3,"Miller, Mr. James",male,25.42,0,0,936335,17.79,G56,Q
4426,1,2,"Thomas, Mrs. Florence",female,38.13,1,0,670443,27.7,,S
4427,1,1,"Brown, Mr. Frank",male,47.88,0,0,920784,67.33,,S
4428,1,1,"Davis, Mr. John",male,38.7,2,0,749327,35.11,,S
4429,0,2,"Brown, Miss. Florence",female,34.83,0,0,596672,25.36,,S
4430,1,1,"Martinez, Miss. Florence",female,45.13,1,0,281673,86.67,B128,S
4431,0,2,"Jackson, Mr. Henry",male,35.85,0,0,690147,4.83,,S
4432,0,3,"White, Mr. Henry",male,15.65,1,0,285013,14.65,,S
4433,0,3,"Anderson, Dr. John",male,16.87,0,0,762844,8.86,,C
4434,0,2,"White, Mr. Edward",male,26.54,0,0,132590,4.84,,S
4435,0,3,"Moore, Mrs. Florence",female,16.52,1,0,479328,10.71,,S
4436,0,3,"Johnson, Mr. Charles",male,7.32,0,1,643558,21.34,,S
4437,0,3,"Martinez, Mr. John",male,,1,0,428888,20.85,,S
4438,1,2,"Jackson, Mrs. Emma",female,34.16,1,1,435879,29.47,,S
4439,0,2,"Harris, Master. Henry",male,13.93,1,0,149017,22.69,E18,C
4440,0,2,"Brown, Mr. Robert",male,27.11,0,0,942884,25.96,D57,C
4441,0,1,"Davis, Mr. James",male,35.79,0,0,132835,88.14,,S
4442,1,2,"Smith, Mrs. Helen",female,32.18,0,0,401732,8.95,,S
4443,0,3,"Miller, Miss. Ellen",female,12.02,0,0,906157,7.11,,S
4444,1,3,"Garcia, Mr. Frank",male,8.75,0,0,608407,9.05,,S
4445,0,1,"Thompson, Miss. Elizabeth",female,44.24,8,0,539714,142.86,,C
4446,0,2,"Harris, Master. Henry",male,,3,1,411368,30.77,,C
4447,1,2,"Brown, Dr. George",male,27.21,0,0,155126,9.2,,C
4448,0,3,"Robinson, Mr. George",male,21.09,1,0,420599,13.35,F48,S
4449,0,3,"Thompson, Mr. James",male,23.52,0,1,584195,10.38,,Q
4450,0,1,"Davis, Mr. James",male,41.03,0,0,426578,77.49,,Q
4451,0,3,"Harris, Mrs. Florence",female,44.18,0,0,525206,9.52,G15,S
4452,0,3,"Brown, Mr. Henry",male,5.81,1,0,649241,22.14,G125,S
4453,0,3,"Anderson, Miss. Emma",female,,1,0,499458,12.88,,C
4454,0,3,"Harris, Miss. Ellen",female,0.42,0,0,429887,14.41,,S
4455,0,3,"Jones, Mr. George",male,41.72,0,2,877325,14.46,G86,S
4456,0,2,"Brown, Mr. Frank",male,5.49,0,0,233075,9.72,,S
4457,0,1,"Wilson, Mr. Frank",male,67.24,0,0,578048,88.56,C7,S
4458,0,3,"Johnson, Master. William",male,20.32,0,1,248516,19.91,,C
4459,0,1,"Taylor, Mr. James",male,53.48,1,0,223214,145.85,,C
4460,1,3,"Williams, Miss. Grace",female,38.01,2,2,574495,5.54,,Q
4461,1,2,"Taylor, Miss. Mary",female,24.76,0,1,138278,4.81,,S
4462,1,2,"Williams, Mr. Thomas",male,25.68,1,0,490594,20.62,,C
4463,1,2,"Brown, Mr. Henry",male,19.95,0,0,359693,31.09,,S
4464,0,3,"Jones, Master. John",male,34.45,0,0,885634,15.34,,S
4465,1,1,"Thompson, Mrs. Anna",female,32.92,1,0,288218,112.57,,Q
4466,0,1,"Thompson, Mr. Edward",male,28.17,0,0,137809,26.87,C73,C
4467,1,1,"Robinson, Mr. George",male,44.45,0,0,160207,59.98,,S
4468,0,3,"Martinez, Mr. Frank",male,14.23,0,0,338355,0.0,,S
4469,0,3,"Smith, Mr. Robert",male,21.05,1,0,115769,12.07,,S
4470,0,2,"Smith, Mr. Henry",male,31.29,0,2,722837,0.0,,S
4471,0,3,"Moore, Mrs. Florence",female,17.29,0,0,136126,21.66,F41,S
4472,0,2,"Thompson, Mr. George",male,,0,0,715853,35.55,,S
4473,1,3,"Martinez, Mr. Thomas",male,,0,0,317154,13.91,,C
4474,1,1,"Jones, Mr. Edward",male,35.55,0,0,168920,20.47,,S
4475,0,3,"Brown, Mr. Frank",male,20.68,0,0,448811,15.44,,S
4476,1,3,"Anderson, Miss. Grace",female,22.9,1,0,322164,25.08,,S
4477,0,3,"Brown, Master. Thomas",male,30.45,0,0,564176,16.09,,S
4478,1,2,"Anderson, Miss. Grace",female,17.59,0,0,305150,31.85,,S
4479,0,3,"Thompson, Master. Henry",male,,1,0,938746,9.85,,S
4480,1,3,"Jones, Mrs. Anna",female,28.07,1,0,963489,7.34,,S
4481,1,2,"Johnson, Dr. Grace",female,8.54,0,0,411062,19.29,,S
4482,0,3,"Jackson, Rev. Henry",male,46.53,0,2,928770,0.48,,S
4483,1,3,"Davis, Miss. Florence",female,42.53,0,0,976793,27.72,G15,C
4484,1,2,"Johnson, Mr. Frank",male,20.39,0,0,983745,21.4,E44,S
4485,1,3,"Martinez, Mrs. Helen",female,11.53,1,2,387465,18.63,,S
4486,0,2,"Garcia, Mr. George",male,32.74,0,0,231764,15.38,,S
4487,1,3,"Moore, Mr. John",male,7.89,0,0,684986,2.97,,S
4488,1,1,"Jones, Mr. Frank",male,54.37,0,0,725858,143.88,E26,S
4489,1,2,"Wilson, Miss. Margaret",female,24.38,0,0,536458,8.76,,C
4490,1,3,"Thomas, Miss. Florence",female,44.46,0,0,570400,15.27,,S
4491,0,3,"Thompson, Mr. Thomas",male,15.11,1,0,434203,15.88,,S
4492,1,3,"Williams, Mrs. Anna",female,23.65,0,2,776231,13.48,,S
4493,1,3,"Thompson, Miss. Ellen",female,40.21,0,0,848448,7.9,,C
4494,0,1,"Anderson, Mr. George",male,34.12,1,0,290370,77.72,B61,S
4495,0,2,"Harris, Mr. Thomas",male,33.27,0,2,896077,10.5,,S
4496,0,2,"Wilson, Mr. Robert",male,43.11,0,0,126781,28.09,D7,S
4497,0,3,"Thompson, Master. James",male,18.33,0,2,701974,16.72,,C
4498,0,3,"Williams, Master. Frank",male,9.86,0,2,201923,12.86,,S
4499,1,3,"Davis, Miss. Florence",female,,0,2,277744,9.31,F116,Q
4500,0,3,"Taylor, Mr. Edward",male,,0,0,554968,26.7,,C
4501,1,1,"Brown, Mrs. Helen",female,42.67,1,0,328873,29.31,,S
4502,1,2,"Harris, Mr. George",male,42.74,1,1,981620,4.55,F34,S
4503,0,3,"Davis, Mr. Thomas",male,21.71,0,0,761769,12.47,,C
4504,0,2,"Williams, Dr. William",male,,0,0,131517,17.42,F66,S
4505,1,1,"Anderson, Mr. Robert",male,9.77,1,0,383967,130.1,,S
4506,0,2,"White, Mr. Henry",male,64.42,0,0,628555,26.46,,S
4507,0,2,"Anderson, Mr. William",male,36.32,0,1,236688,20.3,,S
4508,1,1,"Jackson, Mr. George",male,39.64,1,3,277785,105.01,,S
4509,1,3,"Thompson, Miss. Helen",female,,0,0,132067,16.13,F105,C
4510,0,2,"Smith, Mr. Robert",male,,2,0,165117,41.04,,S
4511,0,3,"Wilson, Mr. William",male,15.46,0,0,961194,14.65,,S
4512,0,3,"Garcia, Master. James",male,45.92,1,0,661552,8.57,,S
4513,0,3,"Harris, Mr. Robert",male,,0,0,365131,14.29,,S
4514,1,1,"Thomas, Miss. Margaret",female,28.84,0,0,437380,0.0,B34,S
4515,0,1,"Johnson, Mr. James",male,23.28,0,0,574866,82.63,,S
4516,1,2,"Wilson, Mrs. Grace",female,23.81,4,0,768887,,F132,Q
4517,1,2,"Davis, Mrs. Grace",female,26.21,0,0,362344,26.02,,C
4518,0,2,"Martinez, Mr. John",male,54.59,0,0,431791,22.99,D83,S
4519,0,3,"Thompson, Mr. Frank",male,22.74,2,1,546174,17.22,G68,S
4520,0,2,"Thomas, Mr. Charles",male,15.73,0,0,190074,,,S
4521,0,1,"Robinson, Miss. Anna",female,37.3,0,0,283116,,,S
4522,0,2,"Smith, Mr. James",male,33.17,0,0,759464,24.47,,C
4523,1,3,"Garcia, Rev. Frank",male,,1,0,839746,10.95,,C
4524,1,3,"Anderson, Mr. James",male,29.83,0,0,687778,0.0,,Q
4525,0,3,"Williams, Master. Henry",male,39.51,0,1,933268,19.36,,S
4526,0,3,"Garcia, Master. Edward",male,26.66,2,0,912952,16.35,F146,S
4527,0,3,"Garcia, Mr. Edward",male,15.44,0,0,689363,13.99,,S
4528,0,3,"Martin, Mr. Henry",male,18.65,0,0,726878,8.53,F25,S
4529,0,2,"Taylor, Miss. Anna",female,10.09,0,0,399099,29.65,D59,S
4530,0,3,"Williams, Mr. Frank",male,23.39,0,0,111542,11.33,,Q
4531,0,3,"Brown, Master. Robert",male,28.73,0,1,349274,12.78,,C
4532,0,2,"Garcia, Mr. George",male,19.24,0,0,846071,19.44,,C
4533,1,3,"Taylor, Miss. Margaret",female,48.28,0,1,771173,15.92,,S
4534,0,3,"Miller, Mr. John",male,34.51,1,1,597771,5.53,,
4535,1,3,"Martinez, Miss. Emma",female,,0,1,602616,,,S
4536,0,1,"Garcia, Mr. William",male,16.73,0,0,110306,53.72,D17,S
4537,0,3,"Williams, Miss. Anna",female,13.19,0,0,269055,8.54,,S
4538,0,3,"Robinson, Mr. Henry",male,,1,0,822116,18.75,,S
4539,1,1,"Martinez, Mrs. Anna",female,48.69,1,0,932334,42.21,C105,S
4540,0,2,"Moore, Mr. Robert",male,49.48,1,0,793490,28.83,E125,S
4541,1,1,"Thomas, Miss. Mary",female,,4,0,290852,88.26,,Q
4542,1,1,"Wilson, Mrs. Florence",female,35.49,1,0,999681,14.77,,C
4543,0,3,"Miller, Master. Henry",male,10.03,3,0,549172,21.87,G37,S
4544,0,3,"Johnson, Master. Henry",male,29.2,0,3,534443,15.02,,S
4545,0,2,"Smith, Mr. Edward",male,27.65,0,0,474920,23.94,,S
4546,0,2,"White, Mr. Charles",male,27.18,0,0,800890,30.07,,C
4547,1,3,"Smith, Mrs. Grace",female,44.42,0,0,733248,,,S
4548,0,2,"Martinez, Miss. Emma",female,,0,0,741895,22.01,,S
4549,0,3,"Robinson, Mr. Henry",male,40.97,0,0,101359,17.01,,C
4550,0,2,"Thompson, Master. Robert",male,10.94,0,0,545563,23.71,E94,S
4551,1,1,"Thompson, Mrs. Helen",female,70.26,1,0,220878,69.6,,C
4552,0,3,"Johnson, Mr. James",male,20.52,0,0,256517,2.71,,C
4553,0,1,"Miller, Mr. George",male,46.49,0,0,757805,,,C
4554,0,3,"Robinson, Mr. Henry",male,35.4,2,0,499692,21.96,,Q
4555,0,2,"Robinson, Mr. Edward",male,24.03,0,0,921523,25.83,,C
4556,0,3,"Williams, Mr. Edward",male,34.83,0,0,240715,6.06,,S
4557,0,3,"Wilson, Master. William",male,35.45,0,0,955640,20.13,F143,S
4558,0,3,"Anderson, Rev. William",male,16.44,0,1,374164,10.99,,S
4559,1,1,"Jackson, Mr. Thomas",male,29.58,1,0,678298,0.0,,S
4560,0,3,"Davis, Miss. Elizabeth",female,,0,0,885340,19.62,,S
4561,1,3,"Robinson, Miss. Mary",female,23.61,2,5,231302,6.86,G103,S
4562,0,2,"Thompson, Mr. William",male,,0,0,328136,37.81,,S
4563,1,2,"Robinson, Mr. Edward",male,38.43,1,0,371220,31.48,F46,C
4564,0,3,"Williams, Mr. George",male,24.15,0,1,843845,11.52,F34,S
4565,1,1,"Miller, Miss. Mary",female,45.27,0,0,928976,103.29,,S
4566,0,3,"Jackson, Mr. Frank",male,,0,0,129116,28.76,G17,S
4567,0,3,"Thompson, Mr. Edward",male,17.62,0,0,814180,19.5,F116,S
4568,1,1,"Jackson, Miss. Helen",female,41.45,8,1,539660,94.0,,S
4569,0,3,"Jackson, Mr. John",male,38.38,1,0,731093,31.78,F98,S
4570,0,3,"Jackson, Mr. John",male,27.4,0,0,766700,13.76,,C
4571,0,2,"Thomas, Mr. Charles",male,47.5,1,1,696553,25.82,F80,S
4572,1,3,"Thompson, Mrs. Margaret",female,,0,1,878960,6.91,,S
4573,0,1,"Smith, Master. John",male,32.14,2,0,298107,13.66,,S
4574,1,2,"Jones, Miss. Grace",female,28.32,0,0,122638,17.12,,C
4575,0,3,"Martin, Mr. Thomas",male,29.9,0,0,571184,13.25,,S
4576,0,1,"Harris, Mr. John",male,,0,1,816701,97.83,,S
4577,0,3,"Smith, Mr. George",male,,0,0,291862,3.77,,S
4578,1,1,"Anderson, Miss. Alice",female,24.7,2,1,902167,111.75,,S
4579,0,3,"Thomas, Mr. Charles",male,28.79,0,0,211448,7.6,,S
4580,0,1,"Jones, Mr. George",male,46.83,0,2,238146,109.57,,S
4581,1,3,"Wilson, Miss. Alice",female,21.24,1,0,893823,19.08,,S
4582,0,3,"Thompson, Mr. Charles",male,18.53,0,0,147102,10.43,,S
4583,0,3,"Martinez, Master. John",male,24.09,0,1,977475,6.74,,C
4584,1,3,"White, Mrs. Emma",female,34.74,0,0,283829,23.03,G14,S
4585,0,3,"Johnson, Mrs. Florence",female,19.0,0,0,247483,18.67,F37,S
4586,0,3,"Harris, Miss. Mary",female,12.17,1,0,313169,13.99,,S
4587,0,3,"Thompson, Mr. William",male,38.81,0,1,845761,22.54,F11,S
4588,0,3,"Jackson, Mr. Robert",male,29.79,0,0,271266,13.54,,Q
4589,1,3,"Williams, Mrs. Margaret",female,37.09,0,0,658471,8.97,G6,S
4590,0,3,"Brown, Mr. John",male,34.11,0,0,631632,6.49,,
4591,1,2,"Thomas, Miss. Helen",female,56.16,0,1,691742,,E50,S
4592,0,3,"Martinez, Master. George",male,,0,2,327737,18.02,,S
4593,1,3,"Anderson, Miss. Florence",female,16.31,1,0,811485,22.03,,C
4594,0,1,"Robinson, Mr. William",male,43.64,0,0,749165,84.99,D25,C
4595,1,1,"White, Rev. Edward",male,31.31,1,0,681033,134.95,,C
4596,0,3,"Brown, Mr. Henry",male,,0,0,563561,11.61,G4,S
4597,0,2,"Moore, Mr. Charles",male,13.05,2,0,528765,12.18,F2,S
4598,0,1,"Jones, Mr. Charles",male,34.57,0,0,510778,29.13,,S
4599,1,2,"Thomas, Miss. Grace",female,36.54,1,0,886773,14.94,,S
4600,0,2,"Davis, Mr. Frank",male,29.21,0,0,881197,7.31,,S
4601,0,3,"Garcia, Mr. George",male,11.81,0,0,318978,26.06,,S
4602,0,3,"Brown, Mr. Edward",male,6.72,0,1,636200,15.86,G19,S
4603,1,3,"Thomas, Miss. Margaret",female,50.34,2,0,761717,12.38,,C
4604,0,3,"Garcia, Mr. James",male,28.9,1,1,337990,24.19,G141,Q
4605,0,3,"Robinson, Mr. Edward",male,15.11,1,1,265386,4.54,G89,S
4606,1,2,"White, Mrs. Helen",female,35.54,0,0,180446,18.63,,S
4607,0,3,"Robinson, Mr. Charles",male,51.27,0,0,235357,26.0,,S
4608,0,1,"Robinson, Dr. James",male,45.45,0,0,584880,77.95,,S
4609,1,1,"Martinez, Miss. Ellen",female,4.56,0,0,527387,186.77,,S
4610,0,3,"Miller, Mr. Edward",male,56.83,0,0,772625,18.11,,C
4611,1,3,"Wilson, Mrs. Margaret",female,2.81,1,0,828304,21.49,,S
4612,1,2,"Anderson, Miss. Elizabeth",female,27.53,1,0,706761,33.35,,S
4613,0,3,"Jones, Mr. George",male,11.4,0,2,501621,13.01,,S
4614,0,2,"Robinson, Master. James",male,21.12,0,0,824379,15.12,,S
4615,0,2,"Taylor, Master. Charles",male,33.41,0,0,903554,18.85,,C
4616,0,2,"Harris, Mr. Thomas",male,,0,0,800735,10.13,,C
4617,0,1,"Thomas, Mr. Edward",male,,0,1,680561,81.23,C122,S
4618,0,3,"Williams, Mr. Thomas",male,38.77,0,3,567572,12.97,,S
4619,0,2,"Robinson, Mr. William",male,,0,0,363464,36.89,,C
4620,1,3,"Harris, Miss. Mary",female,8.32,0,1,338290,16.86,F85,S
4621,1,1,"Thomas, Mr. Thomas",male,36.33,1,0,920739,183.23,,S
4622,1,3,"Brown, Miss. Grace",female,20.94,0,0,842173,0.0,,S
4623,1,3,"Robinson, Miss. Florence",female,17.86,5,2,884310,5.09,,S
4624,1,3,"Martin, Mrs. Elizabeth",female,10.74,1,0,495725,10.69,,S
4625,1,1,"Moore, Mrs. Emma",female,44.23,0,0,780892,146.68,A137,S
4626,1,3,"Moore, Mrs. Mary",female,32.14,0,0,225119,12.29,G131,S
4627,0,3,"Thompson, Master. Thomas",male,12.21,1,0,910839,3.46,,S
4628,0,2,"Thomas, Mr. Frank",male,18.87,0,0,903728,17.55,,S
4629,0,1,"Brown, Miss. Anna",female,,0,0,654070,33.7,,C
4630,1,2,"Martinez, Miss. Anna",female,18.42,2,0,285010,6.06,F135,C
4631,1,2,"Martinez, Miss. Mary",female,32.14,1,0,809418,39.99,,S
4632,1,2,"Taylor, Miss. Emma",female,,1,0,249921,16.48,,S
4633,0,2,"Johnson, Mr. John",male,29.28,1,0,146591,21.73,,S
4634,0,2,"Harris, Mr. George",male,,0,2,271888,19.07,,C
4635,0,3,"Thompson, Mr. William",male,29.71,1,0,515669,11.37,,S
4636,0,1,"Harris, Mr. George",male,,1,0,287084,48.69,C127,C
4637,0,2,"Johnson, Master. Frank",male,28.2,0,0,714334,16.89,,Q
4638,1,3,"Martinez, Mrs. Elizabeth",female,,0,1,349141,15.19,,S
4639,0,1,"Martin, Mr. Robert",male,,0,0,799844,143.58,,S
4640,0,2,"Martinez, Master. William",male,30.43,1,2,609544,29.47,,S
4641,0,1,"Jackson, Miss. Ellen",female,37.27,1,0,664232,32.8,,S
4642,1,1,"Thomas, Master. Charles",male,62.76,1,0,291590,125.52,D16,S
4643,1,3,"Taylor, Mrs. Elizabeth",female,39.41,0,0,641510,16.09,F64,S
4644,1,1,"Smith, Mr. George",male,48.0,0,0,878278,57.76,,C
4645,1,2,"Martin, Miss. Anna",female,31.57,0,0,603532,21.82,E53,S
4646,0,3,"Martinez, Mr. Edward",male,12.93,2,1,486798,16.72,,S
4647,0,3,"White, Mr. William",male,38.53,0,0,628875,13.31,,S
4648,0,1,"Harris, Mr. Thomas",male,39.73,1,1,525465,104.17,,S
4649,0,2,"Miller, Mr. Frank",male,23.07,0,0,106212,11.37,F1,S
4650,0,2,"Moore, Mr. Frank",male,27.08,0,0,721094,39.93,,S
4651,0,3,"Miller, Miss. Elizabeth",female,13.41,0,0,549406,0.46,,S
4652,1,3,"Garcia, Miss. Anna",female,37.69,1,0,150690,,,S
4653,0,1,"Thompson, Mr. James",male,46.2,0,0,886213,99.4,,S
4654,1,1,"Garcia, Miss. Grace",female,,1,0,383932,111.0,A121,C
4655,1,2,"Martinez, Miss. Ellen",female,29.49,0,2,796245,12.92,D95,S
4656,0,3,"Robinson, Mrs. Elizabeth",female,16.83,0,0,717639,20.6,,C
4657,0,3,"Garcia, Mr. Thomas",male,,0,0,595212,12.3,,S
4658,0,1,"Anderson, Mr. Frank",male,21.04,0,0,444927,34.18,,S
4659,1,3,"Garcia, Mrs. Emma",female,,0,0,895263,5.88,,S
4660,0,1,"Martin, Mr. Thomas",male,,0,0,183450,89.24,,S
4661,0,3,"Thompson, Mr. Thomas",male,28.47,0,0,262977,2.62,,S
4662,1,3,"Martinez, Miss. Florence",female,34.74,0,0,541732,24.7,,C
4663,0,2,"Thomas, Mr. George",male,28.46,0,0,112489,30.49,,S
4664,1,1,"Davis, Mrs. Helen",female,,0,0,295673,160.73,,S
4665,0,3,"Jackson, Master. Robert",male,15.61,0,0,209281,24.19,,S
4666,1,2,"Garcia, Mrs. Margaret",female,28.37,0,0,893586,16.48,,S
4667,0,3,"Taylor, Mrs. Grace",female,24.39,0,0,137456,7.35,,S
4668,1,2,"Jackson, Miss. Anna",female,43.11,0,0,207224,0.0,D58,S
4669,1,3,"Davis, Miss. Alice",female,26.27,0,0,876981,10.36,,S
4670,1,2,"Harris, Mrs. Margaret",female,31.6,0,0,168375,37.66,F45,C
4671,1,1,"Taylor, Master. George",male,,0,0,346351,49.23,,S
4672,0,2,"Anderson, Mrs. Anna",female,19.2,0,2,604022,17.9,F91,S
4673,1,1,"Anderson, Mrs. Ellen",female,51.15,1,1,163135,60.71,,S
4674,1,2,"White, Mr. Edward",male,,1,0,280528,23.75,,S
4675,0,3,"Harris, Mr. James",male,41.12,0,0,929283,21.36,,C
4676,1,1,"Taylor, Mr. William",male,44.0,0,0,873681,19.35,,C
4677,1,1,"Anderson, Mr. James",male,,0,0,683673,27.39,C54,S
4678,1,1,"Jones, Miss. Anna",female,28.02,0,1,260127,146.44,,S
4679,0,1,"Johnson, Mr. Charles",male,60.75,5,0,963514,114.79,,S
4680,0,3,"Martin, Mr. William",male,41.94,0,0,526457,11.31,,C
4681,0,3,"Martin, Mr. George",male,23.57,0,1,446174,24.1,,S
4682,0,1,"White, Mr. Robert",male,39.62,1,1,776566,26.67,,S
4683,1,3,"Moore, Miss. Margaret",female,17.25,2,0,724172,19.05,,S
4684,1,3,"Moore, Mr. Thomas",male,,0,0,145762,12.56,,C
4685,0,3,"Williams, Mr. Henry",male,16.91,1,0,661686,16.94,F104,Q
4686,0,2,"Martinez, Master. James",male,29.06,1,0,999687,0.0,,S
4687,1,2,"Moore, Miss. Helen",female,51.72,1,1,711082,17.39,,S
4688,0,2,"Miller, Miss. Anna",female,28.85,0,0,790425,27.37,E131,S
4689,0,3,"Wilson, Mr. Edward",male,,1,0,707057,12.59,,S
4690,0,3,"Taylor, Mr. Henry",male,8.6,0,0,402337,21.16,,S
4691,0,3,"Wilson, Mr. Frank",male,26.53,0,2,280913,20.94,,S
4692,0,2,"Martin, Mr. Frank",male,20.87,0,0,524055,10.41,,C
4693,1,3,"Moore, Mrs. Grace",female,27.96,0,0,364255,18.36,,Q
4694,1,3,"Brown, Mr. John",male,5.57,0,1,240105,6.55,G142,C
4695,0,2,"Smith, Mr. Edward",male,38.28,0,1,663961,20.54,,S
4696,0,3,"Wilson, Mr. John",male,12.28,0,0,454315,17.26,,S
4697,0,2,"Brown, Mr. James",male,30.56,2,0,724638,11.65,,S
4698,0,3,"Moore, Mr. Frank",male,,0,4,383127,18.12,,S
4699,0,3,"Miller, Mr. Robert",male,45.62,0,0,290978,9.72,,S
4700,0,3,"Robinson, Dr. James",male,27.06,1,0,376722,9.23,,C
4701,0,3,"Thompson, Mr. James",male,48.35,0,0,107101,17.59,,S
4702,1,2,"Martin, Mr. Thomas",male,36.73,1,1,793612,11.64,,S
4703,1,2,"Davis, Miss. Elizabeth",female,47.1,0,2,716961,11.13,,S
4704,0,2,"Jones, Mr. Charles",male,,0,0,821275,30.41,D33,S
4705,0,1,"Miller, Mr. Robert",male,,0,0,705243,88.56,,S
4706,0,2,"Brown, Mr. Thomas",male,44.62,0,0,429479,5.46,D24,S
4707,0,1,"Miller, Mrs. Mary",female,48.86,0,0,895534,119.94,,S
4708,1,2,"Davis, Miss. Florence",female,36.37,0,2,204434,15.93,,S
4709,1,1,"Williams, Mrs. Alice",female,34.06,0,0,668667,25.07,,S
4710,0,2,"Robinson, Mr. Frank",male,28.09,0,0,138999,0.0,,Q
4711,0,3,"Davis, Mrs. Grace",female,38.65,0,0,769876,18.87,,C
4712,0,2,"Davis, Mr. James",male,46.15,0,0,956458,11.4,,S
4713,1,3,"Jones, Mrs. Mary",female,17.89,1,0,655672,4.92,,C
4714,0,3,"Taylor, Dr. Margaret",female,16.07,1,0,192851,17.16,,S
4715,0,3,"Johnson, Mr. Charles",male,14.15,0,0,172671,18.24,,Q
4716,0,1,"Brown, Mr. Henry",male,47.96,1,0,688122,50.94,C129,S
4717,0,2,"Jackson, Dr. Robert",male,,1,0,528217,29.13,E28,S
4718,1,3,"Martin, Mr. Henry",male,,0,0,181397,26.36,F89,S
4719,1,3,"Martin, Mrs. Mary",female,31.55,0,0,652640,21.75,,Q
4720,0,1,"Anderson, Master. James",male,31.46,0,0,814382,,,Q
4721,0,2,"Jackson, Mrs. Emma",female,,1,0,674492,23.14,,S
4722,1,3,"Smith, Miss. Emma",female,7.45,0,1,424598,10.12,,S
4723,0,2,"Jones, Master. James",male,49.91,0,0,987470,19.44,,S
4724,0,3,"Miller, Mr. Thomas",male,,2,0,396425,15.86,F17,C
4725,0,1,"Miller, Mr. James",male,13.12,0,0,995109,31.18,E80,S
4726,1,2,"Johnson, Miss. Grace",female,49.1,0,0,122242,12.31,,S
4727,0,3,"White, Mr. John",male,36.67,0,0,183199,3.72,,S
4728,1,2,"Jackson, Mr. James",male,24.86,1,0,968067,22.35,,S
4729,0,3,"White, Mr. Henry",male,13.42,0,0,218101,13.54,,S
4730,1,2,"Martin, Mrs. Anna",female,11.17,0,0,535736,13.47,,C
4731,0,2,"Wilson, Mr. George",male,58.99,0,0,702494,28.2,,Q
4732,0,3,"Johnson, Mr. Henry",male,13.92,0,0,234629,6.21,G111,S
4733,1,2,"Jackson, Miss. Anna",female,14.84,8,0,250193,13.1,E128,C
4734,0,2,"Martin, Master. Edward",male,33.22,0,0,214499,27.81,,S
4735,0,3,"Brown, Mr. George",male,,0,0,732198,19.04,,S
4736,0,3,"Davis, Mr. Robert",male,13.22,1,0,713243,7.83,,S
4737,0,3,"Thompson, Mr. James",male,36.94,0,5,762930,14.51,,S
4738,1,1,"Moore, Mr. Robert",male,43.57,0,1,286826,51.29,,Q
4739,0,1,"Davis, Master. Charles",male,33.36,4,0,905695,75.71,,S
4740,1,3,"Thomas, Mrs. Margaret",female,25.22,1,2,546067,13.93,,S
4741,0,1,"Anderson, Mr. Edward",male,32.69,0,0,335637,107.54,,S
4742,0,2,"Brown, Master. Charles",male,29.26,0,0,274236,23.18,,S
4743,0,3,"Anderson, Mr. William",male,15.86,0,2,461966,14.78,,S
4744,0,2,"Thomas, Mr. Henry",male,23.04,0,0,445104,9.22,,S
4745,1,1,"Jackson, Miss. Alice",female,,0,0,850770,100.31,E143,C
4746,1,1,"White, Miss. Ellen",female,29.29,0,0,789292,107.14,,S
4747,0,2,"Smith, Mrs. Florence",female,42.53,0,3,682349,26.89,,S
4748,0,3,"Smith, Mrs. Ellen",female,34.24,0,0,124967,8.32,,S
4749,1,3,"Harris, Miss. Grace",female,,3,0,520578,18.95,F55,S
4750,0,1,"Thomas, Mr. Charles",male,,8,0,305614,28.68,,S
4751,1,1,"Smith, Mrs. Helen",female,36.11,1,3,618923,65.91,,S
4752,0,3,"Martinez, Mrs. Anna",female,,0,0,929236,11.21,,C
4753,0,2,"Jones, Dr. George",male,17.67,0,0,906279,7.38,,S
4754,0,3,"Anderson, Mr. Charles",male,,0,0,693030,11.11,G133,C
4755,0,3,"Williams, Mr. Charles",male,26.06,0,0,286870,,,Q
4756,1,3,"Anderson, Mr. John",male,23.7,1,0,895069,1.13,,S
4757,1,2,"Jackson, Miss. Grace",female,24.5,0,0,668153,16.05,F66,S
4758,0,3,"Johnson, Mr. James",male,38.86,0,1,121847,1.64,,S
4759,1,1,"Thomas, Mr. Edward",male,43.45,0,0,130228,169.74,,S
4760,0,3,"Williams, Mr. Thomas",male,35.15,0,0,890102,14.38,,S
4761,1,3,"Taylor, Mrs. Anna",female,32.07,1,1,199560,13.82,F95,S
4762,0,3,"Moore, Mr. Charles",male,35.73,0,0,803200,14.51,,S
4763,0,3,"Wilson, Miss. Florence",female,44.01,0,0,121440,16.93,G106,S
4764,0,3,"Jones, Mr. Thomas",male,40.97,0,0,213276,,,S
4765,0,2,"Miller, Mr. Henry",male,57.9,1,0,108074,4.36,,S
4766,0,2,"Thompson, Mr. Charles",male,44.61,0,0,498313,33.1,D21,C
4767,0,3,"Brown, Mr. Thomas",male,16.97,0,0,828106,21.1,,C
4768,1,3,"Thomas, Mrs. Margaret",female,,1,0,448898,12.57,,C
4769,1,1,"Brown, Dr. Margaret",female,46.53,2,0,392808,79.01,,S
4770,0,3,"White, Mr. George",male,48.04,0,0,877621,0.0,F114,S
4771,0,3,"Johnson, Mr. Edward",male,13.39,1,0,603186,4.91,,S
4772,0,2,"Davis, Miss. Anna",female,36.7,0,3,696485,25.19,,S
4773,1,1,"White, Dr. Emma",female,29.83,1,0,760458,134.43,,S
4774,0,2,"Thompson, Mr. James",male,36.15,0,6,764457,27.29,,C
4775,0,1,"Wilson, Miss. Elizabeth",female,,1,0,244583,80.82,D92,Q
4776,1,1,"Thomas, Mr. Thomas",male,,1,0,922567,164.89,,Q
4777,0,2,"Williams, Mr. Frank",male,13.08,0,0,673274,30.05,,S
4778,0,1,"Moore, Miss. Alice",female,47.52,0,1,381865,67.46,,S
4779,1,2,"Martinez, Miss. Emma",female,32.47,1,2,678488,41.82,,S
4780,1,3,"Johnson, Miss. Alice",female,26.83,0,0,161419,5.87,,C
4781,0,2,"Harris, Mr. John",male,53.4,0,0,855794,5.28,E144,S
4782,0,3,"Anderson, Master. Charles",male,20.41,0,0,491914,10.26,F45,C
4783,0,3,"Johnson, Miss. Ellen",female,,0,0,153226,8.07,,C
4784,0,3,"Wilson, Mr. Robert",male,26.2,1,6,945503,10.63,,S
4785,0,3,"Johnson, Mr. James",male,,0,0,492072,18.19,F113,S
4786,0,3,"Brown, Mr. Edward",male,51.66,1,0,707980,12.78,,C
4787,0,2,"Miller, Mr. Charles",male,,0,0,775021,19.92,,S
4788,0,3,"White, Master. William",male,18.19,0,1,132784,13.38,,S
4789,0,1,"Moore, Mr. Charles",male,60.45,0,0,443654,0.0,,S
4790,1,3,"Martinez, Mrs. Ellen",female,21.31,0,0,985676,3.15,,S
4791,0,3,"Miller, Mr. Robert",male,,0,0,595157,10.5,,Q
4792,1,1,"Moore, Mr. Robert",male,,0,0,585933,48.6,,S
4793,0,2,"Thomas, Mr. George",male,15.04,0,0,971798,17.68,,S
4794,0,3,"Taylor, Mr. Charles",male,,5,3,456479,22.13,F127,Q
4795,0,2,"Garcia, Mr. John",male,25.64,0,0,508370,19.26,D72,S
4796,0,1,"Martin, Mr. George",male,,0,2,545084,28.47,,C
4797,1,1,"Martin, Mr. George",male,52.17,1,0,891370,50.69,,Q
4798,0,3,"Martin, Mr. Frank",male,32.55,0,1,583413,24.12,F117,S
4799,0,3,"Harris, Mr. Charles",male,32.01,0,0,674255,22.96,G108,S
4800,0,3,"Garcia, Mr. Robert",male,14.28,4,1,928199,16.87,,S
4801,1,2,"Harris, Mr. William",male,40.62,0,0,275137,4.38,,S
4802,1,1,"Martin, Mr. Henry",male,54.69,0,1,427274,96.89,A119,S
4803,1,1,"Brown, Miss. Helen",female,42.73,0,0,651715,100.12,A15,S
4804,0,2,"Anderson, Mrs. Margaret",female,35.07,2,0,695622,20.26,E73,S
4805,0,3,"Miller, Mr. Frank",male,9.82,0,2,279575,9.29,F142,C
4806,0,3,"Thompson, Miss. Margaret",female,37.65,1,0,203089,10.64,,S
4807,1,2,"Davis, Miss. Grace",female,51.37,0,0,495011,13.6,,S
4808,0,3,"Martin, Mr. Edward",male,28.88,0,0,481642,5.56,F144,S
4809,0,2,"Thomas, Mr. John",male,,1,0,386377,33.66,,S
4810,0,3,"Brown, Mrs. Mary",female,23.06,8,1,935940,18.74,F83,S
4811,0,3,"Davis, Mr. James",male,19.95,0,1,281077,11.15,G142,S
4812,0,3,"Taylor, Mr. James",male,,0,0,786874,15.29,,Q
4813,0,3,"Robinson, Mr. Charles",male,32.78,1,0,918064,15.53,,C
4814,0,3,"Smith, Mr. John",male,28.35,0,0,936421,28.23,,S
4815,1,2,"Brown, Mrs. Helen",female,42.05,0,0,884217,28.73,,C
4816,0,1,"Martin, Mr. Charles",male,42.45,0,1,215877,119.06,,S
4817,0,2,"Harris, Mr. James",male,19.63,2,0,764640,20.38,,
4818,0,3,"Davis, Mr. James",male,18.99,0,0,519789,10.18,,S
4819,0,3,"Moore, Mr. James",male,18.25,0,0,998857,,,C
4820,1,3,"Martin, Miss. Florence",female,22.76,0,0,572232,17.24,,Q
4821,1,3,"Martin, Mrs. Florence",female,46.54,0,0,257333,7.61,,S
4822,0,2,"Smith, Miss. Margaret",female,,0,0,184766,24.54,,S
4823,0,3,"Smith, Mr. James",male,35.04,0,0,718967,18.44,,S
4824,0,3,"Martinez, Mr. Thomas",male,26.43,0,2,568760,0.0,,S
4825,0,2,"Williams, Mr. Charles",male,13.66,0,0,399919,10.78,,S
4826,0,2,"Miller, Mr. Charles",male,32.64,0,1,441686,23.63,,S
4827,1,1,"Jackson, Miss. Margaret",female,,1,0,797870,3.17,,S
4828,1,2,"Thompson, Mr. James",male,49.57,0,0,108075,2.34,,S
4829,0,3,"Thomas, Mr. Edward",male,5.73,0,0,257884,11.24,G29,C
4830,0,3,"Thomas, Mr. Frank",male,29.61,0,0,198191,16.2,,S
4831,1,3,"Jackson, Mrs. Anna",female,,0,1,577323,16.5,,S
4832,1,2,"Martin, Mr. Robert",male,29.89,1,0,539593,35.82,E46,S
4833,1,3,"Brown, Miss. Florence",female,32.99,0,0,800977,13.53,F84,S
4834,1,3,"Jackson, Miss. Margaret",female,37.26,1,0,197520,10.58,,C
4835,1,2,"Johnson, Miss. Ellen",female,,0,0,537996,6.93,,S
4836,0,3,"Thompson, Mr. Charles",male,34.13,4,0,459388,10.5,,C
4837,0,1,"Davis, Mr. Henry",male,30.05,0,0,789850,113.72,C35,S
4838,0,1,"Wilson, Mr. Robert",male,40.95,0,0,988766,115.61,,C
4839,1,1,"Miller, Mrs. Florence",female,50.03,0,0,279011,95.11,,S
4840,1,1,"Harris, Miss. Margaret",female,41.99,0,0,495733,106.98,,S
4841,0,3,"Brown, Master. Thomas",male,18.65,0,0,568129,21.3,G11,S
4842,0,2,"Johnson, Mr. George",male,26.65,0,0,608657,20.75,D44,C
4843,0,2,"Brown, Mr. Frank",male,42.19,1,0,296918,33.67,,S
4844,1,2,"Wilson, Mr. James",male,16.9,1,1,475666,12.73,,S
4845,0,2,"Brown, Mr. Charles",male,18.67,0,0,754417,19.27,D41,S
4846,0,2,"Williams, Mr. George",male,,0,0,196395,15.19,,C
4847,1,1,"Thompson, Miss. Elizabeth",female,32.73,0,0,764833,117.29,C54,S
4848,0,3,"Martinez, Mr. Edward",male,7.56,1,0,827991,6.41,,S
4849,1,1,"Johnson, Mr. Charles",male,54.21,0,0,966598,70.49,,C
4850,0,3,"Thomas, Mr. George",male,11.8,0,0,760594,0.91,F34,S
4851,0,1,"Taylor, Mr. William",male,35.61,0,0,329277,108.96,,S
4852,1,3,"Thomas, Miss. Helen",female,17.57,0,1,499944,21.1,,C
4853,0,3,"Thompson, Mr. John",male,21.43,0,1,821320,18.92,,S
4854,1,1,"Williams, Mr. George",male,,1,0,271664,118.13,,S
4855,0,1,"Moore, Mr. Henry",male,46.57,1,0,766134,119.25,,S
4856,0,3,"Thomas, Mr. Robert",male,26.33,8,2,757836,17.55,,S
4857,0,2,"Garcia, Mrs. Grace",female,41.8,0,0,167514,26.14,D103,C
4858,0,3,"Smith, Mr. Henry",male,17.69,0,3,396401,17.41,,S
4859,0,1,"Wilson, Mr. Robert",male,63.6,1,0,385976,56.46,,S
4860,0,2,"Williams, Mr. James",male,7.14,0,2,538813,18.0,,S
4861,0,3,"Johnson, Mr. Edward",male,5.98,0,0,769227,13.46,,S
4862,0,3,"Martinez, Mr. Thomas",male,46.04,0,0,329974,10.82,F130,S
4863,0,2,"Anderson, Mr. Robert",male,35.69,0,0,150476,4.34,,S
4864,1,3,"Garcia, Miss. Ellen",female,29.1,0,0,479572,4.97,,Q
4865,0,3,"Moore, Mr. Robert",male,30.18,0,0,944019,14.49,G59,S
4866,0,1,"Thompson, Mr. William",male,44.85,0,0,920468,122.04,,S
4867,0,2,"Anderson, Mr. Henry",male,33.6,0,0,479829,20.09,F98,C
4868,0,2,"Brown, Miss. Margaret",female,18.41,0,2,368832,47.65,F85,S
4869,0,2,"Jones, Mr. Edward",male,,0,2,434312,10.8,E21,S
4870,1,3,"Williams, Miss. Anna",female,32.93,1,2,448926,15.89,,Q
4871,0,2,"Davis, Mr. William",male,,1,4,344455,32.91,,C
4872,1,2,"Harris, Mrs. Ellen",female,51.17,1,1,556852,30.66,F57,S
4873,0,3,"Thomas, Miss. Elizabeth",female,28.97,1,2,584961,17.26,F135,S
4874,1,3,"White, Mr. Edward",male,10.27,0,0,355778,19.96,,S
4875,0,3,"Johnson, Mr. Thomas",male,46.27,0,0,734686,13.36,,S
4876,0,3,"Anderson, Mr. Edward",male,12.78,0,1,971873,,,S
4877,1,2,"Johnson, Mrs. Ellen",female,34.06,0,0,769854,32.83,,S
4878,1,3,"Robinson, Miss. Ellen",female,21.92,1,0,194204,7.46,F133,C
4879,0,2,"Anderson, Mr. John",male,,0,0,489803,23.22,,S
4880,0,2,"Taylor, Master. Frank",male,,2,0,210504,4.53,D17,C
4881,1,1,"Moore, Mr. Charles",male,40.93,0,0,410052,147.92,B60,S
4882,0,3,"Davis, Mr. Frank",male,31.16,0,0,665693,14.46,,S
4883,1,3,"Thomas, Mr. Edward",male,,1,0,944401,21.77,,S
4884,0,2,"Johnson, Mr. Robert",male,27.91,0,0,648152,18.91,E90,S
4885,0,3,"Garcia, Mr. Edward",male,15.77,1,0,306887,0.93,,S
4886,1,3,"White, Mrs. Alice",female,22.61,1,0,356130,30.14,,S
4887,1,1,"Moore, Miss. Helen",female,36.57,1,0,561222,89.51,,C
4888,1,3,"Martin, Miss. Alice",female,47.13,1,0,168481,6.5,,C
4889,1,2,"Garcia, Mr. William",male,26.89,0,0,297256,31.46,,S
4890,1,3,"Davis, Miss. Helen",female,0.42,0,2,218398,26.23,,S
4891,0,2,"Martin, Mr. George",male,,1,0,996129,17.98,E143,C
4892,0,2,"Robinson, Mr. Henry",male,35.39,0,2,299990,19.01,,S
4893,0,2,"Jones, Mr. Edward",male,28.43,0,1,549097,22.38,,S
4894,0,2,"Thompson, Mrs. Grace",female,24.75,0,2,459986,8.89,D5,C
4895,0,3,"Anderson, Mr. Edward",male,13.64,0,1,753735,8.51,F139,S
4896,0,3,"Harris, Miss. Ellen",female,48.26,0,0,604052,24.58,,S
4897,1,2,"Miller, Miss. Anna",female,30.62,3,0,341586,18.68,,S
4898,1,3,"Martin, Mrs. Helen",female,4.15,0,0,657640,7.56,,S
4899,0,3,"Robinson, Mrs. Mary",female,,0,0,844037,10.06,,S
4900,0,3,"Smith, Miss. Alice",female,39.47,0,0,725996,19.97,F77,S
4901,0,3,"Jackson, Mr. Henry",male,26.88,0,0,327729,0.16,,C
4902,0,2,"White, Mr. Edward",male,19.18,0,0,143807,22.55,,S
4903,0,1,"Wilson, Miss. Florence",female,26.11,1,0,741298,187.41,,S
4904,0,3,"Williams, Mr. Frank",male,13.99,0,0,592082,26.2,F96,S
4905,0,3,"Williams, Mr. John",male,43.26,0,0,161934,16.73,,S
4906,1,3,"Brown, Miss. Ellen",female,24.14,0,0,139759,21.56,,S
4907,0,3,"Brown, Mr. Robert",male,4.86,0,0,224042,21.49,,S
4908,1,1,"Robinson, Mrs. Anna",female,42.61,1,1,686355,78.71,,Q
4909,0,3,"Anderson, Master. John",male,26.69,1,0,327947,19.01,,S
4910,1,1,"Moore, Miss. Ellen",female,32.61,1,2,386836,159.12,D128,C
4911,0,1,"Davis, Mr. Charles",male,25.76,1,0,996525,30.92,,S
4912,0,2,"Garcia, Mr. George",male,17.23,0,0,646972,25.77,,S
4913,1,2,"Martinez, Mrs. Margaret",female,43.04,1,0,172452,23.61,,C
4914,0,3,"Jones, Mr. James",male,27.97,0,0,529297,13.67,,S
4915,0,2,"Wilson, Mr. James",male,,1,0,403662,20.15,D142,C
4916,0,3,"Thomas, Mr. James",male,27.94,0,0,833860,14.51,,S
4917,0,3,"Williams, Master. George",male,28.93,0,0,603518,15.05,G21,S
4918,0,3,"Jackson, Mr. John",male,,0,0,187995,20.27,,S
4919,0,3,"Harris, Mr. Charles",male,22.53,0,0,385354,16.1,,S
4920,0,2,"Brown, Mrs. Alice",female,43.98,0,2,580749,18.22,,S
4921,0,2,"Martinez, Mr. George",male,46.98,0,0,387070,11.6,,Q
4922,0,1,"Garcia, Mr. Henry",male,23.33,5,0,380590,64.16,B42,C
4923,0,2,"Jones, Mr. James",male,27.5,0,0,990375,22.61,,C
4924,0,3,"White, Mr. Charles",male,,0,0,111346,8.41,G87,S
4925,0,3,"Wilson, Mr. John",male,47.58,0,1,384990,19.15,,S
4926,0,2,"Williams, Miss. Ellen",female,51.38,0,0,584305,24.3,D140,C
4927,1,1,"Williams, Mrs. Ellen",female,28.45,0,0,794922,132.03,,S
4928,0,3,"Miller, Mr. John",male,40.3,0,0,803918,8.85,F83,S
4929,1,3,"Anderson, Miss. Anna",female,25.7,0,0,303844,7.6,,S
4930,1,2,"Miller, Mr. John",male,42.53,0,0,652440,31.36,,Q
4931,0,3,"Smith, Master. James",male,34.46,0,0,731733,13.84,,C
4932,0,3,"Robinson, Mrs. Anna",female,9.83,0,2,142273,11.68,,S
4933,0,3,"Jones, Mr. John",male,31.6,1,0,603909,17.54,G36,Q
4934,0,2,"Johnson, Mr. John",male,42.07,1,0,682926,26.61,,C
4935,0,3,"Williams, Dr. Anna",female,,0,0,253314,4.84,,S
4936,0,1,"Taylor, Mr. William",male,,0,0,745191,142.16,,S
4937,0,2,"Brown, Mr. Robert",male,11.14,2,0,465093,15.9,,S
4938,0,3,"Taylor, Mr. Charles",male,33.2,0,2,164876,24.05,,
4939,1,3,"Williams, Miss. Grace",female,,0,0,493163,4.33,,S
4940,1,1,"Wilson, Mrs. Margaret",female,26.93,0,0,447151,97.33,,S
4941,0,3,"Thomas, Mrs. Elizabeth",female,21.09,0,2,766596,11.79,G64,S
4942,0,1,"Jackson, Mr. Thomas",male,,1,1,368695,1.04,E63,S
4943,0,3,"Thompson, Mrs. Margaret",female,,1,0,785605,17.28,,S
4944,0,3,"Johnson, Mr. John",male,,0,2,774606,0.49,,C
4945,0,3,"Jones, Mr. Frank",male,4.0,0,0,662868,11.1,,S
4946,0,3,"Taylor, Mr. Robert",male,41.19,1,1,431414,20.18,,C
4947,1,3,"Brown, Miss. Florence",female,,0,0,204995,9.55,,Q
4948,0,3,"Robinson, Mr. Edward",male,11.81,0,0,287156,7.13,,C
4949,0,3,"Miller, Mr. George",male,0.42,0,1,370324,18.2,,S
4950,0,3,"Anderson, Mr. Henry",male,,1,0,577938,,,C
4951,0,2,"Davis, Mr. William",male,36.7,1,2,940793,15.95,F102,C
4952,0,3,"Moore, Mrs. Anna",female,27.53,0,0,783531,21.29,,C
4953,1,2,"Garcia, Miss. Margaret",female,40.36,1,0,889833,8.33,,S
4954,0,3,"Garcia, Mr. Charles",male,35.33,0,0,453203,10.01,,S
4955,0,2,"White, Miss. Emma",female,32.33,0,0,151680,28.66,,S
4956,1,2,"Martin, Mr. Frank",male,26.95,1,0,906855,7.68,,S
4957,0,3,"White, Mrs. Margaret",female,19.99,2,0,944380,24.54,F60,S
4958,0,2,"Johnson, Mr. Thomas",male,35.05,0,0,685719,17.83,,S
4959,0,2,"Thompson, Mr. Robert",male,46.76,0,0,536356,28.75,,C
4960,0,3,"Smith, Mr. Thomas",male,23.77,4,0,204561,18.67,,S
4961,1,1,"Johnson, Mr. James",male,55.72,0,0,803270,77.6,,S
4962,0,1,"Robinson, Dr. Frank",male,42.48,0,0,978663,63.88,A142,S
4963,0,3,"Jackson, Mr. Frank",male,29.57,0,1,538134,12.72,,S
4964,1,2,"Harris, Mrs. Florence",female,58.86,0,0,751162,27.13,E116,S
4965,0,2,"Harris, Rev. Edward",male,,0,0,184260,10.14,,Q
4966,0,1,"Jones, Mr. George",male,58.14,0,0,312410,33.46,,S
4967,0,2,"Davis, Mr. Frank",male,20.43,0,0,660506,34.84,,S
4968,0,2,"Brown, Mr. Henry",male,56.31,0,0,378695,12.65,,S
4969,0,1,"Miller, Mr. John",male,37.01,0,0,191595,98.87,B120,S
4970,1,3,"Williams, Mr. George",male,22.27,0,1,524756,11.69,,S
4971,1,3,"Wilson, Miss. Emma",female,,0,2,750427,11.97,,Q
4972,0,1,"Moore, Mr. William",male,41.92,0,0,119492,144.08,,S
4973,1,2,"Davis, Miss. Elizabeth",female,,1,0,424279,19.15,D24,S
4974,0,3,"White, Master. John",male,29.9,5,0,905432,10.68,,C
4975,0,3,"Martinez, Mr. Robert",male,11.06,0,0,143527,11.25,,S
4976,0,2,"Smith, Master. Frank",male,51.57,1,0,172375,14.97,,S
4977,1,2,"Harris, Mrs. Helen",female,36.62,1,0,929446,13.3,E48,C
4978,1,1,"Wilson, Mrs. Anna",female,65.36,0,0,254091,63.02,,S
4979,0,3,"Garcia, Mr. Charles",male,12.72,1,2,591381,23.81,F22,S
4980,0,3,"Taylor, Mr. Robert",male,43.59,0,0,582436,17.62,,Q
4981,0,3,"Martin, Master. Thomas",male,3.37,0,0,640932,10.76,,S
4982,0,2,"Jackson, Mr. Edward",male,,0,0,817253,29.82,,S
4983,1,2,"Harris, Miss. Anna",female,22.42,0,2,682162,,,S
4984,1,1,"Taylor, Rev. Robert",male,32.62,1,0,944590,141.78,,S
4985,1,2,"Moore, Mr. Henry",male,23.8,1,3,675427,32.95,,S
4986,1,2,"Thompson, Miss. Florence",female,,0,4,203877,42.36,,C
4987,1,3,"Williams, Mrs. Margaret",female,9.88,0,0,638867,19.58,,Q
4988,1,1,"Harris, Mrs. Florence",female,,3,0,113948,102.36,,S
4989,0,3,"Thomas, Mr. William",male,26.39,1,0,443602,21.39,F54,Q
4990,0,1,"Robinson, Mr. Thomas",male,51.96,0,0,729225,57.72,E118,S
4991,0,1,"Jackson, Mr. Henry",male,41.54,0,0,964194,67.39,,S
4992,0,3,"Brown, Mr. John",male,,0,1,343368,12.58,,S
4993,0,3,"Harris, Mr. Frank",male,7.26,0,2,186900,21.9,,S
4994,0,2,"Jones, Mr. Henry",male,24.8,1,0,219005,11.44,,S
4995,0,3,"Harris, Mr. Robert",male,33.53,1,0,464861,6.75,,S
4996,0,2,"Jackson, Mr. Henry",male,34.12,2,0,103848,22.37,,Q
4997,0,1,"Martin, Mr. Charles",male,,0,0,388393,114.14,,S
4998,0,3,"Thompson, Mr. William",male,36.21,3,0,967618,8.43,,C
4999,0,2,"Robinson, Mr. Thomas",male,23.62,3,2,424688,26.7,,S
5000,0,3,"Davis, Mr. Frank",male,15.67,0,0,760435,21.89,,S
