Country,Region,Year,Happiness_Rank,Happiness_Score,GDP_per_Capita,Social_Support,Healthy_Life_Expectancy,Freedom_to_Make_Life_Choices,Generosity,Perceptions_of_Corruption,Population_Millions,Unemployment_Rate
Finland,Southeast Asia,2015,93.0,5.045,10.168,0.87,53.98,0.366,0.121,0.218,1363.27,7.35
Finland,Southeast Asia,2016,104.0,4.689,10.075,0.872,53.36,0.399,0.128,0.218,18.87,23.67
Finland,Southeast Asia,2017,98.0,4.769,10.261,0.891,53.44,0.399,0.137,0.222,255.38,19.37
Finland,Southeast Asia,2018,121.0,,10.049,0.854,53.1,0.36,0.154,0.254,1018.26,9.51
Finland,Southeast Asia,2019,,4.738,10.244,0.876,54.19,0.379,0.131,0.188,414.99,5.8
Finland,Southeast Asia,2020,101.0,4.789,,,53.24,0.393,0.143,0.254,911.61,23.04
Finland,Southeast Asia,2021,102.0,4.694,10.185,0.86,53.08,0.401,0.154,0.186,785.87,10.81
Finland,Southeast Asia,2022,104.0,4.687,10.186,0.849,53.78,0.324,0.124,0.232,788.72,18.0
Finland,Southeast Asia,2023,96.0,4.859,,0.825,53.8,0.369,0.142,0.255,874.21,
Finland,Southeast Asia,2024,99.0,4.728,10.087,0.855,52.83,0.355,0.145,0.224,1269.59,8.26
Denmark,Oceania,2015,131.0,4.192,11.033,0.911,60.65,0.244,0.137,0.322,1360.5,24.14
Denmark,Oceania,2016,,4.11,10.974,0.887,60.71,0.292,0.142,0.28,390.32,22.89
Denmark,Oceania,2017,128.0,4.152,11.02,0.916,60.88,0.27,0.14,0.303,1019.58,10.46
Denmark,Oceania,2018,110.0,4.63,11.048,0.919,60.84,0.332,0.19,0.306,23.52,13.78
Denmark,Oceania,2019,125.0,4.255,11.085,0.889,61.17,0.3,0.148,0.253,159.13,23.27
Denmark,Oceania,2020,128.0,4.282,11.065,0.932,61.24,0.381,0.149,0.273,1256.13,22.71
Denmark,Oceania,2021,127.0,4.183,11.029,0.89,60.54,0.341,0.16,0.305,13.17,4.33
Denmark,Oceania,2022,126.0,4.184,11.089,0.956,61.08,0.276,0.14,0.246,1045.16,
Denmark,Oceania,2023,118.0,4.438,11.004,0.921,60.11,0.281,0.173,0.272,,20.28
Denmark,Oceania,2024,102.0,4.699,11.081,0.915,61.0,0.334,0.156,0.275,248.2,23.63
Iceland,Sub-Saharan Africa,2015,75.0,5.439,9.991,0.969,66.39,0.632,0.358,,356.05,8.79
Iceland,Sub-Saharan Africa,2016,49.0,6.122,10.148,0.984,67.9,0.618,0.4,0.045,,3.88
Iceland,Sub-Saharan Africa,2017,61.0,5.693,10.079,0.925,,,0.414,0.096,350.58,2.89
Iceland,Sub-Saharan Africa,2018,57.0,5.882,10.02,,67.64,0.708,,0.08,979.41,5.18
Iceland,Sub-Saharan Africa,2019,70.0,5.501,9.95,0.946,67.88,,0.377,0.045,131.69,6.21
Iceland,Sub-Saharan Africa,2020,55.0,5.792,10.121,1.0,67.86,0.722,0.381,0.094,222.36,4.76
Iceland,Sub-Saharan Africa,2021,61.0,5.668,10.068,0.963,67.37,0.656,0.412,0.155,67.57,23.83
Iceland,Sub-Saharan Africa,2022,61.0,5.718,10.112,1.0,67.74,0.701,0.421,0.102,1121.39,17.57
Iceland,Sub-Saharan Africa,2023,53.0,5.861,10.16,0.986,68.36,0.706,0.399,0.057,383.76,
Iceland,Sub-Saharan Africa,2024,52.0,5.872,10.129,0.926,68.58,0.637,0.422,0.058,365.19,13.41
Switzerland,Commonwealth of Independent States,2015,16.0,7.078,10.578,0.89,74.45,,0.333,0.192,1056.43,4.37
Switzerland,Commonwealth of Independent States,2016,11.0,7.161,10.617,,74.5,,0.296,0.187,1330.1,23.86
Switzerland,Commonwealth of Independent States,2017,10.0,7.46,10.639,0.913,75.8,,0.317,0.225,1105.53,4.1
Switzerland,Commonwealth of Independent States,2018,17.0,6.961,10.506,0.98,74.26,0.802,0.314,0.246,141.84,3.93
Switzerland,Commonwealth of Independent States,2019,17.0,7.022,10.651,0.953,75.07,0.763,0.288,0.246,117.18,19.87
Switzerland,Commonwealth of Independent States,2020,17.0,6.918,10.536,0.926,73.67,0.776,0.327,0.228,816.84,24.13
Switzerland,Commonwealth of Independent States,2021,21.0,6.765,10.56,0.94,74.22,0.807,0.311,0.207,732.48,16.48
Switzerland,Commonwealth of Independent States,2022,11.0,7.188,10.683,0.981,74.44,0.807,0.273,,263.61,12.67
Switzerland,Commonwealth of Independent States,2023,15.0,7.04,10.593,0.937,75.22,0.807,0.317,0.249,585.71,23.45
Switzerland,Commonwealth of Independent States,2024,15.0,7.027,10.654,0.894,,0.775,0.307,0.213,656.33,
Netherlands,Western Europe,2015,53.0,5.892,11.798,0.824,64.11,0.782,0.273,0.153,1163.97,9.08
Netherlands,Western Europe,2016,59.0,5.749,11.909,,64.06,0.806,,0.265,1372.65,15.99
Netherlands,Western Europe,2017,48.0,6.048,11.933,0.857,64.35,0.711,0.318,0.25,733.19,18.05
Netherlands,Western Europe,2018,55.0,5.906,11.889,0.864,64.78,0.726,0.303,0.269,478.39,14.36
Netherlands,Western Europe,2019,54.0,5.874,11.677,0.898,63.51,0.789,0.26,0.288,721.48,24.38
Netherlands,Western Europe,2020,57.0,5.673,11.808,0.835,64.78,0.765,0.277,,498.58,22.57
Netherlands,Western Europe,2021,,6.165,11.86,0.831,64.91,0.831,0.275,0.221,528.39,2.06
Netherlands,Western Europe,2022,54.0,5.869,11.797,0.874,64.38,0.795,0.263,,87.56,5.4
Netherlands,Western Europe,2023,52.0,5.923,11.766,0.864,64.73,0.737,0.245,0.267,255.44,14.97
Netherlands,Western Europe,2024,65.0,5.616,,0.839,63.13,0.812,0.252,0.335,1031.63,14.83
Norway,East Asia,2015,120.0,,8.16,0.556,60.76,0.51,0.224,0.339,574.73,
Norway,East Asia,2016,,4.462,8.216,0.593,61.66,0.507,0.225,0.386,800.39,
Norway,East Asia,2017,110.0,4.546,8.187,0.516,60.46,0.537,0.228,0.337,404.3,15.37
Norway,East Asia,2018,118.0,4.458,8.22,0.572,,0.524,0.243,0.347,356.72,17.67
Norway,East Asia,2019,94.0,4.812,8.156,0.546,61.92,0.53,0.23,0.346,1313.7,6.17
Norway,East Asia,2020,115.0,4.586,8.318,0.578,,0.524,0.213,0.351,230.22,20.74
Norway,East Asia,2021,96.0,4.84,8.312,0.56,62.16,0.524,0.182,0.334,647.91,
Norway,East Asia,2022,102.0,4.759,8.272,0.564,61.9,0.47,0.228,0.387,163.92,23.62
Norway,East Asia,2023,117.0,4.481,8.206,0.558,61.35,0.604,0.227,,212.6,
Norway,East Asia,2024,104.0,4.628,8.296,0.556,61.97,0.546,0.244,0.349,155.15,21.47
Sweden,East Asia,2015,,5.584,12.515,0.759,42.48,0.798,-0.087,0.367,403.32,16.14
Sweden,East Asia,2016,80.0,5.227,12.419,0.743,,0.838,-0.08,0.36,108.53,
Sweden,East Asia,2017,75.0,5.411,12.475,0.712,42.15,0.788,-0.075,0.348,851.17,
Sweden,East Asia,2018,80.0,5.283,12.507,0.738,42.86,0.795,-0.113,0.332,1285.86,15.5
Sweden,East Asia,2019,84.0,5.101,12.305,0.755,41.23,0.775,-0.108,0.381,1365.77,12.56
Sweden,East Asia,2020,74.0,5.36,12.449,0.684,42.05,,-0.116,0.338,1119.75,10.04
Sweden,East Asia,2021,70.0,5.411,12.392,0.756,41.65,0.752,-0.08,,748.38,13.07
Sweden,East Asia,2022,53.0,5.904,12.588,0.715,42.6,0.805,-0.098,0.395,737.35,20.42
Sweden,East Asia,2023,71.0,5.402,12.545,0.675,42.5,0.802,-0.122,0.328,,22.41
Sweden,East Asia,2024,55.0,5.795,,0.761,42.93,0.793,-0.115,0.361,886.65,18.93
Israel,Sub-Saharan Africa,2015,91.0,5.088,7.593,0.893,78.14,0.766,0.036,0.176,1327.85,
Israel,Sub-Saharan Africa,2016,81.0,5.208,7.523,0.976,78.49,0.852,0.058,0.18,1168.95,24.64
Israel,Sub-Saharan Africa,2017,93.0,4.883,7.357,0.952,77.73,0.853,0.062,0.208,15.69,
Israel,Sub-Saharan Africa,2018,71.0,5.466,7.519,0.951,77.52,0.856,0.079,0.122,66.04,5.82
Israel,Sub-Saharan Africa,2019,86.0,5.033,7.409,0.953,76.25,0.807,0.098,0.166,416.18,15.03
Israel,Sub-Saharan Africa,2020,76.0,5.347,7.595,0.941,78.05,0.786,0.071,0.173,,9.69
Israel,Sub-Saharan Africa,2021,85.0,,7.489,0.926,78.0,0.83,,0.181,1146.8,20.39
Israel,Sub-Saharan Africa,2022,90.0,4.996,7.359,0.97,76.13,0.825,0.092,0.196,1025.2,20.55
Israel,Sub-Saharan Africa,2023,77.0,5.365,,0.955,,0.83,0.087,0.197,47.81,18.04
Israel,Sub-Saharan Africa,2024,86.0,5.111,7.573,0.933,77.02,0.858,0.043,0.208,,3.77
New Zealand,Sub-Saharan Africa,2015,154.0,1.895,11.109,0.636,74.26,0.658,0.23,0.475,98.32,2.22
New Zealand,Sub-Saharan Africa,2016,154.0,2.084,11.022,,73.9,0.626,0.227,0.464,1025.26,2.08
New Zealand,Sub-Saharan Africa,2017,154.0,1.613,10.949,0.656,73.42,0.602,0.244,0.448,174.48,24.0
New Zealand,Sub-Saharan Africa,2018,154.0,1.915,11.058,0.651,73.43,0.657,0.249,0.453,562.39,21.27
New Zealand,Sub-Saharan Africa,2019,154.0,2.182,11.035,,73.64,0.665,0.255,0.459,836.3,14.08
New Zealand,Sub-Saharan Africa,2020,,1.898,10.905,0.648,73.22,0.647,,0.497,,22.58
New Zealand,Sub-Saharan Africa,2021,154.0,2.201,11.145,0.598,73.52,0.632,0.23,0.471,,8.47
New Zealand,Sub-Saharan Africa,2022,154.0,2.058,11.054,0.659,73.63,0.651,,0.46,927.06,14.51
New Zealand,Sub-Saharan Africa,2023,154.0,,11.129,0.676,73.96,0.631,0.221,0.442,334.39,23.39
New Zealand,Sub-Saharan Africa,2024,154.0,2.001,10.984,0.649,73.31,0.649,0.242,,1272.21,2.03
Austria,North America,2015,42.0,6.101,9.506,0.469,,0.493,0.213,0.637,1348.2,9.86
Austria,North America,2016,39.0,6.34,,0.41,73.95,0.456,0.211,0.569,484.43,16.28
Austria,North America,2017,44.0,6.184,9.588,0.402,72.78,0.543,0.18,0.524,229.32,20.28
Austria,North America,2018,47.0,6.148,9.501,0.387,72.28,0.513,0.221,0.587,,16.69
Austria,North America,2019,50.0,5.933,9.464,0.411,72.65,0.497,0.183,0.633,1210.14,12.88
Austria,North America,2020,39.0,,9.578,0.417,73.65,,0.212,0.611,1115.21,13.08
Austria,North America,2021,41.0,6.309,,0.361,73.09,0.466,0.225,0.57,434.71,
Austria,North America,2022,52.0,5.92,9.435,0.427,73.48,0.499,0.189,0.588,339.09,24.69
Austria,North America,2023,48.0,6.114,9.61,0.43,73.12,0.487,0.213,0.528,123.29,10.06
Austria,North America,2024,,6.052,9.579,0.423,72.64,0.504,0.236,0.617,44.51,23.53
Australia,Southeast Asia,2015,141.0,3.55,10.656,1.0,64.56,0.792,0.206,0.31,1014.84,15.65
Australia,Southeast Asia,2016,149.0,,10.587,0.914,64.33,0.859,0.202,0.311,61.41,5.72
Australia,Southeast Asia,2017,141.0,3.613,10.48,0.936,64.48,0.768,,0.276,1176.68,6.01
Australia,Southeast Asia,2018,144.0,3.341,10.542,0.973,64.57,0.835,0.221,0.41,719.74,15.53
Australia,Southeast Asia,2019,,3.45,10.53,1.0,65.09,0.827,,0.278,652.3,21.23
Australia,Southeast Asia,2020,145.0,3.249,10.428,1.0,62.94,0.768,0.235,0.238,97.07,12.05
Australia,Southeast Asia,2021,143.0,3.443,10.508,,65.19,0.789,0.212,0.277,,21.73
Australia,Southeast Asia,2022,141.0,3.569,10.577,0.913,65.26,0.786,,0.312,463.45,12.32
Australia,Southeast Asia,2023,141.0,3.467,10.599,1.0,63.84,0.77,0.176,,747.06,19.98
Australia,Southeast Asia,2024,141.0,3.54,10.677,0.966,65.08,0.794,0.207,0.279,252.26,4.04
Canada,Western Europe,2015,40.0,6.284,8.793,0.522,62.07,1.0,0.365,0.065,42.25,9.08
Canada,Western Europe,2016,47.0,6.142,,0.469,63.33,0.936,0.394,0.025,1173.41,23.73
Canada,Western Europe,2017,38.0,6.414,8.84,0.498,62.84,0.943,0.387,0.066,947.22,6.96
Canada,Western Europe,2018,44.0,6.218,,0.498,63.25,0.934,0.389,0.096,1033.91,
Canada,Western Europe,2019,55.0,5.872,8.77,0.506,62.93,0.96,0.408,0.045,,14.52
Canada,Western Europe,2020,52.0,5.862,8.692,0.536,61.91,0.932,0.357,0.035,102.75,15.88
Canada,Western Europe,2021,35.0,,8.73,0.469,63.43,0.975,0.373,0.052,477.94,10.74
Canada,Western Europe,2022,41.0,6.252,8.975,0.511,63.85,0.959,0.378,0.064,1297.87,3.39
Canada,Western Europe,2023,42.0,6.245,8.783,0.46,62.58,0.912,0.402,0.034,754.96,
Canada,Western Europe,2024,33.0,,8.831,0.441,63.46,0.937,0.363,0.069,735.37,18.31
Ireland,East Asia,2015,,4.665,10.24,0.99,56.58,0.798,0.096,0.362,1077.99,
Ireland,East Asia,2016,108.0,4.539,10.07,0.971,56.57,0.861,0.098,0.323,593.7,5.52
Ireland,East Asia,2017,97.0,4.778,10.135,1.0,55.6,0.814,0.068,,893.25,7.91
Ireland,East Asia,2018,116.0,4.512,10.113,0.938,55.88,0.88,0.105,0.284,1014.41,2.36
Ireland,East Asia,2019,117.0,4.471,10.019,0.901,56.35,0.835,0.092,0.364,834.17,11.23
Ireland,East Asia,2020,125.0,4.323,10.014,,57.07,0.845,0.106,0.345,379.83,
Ireland,East Asia,2021,117.0,4.463,10.144,0.91,56.14,0.826,0.076,0.281,,4.04
Ireland,East Asia,2022,109.0,4.58,10.125,0.93,56.49,0.784,0.05,0.27,168.02,24.41
Ireland,East Asia,2023,116.0,4.513,10.151,0.931,56.41,0.855,0.073,0.349,709.72,5.66
Ireland,East Asia,2024,98.0,4.745,10.12,0.905,,0.832,0.055,0.323,1319.36,22.09
United States,South Asia,2015,35.0,6.46,9.542,0.987,69.87,0.863,-0.009,0.592,113.56,11.27
United States,South Asia,2016,34.0,6.448,9.518,0.995,70.41,0.868,,0.586,848.87,19.59
United States,South Asia,2017,39.0,6.328,9.44,0.986,69.41,0.848,0.005,0.578,1352.16,11.95
United States,South Asia,2018,40.0,6.269,9.449,0.991,69.12,0.871,0.035,0.598,213.09,3.41
United States,South Asia,2019,30.0,6.574,9.491,0.985,69.34,0.844,-0.004,0.567,713.34,24.92
United States,South Asia,2020,28.0,6.642,9.56,0.951,68.56,,-0.023,0.555,515.05,11.52
United States,South Asia,2021,28.0,,9.488,0.918,69.6,0.865,-0.025,0.567,17.27,
United States,South Asia,2022,29.0,6.513,,0.966,70.3,0.849,0.004,0.534,210.32,9.47
United States,South Asia,2023,30.0,6.602,9.416,0.947,70.39,,-0.009,0.593,963.48,12.06
United States,South Asia,2024,34.0,6.51,9.631,0.977,,0.862,0.03,0.609,93.59,13.92
Germany,Latin America and Caribbean,2015,114.0,4.555,9.474,0.43,69.7,0.803,-0.023,0.107,1162.8,3.58
Germany,Latin America and Caribbean,2016,,4.204,9.303,,68.7,0.801,-0.033,,,13.0
Germany,Latin America and Caribbean,2017,108.0,4.566,9.438,0.421,68.78,,-0.068,0.071,863.21,5.6
Germany,Latin America and Caribbean,2018,107.0,,9.456,0.449,68.53,0.788,-0.055,0.079,946.47,13.41
Germany,Latin America and Caribbean,2019,118.0,4.468,9.458,0.412,69.57,0.885,-0.034,0.081,253.08,3.24
Germany,Latin America and Caribbean,2020,92.0,4.967,9.441,0.432,68.97,0.805,-0.041,0.052,1351.19,13.23
Germany,Latin America and Caribbean,2021,108.0,4.613,9.374,0.467,69.18,0.841,-0.019,0.074,1228.03,11.98
Germany,Latin America and Caribbean,2022,114.0,4.507,9.31,0.441,69.47,0.811,-0.035,0.077,920.69,9.15
Germany,Latin America and Caribbean,2023,108.0,4.661,9.429,0.469,69.76,0.842,-0.092,0.105,1176.0,21.15
Germany,Latin America and Caribbean,2024,101.0,4.704,9.469,0.442,69.61,,-0.114,,,19.95
Belgium,South Asia,2015,126.0,4.294,7.523,0.623,76.11,,-0.096,,786.21,14.9
Belgium,South Asia,2016,109.0,4.516,7.504,0.672,75.14,0.792,-0.076,0.371,990.84,20.14
Belgium,South Asia,2017,136.0,3.84,7.315,0.621,73.4,0.748,-0.089,0.35,1030.01,24.96
Belgium,South Asia,2018,128.0,4.262,7.563,0.615,74.54,0.76,-0.075,0.382,537.55,15.15
Belgium,South Asia,2019,133.0,4.023,7.334,0.612,74.02,0.775,-0.136,0.396,1316.97,7.96
Belgium,South Asia,2020,127.0,4.311,7.489,0.66,74.87,0.794,,0.389,113.12,
Belgium,South Asia,2021,137.0,3.729,7.377,0.671,,0.719,-0.09,,919.84,24.0
Belgium,South Asia,2022,131.0,3.94,7.435,0.641,73.94,0.724,-0.104,0.438,1087.46,3.5
Belgium,South Asia,2023,129.0,4.096,7.443,0.614,73.62,0.721,-0.093,0.393,784.37,23.55
Belgium,South Asia,2024,130.0,4.099,7.501,0.62,74.07,0.769,-0.125,0.463,,16.0
Czech Republic,Central and Eastern Europe,2015,94.0,5.042,11.552,0.519,67.8,0.954,0.005,0.239,,6.97
Czech Republic,Central and Eastern Europe,2016,101.0,4.741,11.432,0.482,66.35,0.928,-0.003,0.208,1221.03,14.53
Czech Republic,Central and Eastern Europe,2017,103.0,4.685,11.494,0.424,66.98,0.985,0.021,0.327,132.08,9.9
Czech Republic,Central and Eastern Europe,2018,100.0,4.837,11.47,0.438,67.97,0.871,-0.007,0.268,274.09,6.29
Czech Republic,Central and Eastern Europe,2019,120.0,4.453,11.379,0.429,66.96,,-0.014,0.189,781.08,5.82
Czech Republic,Central and Eastern Europe,2020,111.0,4.613,11.568,0.53,67.17,0.935,0.007,0.296,438.63,20.37
Czech Republic,Central and Eastern Europe,2021,100.0,4.73,11.454,0.422,66.91,0.91,0.037,0.246,961.7,
Czech Republic,Central and Eastern Europe,2022,106.0,4.613,11.409,0.468,,0.946,0.005,0.232,356.27,20.84
Czech Republic,Central and Eastern Europe,2023,99.0,4.78,11.556,0.44,66.93,0.945,0.005,0.298,1035.62,
Czech Republic,Central and Eastern Europe,2024,119.0,4.471,11.548,0.501,66.97,0.95,0.021,0.258,,2.09
United Kingdom,Southeast Asia,2015,61.0,5.779,10.019,0.989,,0.391,-0.055,0.244,326.1,20.57
United Kingdom,Southeast Asia,2016,55.0,5.95,10.024,0.952,54.92,0.308,-0.066,0.207,1123.36,13.02
United Kingdom,Southeast Asia,2017,57.0,5.749,10.081,0.974,55.35,0.362,-0.061,0.242,782.99,16.45
United Kingdom,Southeast Asia,2018,45.0,6.17,10.089,0.987,54.76,,-0.047,0.211,838.45,3.48
United Kingdom,Southeast Asia,2019,,5.479,10.071,0.998,,0.296,-0.044,0.217,802.82,17.15
United Kingdom,Southeast Asia,2020,63.0,,10.113,0.993,54.45,0.348,-0.072,,1274.97,12.68
United Kingdom,Southeast Asia,2021,62.0,5.64,10.029,0.984,54.79,0.366,-0.05,0.273,947.09,5.03
United Kingdom,Southeast Asia,2022,55.0,5.828,10.086,,55.62,0.341,-0.045,0.243,334.63,12.8
United Kingdom,Southeast Asia,2023,79.0,5.315,9.972,1.0,53.88,0.268,-0.042,0.308,1195.83,3.14
United Kingdom,Southeast Asia,2024,53.0,5.86,10.061,0.941,54.31,0.338,-0.072,0.234,389.17,20.78
Lithuania,Western Europe,2015,130.0,4.211,9.791,0.566,70.69,0.646,0.247,,433.33,20.95
Lithuania,Western Europe,2016,110.0,4.492,9.861,0.586,72.24,0.596,0.207,0.569,586.7,19.28
Lithuania,Western Europe,2017,121.0,4.253,9.8,0.644,72.09,0.656,0.216,0.602,1223.22,18.65
Lithuania,Western Europe,2018,122.0,4.368,9.819,0.556,71.51,0.701,0.241,0.537,1020.92,17.0
Lithuania,Western Europe,2019,121.0,4.405,9.898,0.662,,0.592,0.229,0.588,,20.92
Lithuania,Western Europe,2020,129.0,4.281,9.852,0.552,72.62,0.668,0.267,0.566,233.85,11.9
Lithuania,Western Europe,2021,122.0,4.374,9.868,0.609,71.97,0.578,0.275,0.592,435.91,17.57
Lithuania,Western Europe,2022,130.0,3.978,9.854,0.664,71.16,0.619,0.228,0.596,1349.64,10.84
Lithuania,Western Europe,2023,131.0,4.067,9.783,0.553,71.29,0.618,0.256,0.603,1157.44,24.63
Lithuania,Western Europe,2024,127.0,4.23,9.789,0.623,70.86,0.626,0.228,0.643,1167.16,12.13
France,Commonwealth of Independent States,2015,54.0,5.877,10.174,0.471,69.58,,,0.205,420.89,9.49
France,Commonwealth of Independent States,2016,58.0,5.841,,0.52,69.96,0.653,0.272,0.226,495.04,12.54
France,Commonwealth of Independent States,2017,64.0,5.631,10.103,0.565,69.6,0.649,0.243,0.169,688.86,8.96
France,Commonwealth of Independent States,2018,,6.089,10.207,0.564,71.14,0.635,0.266,0.154,1252.27,
France,Commonwealth of Independent States,2019,52.0,5.925,10.31,0.518,70.5,0.63,0.211,,336.76,9.17
France,Commonwealth of Independent States,2020,50.0,5.937,10.195,0.539,70.77,0.669,0.228,0.21,,14.16
France,Commonwealth of Independent States,2021,60.0,5.671,10.115,0.512,69.99,0.644,0.246,0.199,146.43,11.18
France,Commonwealth of Independent States,2022,62.0,5.679,10.132,0.451,70.05,0.686,0.224,0.189,1178.95,7.57
France,Commonwealth of Independent States,2023,62.0,5.544,10.148,0.543,69.65,0.62,0.207,0.157,213.52,8.12
France,Commonwealth of Independent States,2024,59.0,5.7,10.163,0.542,69.6,0.588,0.225,,1007.79,21.94
Slovenia,Commonwealth of Independent States,2015,6.0,7.964,11.16,,54.14,0.763,0.276,,881.49,3.25
Slovenia,Commonwealth of Independent States,2016,,7.597,11.024,0.443,54.03,0.754,0.314,0.517,442.98,4.34
Slovenia,Commonwealth of Independent States,2017,9.0,,,0.429,54.33,0.772,0.315,0.518,528.43,24.17
Slovenia,Commonwealth of Independent States,2018,,,10.951,0.37,54.05,0.807,0.33,0.521,1352.48,19.5
Slovenia,Commonwealth of Independent States,2019,6.0,,11.052,0.425,54.37,0.783,,0.488,1339.53,13.51
Slovenia,Commonwealth of Independent States,2020,8.0,7.529,10.852,0.427,53.41,0.749,0.308,0.479,1151.11,
Slovenia,Commonwealth of Independent States,2021,6.0,8.021,10.995,0.474,,0.784,0.29,0.446,191.5,16.99
Slovenia,Commonwealth of Independent States,2022,7.0,,11.08,0.407,55.22,0.737,0.324,0.482,515.09,3.34
Slovenia,Commonwealth of Independent States,2023,7.0,7.835,10.964,0.465,54.08,,0.291,0.415,743.45,15.69
Slovenia,Commonwealth of Independent States,2024,7.0,7.71,10.965,0.444,54.37,0.729,0.334,0.514,729.96,24.45
Costa Rica,Oceania,2015,49.0,,8.488,0.651,64.2,0.597,0.029,0.313,767.87,22.22
Costa Rica,Oceania,2016,30.0,6.606,8.626,0.664,63.77,0.519,-0.003,,,12.89
Costa Rica,Oceania,2017,40.0,6.315,8.6,0.63,64.23,0.491,0.017,,785.94,19.87
Costa Rica,Oceania,2018,,,8.656,0.637,64.05,,0.009,0.291,229.68,16.78
Costa Rica,Oceania,2019,36.0,6.43,,0.631,65.02,0.572,-0.009,0.313,322.58,3.02
Costa Rica,Oceania,2020,47.0,6.008,8.473,0.667,63.91,0.545,-0.003,0.337,252.68,12.55
Costa Rica,Oceania,2021,36.0,6.515,8.681,0.628,63.99,0.551,-0.009,0.295,548.78,17.16
Costa Rica,Oceania,2022,39.0,6.295,8.468,0.628,64.19,0.558,-0.013,0.245,1287.17,6.05
Costa Rica,Oceania,2023,36.0,6.342,8.505,0.677,64.36,0.529,-0.024,0.321,325.09,12.54
Costa Rica,Oceania,2024,39.0,6.46,8.666,0.64,63.98,,,0.297,64.77,20.59
Romania,East Asia,2015,52.0,5.925,10.276,0.417,58.68,0.62,,0.118,500.16,20.11
Romania,East Asia,2016,48.0,6.139,10.304,0.499,59.06,0.591,0.219,0.069,54.79,2.83
Romania,East Asia,2017,49.0,6.037,10.349,0.411,60.51,,0.284,0.091,494.46,22.56
Romania,East Asia,2018,38.0,,10.38,0.446,58.06,0.625,0.205,0.099,1197.09,6.76
Romania,East Asia,2019,56.0,5.858,10.346,0.495,59.01,0.598,0.25,0.146,916.61,5.49
Romania,East Asia,2020,42.0,6.132,10.443,0.44,,0.633,0.18,0.093,425.73,7.3
Romania,East Asia,2021,49.0,5.979,10.352,0.45,59.77,,0.207,0.141,254.51,10.53
Romania,East Asia,2022,42.0,6.243,10.297,0.439,59.79,0.667,0.239,0.13,817.41,23.9
Romania,East Asia,2023,55.0,5.766,10.371,,59.74,0.614,0.212,0.046,,21.03
Romania,East Asia,2024,46.0,6.142,10.414,0.482,59.52,,0.25,0.102,1129.96,6.49
Singapore,South Asia,2015,43.0,6.077,10.013,0.862,68.76,0.663,0.343,0.312,986.91,20.79
Singapore,South Asia,2016,37.0,6.36,10.05,0.816,69.73,0.678,0.383,0.307,773.92,11.12
Singapore,South Asia,2017,46.0,6.121,10.041,0.824,69.62,0.684,0.387,0.282,800.57,
Singapore,South Asia,2018,43.0,6.239,9.922,0.848,68.61,0.625,0.343,0.356,,11.3
Singapore,South Asia,2019,,6.028,9.947,0.873,68.99,0.649,0.377,0.338,940.17,16.54
Singapore,South Asia,2020,43.0,6.093,9.991,0.844,68.64,0.637,0.38,0.321,94.78,13.93
Singapore,South Asia,2021,46.0,6.153,10.062,0.867,68.24,0.637,0.344,0.303,287.7,13.11
Singapore,South Asia,2022,48.0,6.041,9.996,0.838,68.59,,0.363,0.315,838.78,16.34
Singapore,South Asia,2023,,6.168,10.009,,69.25,0.711,0.351,0.295,836.86,21.92
Singapore,South Asia,2024,40.0,,10.072,0.796,69.92,0.7,0.369,0.322,816.22,7.82
United Arab Emirates,Middle East and North Africa,2015,41.0,6.253,11.216,0.845,,0.632,0.241,0.266,285.87,17.04
United Arab Emirates,Middle East and North Africa,2016,35.0,6.443,11.204,0.857,67.81,0.572,0.297,0.253,536.78,13.35
United Arab Emirates,Middle East and North Africa,2017,36.0,6.427,11.201,0.854,66.83,0.653,0.256,0.189,1119.67,9.67
United Arab Emirates,Middle East and North Africa,2018,39.0,6.292,11.304,0.854,68.52,0.624,0.297,0.195,1097.65,11.65
United Arab Emirates,Middle East and North Africa,2019,32.0,6.552,11.256,0.805,68.42,,0.304,0.216,294.28,
United Arab Emirates,Middle East and North Africa,2020,35.0,6.454,11.242,0.845,67.66,0.649,0.291,0.224,1128.24,2.18
United Arab Emirates,Middle East and North Africa,2021,34.0,6.565,11.347,,68.73,0.616,0.275,0.233,302.72,20.61
United Arab Emirates,Middle East and North Africa,2022,32.0,6.461,11.318,,67.82,0.602,0.25,0.216,730.38,20.27
United Arab Emirates,Middle East and North Africa,2023,34.0,6.508,11.338,0.773,67.95,0.554,0.25,0.207,,11.88
United Arab Emirates,Middle East and North Africa,2024,26.0,6.669,11.338,0.887,68.69,0.635,,0.2,1025.46,22.28
Taiwan,Commonwealth of Independent States,2015,,3.001,8.521,0.512,60.71,0.651,0.162,0.227,600.69,
Taiwan,Commonwealth of Independent States,2016,145.0,3.351,8.613,0.495,61.53,0.63,0.215,0.252,161.82,15.93
Taiwan,Commonwealth of Independent States,2017,150.0,,8.571,0.509,60.36,,0.201,,711.07,11.64
Taiwan,Commonwealth of Independent States,2018,150.0,2.999,8.664,0.562,60.13,0.663,0.229,0.189,1150.0,21.4
Taiwan,Commonwealth of Independent States,2019,151.0,2.751,8.459,0.576,60.24,,0.202,,106.26,10.92
Taiwan,Commonwealth of Independent States,2020,146.0,3.135,,0.535,60.71,0.621,0.2,0.165,,11.97
Taiwan,Commonwealth of Independent States,2021,152.0,2.852,8.453,0.489,60.28,0.619,0.239,0.176,919.52,18.3
Taiwan,Commonwealth of Independent States,2022,145.0,3.262,8.568,0.579,,,0.219,0.204,725.36,5.23
Taiwan,Commonwealth of Independent States,2023,144.0,3.396,8.577,0.549,61.09,0.634,0.211,0.191,1062.27,15.73
Taiwan,Commonwealth of Independent States,2024,147.0,3.231,,0.567,60.89,0.601,0.184,0.213,283.4,
Uruguay,East Asia,2015,29.0,6.691,9.777,0.919,71.07,0.712,0.241,,315.29,14.16
Uruguay,East Asia,2016,21.0,6.839,9.94,0.948,70.12,0.681,0.203,,1101.46,19.79
Uruguay,East Asia,2017,31.0,6.676,9.864,0.916,69.79,0.646,0.161,0.153,1097.35,11.87
Uruguay,East Asia,2018,20.0,,9.787,0.908,71.46,0.643,0.198,0.146,989.66,24.25
Uruguay,East Asia,2019,,7.078,9.81,0.889,70.14,0.654,0.214,0.093,185.96,13.77
Uruguay,East Asia,2020,23.0,6.736,9.816,0.901,70.79,0.703,0.208,0.098,810.5,15.1
Uruguay,East Asia,2021,20.0,6.774,9.909,0.963,69.91,0.647,0.237,0.114,1205.51,12.61
Uruguay,East Asia,2022,38.0,6.305,9.746,0.949,69.48,0.647,0.195,0.129,98.0,14.76
Uruguay,East Asia,2023,20.0,6.827,,0.881,70.36,0.665,0.182,0.143,85.13,17.76
Uruguay,East Asia,2024,32.0,6.535,9.737,0.939,70.65,0.676,0.195,0.13,1167.36,
Saudi Arabia,South Asia,2015,32.0,6.613,11.559,0.632,75.96,0.31,-0.066,0.264,1396.13,2.69
Saudi Arabia,South Asia,2016,24.0,6.78,11.616,0.627,75.4,0.328,-0.088,0.26,99.73,6.85
Saudi Arabia,South Asia,2017,35.0,6.478,11.574,0.604,75.4,0.327,-0.085,0.297,389.93,20.36
Saudi Arabia,South Asia,2018,35.0,6.375,11.528,0.602,74.84,0.295,-0.093,0.288,294.95,
Saudi Arabia,South Asia,2019,33.0,6.505,11.586,0.588,75.75,0.28,-0.091,0.292,,13.63
Saudi Arabia,South Asia,2020,31.0,6.612,11.618,0.56,75.65,0.309,-0.066,0.266,80.05,11.63
Saudi Arabia,South Asia,2021,,6.888,11.776,0.637,76.35,0.345,-0.076,0.225,1176.2,24.76
Saudi Arabia,South Asia,2022,24.0,6.702,11.592,0.571,75.47,0.385,-0.059,0.281,506.16,21.78
Saudi Arabia,South Asia,2023,38.0,6.312,11.608,,74.95,0.325,-0.046,0.332,685.63,
Saudi Arabia,South Asia,2024,31.0,6.552,11.694,0.578,75.78,,-0.096,0.258,306.43,
Spain,North America,2015,60.0,5.787,10.573,0.762,47.74,0.885,0.072,0.611,872.98,15.81
Spain,North America,2016,60.0,5.742,10.492,0.723,46.37,0.769,,0.536,1327.92,23.73
Spain,North America,2017,65.0,5.63,10.468,0.759,47.1,0.837,0.057,0.569,985.81,
Spain,North America,2018,50.0,6.065,10.523,0.807,46.99,0.774,0.039,0.555,1083.04,4.84
Spain,North America,2019,58.0,5.839,,,47.6,,-0.015,0.57,265.04,23.21
Spain,North America,2020,56.0,5.779,,0.803,,0.819,,,1298.32,
Spain,North America,2021,57.0,5.822,10.463,0.721,46.64,0.792,-0.006,0.536,411.5,2.95
Spain,North America,2022,64.0,5.613,10.524,0.713,46.55,0.837,-0.003,0.571,490.77,23.0
Spain,North America,2023,50.0,,,0.76,48.38,0.786,-0.012,0.546,199.41,9.2
Spain,North America,2024,54.0,5.812,10.546,0.704,46.81,0.796,0.014,0.536,478.19,12.32
Italy,North America,2015,,6.742,7.895,0.524,70.14,0.505,-0.017,0.547,413.31,8.87
Italy,North America,2016,31.0,6.507,7.925,0.509,70.3,0.5,-0.051,0.58,680.3,4.69
Italy,North America,2017,29.0,6.684,7.959,0.487,70.5,0.546,-0.075,0.531,63.64,7.01
Italy,North America,2018,28.0,6.604,8.02,0.513,70.54,0.43,-0.026,0.546,138.5,3.74
Italy,North America,2019,35.0,6.489,7.82,0.52,69.71,0.499,-0.025,0.613,1208.89,7.13
Italy,North America,2020,25.0,,7.956,0.554,69.69,0.446,,0.591,,4.66
Italy,North America,2021,32.0,6.58,7.871,0.513,70.16,0.5,,0.572,1254.27,20.26
Italy,North America,2022,31.0,6.466,7.848,0.538,69.54,0.516,-0.049,0.56,,19.52
Italy,North America,2023,29.0,6.606,7.865,,70.53,0.448,,0.58,349.91,17.05
Italy,North America,2024,36.0,6.502,7.819,0.483,70.14,0.493,-0.041,0.562,907.64,
Kosovo,Latin America and Caribbean,2015,13.0,7.287,9.116,0.872,51.03,0.43,-0.055,0.255,58.97,11.64
Kosovo,Latin America and Caribbean,2016,28.0,6.705,9.098,0.941,50.42,0.473,-0.033,0.207,1053.43,14.22
Kosovo,Latin America and Caribbean,2017,15.0,7.089,9.264,0.912,51.3,0.473,-0.052,0.281,603.99,10.72
Kosovo,Latin America and Caribbean,2018,,6.909,9.118,0.887,51.16,,-0.044,0.191,55.27,8.26
Kosovo,Latin America and Caribbean,2019,18.0,7.011,9.152,0.863,51.38,0.497,-0.035,0.241,1096.68,8.12
Kosovo,Latin America and Caribbean,2020,12.0,7.159,9.176,0.867,50.86,,-0.036,0.259,584.25,5.69
Kosovo,Latin America and Caribbean,2021,,6.596,8.952,0.9,50.07,,-0.062,0.277,228.48,7.38
Kosovo,Latin America and Caribbean,2022,10.0,7.204,9.153,0.885,51.38,0.409,-0.021,0.247,,20.11
Kosovo,Latin America and Caribbean,2023,19.0,6.836,9.076,0.837,,0.467,-0.038,0.274,380.31,22.8
Kosovo,Latin America and Caribbean,2024,18.0,6.838,,0.886,49.9,0.479,-0.038,0.224,1144.28,23.4
Mexico,Middle East and North Africa,2015,122.0,4.407,7.02,0.902,58.45,0.283,0.011,0.428,1127.66,
Mexico,Middle East and North Africa,2016,118.0,4.431,7.069,0.882,58.92,0.328,0.037,0.438,271.05,16.75
Mexico,Middle East and North Africa,2017,113.0,4.52,7.125,0.941,58.04,0.311,0.021,0.429,,17.48
Mexico,Middle East and North Africa,2018,,4.536,7.125,0.902,58.71,0.32,-0.002,0.458,1389.62,5.59
Mexico,Middle East and North Africa,2019,,4.677,7.197,0.929,58.16,0.3,-0.021,0.517,598.65,
Mexico,Middle East and North Africa,2020,109.0,4.667,7.215,0.939,59.2,0.363,0.019,0.442,354.46,21.91
Mexico,Middle East and North Africa,2021,115.0,4.496,7.142,0.973,58.8,0.382,-0.029,0.519,386.51,19.68
Mexico,Middle East and North Africa,2022,118.0,4.48,7.181,0.883,57.93,0.376,0.027,0.474,63.28,18.89
Mexico,Middle East and North Africa,2023,128.0,4.22,7.094,0.938,57.88,0.354,0.002,0.454,39.28,
Mexico,Middle East and North Africa,2024,120.0,4.47,7.155,0.896,58.66,0.357,0.038,0.522,700.54,3.6
Malta,Sub-Saharan Africa,2015,145.0,3.249,10.773,0.97,54.9,0.776,0.05,0.313,926.67,16.58
Malta,Sub-Saharan Africa,2016,151.0,3.1,10.741,0.923,54.83,0.785,0.086,0.313,132.46,21.12
Malta,Sub-Saharan Africa,2017,147.0,3.197,10.786,0.944,53.91,0.791,0.061,0.312,356.5,
Malta,Sub-Saharan Africa,2018,,3.551,10.838,0.953,55.14,0.739,0.047,0.274,850.11,10.94
Malta,Sub-Saharan Africa,2019,146.0,,10.799,0.932,54.58,0.807,-0.003,0.377,457.92,9.03
Malta,Sub-Saharan Africa,2020,144.0,3.449,10.738,0.916,55.13,0.775,0.028,0.346,970.88,18.11
Malta,Sub-Saharan Africa,2021,149.0,3.13,10.742,1.0,54.15,0.729,0.056,0.402,1189.99,6.51
Malta,Sub-Saharan Africa,2022,150.0,3.073,10.676,0.984,,0.77,0.029,0.293,892.99,20.86
Malta,Sub-Saharan Africa,2023,147.0,3.269,,0.918,54.95,0.792,0.016,0.387,510.94,16.74
Malta,Sub-Saharan Africa,2024,149.0,3.18,10.789,0.965,55.53,0.786,0.042,0.308,946.03,11.11
Poland,Western Europe,2015,22.0,6.819,7.982,0.662,71.15,0.636,,0.224,,16.12
Poland,Western Europe,2016,13.0,7.099,7.987,,72.25,0.64,0.289,0.214,252.97,8.04
Poland,Western Europe,2017,,6.856,8.007,0.644,71.64,0.63,0.297,0.212,977.57,6.94
Poland,Western Europe,2018,,,8.024,,72.66,0.668,0.273,0.234,241.17,22.21
Poland,Western Europe,2019,10.0,7.175,8.188,0.576,71.02,0.666,0.301,0.125,281.32,9.25
Poland,Western Europe,2020,27.0,6.689,8.039,0.591,70.79,0.609,0.32,0.238,657.49,
Poland,Western Europe,2021,13.0,7.206,,0.611,70.89,0.684,0.289,0.227,163.31,4.92
Poland,Western Europe,2022,,6.837,8.082,0.629,71.43,0.672,0.268,0.217,370.48,13.58
Poland,Western Europe,2023,14.0,7.064,8.054,0.621,71.96,0.646,0.289,0.19,20.36,
Poland,Western Europe,2024,12.0,7.13,,,70.76,0.68,0.304,0.206,342.05,15.75
Slovakia,South Asia,2015,155.0,1.79,12.067,0.634,61.99,0.634,-0.096,0.077,1324.38,21.37
Slovakia,South Asia,2016,155.0,1.566,11.959,0.627,61.42,0.63,-0.09,0.068,1385.31,17.74
Slovakia,South Asia,2017,155.0,1.497,11.8,0.664,61.73,0.62,-0.121,0.078,469.72,6.07
Slovakia,South Asia,2018,155.0,1.735,11.994,0.602,60.6,0.619,-0.073,0.104,948.66,14.58
Slovakia,South Asia,2019,155.0,1.593,11.937,,61.08,0.664,-0.082,0.09,314.75,11.18
Slovakia,South Asia,2020,155.0,1.632,11.963,0.645,61.17,0.665,-0.087,0.14,1165.71,20.5
Slovakia,South Asia,2021,155.0,1.25,11.906,0.668,59.79,0.644,,0.06,186.47,5.65
Slovakia,South Asia,2022,155.0,1.778,11.978,0.624,62.94,0.574,-0.09,0.134,226.29,12.85
Slovakia,South Asia,2023,155.0,2.08,12.127,0.65,61.57,0.627,-0.072,0.099,365.85,17.98
Slovakia,South Asia,2024,155.0,1.947,12.045,,62.59,0.595,-0.07,0.073,839.14,
Brazil,Central and Eastern Europe,2015,144.0,3.272,8.453,0.935,,0.419,-0.055,0.172,170.64,
Brazil,Central and Eastern Europe,2016,,3.367,8.595,0.981,48.9,0.432,-0.073,0.211,253.89,20.19
Brazil,Central and Eastern Europe,2017,149.0,2.992,,0.995,49.06,0.433,-0.039,0.254,810.7,2.34
Brazil,Central and Eastern Europe,2018,143.0,3.383,8.633,0.936,48.92,0.427,-0.072,0.189,780.5,18.26
Brazil,Central and Eastern Europe,2019,140.0,3.578,8.578,0.947,49.23,0.448,-0.083,0.258,80.25,5.17
Brazil,Central and Eastern Europe,2020,150.0,2.984,8.546,0.949,48.66,0.477,-0.085,0.183,1240.84,5.48
Brazil,Central and Eastern Europe,2021,147.0,3.205,8.504,0.959,49.67,0.482,-0.074,0.214,289.45,9.21
Brazil,Central and Eastern Europe,2022,,3.342,8.472,,48.98,0.474,-0.032,0.203,200.68,17.13
Brazil,Central and Eastern Europe,2023,146.0,3.339,8.526,0.948,49.46,0.44,-0.051,0.203,,14.56
Brazil,Central and Eastern Europe,2024,143.0,3.345,8.474,,48.98,0.446,-0.069,0.202,428.67,3.46
Guatemala,Oceania,2015,77.0,5.361,9.899,0.823,69.6,,0.049,0.516,1188.78,10.82
Guatemala,Oceania,2016,68.0,5.537,9.973,0.757,69.5,0.917,0.093,0.496,1160.24,21.08
Guatemala,Oceania,2017,71.0,5.517,10.028,0.812,70.01,0.885,0.085,0.533,157.89,11.38
Guatemala,Oceania,2018,,5.331,9.946,0.756,69.43,0.945,0.042,0.492,15.3,14.52
Guatemala,Oceania,2019,82.0,5.181,9.906,0.756,68.13,0.833,0.075,0.523,711.01,5.18
Guatemala,Oceania,2020,69.0,5.411,9.928,,70.04,0.957,0.049,0.537,908.35,11.64
Guatemala,Oceania,2021,89.0,4.994,9.873,,69.53,0.942,0.023,0.522,1288.99,9.94
Guatemala,Oceania,2022,84.0,,9.889,0.812,69.2,0.919,,0.519,167.06,13.79
Guatemala,Oceania,2023,82.0,5.22,9.868,0.841,69.48,0.912,0.047,0.505,622.02,17.54
Guatemala,Oceania,2024,70.0,5.51,9.959,0.791,69.93,0.914,0.062,0.53,1388.99,21.72
Chile,Oceania,2015,147.0,3.102,9.712,0.912,48.56,0.474,0.385,0.116,1131.07,18.96
Chile,Oceania,2016,142.0,3.484,9.925,,50.09,0.526,0.382,,397.27,9.5
Chile,Oceania,2017,143.0,3.526,9.874,0.882,49.04,0.509,0.37,0.117,1124.23,24.56
Chile,Oceania,2018,140.0,3.549,9.794,0.963,50.11,0.534,0.372,0.076,1161.8,17.06
Chile,Oceania,2019,143.0,3.454,9.873,0.887,49.48,0.532,0.363,0.092,1357.47,18.9
Chile,Oceania,2020,143.0,3.451,9.86,0.896,50.15,0.512,0.425,0.122,669.0,13.0
Chile,Oceania,2021,141.0,3.51,9.795,0.978,50.29,0.518,0.388,0.144,1293.72,20.87
Chile,Oceania,2022,140.0,3.638,9.901,0.935,50.1,,0.346,0.127,596.57,24.26
Chile,Oceania,2023,139.0,3.596,9.849,0.936,50.31,,0.359,0.136,659.99,
Chile,Oceania,2024,151.0,3.102,9.756,0.904,49.01,,0.399,0.124,1015.48,10.29
Panama,Sub-Saharan Africa,2015,123.0,4.382,9.217,0.498,59.46,0.896,-0.077,0.274,,
Panama,Sub-Saharan Africa,2016,120.0,4.373,9.199,0.466,59.35,0.921,-0.092,0.27,1041.54,
Panama,Sub-Saharan Africa,2017,122.0,4.245,9.212,,58.92,0.826,-0.1,0.32,1067.12,20.67
Panama,Sub-Saharan Africa,2018,,4.506,9.208,,59.47,0.934,-0.083,0.329,553.26,3.18
Panama,Sub-Saharan Africa,2019,103.0,4.683,9.235,,58.66,0.932,,0.334,764.11,6.69
Panama,Sub-Saharan Africa,2020,,4.449,9.19,0.443,58.44,0.889,-0.086,0.345,735.21,18.27
Panama,Sub-Saharan Africa,2021,120.0,4.415,9.182,0.48,58.52,0.921,-0.088,0.281,1019.44,15.81
Panama,Sub-Saharan Africa,2022,110.0,4.573,9.311,0.49,58.96,0.93,-0.124,0.306,1142.1,
Panama,Sub-Saharan Africa,2023,123.0,4.283,9.111,0.476,58.94,0.908,-0.088,0.308,231.95,18.25
Panama,Sub-Saharan Africa,2024,117.0,4.485,9.237,0.471,58.02,0.889,-0.102,0.35,933.8,
Nicaragua,Southeast Asia,2015,69.0,5.517,10.008,0.754,63.67,0.479,-0.044,0.404,1357.76,18.74
Nicaragua,Southeast Asia,2016,62.0,5.666,9.84,0.728,,,-0.079,,740.26,
Nicaragua,Southeast Asia,2017,74.0,5.44,9.81,0.732,63.87,,-0.089,0.507,387.67,14.84
Nicaragua,Southeast Asia,2018,60.0,5.705,9.925,0.741,65.12,0.443,-0.074,0.433,471.05,23.17
Nicaragua,Southeast Asia,2019,64.0,5.62,9.896,0.768,65.56,0.48,-0.076,0.401,600.98,3.72
Nicaragua,Southeast Asia,2020,67.0,,9.946,0.717,64.2,0.448,-0.05,0.443,367.59,11.7
Nicaragua,Southeast Asia,2021,65.0,5.578,9.981,0.772,63.72,0.435,-0.079,0.425,139.56,19.63
Nicaragua,Southeast Asia,2022,58.0,5.786,9.859,0.746,,0.533,-0.041,,394.9,9.31
Nicaragua,Southeast Asia,2023,54.0,5.77,9.986,,64.24,0.431,-0.07,0.484,720.78,4.29
Nicaragua,Southeast Asia,2024,60.0,5.685,9.973,0.7,64.83,0.49,-0.069,0.419,1072.96,11.35
Serbia,Sub-Saharan Africa,2015,143.0,3.285,9.609,0.8,55.52,0.812,0.127,,1393.72,12.36
Serbia,Sub-Saharan Africa,2016,141.0,3.601,9.626,,,0.845,0.146,0.401,12.59,10.79
Serbia,Sub-Saharan Africa,2017,144.0,3.511,9.751,0.872,56.72,0.842,0.112,0.459,139.19,11.86
Serbia,Sub-Saharan Africa,2018,142.0,3.484,9.725,0.852,55.76,0.826,0.117,0.375,285.12,23.95
Serbia,Sub-Saharan Africa,2019,,3.433,9.589,0.851,54.85,0.879,,0.427,915.13,8.3
Serbia,Sub-Saharan Africa,2020,135.0,3.837,9.903,0.82,55.9,0.862,0.134,0.396,517.28,17.27
Serbia,Sub-Saharan Africa,2021,142.0,3.494,9.709,0.865,55.08,0.843,0.13,0.372,1307.59,5.01
Serbia,Sub-Saharan Africa,2022,139.0,3.702,9.796,0.807,56.38,0.884,0.139,,750.76,18.5
Serbia,Sub-Saharan Africa,2023,138.0,3.61,9.672,0.825,54.59,0.873,0.16,0.39,42.87,18.72
Serbia,Sub-Saharan Africa,2024,140.0,3.559,9.712,0.815,56.08,0.851,0.087,,861.21,6.04
Argentina,Middle East and North Africa,2015,26.0,6.718,10.675,0.692,58.16,0.438,-0.011,0.218,394.77,6.24
Argentina,Middle East and North Africa,2016,29.0,6.659,10.78,0.661,56.95,0.446,-0.009,0.241,606.15,14.32
Argentina,Middle East and North Africa,2017,41.0,,10.631,0.636,,0.465,,0.2,395.79,8.42
Argentina,Middle East and North Africa,2018,24.0,6.649,10.713,0.597,56.91,0.414,,0.217,1353.19,23.73
Argentina,Middle East and North Africa,2019,27.0,6.629,10.722,,58.47,0.433,-0.01,0.179,746.79,11.33
Argentina,Middle East and North Africa,2020,20.0,6.812,10.615,0.699,58.24,0.46,-0.011,0.233,855.99,10.53
Argentina,Middle East and North Africa,2021,26.0,6.654,10.578,0.648,57.84,0.437,0.012,0.231,807.21,9.87
Argentina,Middle East and North Africa,2022,,6.677,,0.637,57.21,0.514,-0.007,0.231,799.81,21.86
Argentina,Middle East and North Africa,2023,,6.618,10.705,0.714,56.95,0.491,-0.019,0.206,552.45,21.94
Argentina,Middle East and North Africa,2024,22.0,6.78,10.715,0.698,57.68,0.388,-0.039,0.261,1031.14,3.19
El Salvador,Middle East and North Africa,2015,82.0,5.24,,0.846,62.96,0.806,0.156,0.451,1140.77,
El Salvador,Middle East and North Africa,2016,92.0,4.95,9.743,0.826,63.59,0.806,0.146,0.381,1228.81,4.06
El Salvador,Middle East and North Africa,2017,95.0,4.824,9.802,0.872,63.9,0.807,0.156,0.396,622.32,8.98
El Salvador,Middle East and North Africa,2018,88.0,5.11,9.906,0.834,63.17,0.813,0.154,0.386,889.99,24.84
El Salvador,Middle East and North Africa,2019,91.0,4.877,9.797,0.855,63.38,0.774,0.158,0.41,1377.47,22.92
El Salvador,Middle East and North Africa,2020,87.0,5.106,9.759,0.776,64.67,0.767,0.122,0.406,1011.19,6.01
El Salvador,Middle East and North Africa,2021,91.0,4.967,9.734,0.835,63.14,0.752,0.152,0.389,624.8,14.74
El Salvador,Middle East and North Africa,2022,88.0,5.028,9.707,0.833,63.29,0.762,0.18,0.41,614.28,2.89
El Salvador,Middle East and North Africa,2023,78.0,5.324,9.827,0.873,63.61,0.828,0.15,0.346,371.38,
El Salvador,Middle East and North Africa,2024,89.0,5.064,9.747,0.941,62.95,0.77,0.179,0.399,180.98,19.07
Vietnam,Oceania,2015,31.0,6.638,10.745,0.546,52.66,0.597,0.345,0.086,,20.15
Vietnam,Oceania,2016,,6.863,10.746,0.49,51.56,0.571,0.35,0.155,755.01,
Vietnam,Oceania,2017,28.0,6.699,10.661,0.544,51.75,0.599,0.347,0.158,,23.78
Vietnam,Oceania,2018,42.0,6.247,,0.548,51.23,0.605,0.366,0.155,429.91,3.31
Vietnam,Oceania,2019,29.0,6.576,10.774,,51.86,0.589,0.35,0.175,801.99,5.16
Vietnam,Oceania,2020,32.0,6.53,10.783,0.514,50.27,0.565,,0.125,,13.82
Vietnam,Oceania,2021,19.0,6.878,,0.557,51.96,0.613,0.363,0.135,265.46,
Vietnam,Oceania,2022,28.0,6.541,10.693,0.5,50.8,0.583,0.348,0.138,364.79,21.28
Vietnam,Oceania,2023,,6.764,10.755,0.552,51.71,0.556,0.371,0.1,867.76,3.78
Vietnam,Oceania,2024,45.0,6.2,10.647,0.483,,0.568,0.354,0.107,1132.93,17.48
Estonia,Middle East and North Africa,2015,103.0,4.704,10.432,0.783,63.77,0.334,,0.168,205.52,16.86
Estonia,Middle East and North Africa,2016,100.0,4.742,10.385,0.81,65.43,,0.211,0.076,1377.73,8.72
Estonia,Middle East and North Africa,2017,112.0,4.525,10.287,0.737,64.44,0.315,0.197,0.162,236.5,24.27
Estonia,Middle East and North Africa,2018,96.0,4.906,10.416,0.749,65.2,0.304,0.171,,1113.87,5.25
Estonia,Middle East and North Africa,2019,102.0,4.698,10.322,0.77,64.86,0.337,0.231,0.177,880.34,8.12
Estonia,Middle East and North Africa,2020,92.0,4.967,10.432,0.789,65.41,0.337,0.172,0.164,150.11,19.96
Estonia,Middle East and North Africa,2021,104.0,4.683,10.417,0.753,65.38,0.267,0.178,0.153,354.2,3.55
Estonia,Middle East and North Africa,2022,94.0,4.929,10.423,0.826,65.19,0.348,0.171,0.139,877.57,5.36
Estonia,Middle East and North Africa,2023,102.0,,10.427,0.752,65.37,0.295,0.194,0.165,1399.09,6.86
Estonia,Middle East and North Africa,2024,95.0,4.8,10.321,0.828,64.43,0.304,0.184,0.166,,4.03
Latvia,Commonwealth of Independent States,2015,108.0,4.61,7.81,0.73,48.23,0.729,0.338,0.125,,24.63
Latvia,Commonwealth of Independent States,2016,99.0,4.764,7.752,0.709,48.05,0.782,0.355,0.116,,9.93
Latvia,Commonwealth of Independent States,2017,100.0,4.747,7.817,0.735,48.94,0.755,0.361,0.095,40.61,16.81
Latvia,Commonwealth of Independent States,2018,120.0,4.409,7.679,0.694,48.84,0.769,0.372,0.163,480.93,
Latvia,Commonwealth of Independent States,2019,101.0,4.704,7.714,0.768,47.9,0.764,0.37,,203.98,22.19
Latvia,Commonwealth of Independent States,2020,,4.425,7.656,0.649,48.23,0.739,0.383,0.144,41.13,14.45
Latvia,Commonwealth of Independent States,2021,106.0,4.632,7.756,0.766,48.01,0.756,0.367,0.114,1266.26,2.02
Latvia,Commonwealth of Independent States,2022,91.0,4.945,7.783,0.715,48.63,0.737,0.35,0.164,,23.5
Latvia,Commonwealth of Independent States,2023,98.0,4.784,7.724,0.704,48.71,0.784,,0.098,71.41,12.77
Latvia,Commonwealth of Independent States,2024,109.0,4.584,7.714,0.738,49.12,0.787,0.318,0.106,1347.11,24.18
South Korea,Central and Eastern Europe,2015,25.0,6.738,10.446,0.784,69.59,0.332,0.033,0.148,,17.65
South Korea,Central and Eastern Europe,2016,36.0,6.394,10.336,0.817,69.26,0.337,0.068,0.142,516.4,19.7
South Korea,Central and Eastern Europe,2017,,6.715,10.484,0.8,70.47,0.348,0.097,0.201,281.52,20.52
South Korea,Central and Eastern Europe,2018,25.0,6.646,10.441,0.808,69.47,0.407,0.085,0.188,1305.19,17.32
South Korea,Central and Eastern Europe,2019,,6.366,10.472,0.78,69.81,0.352,0.105,0.184,209.39,
South Korea,Central and Eastern Europe,2020,18.0,,10.444,0.772,70.55,0.352,0.077,0.192,,20.48
South Korea,Central and Eastern Europe,2021,43.0,6.203,10.355,0.787,69.89,0.411,0.106,0.182,1194.64,21.69
South Korea,Central and Eastern Europe,2022,27.0,,,0.816,,0.359,0.049,0.222,327.4,16.7
South Korea,Central and Eastern Europe,2023,31.0,6.6,10.303,0.812,70.23,0.345,0.045,0.201,1062.49,4.43
South Korea,Central and Eastern Europe,2024,28.0,6.621,10.342,,70.01,0.353,,0.219,690.33,12.85
Bahrain,Southeast Asia,2015,80.0,5.308,9.016,0.734,61.73,0.689,0.356,0.464,626.46,6.84
Bahrain,Southeast Asia,2016,,5.121,8.978,0.726,62.45,0.646,0.343,0.421,258.45,13.44
Bahrain,Southeast Asia,2017,86.0,5.024,9.022,0.715,,0.634,0.387,0.42,1323.45,23.09
Bahrain,Southeast Asia,2018,90.0,5.052,8.948,0.761,61.62,0.669,0.341,0.44,394.73,8.15
Bahrain,Southeast Asia,2019,97.0,4.748,8.975,0.749,61.18,,0.306,,53.56,
Bahrain,Southeast Asia,2020,102.0,,8.891,0.706,61.34,0.685,0.398,0.47,161.48,15.53
Bahrain,Southeast Asia,2021,92.0,4.873,8.91,0.74,61.88,0.637,0.395,0.478,,21.54
Bahrain,Southeast Asia,2022,96.0,4.901,8.892,0.718,61.36,0.653,0.378,0.426,707.64,17.64
Bahrain,Southeast Asia,2023,88.0,4.993,9.038,0.732,61.2,0.675,0.406,,423.88,12.58
Bahrain,Southeast Asia,2024,100.0,4.708,8.838,0.756,61.49,0.736,0.347,0.449,545.51,7.54
Uzbekistan,South Asia,2015,110.0,,9.033,0.475,71.61,,0.36,0.453,910.46,4.08
Uzbekistan,South Asia,2016,126.0,4.305,8.911,0.487,70.57,,0.349,,1124.5,5.53
Uzbekistan,South Asia,2017,125.0,4.195,8.9,0.499,70.53,0.782,0.381,0.406,879.6,4.79
Uzbekistan,South Asia,2018,115.0,4.524,8.897,0.491,71.3,0.796,0.346,,911.12,21.94
Uzbekistan,South Asia,2019,,4.592,9.003,0.513,71.66,0.775,0.376,0.45,120.86,12.67
Uzbekistan,South Asia,2020,118.0,4.514,8.992,0.486,71.09,0.873,,0.46,301.88,4.77
Uzbekistan,South Asia,2021,116.0,4.484,,0.499,71.09,,0.357,0.389,1299.74,3.51
Uzbekistan,South Asia,2022,98.0,4.845,9.12,0.45,71.73,0.839,0.361,0.445,,19.53
Uzbekistan,South Asia,2023,,4.272,9.016,0.519,70.91,0.823,0.367,0.397,545.39,
Uzbekistan,South Asia,2024,116.0,4.489,8.976,0.478,71.32,0.815,0.361,0.462,619.88,13.16
Kazakhstan,Western Europe,2015,100.0,4.757,,0.664,54.01,0.268,0.07,0.373,959.1,18.28
Kazakhstan,Western Europe,2016,119.0,,9.674,0.641,52.54,0.342,0.097,0.392,332.71,24.52
Kazakhstan,Western Europe,2017,124.0,4.215,9.674,0.697,,0.279,0.088,0.387,930.85,4.42
Kazakhstan,Western Europe,2018,101.0,4.816,9.857,0.716,53.57,0.34,0.06,0.408,1399.07,6.03
Kazakhstan,Western Europe,2019,110.0,4.611,9.799,0.7,53.14,0.325,0.091,0.369,1268.45,14.46
Kazakhstan,Western Europe,2020,124.0,4.373,9.747,0.738,52.58,0.309,0.086,0.403,270.01,15.95
Kazakhstan,Western Europe,2021,99.0,4.749,9.826,0.751,53.96,0.35,0.088,0.396,711.85,24.81
Kazakhstan,Western Europe,2022,112.0,4.564,9.91,0.675,53.98,0.35,0.078,0.347,786.15,21.53
Kazakhstan,Western Europe,2023,112.0,4.616,9.906,0.639,,0.349,0.084,0.39,731.94,
Kazakhstan,Western Europe,2024,128.0,4.182,9.668,0.722,52.56,,0.074,0.358,,19.82
Japan,Southeast Asia,2015,71.0,5.494,11.349,0.999,57.49,,0.139,0.146,773.92,4.64
Japan,Southeast Asia,2016,61.0,5.671,11.442,1.0,59.06,0.47,0.128,0.139,1177.58,24.93
Japan,Southeast Asia,2017,83.0,5.152,11.362,0.951,58.1,0.467,0.111,0.163,1328.32,
Japan,Southeast Asia,2018,84.0,5.196,11.382,1.0,57.37,0.478,0.12,0.148,724.13,4.69
Japan,Southeast Asia,2019,79.0,5.364,11.442,0.979,58.79,0.469,0.09,0.132,594.29,18.44
Japan,Southeast Asia,2020,74.0,5.36,11.493,0.952,57.39,0.463,0.117,0.157,281.88,3.84
Japan,Southeast Asia,2021,77.0,5.311,11.398,0.998,57.3,0.484,0.135,0.148,712.02,7.36
Japan,Southeast Asia,2022,,5.557,11.486,0.972,57.26,0.453,0.129,0.167,776.6,22.74
Japan,Southeast Asia,2023,,5.367,11.4,1.0,57.5,0.539,0.101,0.152,1354.27,8.18
Japan,Southeast Asia,2024,82.0,5.275,11.405,0.997,58.76,0.465,0.095,0.144,820.04,2.2
Honduras,North America,2015,153.0,2.729,10.293,0.732,60.9,0.672,0.063,,237.44,16.65
Honduras,North America,2016,153.0,2.621,10.248,0.78,60.42,,0.102,0.454,612.87,9.81
Honduras,North America,2017,152.0,2.657,10.174,0.718,60.12,,0.095,0.493,546.64,22.91
Honduras,North America,2018,,2.776,10.282,0.758,60.16,0.651,0.068,0.417,1146.08,22.69
Honduras,North America,2019,153.0,2.667,10.236,0.733,60.03,0.683,0.143,0.434,826.36,11.72
Honduras,North America,2020,153.0,2.511,10.333,0.767,60.3,,0.098,0.405,1040.69,12.08
Honduras,North America,2021,151.0,2.865,10.26,,59.48,0.715,0.136,0.395,317.66,15.85
Honduras,North America,2022,153.0,2.646,10.143,0.756,59.56,0.713,0.098,0.45,277.44,12.07
Honduras,North America,2023,153.0,2.289,10.219,0.833,59.91,0.745,0.124,0.407,543.47,20.31
Honduras,North America,2024,153.0,2.613,10.226,0.776,,0.722,0.119,0.432,,21.1
Kuwait,Southeast Asia,2015,,6.369,10.724,0.57,73.06,0.746,-0.005,0.534,1037.31,17.22
Kuwait,Southeast Asia,2016,45.0,6.185,10.697,0.57,,0.705,0.044,0.514,1145.2,23.39
Kuwait,Southeast Asia,2017,54.0,5.791,10.606,0.575,72.28,0.735,0.022,0.501,613.06,7.31
Kuwait,Southeast Asia,2018,53.0,,10.617,0.609,72.56,0.718,0.003,,313.28,23.47
Kuwait,Southeast Asia,2019,,5.977,10.701,0.572,73.78,0.731,-0.003,0.523,,17.62
Kuwait,Southeast Asia,2020,51.0,5.878,10.678,0.497,73.93,0.763,0.013,0.495,,5.77
Kuwait,Southeast Asia,2021,58.0,,10.584,0.565,72.88,0.704,0.01,0.536,230.87,11.89
Kuwait,Southeast Asia,2022,46.0,6.107,10.658,0.56,73.59,0.721,,,442.52,18.77
Kuwait,Southeast Asia,2023,75.0,5.373,10.518,0.59,72.35,0.701,-0.016,0.515,,24.12
Kuwait,Southeast Asia,2024,69.0,5.513,,0.531,72.76,0.719,0.01,0.453,1119.63,19.01
Croatia,Commonwealth of Independent States,2015,137.0,3.862,9.807,0.488,73.17,0.385,-0.062,0.433,1305.0,
Croatia,Commonwealth of Independent States,2016,138.0,3.67,9.767,0.486,73.22,0.351,-0.104,0.387,1309.24,10.36
Croatia,Commonwealth of Independent States,2017,142.0,3.563,9.703,0.537,73.69,,-0.053,0.442,720.38,
Croatia,Commonwealth of Independent States,2018,136.0,3.731,,0.514,72.83,0.398,-0.042,0.389,843.54,
Croatia,Commonwealth of Independent States,2019,134.0,3.983,9.817,0.49,73.71,0.372,-0.087,0.398,1001.28,9.24
Croatia,Commonwealth of Independent States,2020,141.0,3.545,9.74,0.46,72.41,0.402,-0.097,0.388,669.75,6.15
Croatia,Commonwealth of Independent States,2021,132.0,3.986,,0.484,73.62,0.402,,0.481,668.02,21.2
Croatia,Commonwealth of Independent States,2022,134.0,3.864,9.805,0.55,74.06,0.359,,0.446,1068.06,19.6
Croatia,Commonwealth of Independent States,2023,143.0,3.432,9.718,0.544,72.07,0.411,-0.057,0.451,743.82,4.27
Croatia,Commonwealth of Independent States,2024,138.0,3.787,9.831,0.499,73.25,0.396,-0.096,0.463,394.72,18.61
Cyprus,Commonwealth of Independent States,2015,113.0,4.572,9.167,0.646,47.15,0.844,0.157,0.209,1235.53,2.46
Cyprus,Commonwealth of Independent States,2016,111.0,4.491,9.226,0.651,47.01,0.784,0.171,0.279,983.77,23.99
Cyprus,Commonwealth of Independent States,2017,117.0,4.412,9.225,0.66,47.52,0.777,0.141,0.208,924.76,12.83
Cyprus,Commonwealth of Independent States,2018,103.0,4.779,9.149,0.652,47.15,0.732,0.181,0.242,1079.81,2.89
Cyprus,Commonwealth of Independent States,2019,104.0,4.679,9.122,0.642,47.75,0.767,0.098,0.214,1299.93,15.33
Cyprus,Commonwealth of Independent States,2020,110.0,4.625,9.174,0.692,46.36,0.813,0.162,0.183,747.12,2.01
Cyprus,Commonwealth of Independent States,2021,125.0,4.283,9.066,,46.41,0.772,0.137,0.254,338.12,3.81
Cyprus,Commonwealth of Independent States,2022,103.0,4.714,9.13,0.696,47.28,0.793,0.199,0.189,933.49,8.54
Cyprus,Commonwealth of Independent States,2023,103.0,4.699,9.235,0.693,46.96,0.787,0.116,0.282,1097.63,11.08
Cyprus,Commonwealth of Independent States,2024,113.0,4.556,9.208,0.651,47.63,0.796,0.12,0.223,1301.84,13.13
Hungary,South Asia,2015,19.0,,10.684,0.655,62.15,0.643,0.103,0.327,19.07,2.45
Hungary,South Asia,2016,25.0,6.74,10.657,0.628,61.28,0.65,0.104,0.29,733.96,8.51
Hungary,South Asia,2017,16.0,6.996,10.738,0.671,,0.626,0.111,0.333,385.82,24.26
Hungary,South Asia,2018,29.0,6.544,10.705,0.735,62.09,0.656,0.085,0.318,1102.81,9.15
Hungary,South Asia,2019,25.0,,10.662,0.72,,0.703,0.104,0.298,98.0,13.01
Hungary,South Asia,2020,21.0,6.774,10.723,0.699,63.2,0.666,0.119,0.325,918.79,12.85
Hungary,South Asia,2021,25.0,6.686,10.741,0.716,62.09,0.691,0.098,0.288,917.98,7.5
Hungary,South Asia,2022,20.0,6.831,10.745,0.753,63.07,0.634,0.122,0.276,,21.88
Hungary,South Asia,2023,37.0,6.327,10.642,0.715,61.57,0.645,0.112,0.295,1145.05,9.96
Hungary,South Asia,2024,21.0,6.797,10.641,0.735,61.27,0.633,,0.244,669.36,12.84
Malaysia,North America,2015,62.0,5.765,6.767,0.759,58.97,0.63,,0.48,569.47,10.81
Malaysia,North America,2016,78.0,5.318,6.672,0.747,57.27,0.593,-0.011,0.532,1000.67,23.57
Malaysia,North America,2017,60.0,,6.705,,58.31,0.623,-0.012,0.479,761.57,9.79
Malaysia,North America,2018,62.0,5.674,6.603,0.774,58.27,0.667,-0.017,0.443,,17.38
Malaysia,North America,2019,73.0,5.477,6.653,0.774,58.11,0.622,-0.004,0.488,773.41,3.16
Malaysia,North America,2020,71.0,5.384,6.644,0.78,57.55,0.619,-0.06,0.456,1349.49,16.76
Malaysia,North America,2021,79.0,5.278,6.565,0.752,57.9,0.635,-0.018,0.536,75.29,5.23
Malaysia,North America,2022,63.0,5.618,6.748,0.856,58.6,0.632,-0.013,0.512,109.47,4.44
Malaysia,North America,2023,69.0,5.439,,0.695,57.99,0.601,-0.005,0.447,1242.89,2.93
Malaysia,North America,2024,72.0,5.47,6.577,0.706,57.85,0.611,-0.016,0.475,1328.5,7.66
Mauritius,Western Europe,2015,7.0,7.896,7.77,0.588,76.12,0.794,0.262,0.445,594.93,4.95
Mauritius,Western Europe,2016,6.0,7.918,7.778,0.546,77.29,0.852,0.252,0.43,1003.49,18.24
Mauritius,Western Europe,2017,6.0,7.761,7.618,0.573,76.28,,0.274,0.41,720.68,4.43
Mauritius,Western Europe,2018,6.0,8.188,7.686,0.473,75.73,0.802,0.263,0.382,351.61,17.72
Mauritius,Western Europe,2019,5.0,8.17,7.739,0.538,77.14,0.866,,0.405,34.18,10.02
Mauritius,Western Europe,2020,6.0,7.928,7.71,0.487,76.9,0.841,0.266,0.421,26.03,17.86
Mauritius,Western Europe,2021,7.0,,7.747,0.489,,0.833,,0.522,466.03,3.64
Mauritius,Western Europe,2022,6.0,7.861,7.717,0.458,76.7,0.795,0.263,0.436,270.42,4.67
Mauritius,Western Europe,2023,6.0,8.024,7.691,0.492,75.99,0.794,0.306,0.42,77.44,
Mauritius,Western Europe,2024,6.0,7.89,7.653,0.486,76.1,0.839,0.294,0.416,7.92,2.81
Ecuador,Commonwealth of Independent States,2015,86.0,5.133,11.377,,67.96,0.401,0.306,0.168,56.46,22.73
Ecuador,Commonwealth of Independent States,2016,77.0,,11.357,0.862,67.25,0.377,0.337,0.12,28.36,15.4
Ecuador,Commonwealth of Independent States,2017,88.0,4.969,11.274,,65.87,0.41,0.316,0.164,,22.19
Ecuador,Commonwealth of Independent States,2018,92.0,5.029,11.321,0.836,,,,0.191,1333.76,11.31
Ecuador,Commonwealth of Independent States,2019,,5.101,,,,0.431,0.295,0.173,786.2,6.28
Ecuador,Commonwealth of Independent States,2020,90.0,4.998,11.209,0.789,66.58,0.458,0.323,0.137,,17.13
Ecuador,Commonwealth of Independent States,2021,78.0,5.281,11.393,0.874,66.84,0.36,0.306,0.19,,12.49
Ecuador,Commonwealth of Independent States,2022,92.0,,11.283,0.867,66.41,0.393,,0.167,585.25,19.21
Ecuador,Commonwealth of Independent States,2023,84.0,5.113,11.348,,67.0,0.41,,0.16,357.55,17.54
Ecuador,Commonwealth of Independent States,2024,,,11.365,0.89,67.25,0.412,0.311,0.118,549.81,9.87
Thailand,East Asia,2015,132.0,4.075,9.405,0.732,60.57,,0.275,0.024,945.28,11.6
Thailand,East Asia,2016,123.0,,9.402,0.748,,,0.279,0.017,1265.68,9.36
Thailand,East Asia,2017,130.0,4.053,9.249,0.76,,,0.244,0.037,627.94,9.37
Thailand,East Asia,2018,126.0,4.297,9.36,0.732,60.37,0.455,,0.064,616.78,22.73
Thailand,East Asia,2019,123.0,4.306,9.284,0.754,59.9,0.388,0.262,0.059,33.73,
Thailand,East Asia,2020,133.0,3.855,9.302,0.71,59.84,0.455,,0.024,828.65,3.66
Thailand,East Asia,2021,124.0,4.312,9.437,0.754,60.01,0.458,0.266,0.058,870.16,19.89
Thailand,East Asia,2022,135.0,3.816,9.312,0.685,59.68,0.408,0.297,0.034,786.03,22.31
Thailand,East Asia,2023,,4.695,9.526,0.74,61.66,0.414,0.255,0.053,1075.39,19.19
Thailand,East Asia,2024,135.0,3.873,9.302,0.741,59.97,0.401,0.256,0.107,965.44,9.91
Nepal,Middle East and North Africa,2015,102.0,4.721,9.879,,77.32,0.766,,0.035,202.67,
Nepal,Middle East and North Africa,2016,103.0,4.727,9.812,0.416,77.2,0.84,0.072,0.05,990.64,12.64
Nepal,Middle East and North Africa,2017,111.0,4.529,9.85,0.417,77.51,0.842,0.063,0.075,1017.85,15.34
Nepal,Middle East and North Africa,2018,86.0,5.134,9.932,0.428,78.13,0.799,0.069,0.049,1141.55,22.45
Nepal,Middle East and North Africa,2019,95.0,4.784,,0.427,77.2,0.853,0.112,,1213.41,24.6
Nepal,Middle East and North Africa,2020,98.0,4.838,9.867,0.433,78.01,0.806,0.029,0.041,1293.26,7.29
Nepal,Middle East and North Africa,2021,95.0,4.859,9.957,0.408,78.49,0.823,0.082,0.081,401.76,8.75
Nepal,Middle East and North Africa,2022,,4.573,9.777,0.481,77.06,0.773,0.057,0.057,1307.55,6.68
Nepal,Middle East and North Africa,2023,111.0,4.651,9.906,0.445,77.3,0.876,0.059,0.024,1387.0,7.7
Nepal,Middle East and North Africa,2024,111.0,4.565,9.787,0.406,76.28,0.806,0.118,0.0,821.43,16.36
Bosnia and Herzegovina,Southeast Asia,2015,101.0,4.734,,0.626,69.87,0.552,0.098,,288.92,22.16
Bosnia and Herzegovina,Southeast Asia,2016,117.0,4.434,9.745,0.639,70.41,0.539,,0.509,94.42,12.69
Bosnia and Herzegovina,Southeast Asia,2017,99.0,4.758,9.69,0.651,70.64,0.515,0.092,0.479,694.07,
Bosnia and Herzegovina,Southeast Asia,2018,,,9.593,0.602,,0.515,0.152,,915.39,10.9
Bosnia and Herzegovina,Southeast Asia,2019,114.0,4.532,9.651,0.593,70.34,0.552,,0.411,443.45,11.2
Bosnia and Herzegovina,Southeast Asia,2020,120.0,4.461,9.659,0.654,70.58,0.547,0.104,0.507,361.0,22.35
Bosnia and Herzegovina,Southeast Asia,2021,121.0,4.404,9.649,0.594,69.69,0.537,0.102,0.376,1232.95,11.5
Bosnia and Herzegovina,Southeast Asia,2022,115.0,4.489,9.606,0.623,69.67,0.52,0.133,,250.08,3.83
Bosnia and Herzegovina,Southeast Asia,2023,113.0,4.538,9.672,0.632,68.94,0.578,0.095,0.439,713.81,15.46
Bosnia and Herzegovina,Southeast Asia,2024,122.0,4.3,9.724,0.572,69.35,0.538,0.134,0.473,1304.7,8.41
Moldova,Middle East and North Africa,2015,18.0,7.023,10.47,0.89,67.1,,0.404,0.535,378.95,20.51
Moldova,Middle East and North Africa,2016,20.0,6.846,10.353,0.84,66.56,0.409,0.387,0.529,923.77,
Moldova,Middle East and North Africa,2017,20.0,6.897,10.374,0.93,68.12,0.473,0.399,0.517,987.52,18.92
Moldova,Middle East and North Africa,2018,32.0,6.459,10.213,0.876,,0.458,0.394,0.571,558.53,
Moldova,Middle East and North Africa,2019,28.0,6.623,10.305,0.877,67.39,0.443,0.404,0.52,824.94,12.45
Moldova,Middle East and North Africa,2020,,6.454,10.304,0.849,67.18,0.48,0.396,0.556,376.89,20.67
Moldova,Middle East and North Africa,2021,24.0,6.728,10.35,0.916,66.96,0.493,0.403,0.537,995.47,12.1
Moldova,Middle East and North Africa,2022,30.0,6.487,10.213,0.903,66.65,0.451,0.416,0.559,459.08,21.78
Moldova,Middle East and North Africa,2023,32.0,6.532,10.224,0.915,66.43,0.49,0.38,,182.12,18.46
Moldova,Middle East and North Africa,2024,,6.582,10.264,0.909,65.74,,0.426,0.581,1034.4,22.54
Colombia,Middle East and North Africa,2015,99.0,4.775,10.071,0.851,64.63,0.294,0.367,0.535,1383.57,10.94
Colombia,Middle East and North Africa,2016,116.0,4.452,10.003,0.837,63.75,0.381,0.323,0.576,392.86,18.82
Colombia,Middle East and North Africa,2017,115.0,4.446,9.853,0.846,63.49,0.343,0.316,0.552,0.64,4.92
Colombia,Middle East and North Africa,2018,108.0,4.638,10.026,0.84,65.09,0.303,0.339,0.505,1349.36,14.4
Colombia,Middle East and North Africa,2019,119.0,4.464,9.994,0.879,64.18,0.33,0.337,0.541,353.38,
Colombia,Middle East and North Africa,2020,113.0,4.598,9.93,0.788,64.19,0.303,0.296,0.514,508.66,3.2
Colombia,Middle East and North Africa,2021,103.0,4.687,,0.823,63.91,0.376,0.361,0.483,403.63,7.43
Colombia,Middle East and North Africa,2022,119.0,4.473,9.957,0.86,64.45,0.324,,0.493,290.43,10.69
Colombia,Middle East and North Africa,2023,110.0,4.652,10.057,0.787,,0.33,0.372,0.491,357.35,4.92
Colombia,Middle East and North Africa,2024,,4.541,9.952,0.828,63.05,0.364,0.399,0.533,438.92,8.79
Peru,Commonwealth of Independent States,2015,124.0,4.371,8.657,0.601,64.52,0.945,0.276,0.32,634.73,17.74
Peru,Commonwealth of Independent States,2016,88.0,5.022,8.677,0.602,65.39,0.952,0.292,0.256,346.31,24.91
Peru,Commonwealth of Independent States,2017,96.0,4.812,8.685,0.605,64.82,0.962,0.28,0.282,835.44,15.91
Peru,Commonwealth of Independent States,2018,97.0,4.874,,0.572,65.33,0.943,0.297,0.292,251.26,7.19
Peru,Commonwealth of Independent States,2019,106.0,4.652,,0.626,65.2,0.872,0.246,0.279,729.37,21.24
Peru,Commonwealth of Independent States,2020,108.0,4.669,8.734,0.605,65.19,0.886,0.282,0.29,1070.03,24.84
Peru,Commonwealth of Independent States,2021,,4.677,8.684,0.607,65.07,0.962,,0.262,240.87,3.36
Peru,Commonwealth of Independent States,2022,,4.778,8.586,0.577,65.64,0.97,0.301,0.31,155.66,6.07
Peru,Commonwealth of Independent States,2023,107.0,4.668,8.692,,66.05,0.91,0.27,0.315,806.23,5.76
Peru,Commonwealth of Independent States,2024,112.0,4.561,8.62,0.604,65.51,,0.291,0.306,658.82,14.14
Kyrgyzstan,Central and Eastern Europe,2015,84.0,5.198,9.175,0.548,65.28,0.559,,0.451,813.16,10.93
Kyrgyzstan,Central and Eastern Europe,2016,,4.873,9.044,0.592,64.16,0.596,0.177,0.483,,13.3
Kyrgyzstan,Central and Eastern Europe,2017,91.0,,9.079,0.546,65.06,0.624,0.134,0.536,1201.77,24.01
Kyrgyzstan,Central and Eastern Europe,2018,87.0,5.124,9.244,0.611,64.47,0.588,0.111,0.476,628.04,24.55
Kyrgyzstan,Central and Eastern Europe,2019,100.0,4.706,9.144,0.584,64.47,0.608,0.127,0.484,319.52,2.27
Kyrgyzstan,Central and Eastern Europe,2020,96.0,4.874,9.099,0.528,65.03,0.555,,0.469,897.1,11.52
Kyrgyzstan,Central and Eastern Europe,2021,,4.814,9.067,0.594,64.98,0.567,0.181,0.476,164.73,20.07
Kyrgyzstan,Central and Eastern Europe,2022,93.0,4.931,9.094,0.595,64.1,0.641,0.156,0.479,1347.07,22.73
Kyrgyzstan,Central and Eastern Europe,2023,87.0,5.071,9.235,,64.85,0.567,,0.464,1222.59,18.21
Kyrgyzstan,Central and Eastern Europe,2024,91.0,4.979,9.184,0.544,65.5,0.618,0.159,0.443,324.45,6.17
Philippines,Middle East and North Africa,2015,57.0,5.834,9.665,0.971,60.25,0.547,0.127,0.117,1355.5,23.23
Philippines,Middle East and North Africa,2016,74.0,5.377,9.593,,58.95,0.465,0.111,0.096,684.94,20.26
Philippines,Middle East and North Africa,2017,78.0,5.376,9.576,1.0,59.57,0.446,0.126,0.137,133.14,10.97
Philippines,Middle East and North Africa,2018,,5.681,9.493,0.955,59.62,0.542,0.138,0.12,1203.11,15.68
Philippines,Middle East and North Africa,2019,62.0,5.649,9.562,0.978,60.01,0.513,0.121,0.127,499.46,8.63
Philippines,Middle East and North Africa,2020,61.0,5.622,9.527,0.979,59.77,0.547,0.126,0.113,683.11,9.24
Philippines,Middle East and North Africa,2021,72.0,5.356,9.56,0.946,59.25,,0.088,0.098,222.34,9.19
Philippines,Middle East and North Africa,2022,73.0,5.376,9.564,,59.86,0.459,0.121,0.14,842.06,17.08
Philippines,Middle East and North Africa,2023,72.0,5.399,9.521,1.0,59.55,0.519,0.115,0.196,111.6,13.22
Philippines,Middle East and North Africa,2024,73.0,5.445,9.519,0.94,58.79,0.543,0.116,0.134,1062.71,13.76
Bolivia,Sub-Saharan Africa,2015,90.0,5.103,9.68,0.776,63.23,0.871,0.313,0.242,706.97,22.4
Bolivia,Sub-Saharan Africa,2016,,,9.787,0.715,,0.932,0.309,0.234,824.14,11.38
Bolivia,Sub-Saharan Africa,2017,66.0,5.582,9.836,0.799,63.61,0.813,0.319,0.238,552.9,23.93
Bolivia,Sub-Saharan Africa,2018,74.0,5.4,9.797,0.783,,,0.352,0.24,208.02,11.17
Bolivia,Sub-Saharan Africa,2019,71.0,5.482,9.944,0.751,64.24,0.794,0.291,0.241,1107.05,2.27
Bolivia,Sub-Saharan Africa,2020,82.0,5.225,,0.806,62.09,0.825,0.325,0.257,907.51,19.21
Bolivia,Sub-Saharan Africa,2021,81.0,5.235,9.737,0.85,63.39,0.858,0.313,0.254,89.69,2.73
Bolivia,Sub-Saharan Africa,2022,74.0,5.371,,0.81,63.98,0.87,0.33,0.274,299.47,17.12
Bolivia,Sub-Saharan Africa,2023,83.0,5.136,9.732,0.824,61.58,0.811,0.296,0.21,402.79,
Bolivia,Sub-Saharan Africa,2024,85.0,5.113,9.807,0.8,63.42,0.841,0.32,0.265,275.95,19.88
Portugal,Oceania,2015,135.0,3.978,8.826,0.61,59.25,,-0.042,0.492,52.16,14.31
Portugal,Oceania,2016,135.0,,8.916,0.621,58.79,0.759,-0.019,0.476,229.23,12.02
Portugal,Oceania,2017,133.0,,8.841,0.628,58.94,0.769,-0.059,0.494,878.69,10.2
Portugal,Oceania,2018,141.0,3.54,8.826,0.645,58.57,0.715,-0.045,0.498,1054.02,8.49
Portugal,Oceania,2019,139.0,,8.671,0.645,,0.756,-0.039,0.496,412.22,3.99
Portugal,Oceania,2020,138.0,3.69,,0.584,58.47,0.735,-0.024,0.486,539.77,14.29
Portugal,Oceania,2021,139.0,3.698,8.808,0.636,58.14,0.742,-0.022,0.521,1096.74,10.1
Portugal,Oceania,2022,138.0,3.784,8.679,0.625,58.4,0.786,-0.043,0.478,735.95,13.42
Portugal,Oceania,2023,136.0,3.867,8.805,,58.08,0.776,-0.062,0.512,1097.55,20.96
Portugal,Oceania,2024,136.0,3.832,,,57.86,0.809,-0.015,0.465,138.08,23.09
Jamaica,Commonwealth of Independent States,2015,36.0,,8.249,0.557,50.86,,0.116,0.054,1164.55,24.55
Jamaica,Commonwealth of Independent States,2016,41.0,6.314,8.115,,50.64,0.684,0.118,0.085,1277.64,19.95
Jamaica,Commonwealth of Independent States,2017,34.0,6.587,8.248,0.569,51.71,,0.13,0.079,302.13,3.93
Jamaica,Commonwealth of Independent States,2018,33.0,6.421,,,,0.757,0.124,0.056,1159.31,
Jamaica,Commonwealth of Independent States,2019,23.0,6.763,8.219,0.536,51.28,0.665,0.142,0.117,901.08,4.02
Jamaica,Commonwealth of Independent States,2020,38.0,6.407,8.118,0.471,51.53,0.671,0.117,0.082,1209.55,19.98
Jamaica,Commonwealth of Independent States,2021,44.0,6.168,7.98,0.552,51.17,0.639,0.128,0.101,1194.49,8.09
Jamaica,Commonwealth of Independent States,2022,47.0,6.049,8.025,0.521,50.76,0.732,0.131,,93.73,4.68
Jamaica,Commonwealth of Independent States,2023,44.0,6.19,8.072,,49.67,0.699,0.139,0.109,466.15,19.36
Jamaica,Commonwealth of Independent States,2024,25.0,6.69,8.194,0.529,51.02,0.725,0.091,0.085,285.44,9.83
Dominican Republic,Southeast Asia,2015,105.0,4.648,9.793,0.977,59.65,0.594,-0.061,0.134,1280.27,4.07
Dominican Republic,Southeast Asia,2016,121.0,4.357,9.835,0.923,58.92,0.697,,0.075,142.04,22.07
Dominican Republic,Southeast Asia,2017,118.0,4.369,9.748,0.944,58.24,0.677,,0.073,548.66,15.27
Dominican Republic,Southeast Asia,2018,119.0,4.411,9.844,0.916,57.72,,-0.094,0.166,,24.81
Dominican Republic,Southeast Asia,2019,130.0,4.088,9.734,0.987,58.08,,-0.055,0.092,1136.59,19.06
Dominican Republic,Southeast Asia,2020,126.0,4.32,9.825,,59.14,0.66,-0.064,0.06,720.48,4.46
Dominican Republic,Southeast Asia,2021,,4.577,9.845,0.977,59.8,,-0.059,0.092,617.73,18.87
Dominican Republic,Southeast Asia,2022,107.0,4.598,9.845,0.96,58.89,0.672,-0.094,0.099,,13.95
Dominican Republic,Southeast Asia,2023,119.0,4.377,9.865,0.955,58.12,0.657,-0.133,0.1,1123.93,7.49
Dominican Republic,Southeast Asia,2024,126.0,4.236,9.723,,59.04,0.688,-0.035,0.055,599.53,22.25
Belarus,Western Europe,2015,139.0,3.833,9.909,0.776,68.78,,0.399,0.184,,23.59
Belarus,Western Europe,2016,134.0,3.95,9.931,0.807,67.88,0.748,0.379,0.204,259.74,16.59
Belarus,Western Europe,2017,138.0,3.692,9.955,0.712,67.35,0.717,0.376,0.141,151.78,23.47
Belarus,Western Europe,2018,145.0,3.274,9.739,0.75,66.15,0.763,0.362,0.169,613.98,2.7
Belarus,Western Europe,2019,138.0,3.73,9.957,0.818,68.05,0.752,0.36,0.175,253.92,17.45
Belarus,Western Europe,2020,142.0,3.542,9.853,0.719,68.87,0.706,0.368,0.224,,21.05
Belarus,Western Europe,2021,144.0,3.343,9.694,0.756,67.2,0.78,0.347,0.178,981.23,23.32
Belarus,Western Europe,2022,146.0,3.243,9.889,0.759,66.3,0.775,0.338,0.178,1105.9,16.59
Belarus,Western Europe,2023,149.0,3.23,9.817,0.734,66.88,0.656,0.315,0.221,358.75,4.77
Belarus,Western Europe,2024,142.0,3.508,9.867,0.763,66.86,0.783,0.365,0.157,21.03,21.34
North Macedonia,South Asia,2015,98.0,4.828,8.83,0.687,57.66,0.626,,0.296,608.69,9.61
North Macedonia,South Asia,2016,97.0,4.827,8.781,0.679,58.67,0.645,0.321,0.292,1061.84,7.17
North Macedonia,South Asia,2017,,4.726,8.805,,58.35,0.66,,,,16.41
North Macedonia,South Asia,2018,,5.373,8.865,0.727,58.35,0.645,0.317,0.245,37.23,20.2
North Macedonia,South Asia,2019,93.0,4.816,8.79,0.668,59.01,0.64,,0.246,997.97,14.77
North Macedonia,South Asia,2020,105.0,,8.831,0.714,57.78,0.643,,0.291,698.57,24.75
North Macedonia,South Asia,2021,109.0,4.596,,0.634,57.01,0.649,0.334,0.261,1011.02,6.01
North Macedonia,South Asia,2022,95.0,4.908,8.843,0.708,57.37,,0.337,0.229,846.01,22.24
North Macedonia,South Asia,2023,105.0,4.69,8.737,0.709,56.96,0.666,0.306,0.302,718.65,15.48
North Macedonia,South Asia,2024,,4.785,8.762,0.665,57.82,0.701,0.324,0.287,343.65,16.15
Paraguay,Southeast Asia,2015,50.0,6.022,10.541,0.578,54.6,0.818,0.062,0.059,1398.06,7.41
Paraguay,Southeast Asia,2016,50.0,6.12,10.4,0.555,54.56,0.817,0.032,0.041,570.22,7.34
Paraguay,Southeast Asia,2017,50.0,5.898,10.355,0.647,54.69,0.893,0.047,0.027,99.5,15.76
Paraguay,Southeast Asia,2018,52.0,5.951,10.529,0.647,,0.909,,0.053,1088.13,8.56
Paraguay,Southeast Asia,2019,42.0,6.175,10.489,0.658,54.76,0.842,,0.025,415.1,18.69
Paraguay,Southeast Asia,2020,46.0,6.023,10.43,0.634,54.05,,0.03,0.092,446.38,12.32
Paraguay,Southeast Asia,2021,51.0,5.977,10.451,0.637,53.88,0.828,0.056,0.082,478.59,
Paraguay,Southeast Asia,2022,40.0,6.292,10.542,0.672,54.67,0.805,0.063,0.067,290.02,23.12
Paraguay,Southeast Asia,2023,49.0,6.101,10.505,,54.43,0.801,0.047,,251.1,16.88
Paraguay,Southeast Asia,2024,58.0,5.708,10.488,0.643,,0.825,0.057,0.106,1300.65,10.69
China,South Asia,2015,78.0,5.351,8.842,0.435,69.27,0.416,-0.006,0.415,241.59,10.22
China,South Asia,2016,69.0,5.474,8.872,0.486,70.76,0.421,0.025,0.432,,3.01
China,South Asia,2017,81.0,5.278,,0.475,69.97,0.451,0.01,0.365,1305.58,7.71
China,South Asia,2018,83.0,5.227,8.896,0.482,69.97,0.397,0.031,0.441,15.27,12.1
China,South Asia,2019,61.0,5.665,9.007,0.46,70.37,0.43,0.012,0.371,998.31,5.63
China,South Asia,2020,58.0,5.66,8.939,0.434,70.95,0.434,-0.001,,637.19,19.64
China,South Asia,2021,73.0,5.341,8.966,0.459,69.59,0.418,0.031,0.405,1103.18,7.24
China,South Asia,2022,71.0,5.433,8.934,0.418,70.31,0.439,0.044,0.369,1360.7,21.56
China,South Asia,2023,85.0,5.091,8.854,,69.33,0.467,0.02,0.437,1124.21,11.82
China,South Asia,2024,87.0,5.105,8.862,0.43,69.88,0.48,0.03,0.386,935.19,4.15
Montenegro,Southeast Asia,2015,51.0,5.96,11.23,0.847,55.48,0.67,0.217,0.175,784.47,
Montenegro,Southeast Asia,2016,43.0,6.206,11.403,0.891,55.61,0.632,0.173,0.149,557.59,15.34
Montenegro,Southeast Asia,2017,52.0,5.829,11.191,,54.21,0.628,0.157,0.222,,8.85
Montenegro,Southeast Asia,2018,41.0,6.258,11.353,0.884,55.23,0.635,0.225,0.096,323.55,19.1
Montenegro,Southeast Asia,2019,39.0,6.351,11.334,0.889,55.22,0.664,0.174,0.146,3.98,12.37
Montenegro,Southeast Asia,2020,45.0,6.042,11.357,0.861,54.17,0.623,0.191,0.052,301.35,8.25
Montenegro,Southeast Asia,2021,47.0,6.13,11.319,0.916,55.02,,0.185,0.177,260.88,4.89
Montenegro,Southeast Asia,2022,44.0,6.132,11.399,0.865,,0.689,0.216,0.118,13.38,2.76
Montenegro,Southeast Asia,2023,40.0,6.282,11.371,0.836,54.16,0.675,0.18,,688.75,19.67
Montenegro,Southeast Asia,2024,50.0,5.934,11.29,0.829,54.02,0.655,0.221,0.18,1380.44,6.15
Russia,North America,2015,,4.876,10.527,0.492,66.44,0.643,0.014,0.061,1.88,3.81
Russia,North America,2016,102.0,4.732,10.526,0.511,65.64,0.655,0.036,0.063,190.42,7.45
Russia,North America,2017,109.0,4.555,10.454,0.458,65.72,,-0.002,0.063,116.76,8.75
Russia,North America,2018,104.0,4.714,10.475,0.511,65.7,0.66,0.002,0.09,665.74,24.87
Russia,North America,2019,113.0,4.546,10.537,0.536,65.54,0.657,0.032,0.052,165.95,24.92
Russia,North America,2020,,4.808,10.57,0.527,66.73,0.652,,0.076,9.8,3.0
Russia,North America,2021,,4.569,10.462,0.533,65.93,0.571,0.024,0.06,513.28,14.87
Russia,North America,2022,108.0,4.59,10.465,0.505,65.53,0.663,0.013,0.089,811.82,5.95
Russia,North America,2023,115.0,4.531,10.321,0.554,65.41,0.65,0.06,0.077,1350.16,7.0
Russia,North America,2024,97.0,4.777,10.577,0.486,65.99,0.591,0.034,0.088,1111.75,24.29
Bulgaria,Central and Eastern Europe,2015,,6.422,10.113,0.901,,0.569,0.144,0.26,,5.45
Bulgaria,Central and Eastern Europe,2016,32.0,6.484,10.119,0.79,60.32,0.557,0.111,0.296,810.64,16.88
Bulgaria,Central and Eastern Europe,2017,32.0,6.626,10.145,0.792,60.34,0.585,0.147,0.314,,20.95
Bulgaria,Central and Eastern Europe,2018,37.0,6.303,9.965,0.839,59.75,0.595,0.152,0.28,742.51,10.13
Bulgaria,Central and Eastern Europe,2019,34.0,6.496,10.111,0.817,60.3,0.587,,0.288,0.56,10.34
Bulgaria,Central and Eastern Europe,2020,28.0,6.642,10.066,0.818,60.67,0.513,0.15,0.29,658.29,10.96
Bulgaria,Central and Eastern Europe,2021,38.0,6.488,10.146,0.815,60.21,0.627,0.139,0.292,308.23,13.02
Bulgaria,Central and Eastern Europe,2022,37.0,6.337,10.019,0.823,59.72,0.589,0.146,0.253,609.82,
Bulgaria,Central and Eastern Europe,2023,26.0,6.649,10.135,0.841,60.17,0.565,0.152,0.306,837.2,13.27
Bulgaria,Central and Eastern Europe,2024,41.0,6.376,10.143,0.784,60.36,0.567,0.166,0.294,1310.9,15.61
Tajikistan,Southeast Asia,2015,,4.494,10.16,0.938,65.94,,-0.094,0.601,1069.8,16.25
Tajikistan,Southeast Asia,2016,127.0,4.264,10.062,0.942,65.39,0.67,-0.049,0.637,737.62,9.28
Tajikistan,Southeast Asia,2017,120.0,4.317,10.071,0.96,64.85,0.771,-0.081,0.621,,20.57
Tajikistan,Southeast Asia,2018,123.0,4.364,10.111,0.939,64.71,0.778,-0.055,0.59,45.18,16.08
Tajikistan,Southeast Asia,2019,96.0,4.765,10.24,0.924,66.42,0.72,-0.107,0.623,1159.13,10.8
Tajikistan,Southeast Asia,2020,112.0,4.607,,0.928,65.04,0.739,-0.091,0.562,365.9,13.77
Tajikistan,Southeast Asia,2021,114.0,4.52,10.069,0.945,66.57,0.744,-0.114,0.598,29.01,7.74
Tajikistan,Southeast Asia,2022,117.0,4.484,10.074,,65.29,0.786,-0.079,0.57,55.52,2.33
Tajikistan,Southeast Asia,2023,95.0,4.868,10.119,,67.11,0.736,-0.107,0.587,875.0,19.94
Tajikistan,Southeast Asia,2024,,4.622,10.168,0.938,66.14,0.728,-0.089,0.588,1113.88,11.59
Hong Kong,South Asia,2015,76.0,5.421,,0.87,61.55,0.595,0.233,,196.14,
Hong Kong,South Asia,2016,82.0,5.165,9.939,0.867,61.58,0.695,0.161,0.292,526.53,16.72
Hong Kong,South Asia,2017,72.0,5.505,9.925,0.902,61.87,0.631,0.203,0.322,1301.01,18.5
Hong Kong,South Asia,2018,80.0,5.283,9.848,0.853,60.85,0.633,0.19,0.297,287.49,20.14
Hong Kong,South Asia,2019,77.0,5.367,9.845,0.89,61.83,0.664,0.219,0.349,,14.46
Hong Kong,South Asia,2020,78.0,5.306,,0.912,61.12,0.677,0.21,0.259,463.04,21.79
Hong Kong,South Asia,2021,,5.528,10.01,0.913,62.25,0.645,0.215,,,12.94
Hong Kong,South Asia,2022,86.0,5.067,9.855,0.896,61.01,,,0.311,117.88,17.68
Hong Kong,South Asia,2023,59.0,5.622,9.924,0.883,60.87,0.634,0.165,0.284,,24.52
Hong Kong,South Asia,2024,63.0,5.639,9.956,,61.07,0.615,0.221,0.305,1160.55,4.51
Libya,Central and Eastern Europe,2015,117.0,,10.098,0.98,60.17,0.713,0.329,0.391,391.19,10.46
Libya,Central and Eastern Europe,2016,112.0,4.465,10.121,,59.22,0.745,0.339,0.414,112.75,20.17
Libya,Central and Eastern Europe,2017,126.0,4.172,10.003,0.959,57.98,0.741,0.305,0.392,495.52,9.67
Libya,Central and Eastern Europe,2018,133.0,4.052,10.094,1.0,58.62,0.726,0.351,0.357,11.54,13.32
Libya,Central and Eastern Europe,2019,124.0,4.277,10.142,1.0,,0.668,0.335,0.413,1077.22,
Libya,Central and Eastern Europe,2020,114.0,4.594,10.244,0.927,59.21,0.667,0.328,0.399,,24.32
Libya,Central and Eastern Europe,2021,129.0,4.136,10.101,0.981,58.7,0.712,0.345,0.39,69.76,21.67
Libya,Central and Eastern Europe,2022,127.0,4.174,,0.965,59.31,0.747,0.306,0.367,1133.14,12.82
Libya,Central and Eastern Europe,2023,133.0,4.004,9.957,1.0,58.31,0.682,0.374,0.332,1144.97,15.06
Libya,Central and Eastern Europe,2024,107.0,4.616,10.243,0.946,59.57,0.664,0.361,0.38,750.96,8.32
Indonesia,Latin America and Caribbean,2015,128.0,4.244,7.486,0.891,70.61,0.791,0.021,0.494,971.33,19.47
Indonesia,Latin America and Caribbean,2016,132.0,4.129,,0.84,71.12,,,0.551,352.73,10.52
Indonesia,Latin America and Caribbean,2017,130.0,4.053,7.687,0.889,70.54,0.815,0.024,0.481,1117.95,14.05
Indonesia,Latin America and Caribbean,2018,127.0,,7.552,0.877,70.81,0.898,0.058,0.509,,10.18
Indonesia,Latin America and Caribbean,2019,129.0,4.109,7.517,0.892,70.25,0.878,0.051,0.5,857.15,5.83
Indonesia,Latin America and Caribbean,2020,116.0,4.538,7.585,0.903,71.32,0.888,0.078,0.423,998.33,8.29
Indonesia,Latin America and Caribbean,2021,130.0,4.011,7.492,0.811,70.74,0.913,0.078,,1035.79,18.24
Indonesia,Latin America and Caribbean,2022,122.0,4.424,7.597,0.9,72.05,0.832,0.047,0.515,1248.99,2.71
Indonesia,Latin America and Caribbean,2023,122.0,4.295,7.484,0.926,70.66,0.838,0.044,0.592,,16.09
Indonesia,Latin America and Caribbean,2024,123.0,4.297,7.547,0.894,70.58,0.832,0.022,0.472,806.13,15.42
Turkmenistan,Southeast Asia,2015,89.0,5.106,8.724,0.826,63.36,0.45,-0.077,0.122,480.99,12.58
Turkmenistan,Southeast Asia,2016,91.0,4.971,8.634,0.815,62.3,0.545,-0.088,0.129,530.57,22.57
Turkmenistan,Southeast Asia,2017,90.0,4.943,8.674,0.793,62.87,0.516,-0.074,,895.57,13.4
Turkmenistan,Southeast Asia,2018,73.0,5.414,8.717,0.829,63.48,0.48,-0.119,0.15,1348.02,2.56
Turkmenistan,Southeast Asia,2019,76.0,5.374,8.676,0.817,63.87,0.522,-0.082,0.142,297.29,
Turkmenistan,Southeast Asia,2020,77.0,5.345,8.8,0.815,,0.47,-0.112,0.148,684.38,15.32
Turkmenistan,Southeast Asia,2021,87.0,5.031,,0.858,62.85,0.531,-0.079,0.16,1070.54,5.86
Turkmenistan,Southeast Asia,2022,81.0,,8.587,0.832,62.66,0.548,-0.118,0.081,1377.1,
Turkmenistan,Southeast Asia,2023,101.0,4.747,8.571,0.826,63.36,0.481,-0.088,0.103,1022.97,21.15
Turkmenistan,Southeast Asia,2024,80.0,5.301,8.765,0.881,63.55,0.573,-0.114,0.149,579.04,
Ivory Coast,Central and Eastern Europe,2015,88.0,5.114,8.668,0.454,57.49,0.359,0.278,0.476,99.97,
Ivory Coast,Central and Eastern Europe,2016,79.0,5.28,8.78,0.504,59.19,0.304,,0.517,620.47,5.81
Ivory Coast,Central and Eastern Europe,2017,63.0,5.641,8.914,0.523,58.67,0.279,0.291,0.527,1066.97,24.37
Ivory Coast,Central and Eastern Europe,2018,82.0,5.255,8.77,0.462,58.47,0.329,0.253,0.491,638.19,6.07
Ivory Coast,Central and Eastern Europe,2019,83.0,5.179,8.692,0.527,56.85,,0.299,0.511,681.13,7.17
Ivory Coast,Central and Eastern Europe,2020,86.0,5.138,8.676,0.531,56.63,0.352,0.306,0.538,1214.89,12.37
Ivory Coast,Central and Eastern Europe,2021,82.0,,8.788,0.572,57.57,0.322,0.264,0.546,1050.81,9.8
Ivory Coast,Central and Eastern Europe,2022,77.0,5.24,8.81,,58.38,0.29,0.31,0.585,495.16,13.1
Ivory Coast,Central and Eastern Europe,2023,,5.391,8.672,0.562,57.56,0.29,0.301,0.551,283.69,24.06
Ivory Coast,Central and Eastern Europe,2024,77.0,5.379,8.823,0.538,58.9,0.29,0.307,0.516,183.24,
Greece,Western Europe,2015,127.0,4.253,10.586,0.422,,0.546,0.185,0.532,356.68,23.82
Greece,Western Europe,2016,139.0,3.661,10.459,0.44,71.17,0.541,0.171,0.544,1143.32,17.07
Greece,Western Europe,2017,140.0,3.632,10.468,0.453,70.97,0.57,0.152,0.612,54.08,11.24
Greece,Western Europe,2018,135.0,3.811,10.521,0.384,70.82,0.579,,0.569,1200.3,4.4
Greece,Western Europe,2019,135.0,3.979,10.535,0.419,71.28,0.654,0.174,0.54,162.69,17.48
Greece,Western Europe,2020,139.0,3.656,10.354,0.394,69.92,,0.171,0.624,1399.06,24.78
Greece,Western Europe,2021,133.0,,10.507,0.431,70.6,0.581,0.161,0.567,778.31,11.32
Greece,Western Europe,2022,136.0,3.8,10.37,0.433,71.31,0.59,0.145,0.549,967.03,21.38
Greece,Western Europe,2023,130.0,4.075,10.366,,69.79,0.585,0.184,0.614,,8.9
Greece,Western Europe,2024,,3.95,10.431,0.403,70.33,0.549,0.181,0.591,750.0,3.39
Congo,North America,2015,142.0,3.43,8.792,0.957,79.09,0.794,-0.074,0.323,673.19,2.07
Congo,North America,2016,144.0,3.356,8.872,0.975,80.12,0.691,-0.101,0.28,1163.5,17.2
Congo,North America,2017,137.0,3.742,8.881,0.97,80.28,0.754,-0.123,0.262,222.51,23.22
Congo,North America,2018,138.0,3.607,8.804,1.0,80.27,0.787,,0.266,965.94,22.84
Congo,North America,2019,142.0,3.512,8.919,0.964,80.35,0.727,-0.088,0.279,1170.02,19.37
Congo,North America,2020,137.0,3.768,,1.0,80.27,0.766,-0.126,0.316,762.84,5.23
Congo,North America,2021,138.0,3.725,8.913,0.972,79.93,0.671,,0.349,271.11,22.52
Congo,North America,2022,141.0,3.569,8.887,0.97,79.78,0.739,-0.097,,267.57,2.36
Congo,North America,2023,142.0,,8.822,0.969,80.2,0.808,-0.101,0.33,171.54,23.68
Congo,North America,2024,145.0,3.26,8.863,0.981,79.87,0.722,-0.09,0.364,1212.22,5.04
Nigeria,Commonwealth of Independent States,2015,28.0,6.708,7.339,0.911,67.07,0.784,-0.041,0.522,743.69,11.39
Nigeria,Commonwealth of Independent States,2016,26.0,6.728,7.453,0.93,,0.835,-0.04,0.548,784.14,12.36
Nigeria,Commonwealth of Independent States,2017,25.0,6.826,7.477,0.952,66.1,0.825,-0.077,0.54,1385.07,8.27
Nigeria,Commonwealth of Independent States,2018,16.0,6.965,7.538,1.0,67.02,0.796,-0.06,0.469,918.19,16.76
Nigeria,Commonwealth of Independent States,2019,16.0,7.045,7.404,1.0,,0.839,-0.063,0.508,888.03,2.42
Nigeria,Commonwealth of Independent States,2020,24.0,6.711,7.451,0.929,,,-0.045,0.494,950.53,14.95
Nigeria,Commonwealth of Independent States,2021,30.0,6.588,7.382,0.971,67.15,0.78,-0.015,0.551,1196.02,2.51
Nigeria,Commonwealth of Independent States,2022,26.0,6.599,7.528,0.998,66.92,0.801,-0.059,0.539,941.05,7.8
Nigeria,Commonwealth of Independent States,2023,23.0,6.756,7.409,0.94,67.45,0.769,-0.054,0.522,120.64,21.4
Nigeria,Commonwealth of Independent States,2024,29.0,6.615,7.418,0.973,66.83,0.855,-0.032,0.525,43.39,18.65
Bangladesh,Central and Eastern Europe,2015,63.0,5.659,10.752,0.645,78.38,0.506,-0.005,0.358,,19.01
Bangladesh,Central and Eastern Europe,2016,67.0,5.565,10.793,0.637,78.64,0.532,-0.013,0.332,168.11,22.96
Bangladesh,Central and Eastern Europe,2017,67.0,5.576,10.719,0.626,78.13,0.461,0.018,,975.26,8.24
Bangladesh,Central and Eastern Europe,2018,,5.644,10.664,0.605,79.32,0.526,0.009,0.346,646.12,12.64
Bangladesh,Central and Eastern Europe,2019,53.0,5.917,10.795,0.618,78.29,0.542,-0.004,0.366,444.53,24.14
Bangladesh,Central and Eastern Europe,2020,80.0,5.245,10.667,0.632,78.21,0.52,-0.02,0.375,1160.92,11.2
Bangladesh,Central and Eastern Europe,2021,76.0,5.325,10.643,0.585,77.65,0.48,0.036,0.354,746.19,19.46
Bangladesh,Central and Eastern Europe,2022,57.0,5.796,10.767,0.618,78.51,0.509,0.035,0.322,97.07,5.39
Bangladesh,Central and Eastern Europe,2023,57.0,5.699,10.673,0.648,,0.495,0.021,0.329,316.04,22.81
Bangladesh,Central and Eastern Europe,2024,78.0,5.326,10.615,0.649,78.56,0.497,0.003,0.294,486.93,
Iran,Middle East and North Africa,2015,133.0,4.044,9.616,,67.39,0.358,-0.049,0.372,324.89,3.07
Iran,Middle East and North Africa,2016,122.0,4.356,9.752,0.384,66.98,0.338,-0.042,0.34,,15.01
Iran,Middle East and North Africa,2017,129.0,4.084,9.65,0.405,67.19,0.309,-0.053,0.358,508.57,23.89
Iran,Middle East and North Africa,2018,132.0,,9.627,,65.64,0.333,,,1076.93,11.86
Iran,Middle East and North Africa,2019,126.0,4.252,9.786,0.438,66.49,0.353,-0.047,0.349,1306.17,7.56
Iran,Middle East and North Africa,2020,132.0,4.03,9.711,0.411,66.85,0.337,-0.013,0.31,595.78,19.38
Iran,Middle East and North Africa,2021,128.0,4.162,9.669,0.409,65.41,0.344,-0.044,0.365,1103.07,7.84
Iran,Middle East and North Africa,2022,123.0,4.409,9.777,0.429,66.0,0.339,-0.069,0.324,1175.44,15.58
Iran,Middle East and North Africa,2023,125.0,4.276,9.631,0.338,66.87,0.338,-0.065,,1295.78,10.64
Iran,Middle East and North Africa,2024,131.0,4.003,9.7,0.383,66.72,0.346,,0.317,140.57,17.5
South Africa,Middle East and North Africa,2015,20.0,6.949,8.457,0.574,46.26,0.805,-0.032,,776.0,18.22
South Africa,Middle East and North Africa,2016,17.0,6.969,8.636,0.587,46.17,,,0.605,,10.38
South Africa,Middle East and North Africa,2017,33.0,6.612,,0.604,45.19,0.843,-0.065,0.557,1304.0,17.72
South Africa,Middle East and North Africa,2018,21.0,6.782,8.531,0.631,46.27,,-0.031,0.619,312.4,11.36
South Africa,Middle East and North Africa,2019,26.0,6.667,8.388,0.582,45.93,0.802,-0.028,0.601,349.78,15.19
South Africa,Middle East and North Africa,2020,19.0,6.821,8.495,0.607,46.34,0.823,-0.055,0.579,642.21,18.03
South Africa,Middle East and North Africa,2021,16.0,6.954,8.518,0.589,46.49,0.845,,0.581,,23.42
South Africa,Middle East and North Africa,2022,33.0,6.443,8.434,,46.09,0.842,-0.038,0.599,992.3,13.67
South Africa,Middle East and North Africa,2023,,6.977,8.466,0.563,46.61,0.779,-0.047,0.615,314.35,
South Africa,Middle East and North Africa,2024,14.0,7.101,8.5,0.635,45.91,0.822,-0.036,0.556,422.44,16.09
Cameroon,Sub-Saharan Africa,2015,72.0,5.481,10.267,0.968,67.38,0.82,,0.401,605.01,20.59
Cameroon,Sub-Saharan Africa,2016,76.0,5.341,,0.947,67.92,0.803,0.237,0.412,212.48,16.88
Cameroon,Sub-Saharan Africa,2017,75.0,5.411,10.29,0.971,67.37,0.841,0.234,0.41,929.37,
Cameroon,Sub-Saharan Africa,2018,63.0,5.668,10.455,0.963,68.33,0.849,0.232,0.386,183.29,6.95
Cameroon,Sub-Saharan Africa,2019,65.0,5.594,10.437,0.957,,,0.263,0.408,334.81,6.75
Cameroon,Sub-Saharan Africa,2020,70.0,5.392,10.336,0.977,66.94,,0.237,0.32,585.89,23.37
Cameroon,Sub-Saharan Africa,2021,,5.489,10.309,0.962,67.87,0.872,0.209,0.373,561.1,24.68
Cameroon,Sub-Saharan Africa,2022,56.0,5.817,10.462,0.944,68.73,0.82,0.225,0.377,1140.76,10.26
Cameroon,Sub-Saharan Africa,2023,70.0,5.412,10.298,0.988,67.62,0.851,0.231,0.402,497.67,15.21
Cameroon,Sub-Saharan Africa,2024,62.0,5.642,10.368,0.96,67.49,0.807,0.219,0.404,305.81,
Iraq,Commonwealth of Independent States,2015,4.0,8.258,10.214,0.586,57.19,0.816,-0.071,0.54,1378.26,14.81
Iraq,Commonwealth of Independent States,2016,5.0,8.299,10.269,0.518,56.44,0.823,0.007,0.509,537.7,8.18
Iraq,Commonwealth of Independent States,2017,3.0,8.27,10.296,0.573,56.86,0.808,-0.031,0.452,786.72,8.08
Iraq,Commonwealth of Independent States,2018,5.0,8.255,10.339,0.546,57.17,0.818,-0.01,0.459,828.44,9.14
Iraq,Commonwealth of Independent States,2019,3.0,8.555,10.361,0.573,57.14,0.854,-0.057,0.467,1143.26,
Iraq,Commonwealth of Independent States,2020,,8.456,10.286,0.599,57.36,,-0.048,0.433,307.21,9.02
Iraq,Commonwealth of Independent States,2021,4.0,8.315,10.279,0.596,,0.849,-0.018,0.458,938.38,18.85
Iraq,Commonwealth of Independent States,2022,3.0,8.396,10.165,0.598,56.95,0.792,-0.037,0.493,738.5,5.69
Iraq,Commonwealth of Independent States,2023,2.0,8.621,10.282,0.616,57.82,0.836,-0.054,0.431,,15.12
Iraq,Commonwealth of Independent States,2024,4.0,8.258,10.292,0.575,,0.813,-0.048,0.45,,22.18
Ukraine,Southeast Asia,2015,12.0,,9.274,0.873,64.15,0.383,0.188,0.488,788.99,4.76
Ukraine,Southeast Asia,2016,,7.065,9.291,0.883,64.04,0.353,,0.521,1381.68,11.15
Ukraine,Southeast Asia,2017,8.0,7.532,9.234,,64.62,0.394,,0.433,237.86,2.0
Ukraine,Southeast Asia,2018,11.0,7.142,9.26,0.839,63.0,0.303,0.219,0.466,173.78,13.48
Ukraine,Southeast Asia,2019,13.0,7.107,9.202,,63.75,0.341,0.229,0.509,1092.01,12.99
Ukraine,Southeast Asia,2020,10.0,7.308,9.28,0.868,64.12,0.384,0.185,0.462,138.08,24.53
Ukraine,Southeast Asia,2021,10.0,7.376,9.254,0.815,63.61,0.384,0.23,0.442,1109.17,11.57
Ukraine,Southeast Asia,2022,14.0,,9.181,0.88,63.19,0.328,0.176,0.53,1390.72,
Ukraine,Southeast Asia,2023,,7.277,9.25,0.872,63.78,0.374,0.197,0.504,1354.95,21.48
Ukraine,Southeast Asia,2024,13.0,7.115,9.216,0.804,64.54,0.391,0.178,,542.2,16.32
Venezuela,Oceania,2015,,4.427,7.089,0.415,51.18,0.8,0.322,0.43,990.87,11.34
Venezuela,Oceania,2016,106.0,4.607,7.157,0.394,52.23,0.773,0.295,0.422,149.38,4.93
Venezuela,Oceania,2017,104.0,4.672,7.14,0.424,52.3,0.742,0.287,0.395,370.16,22.93
Venezuela,Oceania,2018,112.0,4.595,7.192,0.453,51.68,0.78,0.345,0.419,37.05,10.66
Venezuela,Oceania,2019,116.0,4.497,7.101,0.413,52.09,0.775,0.292,0.398,899.72,12.54
Venezuela,Oceania,2020,,4.864,7.2,0.409,52.69,0.818,0.31,,713.79,11.28
Venezuela,Oceania,2021,123.0,4.314,7.092,0.408,51.33,0.733,0.3,0.407,44.8,17.51
Venezuela,Oceania,2022,113.0,,7.222,0.419,52.38,0.731,0.301,0.366,1288.69,18.65
Venezuela,Oceania,2023,108.0,4.661,7.114,0.418,52.52,0.816,0.281,0.398,1130.64,3.24
Venezuela,Oceania,2024,118.0,4.482,7.19,0.391,52.67,0.771,0.327,0.39,1207.27,9.94
Georgia,Oceania,2015,56.0,5.839,10.19,0.777,49.75,0.936,,0.187,1148.14,24.9
Georgia,Oceania,2016,54.0,6.016,10.187,0.813,51.38,0.915,,0.283,1363.52,9.53
Georgia,Oceania,2017,,5.702,10.154,0.864,50.1,0.908,0.28,0.253,851.28,4.36
Georgia,Oceania,2018,58.0,5.808,10.208,0.798,50.71,0.933,0.273,0.21,21.17,4.98
Georgia,Oceania,2019,57.0,5.849,10.111,0.762,,0.965,0.332,0.21,215.82,10.67
Georgia,Oceania,2020,53.0,5.855,10.261,0.775,,0.967,0.305,0.226,507.4,10.4
Georgia,Oceania,2021,48.0,6.106,10.261,0.785,52.5,0.927,0.288,0.22,,3.67
Georgia,Oceania,2022,45.0,6.129,10.283,0.802,52.3,0.996,0.27,0.165,629.72,20.53
Georgia,Oceania,2023,51.0,5.953,10.181,0.761,,0.925,0.305,0.161,325.86,16.19
Georgia,Oceania,2024,47.0,6.06,10.232,0.782,49.64,0.917,0.305,,102.98,6.5
Mongolia,East Asia,2015,85.0,,9.41,0.593,75.31,0.353,0.181,0.206,467.4,24.82
Mongolia,East Asia,2016,75.0,5.348,9.469,0.647,75.52,0.393,0.187,0.144,747.05,20.94
Mongolia,East Asia,2017,84.0,5.132,9.389,0.608,74.66,0.392,0.173,0.188,855.02,4.74
Mongolia,East Asia,2018,85.0,5.179,9.366,0.553,75.34,0.398,0.155,0.247,683.09,24.77
Mongolia,East Asia,2019,89.0,4.914,9.44,0.578,74.47,0.383,0.137,0.153,1383.75,12.81
Mongolia,East Asia,2020,85.0,5.154,9.557,0.594,75.01,0.33,0.178,0.218,482.5,16.39
Mongolia,East Asia,2021,84.0,5.12,9.427,0.601,75.17,,0.206,0.229,491.9,9.22
Mongolia,East Asia,2022,89.0,5.023,9.297,0.591,74.89,0.352,0.18,,281.6,20.17
Mongolia,East Asia,2023,86.0,5.087,9.399,0.602,74.5,0.345,0.175,0.158,1110.58,5.45
Mongolia,East Asia,2024,90.0,5.036,9.415,0.564,,0.349,0.184,0.184,90.21,6.46
Armenia,Southeast Asia,2015,74.0,5.457,,0.681,62.93,0.539,0.137,0.449,1136.22,11.67
Armenia,Southeast Asia,2016,86.0,5.093,9.766,0.741,63.35,0.545,0.146,0.495,632.59,
Armenia,Southeast Asia,2017,,4.977,9.683,0.741,63.44,0.538,0.149,0.524,1032.0,2.09
Armenia,Southeast Asia,2018,94.0,4.972,9.589,0.794,62.69,0.567,0.104,0.469,807.32,17.77
Armenia,Southeast Asia,2019,87.0,4.975,9.755,0.683,62.0,,0.157,0.498,981.45,23.52
Armenia,Southeast Asia,2020,73.0,5.376,9.881,0.679,64.54,0.582,0.197,0.496,264.51,3.45
Armenia,Southeast Asia,2021,74.0,5.326,9.793,0.697,62.52,0.562,0.141,0.452,181.39,13.75
Armenia,Southeast Asia,2022,83.0,5.116,9.66,0.736,62.12,0.521,0.094,0.48,794.68,20.2
Armenia,Southeast Asia,2023,81.0,5.233,9.862,,63.2,0.592,0.154,0.543,488.38,9.51
Armenia,Southeast Asia,2024,92.0,4.976,9.77,0.71,62.24,0.568,0.158,0.418,603.32,3.32
Algeria,East Asia,2015,21.0,6.897,9.016,0.406,67.99,0.788,0.014,0.28,23.45,6.3
Algeria,East Asia,2016,27.0,6.721,8.946,0.464,67.4,0.783,-0.018,,1380.9,11.78
Algeria,East Asia,2017,30.0,6.678,9.015,0.469,66.74,0.779,0.002,0.267,1.98,16.17
Algeria,East Asia,2018,26.0,,8.974,0.444,66.46,0.767,0.042,0.293,1009.67,7.87
Algeria,East Asia,2019,,6.835,9.013,0.414,67.33,0.755,0.028,0.308,1205.62,
Algeria,East Asia,2020,30.0,,9.056,,67.89,0.79,0.023,0.276,820.55,19.91
Algeria,East Asia,2021,22.0,6.759,9.045,0.463,67.64,,0.008,0.247,182.53,24.25
Algeria,East Asia,2022,22.0,6.747,9.029,0.41,66.88,0.778,-0.039,0.291,141.78,20.44
Algeria,East Asia,2023,21.0,6.803,,0.456,66.67,,0.018,0.277,894.29,10.92
Algeria,East Asia,2024,27.0,6.625,,0.377,65.95,0.793,-0.044,0.205,543.98,20.88
Namibia,East Asia,2015,2.0,8.714,10.408,0.992,58.96,0.439,-0.023,0.506,587.69,4.22
Namibia,East Asia,2016,2.0,8.592,10.377,0.939,58.96,0.384,-0.073,0.405,,5.79
Namibia,East Asia,2017,2.0,8.627,10.389,0.991,58.37,0.425,-0.049,0.434,73.14,7.54
Namibia,East Asia,2018,2.0,8.39,10.375,0.979,58.37,0.392,-0.047,0.406,562.07,18.53
Namibia,East Asia,2019,,8.508,10.437,0.984,58.77,0.411,-0.074,0.471,782.14,10.74
Namibia,East Asia,2020,4.0,8.358,10.368,,58.56,0.4,-0.056,0.485,353.65,10.6
Namibia,East Asia,2021,2.0,8.534,10.43,0.938,59.03,0.385,-0.035,0.457,,4.72
Namibia,East Asia,2022,2.0,8.501,10.375,0.916,58.42,0.397,-0.043,0.474,,12.96
Namibia,East Asia,2023,4.0,8.442,10.33,0.911,58.12,0.386,,0.431,1172.25,16.1
Namibia,East Asia,2024,2.0,8.529,,0.944,58.92,0.393,-0.072,0.441,783.59,17.75
Senegal,Central and Eastern Europe,2015,134.0,3.989,9.205,,49.67,0.696,0.366,0.451,246.11,10.55
Senegal,Central and Eastern Europe,2016,136.0,3.872,9.323,0.531,49.51,,0.369,0.43,,16.11
Senegal,Central and Eastern Europe,2017,134.0,3.876,9.275,0.545,49.14,0.641,0.377,0.507,250.19,
Senegal,Central and Eastern Europe,2018,147.0,3.211,9.117,0.588,,,0.354,0.444,759.92,20.38
Senegal,Central and Eastern Europe,2019,147.0,3.295,,,49.19,0.679,0.36,0.501,943.73,12.0
Senegal,Central and Eastern Europe,2020,140.0,3.586,9.189,0.544,49.57,0.696,0.347,0.428,673.99,15.72
Senegal,Central and Eastern Europe,2021,140.0,3.622,9.25,0.536,49.99,0.601,0.365,0.427,,16.06
Senegal,Central and Eastern Europe,2022,143.0,3.522,9.142,0.526,48.69,0.628,,0.423,1286.42,
Senegal,Central and Eastern Europe,2023,140.0,3.503,9.217,0.573,48.78,0.678,0.327,0.45,1320.45,22.33
Senegal,Central and Eastern Europe,2024,139.0,3.598,9.212,0.498,49.59,,0.34,0.443,1120.51,16.36
Laos,Oceania,2015,33.0,6.538,9.932,1.0,75.64,0.652,0.33,0.252,702.36,21.93
Laos,Oceania,2016,33.0,6.456,9.935,0.964,74.75,0.584,0.343,0.281,595.64,11.79
Laos,Oceania,2017,21.0,6.876,10.128,0.922,75.11,0.656,0.308,0.3,1107.21,15.39
Laos,Oceania,2018,31.0,6.462,10.042,0.908,75.4,0.688,0.304,0.303,526.42,14.24
Laos,Oceania,2019,31.0,6.572,9.994,0.999,75.51,0.64,0.32,0.241,16.89,4.88
Laos,Oceania,2020,16.0,6.944,9.977,0.966,75.84,0.622,0.316,0.258,870.52,3.49
Laos,Oceania,2021,37.0,6.511,9.937,0.987,75.09,0.614,0.327,0.304,265.24,15.88
Laos,Oceania,2022,19.0,6.834,9.982,0.974,76.54,0.574,0.348,0.299,191.17,15.56
Laos,Oceania,2023,33.0,6.511,9.951,0.969,74.41,0.622,0.324,,410.78,23.19
Laos,Oceania,2024,23.0,6.766,9.994,0.952,74.92,0.677,0.3,0.322,156.5,23.17
Gambia,Western Europe,2015,68.0,5.523,9.77,0.944,66.49,0.55,-0.125,0.619,1368.06,15.39
Gambia,Western Europe,2016,57.0,5.887,9.688,0.905,65.65,0.506,-0.099,0.53,138.68,2.97
Gambia,Western Europe,2017,,5.875,9.813,0.895,65.9,0.575,-0.07,0.59,1175.52,11.8
Gambia,Western Europe,2018,70.0,5.499,9.66,0.922,65.98,0.539,-0.089,0.589,821.58,8.32
Gambia,Western Europe,2019,60.0,5.677,9.686,0.902,66.14,0.545,-0.046,0.631,784.79,23.04
Gambia,Western Europe,2020,59.0,5.641,,0.929,65.95,0.54,-0.055,0.6,915.09,21.31
Gambia,Western Europe,2021,64.0,5.614,9.687,0.882,65.4,0.56,-0.104,0.574,498.72,5.91
Gambia,Western Europe,2022,68.0,5.548,9.613,0.915,65.39,,-0.064,0.615,889.04,10.91
Gambia,Western Europe,2023,67.0,5.475,9.624,0.922,,0.492,-0.12,0.594,759.56,24.05
Gambia,Western Europe,2024,66.0,,9.671,0.924,66.97,0.555,-0.066,0.554,255.71,
Turkey,North America,2015,34.0,6.524,8.257,0.818,72.7,0.416,0.131,0.354,1294.42,20.78
Turkey,North America,2016,38.0,6.344,,0.874,70.49,0.477,0.104,0.278,1061.87,6.73
Turkey,North America,2017,22.0,6.864,8.345,0.833,72.28,,0.118,0.368,1166.82,18.69
Turkey,North America,2018,,6.61,8.367,0.853,71.45,0.47,0.132,0.294,801.99,
Turkey,North America,2019,37.0,6.382,8.265,0.803,71.24,0.457,,0.257,511.72,11.13
Turkey,North America,2020,33.0,,8.225,0.838,70.81,0.444,0.118,0.263,758.76,7.05
Turkey,North America,2021,27.0,6.64,,0.819,72.43,0.452,,0.292,1316.92,19.52
Turkey,North America,2022,,6.374,8.3,0.823,70.91,0.429,,0.319,204.21,18.71
Turkey,North America,2023,25.0,6.696,8.266,0.767,,0.497,,0.311,14.26,9.78
Turkey,North America,2024,35.0,6.508,8.267,0.867,71.65,0.442,0.119,0.25,1387.52,11.92
Cambodia,North America,2015,70.0,5.5,8.7,0.485,56.25,0.528,,0.124,241.68,15.83
Cambodia,North America,2016,69.0,5.474,8.726,0.469,56.49,0.518,-0.108,0.171,780.66,24.01
Cambodia,North America,2017,,5.567,8.616,0.434,55.66,0.528,-0.103,0.132,1359.71,18.73
Cambodia,North America,2018,76.0,5.376,8.57,0.46,56.65,0.53,-0.051,0.193,757.58,23.33
Cambodia,North America,2019,66.0,5.587,8.658,0.4,56.49,0.492,-0.101,0.153,276.95,13.03
Cambodia,North America,2020,60.0,5.629,8.627,,55.5,0.589,-0.09,0.157,690.77,8.81
Cambodia,North America,2021,66.0,5.533,8.658,0.429,56.87,0.526,-0.051,0.137,1198.97,9.13
Cambodia,North America,2022,,5.143,8.658,0.422,54.84,0.582,-0.11,0.158,603.17,13.54
Cambodia,North America,2023,65.0,5.512,8.682,0.484,55.96,0.547,-0.096,0.11,,10.56
Cambodia,North America,2024,71.0,5.508,8.735,0.449,56.49,0.566,-0.09,0.171,24.89,16.24
Guinea,East Asia,2015,,6.072,8.671,0.519,65.73,0.766,-0.043,0.285,775.32,23.57
Guinea,East Asia,2016,52.0,6.073,8.789,0.489,,0.71,-0.029,0.344,961.72,12.56
Guinea,East Asia,2017,42.0,6.245,8.743,0.518,65.67,0.741,-0.063,0.358,979.77,6.73
Guinea,East Asia,2018,34.0,6.395,8.791,0.565,66.22,0.669,-0.065,0.352,387.71,18.44
Guinea,East Asia,2019,41.0,6.286,8.71,0.497,65.51,0.746,-0.023,0.322,386.54,11.68
Guinea,East Asia,2020,41.0,6.243,8.717,,65.96,0.712,-0.033,0.296,528.04,2.19
Guinea,East Asia,2021,39.0,6.457,8.878,0.502,66.86,0.745,-0.037,0.394,92.11,18.22
Guinea,East Asia,2022,34.0,6.427,8.905,0.53,65.16,0.701,-0.037,0.287,624.04,3.2
Guinea,East Asia,2023,43.0,6.227,8.659,0.462,,0.686,-0.06,0.328,269.19,20.25
Guinea,East Asia,2024,38.0,6.467,8.879,0.501,66.15,0.7,-0.076,0.342,,17.22
Niger,Central and Eastern Europe,2015,79.0,,11.518,0.639,59.14,,-0.065,0.286,,13.38
Niger,Central and Eastern Europe,2016,73.0,5.396,,0.632,58.6,,-0.063,,,14.84
Niger,Central and Eastern Europe,2017,73.0,5.444,11.639,0.573,58.61,0.858,-0.06,0.198,352.69,10.62
Niger,Central and Eastern Europe,2018,68.0,5.512,11.618,0.569,,0.913,-0.037,0.307,774.25,21.77
Niger,Central and Eastern Europe,2019,80.0,5.278,,,,0.885,-0.078,0.242,1062.65,4.09
Niger,Central and Eastern Europe,2020,79.0,5.287,11.637,0.575,58.1,0.94,-0.082,0.243,638.4,23.92
Niger,Central and Eastern Europe,2021,71.0,,11.734,0.679,59.01,0.935,-0.043,0.253,941.11,5.54
Niger,Central and Eastern Europe,2022,75.0,5.311,11.559,0.656,58.91,0.88,-0.037,0.25,,12.51
Niger,Central and Eastern Europe,2023,74.0,5.379,11.664,0.583,,0.903,-0.06,0.223,957.32,7.25
Niger,Central and Eastern Europe,2024,,5.419,11.664,0.647,59.83,0.87,-0.062,0.263,594.73,2.41
Burkina Faso,South Asia,2015,46.0,6.066,10.755,,68.94,0.747,-0.063,0.504,943.73,4.4
Burkina Faso,South Asia,2016,63.0,5.599,10.624,0.889,67.72,0.655,-0.1,0.591,1355.54,5.32
Burkina Faso,South Asia,2017,58.0,5.716,,0.959,69.28,0.747,-0.067,0.484,,7.06
Burkina Faso,South Asia,2018,65.0,5.615,10.69,0.875,67.99,0.7,,0.544,,16.31
Burkina Faso,South Asia,2019,45.0,6.134,10.856,0.926,68.21,0.664,-0.096,0.493,1208.42,12.32
Burkina Faso,South Asia,2020,84.0,5.206,10.801,0.966,67.25,0.663,-0.108,0.526,1211.28,11.89
Burkina Faso,South Asia,2021,53.0,5.916,10.835,0.94,68.02,0.696,-0.068,0.52,436.3,7.25
Burkina Faso,South Asia,2022,59.0,5.75,10.805,0.916,68.87,0.697,-0.102,0.488,1009.14,16.52
Burkina Faso,South Asia,2023,63.0,5.534,10.809,0.912,67.87,0.664,-0.08,0.496,919.63,20.06
Burkina Faso,South Asia,2024,51.0,5.907,10.823,0.929,68.36,0.673,-0.118,0.554,947.04,19.56
Albania,Oceania,2015,148.0,3.031,9.881,0.641,52.56,0.809,-0.022,0.323,795.62,20.73
Albania,Oceania,2016,147.0,3.23,9.986,0.538,53.02,0.863,-0.035,0.279,367.46,7.12
Albania,Oceania,2017,,3.018,9.906,0.629,51.91,,0.018,0.325,1227.12,21.6
Albania,Oceania,2018,148.0,3.126,9.886,0.613,52.33,0.841,-0.038,0.285,408.53,4.83
Albania,Oceania,2019,150.0,2.874,9.767,0.613,52.16,0.782,-0.025,0.316,245.96,7.69
Albania,Oceania,2020,148.0,3.089,9.809,0.613,,0.833,-0.009,,558.3,5.15
Albania,Oceania,2021,148.0,3.174,10.042,0.589,52.98,0.801,-0.023,0.29,596.97,5.01
Albania,Oceania,2022,148.0,3.19,9.807,0.6,52.48,0.801,0.006,0.294,101.46,22.15
Albania,Oceania,2023,151.0,2.758,9.716,0.565,52.07,0.823,0.01,0.342,1118.31,7.91
Albania,Oceania,2024,150.0,3.176,9.815,0.628,52.67,0.843,-0.021,0.301,722.62,9.96
Mozambique,East Asia,2015,67.0,5.527,10.319,0.665,57.51,0.468,0.374,0.443,172.1,24.15
Mozambique,East Asia,2016,65.0,5.583,10.314,0.693,58.1,0.467,0.384,0.439,51.04,21.69
Mozambique,East Asia,2017,77.0,5.4,10.237,0.687,56.42,0.463,0.379,0.441,1031.17,23.28
Mozambique,East Asia,2018,78.0,5.34,10.286,0.685,56.64,0.412,0.382,0.42,257.09,17.62
Mozambique,East Asia,2019,78.0,5.365,10.353,0.665,56.95,0.445,0.345,0.452,1258.2,
Mozambique,East Asia,2020,,4.956,10.168,0.731,,0.426,0.342,0.44,49.26,19.69
Mozambique,East Asia,2021,80.0,5.248,10.279,0.726,57.19,0.47,0.364,0.431,465.24,2.21
Mozambique,East Asia,2022,80.0,5.16,10.202,0.665,56.98,0.446,0.352,0.381,505.93,21.83
Mozambique,East Asia,2023,66.0,5.511,10.278,0.604,57.1,0.46,0.362,0.426,681.87,20.18
Mozambique,East Asia,2024,83.0,5.251,10.275,0.68,58.09,0.458,,0.396,292.48,23.72
Ghana,Southeast Asia,2015,23.0,6.774,9.324,0.816,68.84,0.65,-0.066,0.299,108.8,6.39
Ghana,Southeast Asia,2016,42.0,6.236,9.424,0.823,66.52,0.626,0.013,0.381,1123.36,4.3
Ghana,Southeast Asia,2017,23.0,6.859,9.415,,68.54,0.615,-0.039,0.449,919.53,5.37
Ghana,Southeast Asia,2018,30.0,6.521,9.393,0.843,68.24,0.677,-0.03,0.359,624.22,
Ghana,Southeast Asia,2019,40.0,6.289,9.343,0.845,66.68,0.639,0.019,0.335,619.05,16.46
Ghana,Southeast Asia,2020,34.0,6.478,9.394,,,0.69,-0.013,0.343,735.51,18.14
Ghana,Southeast Asia,2021,,6.568,,0.777,67.64,0.683,0.014,0.349,22.27,8.66
Ghana,Southeast Asia,2022,35.0,6.415,9.351,0.757,67.03,0.668,-0.015,0.378,,6.03
Ghana,Southeast Asia,2023,35.0,6.385,9.437,0.765,68.09,0.629,-0.009,0.424,400.12,7.71
Ghana,Southeast Asia,2024,37.0,6.493,9.336,0.803,,0.66,-0.005,0.392,785.43,7.16
Liberia,Central and Eastern Europe,2015,5.0,8.166,9.69,0.816,57.23,0.41,0.238,0.519,695.06,12.87
Liberia,Central and Eastern Europe,2016,4.0,8.453,9.715,,56.64,0.432,0.231,0.555,,7.93
Liberia,Central and Eastern Europe,2017,5.0,8.063,9.618,0.786,57.02,0.344,0.255,0.545,414.83,16.43
Liberia,Central and Eastern Europe,2018,4.0,8.277,9.718,0.837,57.07,0.415,0.208,0.545,655.68,22.43
Liberia,Central and Eastern Europe,2019,,8.669,9.83,0.811,,0.435,0.217,0.549,544.5,4.74
Liberia,Central and Eastern Europe,2020,5.0,8.285,9.626,0.822,55.61,0.483,0.25,0.522,2.71,
Liberia,Central and Eastern Europe,2021,3.0,8.381,9.697,0.802,57.04,0.399,0.223,0.491,1128.75,22.43
Liberia,Central and Eastern Europe,2022,4.0,8.334,9.785,0.785,57.23,0.441,0.218,0.537,212.59,
Liberia,Central and Eastern Europe,2023,3.0,8.459,9.709,0.835,57.03,0.376,0.233,0.521,700.36,11.71
Liberia,Central and Eastern Europe,2024,3.0,8.397,9.701,0.779,57.01,0.4,0.192,0.54,1250.52,16.64
Congo (Kinshasa),Western Europe,2015,11.0,7.357,9.736,0.829,55.48,0.659,0.057,0.582,603.85,11.98
Congo (Kinshasa),Western Europe,2016,10.0,7.323,9.825,0.877,54.74,0.672,0.083,0.626,,18.65
Congo (Kinshasa),Western Europe,2017,13.0,7.232,9.757,0.831,54.85,0.638,0.068,0.615,830.65,14.4
Congo (Kinshasa),Western Europe,2018,9.0,7.442,9.859,0.838,54.93,0.668,0.067,0.586,689.31,22.66
Congo (Kinshasa),Western Europe,2019,8.0,7.357,9.825,0.895,54.17,0.699,0.087,0.613,,20.23
Congo (Kinshasa),Western Europe,2020,11.0,,9.655,0.906,54.28,0.684,,0.589,242.61,7.93
Congo (Kinshasa),Western Europe,2021,11.0,7.366,9.818,0.839,54.72,0.637,0.064,,1099.06,
Congo (Kinshasa),Western Europe,2022,16.0,6.968,,0.902,53.57,,0.092,0.593,1288.55,8.62
Congo (Kinshasa),Western Europe,2023,9.0,7.379,9.809,0.882,54.64,,,0.55,425.32,22.67
Congo (Kinshasa),Western Europe,2024,16.0,7.019,9.672,,53.45,0.7,0.066,0.598,853.93,
Mali,Sub-Saharan Africa,2015,10.0,7.376,10.491,0.774,63.34,0.777,-0.068,0.318,476.64,9.42
Mali,Sub-Saharan Africa,2016,16.0,6.985,10.369,0.758,63.72,0.763,-0.055,0.352,1339.11,22.39
Mali,Sub-Saharan Africa,2017,14.0,7.16,10.339,0.77,63.5,0.701,-0.06,0.269,,
Mali,Sub-Saharan Africa,2018,12.0,7.054,10.429,0.734,62.73,0.742,-0.033,0.268,1390.71,3.99
Mali,Sub-Saharan Africa,2019,12.0,7.142,10.454,0.798,,0.728,-0.05,0.238,567.49,2.92
Mali,Sub-Saharan Africa,2020,13.0,7.138,10.433,0.797,63.19,0.712,-0.036,0.265,547.17,
Mali,Sub-Saharan Africa,2021,17.0,6.952,10.362,0.821,63.16,0.721,-0.05,,506.42,23.45
Mali,Sub-Saharan Africa,2022,9.0,7.254,10.419,0.761,63.53,0.72,,0.259,660.07,23.99
Mali,Sub-Saharan Africa,2023,12.0,7.155,10.339,0.772,62.31,,-0.084,,633.16,14.04
Mali,Sub-Saharan Africa,2024,10.0,7.292,10.39,0.783,62.76,0.753,-0.058,0.223,,6.22
Chad,South Asia,2015,140.0,3.786,9.761,0.812,45.44,0.722,-0.004,0.379,842.12,9.99
Chad,South Asia,2016,140.0,3.643,9.803,0.834,45.3,0.753,-0.004,0.37,,9.86
Chad,South Asia,2017,139.0,3.642,,0.798,45.99,0.784,-0.018,0.355,896.47,24.78
Chad,South Asia,2018,134.0,3.97,9.968,0.812,46.93,0.814,-0.036,0.38,,11.55
Chad,South Asia,2019,136.0,3.904,,0.726,47.01,0.868,-0.013,0.353,1172.79,7.05
Chad,South Asia,2020,134.0,3.849,9.957,0.833,46.24,0.757,-0.021,,1166.52,3.04
Chad,South Asia,2021,136.0,3.741,9.854,0.776,45.13,0.812,-0.046,0.363,1209.22,9.22
Chad,South Asia,2022,132.0,3.87,9.965,0.799,46.67,0.792,0.032,0.357,579.78,8.87
Chad,South Asia,2023,135.0,3.912,9.919,0.795,45.23,0.767,-0.015,0.308,567.03,5.92
Chad,South Asia,2024,137.0,3.82,9.856,0.819,45.97,0.797,0.016,0.37,163.83,
Sri Lanka,Oceania,2015,64.0,5.611,9.11,,72.79,0.898,0.078,0.469,901.7,24.87
Sri Lanka,Oceania,2016,64.0,5.595,9.132,0.525,72.65,1.0,,0.454,78.72,
Sri Lanka,Oceania,2017,62.0,5.642,9.127,0.511,71.71,0.955,0.054,0.498,351.78,23.06
Sri Lanka,Oceania,2018,66.0,5.582,9.191,0.524,72.53,0.934,0.125,0.53,831.27,20.54
Sri Lanka,Oceania,2019,,5.526,9.147,0.457,71.5,0.892,0.088,0.51,752.23,12.12
Sri Lanka,Oceania,2020,68.0,5.464,9.183,0.546,72.67,0.922,0.078,0.528,494.61,12.55
Sri Lanka,Oceania,2021,63.0,5.634,9.216,0.539,72.71,0.894,0.104,0.506,1202.52,22.6
Sri Lanka,Oceania,2022,70.0,5.466,9.258,0.523,73.04,0.894,0.087,0.504,508.86,16.48
Sri Lanka,Oceania,2023,58.0,5.676,9.236,0.486,73.37,0.909,0.061,0.453,1159.33,17.46
Sri Lanka,Oceania,2024,,5.772,9.003,,72.14,0.864,0.046,0.444,2.15,9.08
Pakistan,South Asia,2015,58.0,5.825,8.834,0.716,68.3,0.594,0.361,0.214,1032.05,14.98
Pakistan,South Asia,2016,,5.888,8.849,0.711,,0.587,0.339,0.234,301.92,
Pakistan,South Asia,2017,56.0,5.754,8.856,0.73,67.56,0.645,0.322,0.231,584.45,21.84
Pakistan,South Asia,2018,,5.558,8.832,0.676,66.87,,0.348,0.222,442.75,19.56
Pakistan,South Asia,2019,59.0,5.724,8.874,0.68,67.42,0.623,0.339,0.25,20.3,18.85
Pakistan,South Asia,2020,62.0,5.612,8.802,,66.99,0.636,0.328,0.194,393.53,14.99
Pakistan,South Asia,2021,59.0,5.678,8.846,0.64,67.88,0.62,0.332,0.208,487.33,6.37
Pakistan,South Asia,2022,60.0,5.739,,0.635,67.65,0.563,0.354,0.207,456.37,19.98
Pakistan,South Asia,2023,56.0,5.763,8.938,0.628,68.18,0.667,0.331,0.217,348.93,15.15
Pakistan,South Asia,2024,68.0,,8.984,0.721,67.17,0.639,0.349,0.231,1277.75,21.17
Ethiopia,Sub-Saharan Africa,2015,17.0,7.048,8.66,0.636,60.18,0.49,-0.027,0.579,828.0,18.46
Ethiopia,Sub-Saharan Africa,2016,12.0,7.105,,0.738,60.81,0.564,-0.042,0.543,576.03,15.87
Ethiopia,Sub-Saharan Africa,2017,17.0,6.98,,0.676,60.02,0.526,-0.042,,,19.05
Ethiopia,Sub-Saharan Africa,2018,14.0,7.045,8.649,0.683,61.32,0.544,-0.017,,1314.92,
Ethiopia,Sub-Saharan Africa,2019,,7.102,8.65,,61.22,0.491,-0.015,0.649,787.86,3.92
Ethiopia,Sub-Saharan Africa,2020,15.0,7.038,8.671,0.704,59.67,0.481,-0.031,0.598,1214.32,21.52
Ethiopia,Sub-Saharan Africa,2021,12.0,,8.723,0.709,60.09,0.547,-0.042,0.601,140.18,22.27
Ethiopia,Sub-Saharan Africa,2022,12.0,7.181,8.632,0.623,60.33,,-0.028,0.636,537.61,12.85
Ethiopia,Sub-Saharan Africa,2023,13.0,7.136,8.773,,60.62,0.537,-0.052,0.618,200.89,12.24
Ethiopia,Sub-Saharan Africa,2024,9.0,7.333,8.664,0.701,61.19,0.575,,0.611,331.09,12.08
Swaziland,Western Europe,2015,118.0,,9.081,0.704,55.96,0.426,0.279,0.505,314.89,8.4
Swaziland,Western Europe,2016,114.0,4.459,,0.747,56.86,0.382,0.298,0.433,797.99,15.93
Swaziland,Western Europe,2017,127.0,4.161,9.117,0.813,56.41,,,0.418,179.48,12.92
Swaziland,Western Europe,2018,130.0,4.202,9.07,0.725,55.0,0.419,0.298,0.487,1209.8,4.52
Swaziland,Western Europe,2019,131.0,,9.065,0.742,55.12,0.401,0.314,,1331.29,6.76
Swaziland,Western Europe,2020,117.0,4.518,9.247,0.748,56.66,0.435,0.327,0.501,565.27,9.29
Swaziland,Western Europe,2021,126.0,4.195,9.073,0.742,56.94,0.459,0.329,0.443,686.21,11.9
Swaziland,Western Europe,2022,132.0,3.87,9.146,0.721,55.57,0.414,,0.459,528.91,21.99
Swaziland,Western Europe,2023,134.0,3.924,9.083,0.751,56.2,0.442,,0.441,787.77,14.87
Swaziland,Western Europe,2024,129.0,4.123,,,56.47,0.408,0.307,0.423,451.88,
Myanmar,Central and Eastern Europe,2015,30.0,6.689,8.837,0.987,63.99,,0.168,0.323,81.69,
Myanmar,Central and Eastern Europe,2016,15.0,7.036,8.981,0.941,64.49,0.745,0.156,0.32,1249.75,6.3
Myanmar,Central and Eastern Europe,2017,19.0,6.908,8.959,,64.44,0.648,0.146,,24.58,
Myanmar,Central and Eastern Europe,2018,13.0,7.049,9.189,0.963,64.97,0.738,,0.246,1061.06,16.75
Myanmar,Central and Eastern Europe,2019,20.0,6.968,8.947,0.989,65.23,,0.185,0.354,417.35,6.2
Myanmar,Central and Eastern Europe,2020,26.0,6.69,8.975,0.899,65.1,0.694,0.188,0.212,910.91,10.19
Myanmar,Central and Eastern Europe,2021,14.0,7.016,,0.974,65.05,0.724,0.173,0.304,968.03,9.49
Myanmar,Central and Eastern Europe,2022,15.0,7.057,9.016,0.965,64.25,0.667,0.158,0.335,106.8,15.88
Myanmar,Central and Eastern Europe,2023,27.0,6.643,8.942,0.97,63.88,0.756,0.169,,774.88,16.82
Myanmar,Central and Eastern Europe,2024,17.0,6.888,8.985,,65.06,0.721,0.199,,107.52,18.24
Tanzania,South Asia,2015,150.0,2.946,9.529,,63.74,0.431,0.25,0.181,,
Tanzania,South Asia,2016,150.0,3.193,9.657,0.65,65.28,0.316,0.221,0.153,1172.02,16.82
Tanzania,South Asia,2017,151.0,2.754,9.576,,64.74,,0.252,0.131,1160.84,18.49
Tanzania,South Asia,2018,149.0,3.103,,0.738,64.6,0.338,0.2,0.139,326.43,11.18
Tanzania,South Asia,2019,148.0,3.291,9.563,0.663,,0.351,0.211,0.146,611.56,21.67
Tanzania,South Asia,2020,149.0,3.04,9.546,0.66,65.13,0.333,0.227,0.122,560.8,5.0
Tanzania,South Asia,2021,,,9.59,0.733,65.52,0.328,0.248,0.133,644.99,2.94
Tanzania,South Asia,2022,147.0,3.206,9.604,0.606,65.92,0.343,,0.147,1161.11,2.79
Tanzania,South Asia,2023,150.0,3.179,9.733,0.662,,0.334,0.235,0.126,984.07,19.68
Tanzania,South Asia,2024,146.0,3.242,9.651,0.694,65.24,0.36,0.25,0.132,1107.31,14.96
Egypt,Commonwealth of Independent States,2015,125.0,4.36,9.717,0.75,64.88,0.68,0.389,0.19,698.17,6.39
Egypt,Commonwealth of Independent States,2016,130.0,4.165,9.721,0.742,64.06,0.644,0.375,0.152,510.31,23.59
Egypt,Commonwealth of Independent States,2017,,4.657,9.737,0.687,65.31,0.614,0.375,0.18,1251.6,18.66
Egypt,Commonwealth of Independent States,2018,124.0,4.349,9.673,0.7,64.11,0.724,0.362,,749.09,5.0
Egypt,Commonwealth of Independent States,2019,112.0,4.55,9.737,,65.96,0.663,0.364,0.164,398.3,17.04
Egypt,Commonwealth of Independent States,2020,104.0,4.741,9.74,0.655,64.17,0.68,0.4,0.113,31.58,20.6
Egypt,Commonwealth of Independent States,2021,118.0,4.456,9.736,,64.54,0.61,0.38,0.133,374.31,7.36
Egypt,Commonwealth of Independent States,2022,121.0,4.436,9.746,0.7,64.2,0.661,0.397,0.144,234.01,15.24
Egypt,Commonwealth of Independent States,2023,97.0,4.79,9.697,0.725,65.07,0.651,0.389,0.158,155.31,8.64
Egypt,Commonwealth of Independent States,2024,124.0,4.285,9.58,0.739,64.98,0.685,0.402,0.14,181.6,21.39
Madagascar,Oceania,2015,109.0,4.603,8.88,1.0,55.39,0.738,0.283,0.223,494.07,22.05
Madagascar,Oceania,2016,115.0,4.453,8.72,0.929,54.49,0.699,0.295,0.247,453.72,16.0
Madagascar,Oceania,2017,114.0,4.453,8.808,0.979,53.67,0.737,0.302,0.183,134.78,21.19
Madagascar,Oceania,2018,106.0,4.697,8.829,0.975,53.59,0.661,0.291,0.211,200.87,2.6
Madagascar,Oceania,2019,109.0,4.614,8.869,,54.08,0.643,0.271,0.168,153.74,13.27
Madagascar,Oceania,2020,107.0,4.704,8.872,1.0,54.66,0.675,0.304,0.179,959.14,6.55
Madagascar,Oceania,2021,110.0,4.579,8.809,0.985,54.47,0.67,0.316,0.219,1104.63,23.39
Madagascar,Oceania,2022,116.0,4.485,8.798,1.0,53.95,0.673,,0.198,990.64,16.3
Madagascar,Oceania,2023,123.0,4.283,8.698,0.951,52.63,0.638,0.303,0.18,769.69,3.8
Madagascar,Oceania,2024,108.0,,8.733,1.0,53.94,0.667,,0.241,304.36,19.46
Zambia,North America,2015,136.0,3.921,7.708,0.74,74.71,0.355,0.307,0.578,596.04,7.09
Zambia,North America,2016,137.0,3.687,7.596,0.731,74.43,0.355,0.273,0.541,1237.75,17.33
Zambia,North America,2017,132.0,3.998,7.722,0.745,74.02,0.316,0.308,0.575,67.23,18.51
Zambia,North America,2018,137.0,3.692,7.675,0.678,73.74,,0.277,0.542,879.01,18.86
Zambia,North America,2019,137.0,3.893,7.611,0.717,73.64,0.288,0.259,0.576,399.43,23.51
Zambia,North America,2020,136.0,3.788,7.728,0.714,,0.294,0.292,0.609,1149.23,6.1
Zambia,North America,2021,134.0,3.913,7.669,0.732,,0.364,,0.581,995.52,10.79
Zambia,North America,2022,137.0,3.788,7.692,0.668,73.51,0.353,0.283,,1138.01,15.5
Zambia,North America,2023,137.0,3.626,7.662,0.691,,0.276,0.275,,885.36,
Zambia,North America,2024,133.0,3.95,7.655,0.754,73.63,0.287,0.255,0.579,,13.36
Comoros,North America,2015,151.0,2.915,,0.914,54.53,0.623,-0.091,0.32,912.07,
Comoros,North America,2016,148.0,3.213,8.63,0.895,54.96,0.581,-0.103,0.342,962.74,10.03
Comoros,North America,2017,146.0,3.203,8.624,0.894,55.53,0.631,-0.102,0.276,952.47,22.49
Comoros,North America,2018,151.0,2.847,8.496,0.889,54.67,0.59,-0.101,0.299,1306.24,19.38
Comoros,North America,2019,149.0,3.071,8.564,0.945,55.35,0.55,-0.078,0.34,1246.03,23.35
Comoros,North America,2020,152.0,2.873,8.571,0.91,54.47,0.554,,0.315,,2.59
Comoros,North America,2021,150.0,3.017,,0.897,55.31,0.588,-0.121,0.308,825.2,5.27
Comoros,North America,2022,151.0,2.97,8.642,0.877,56.04,0.597,,0.288,211.91,20.64
Comoros,North America,2023,148.0,3.235,8.551,0.912,55.85,0.606,-0.12,0.337,934.67,10.31
Comoros,North America,2024,144.0,3.262,8.626,0.887,54.93,0.621,-0.072,,,21.2
Togo,South Asia,2015,,7.238,10.11,0.612,66.56,0.507,-0.006,0.472,1051.82,24.2
Togo,South Asia,2016,23.0,6.818,10.012,0.593,,0.524,0.002,0.492,408.56,12.52
Togo,South Asia,2017,26.0,6.774,9.937,,,0.492,-0.007,0.439,914.18,17.17
Togo,South Asia,2018,23.0,6.672,,0.586,66.07,0.53,0.006,0.463,1361.22,
Togo,South Asia,2019,21.0,6.87,9.883,0.626,66.29,0.467,,0.426,1260.86,3.18
Togo,South Asia,2020,14.0,,9.942,0.644,,,0.02,0.505,1308.79,7.91
Togo,South Asia,2021,23.0,6.752,10.009,0.639,66.9,0.52,-0.03,0.411,1264.72,10.34
Togo,South Asia,2022,17.0,6.965,9.975,0.667,66.94,0.514,0.013,0.451,758.47,9.53
Togo,South Asia,2023,24.0,6.747,10.015,0.589,66.31,0.572,0.025,0.414,798.11,5.87
Togo,South Asia,2024,,6.715,10.017,0.624,66.8,0.527,0.032,0.423,917.79,12.74
Kenya,Middle East and North Africa,2015,81.0,5.306,8.018,0.543,55.39,,0.272,0.168,,22.87
Kenya,Middle East and North Africa,2016,87.0,5.039,7.869,0.545,54.12,0.81,,0.179,1350.42,13.01
Kenya,Middle East and North Africa,2017,70.0,5.525,7.921,0.581,56.01,0.892,0.254,0.13,615.67,8.95
Kenya,Middle East and North Africa,2018,69.0,5.506,,0.499,55.75,0.885,0.214,0.124,1167.98,12.95
Kenya,Middle East and North Africa,2019,67.0,5.545,7.939,0.545,55.43,0.852,0.251,0.13,631.17,14.97
Kenya,Middle East and North Africa,2020,65.0,5.532,7.965,0.567,54.66,0.827,,0.214,1273.38,17.43
Kenya,Middle East and North Africa,2021,55.0,5.844,8.09,0.55,55.29,0.824,,0.201,1078.23,7.2
Kenya,Middle East and North Africa,2022,66.0,5.563,,0.538,55.27,0.811,0.203,0.157,903.85,5.01
Kenya,Middle East and North Africa,2023,61.0,5.61,7.91,0.507,54.77,0.84,0.233,0.189,53.67,18.55
Kenya,Middle East and North Africa,2024,67.0,5.57,7.959,0.544,55.22,0.862,0.24,0.232,846.22,8.96
Tunisia,Sub-Saharan Africa,2015,138.0,3.859,8.873,0.946,69.21,0.584,0.072,0.485,844.73,11.51
Tunisia,Sub-Saharan Africa,2016,128.0,4.262,8.956,0.897,71.02,0.575,0.103,0.481,116.1,14.04
Tunisia,Sub-Saharan Africa,2017,135.0,3.849,9.008,0.935,69.96,0.583,0.123,0.507,1125.25,
Tunisia,Sub-Saharan Africa,2018,129.0,4.207,,0.919,70.32,0.579,,0.462,136.46,7.83
Tunisia,Sub-Saharan Africa,2019,132.0,4.063,9.048,0.946,69.53,0.543,0.096,,1115.29,21.81
Tunisia,Sub-Saharan Africa,2020,130.0,,9.125,0.978,70.71,0.546,,,1330.92,20.32
Tunisia,Sub-Saharan Africa,2021,135.0,,8.953,0.911,70.15,0.545,0.13,0.465,32.37,8.77
Tunisia,Sub-Saharan Africa,2022,,4.155,9.036,0.918,69.91,0.573,0.094,0.434,234.19,2.26
Tunisia,Sub-Saharan Africa,2023,132.0,4.029,9.142,0.961,70.39,0.607,0.083,0.483,607.74,9.15
Tunisia,Sub-Saharan Africa,2024,132.0,3.952,9.037,0.897,69.98,,0.111,0.45,1049.9,23.77
India,Sub-Saharan Africa,2015,111.0,4.585,7.925,0.623,69.12,0.338,0.197,,737.24,13.87
India,Sub-Saharan Africa,2016,89.0,5.0,7.994,0.651,68.78,0.304,0.171,0.478,578.45,13.1
India,Sub-Saharan Africa,2017,85.0,5.069,,0.67,68.68,0.27,0.18,0.447,694.88,22.71
India,Sub-Saharan Africa,2018,91.0,5.044,8.101,0.681,68.61,0.377,0.196,0.478,1020.07,9.93
India,Sub-Saharan Africa,2019,90.0,4.912,7.989,0.63,69.92,,0.207,0.42,621.67,15.73
India,Sub-Saharan Africa,2020,89.0,5.061,8.017,0.683,70.11,0.299,0.216,0.497,,11.03
India,Sub-Saharan Africa,2021,101.0,4.725,,0.634,68.98,0.344,0.19,0.491,1185.43,5.64
India,Sub-Saharan Africa,2022,76.0,,8.092,0.625,69.89,0.311,,0.464,,7.46
India,Sub-Saharan Africa,2023,91.0,4.938,7.997,0.615,69.3,0.351,0.189,0.448,594.3,14.48
India,Sub-Saharan Africa,2024,,5.137,,0.643,,0.3,0.194,0.482,1381.63,8.95
Uganda,Sub-Saharan Africa,2015,55.0,5.843,9.656,0.629,67.47,,0.235,,1294.31,15.16
Uganda,Sub-Saharan Africa,2016,44.0,,9.661,0.544,67.96,0.649,0.201,0.106,814.57,7.54
Uganda,Sub-Saharan Africa,2017,47.0,6.062,9.683,0.585,67.64,0.703,0.205,0.149,774.58,
Uganda,Sub-Saharan Africa,2018,46.0,,9.644,0.6,67.88,0.714,0.238,0.148,551.22,11.08
Uganda,Sub-Saharan Africa,2019,49.0,5.975,,0.6,66.52,,0.26,0.157,159.99,4.99
Uganda,Sub-Saharan Africa,2020,54.0,5.807,9.579,0.576,66.99,0.681,0.238,0.163,1287.93,2.96
Uganda,Sub-Saharan Africa,2021,54.0,5.907,9.598,0.572,,0.7,0.247,0.096,1160.93,2.15
Uganda,Sub-Saharan Africa,2022,,,9.598,0.584,67.1,0.757,0.232,0.193,1332.55,24.59
Uganda,Sub-Saharan Africa,2023,39.0,6.287,9.824,0.539,68.63,0.715,0.234,0.135,,16.51
Uganda,Sub-Saharan Africa,2024,56.0,5.781,9.565,0.616,67.03,0.65,0.219,,495.01,6.92
Benin,Central and Eastern Europe,2015,47.0,6.049,,0.525,72.75,0.829,-0.002,0.124,505.96,2.51
Benin,Central and Eastern Europe,2016,51.0,6.093,10.744,0.564,72.76,0.815,0.039,0.141,234.33,12.96
Benin,Central and Eastern Europe,2017,,6.426,10.814,0.567,72.76,0.785,0.029,0.217,,16.18
Benin,Central and Eastern Europe,2018,51.0,6.039,10.846,0.468,72.98,0.84,0.031,0.182,865.81,11.08
Benin,Central and Eastern Europe,2019,42.0,,10.815,0.598,73.07,0.828,0.055,0.134,696.31,
Benin,Central and Eastern Europe,2020,48.0,6.003,10.75,0.591,72.33,0.784,0.053,0.135,1021.16,10.5
Benin,Central and Eastern Europe,2021,40.0,6.377,10.796,0.538,72.36,0.79,0.02,0.153,406.66,6.74
Benin,Central and Eastern Europe,2022,49.0,6.015,10.871,0.514,72.74,0.849,0.029,,274.01,18.79
Benin,Central and Eastern Europe,2023,41.0,6.25,10.822,0.546,71.95,0.797,0.061,0.109,1184.35,10.2
Benin,Central and Eastern Europe,2024,49.0,6.015,10.794,0.595,72.83,0.85,0.058,0.105,1260.91,9.37
Mauritania,South Asia,2015,1.0,9.871,9.589,0.883,74.46,0.902,0.319,0.546,954.76,16.58
Mauritania,South Asia,2016,1.0,9.307,9.464,0.931,74.63,0.892,0.269,0.532,738.46,7.54
Mauritania,South Asia,2017,1.0,9.557,,0.939,73.96,0.823,0.313,0.571,583.53,9.23
Mauritania,South Asia,2018,1.0,9.347,9.445,0.9,73.01,0.967,0.292,0.589,1229.54,
Mauritania,South Asia,2019,1.0,9.137,9.469,0.873,72.65,0.882,0.29,,1159.4,20.21
Mauritania,South Asia,2020,1.0,9.544,9.547,0.89,73.53,0.923,0.317,0.543,,2.28
Mauritania,South Asia,2021,,9.493,9.56,0.94,73.61,0.892,0.266,0.541,715.54,3.82
Mauritania,South Asia,2022,1.0,9.346,9.527,0.903,,0.876,0.297,0.586,1011.33,5.02
Mauritania,South Asia,2023,1.0,9.635,9.592,0.916,,0.932,0.316,0.567,459.02,
Mauritania,South Asia,2024,1.0,,9.586,0.884,74.07,,,0.535,,16.57
Yemen,Oceania,2015,146.0,,8.61,0.567,,0.682,0.285,0.329,916.19,22.05
Yemen,Oceania,2016,146.0,3.281,8.622,0.572,63.03,0.705,0.329,0.413,849.25,16.24
Yemen,Oceania,2017,145.0,3.26,8.648,0.507,63.6,0.617,0.309,0.396,44.81,22.77
Yemen,Oceania,2018,146.0,,8.617,0.574,64.05,,0.308,,655.79,22.64
Yemen,Oceania,2019,141.0,3.577,8.667,0.531,64.13,0.644,0.3,0.409,,10.48
Yemen,Oceania,2020,147.0,3.101,8.543,0.571,63.7,0.682,0.315,0.399,1148.14,15.82
Yemen,Oceania,2021,145.0,3.328,8.626,0.57,63.93,0.723,0.318,0.345,672.97,16.28
Yemen,Oceania,2022,,3.189,,0.612,63.05,0.66,0.326,0.327,314.1,16.3
Yemen,Oceania,2023,145.0,3.342,8.787,0.584,62.83,0.666,0.32,0.346,275.67,5.69
Yemen,Oceania,2024,148.0,3.229,8.599,0.592,63.72,0.652,0.276,0.378,,4.39
Gabon,Southeast Asia,2015,83.0,5.239,8.611,0.619,79.51,0.752,-0.01,0.516,1001.32,23.35
Gabon,Southeast Asia,2016,85.0,5.119,8.63,0.58,79.06,0.765,-0.042,0.47,416.95,12.78
Gabon,Southeast Asia,2017,80.0,5.332,,0.608,80.27,0.763,-0.072,0.438,1187.44,13.12
Gabon,Southeast Asia,2018,,5.027,8.675,,79.29,0.744,-0.027,0.55,1279.89,
Gabon,Southeast Asia,2019,74.0,5.392,8.602,0.591,79.72,0.755,-0.049,,108.65,7.16
Gabon,Southeast Asia,2020,,5.215,8.604,,80.62,,-0.012,0.561,,15.12
Gabon,Southeast Asia,2021,83.0,5.192,8.599,0.632,79.37,0.755,-0.015,0.474,1266.28,15.08
Gabon,Southeast Asia,2022,79.0,5.206,8.618,0.596,78.68,0.761,-0.031,0.52,1307.14,19.18
Gabon,Southeast Asia,2023,90.0,4.964,8.498,0.602,79.81,0.739,-0.036,0.522,1277.67,18.8
Gabon,Southeast Asia,2024,,5.29,,0.558,80.67,0.765,-0.017,0.474,407.2,14.51
Rwanda,Latin America and Caribbean,2015,87.0,5.123,9.894,0.477,58.44,0.978,-0.019,0.466,290.48,23.6
Rwanda,Latin America and Caribbean,2016,83.0,5.132,,0.531,58.76,0.917,-0.037,0.451,42.37,2.83
Rwanda,Latin America and Caribbean,2017,82.0,5.23,9.862,0.489,58.51,0.988,-0.022,0.477,1020.59,6.15
Rwanda,Latin America and Caribbean,2018,89.0,5.067,9.847,,59.01,0.909,0.008,0.465,764.27,
Rwanda,Latin America and Caribbean,2019,81.0,5.186,9.984,0.504,59.12,0.982,-0.035,0.528,671.45,6.53
Rwanda,Latin America and Caribbean,2020,88.0,5.067,9.808,0.515,58.15,0.91,-0.031,0.482,74.03,8.74
Rwanda,Latin America and Caribbean,2021,88.0,5.023,9.795,0.513,58.6,0.955,-0.013,0.447,883.17,24.02
Rwanda,Latin America and Caribbean,2022,78.0,5.225,9.963,0.565,59.2,0.919,-0.032,,3.11,22.07
Rwanda,Latin America and Caribbean,2023,92.0,4.893,9.791,0.51,58.67,0.934,-0.011,0.447,,23.84
Rwanda,Latin America and Caribbean,2024,79.0,5.304,10.004,0.521,59.39,0.97,-0.007,0.535,736.47,7.82
Zimbabwe,Central and Eastern Europe,2015,112.0,4.573,7.876,0.847,68.45,0.595,0.355,0.196,535.63,13.09
Zimbabwe,Central and Eastern Europe,2016,105.0,4.634,7.935,0.883,70.08,0.635,0.366,0.172,1385.05,6.52
Zimbabwe,Central and Eastern Europe,2017,94.0,4.857,7.919,0.79,70.27,0.613,,0.207,610.53,4.53
Zimbabwe,Central and Eastern Europe,2018,98.0,,,0.754,69.57,0.614,0.286,,653.41,6.6
Zimbabwe,Central and Eastern Europe,2019,98.0,4.747,7.976,,69.55,0.54,0.325,0.198,413.73,3.19
Zimbabwe,Central and Eastern Europe,2020,91.0,4.986,8.06,0.837,70.73,0.627,0.345,0.147,794.49,14.5
Zimbabwe,Central and Eastern Europe,2021,90.0,4.979,8.022,0.82,70.58,0.628,0.334,0.171,493.39,13.29
Zimbabwe,Central and Eastern Europe,2022,85.0,5.081,7.968,0.816,70.8,0.646,0.326,0.162,24.86,18.56
Zimbabwe,Central and Eastern Europe,2023,94.0,4.869,7.943,0.864,69.1,0.568,0.367,0.236,690.76,16.76
Zimbabwe,Central and Eastern Europe,2024,110.0,4.575,7.784,0.791,68.16,0.65,0.341,0.192,1003.17,2.98
South Sudan,Commonwealth of Independent States,2015,27.0,6.714,9.443,0.542,62.43,0.85,,0.449,339.27,18.59
South Sudan,Commonwealth of Independent States,2016,22.0,6.827,9.385,0.515,62.93,0.856,0.414,0.446,329.45,19.33
South Sudan,Commonwealth of Independent States,2017,18.0,6.943,9.508,,62.22,0.829,0.398,0.472,940.58,8.71
South Sudan,Commonwealth of Independent States,2018,22.0,,9.404,0.509,62.07,0.803,0.385,0.475,555.62,14.31
South Sudan,Commonwealth of Independent States,2019,19.0,6.995,,0.488,,0.824,0.391,0.444,1394.24,15.8
South Sudan,Commonwealth of Independent States,2020,37.0,6.445,9.357,0.576,62.14,0.839,0.396,0.459,205.88,7.28
South Sudan,Commonwealth of Independent States,2021,31.0,6.584,9.454,0.513,62.34,0.781,0.377,0.43,738.68,23.77
South Sudan,Commonwealth of Independent States,2022,21.0,6.761,9.449,0.505,62.97,0.777,0.382,0.427,853.36,11.7
South Sudan,Commonwealth of Independent States,2023,17.0,7.001,,0.454,,0.783,0.383,0.446,1245.32,17.88
South Sudan,Commonwealth of Independent States,2024,20.0,6.807,9.558,0.534,62.74,0.761,0.407,0.453,1304.27,23.38
Afghanistan,East Asia,2015,45.0,6.069,7.575,0.746,59.93,0.916,0.015,0.192,105.64,
Afghanistan,East Asia,2016,72.0,,7.379,0.697,59.69,0.906,0.035,0.262,,21.29
Afghanistan,East Asia,2017,55.0,5.763,7.41,0.703,59.7,0.908,0.041,0.164,655.61,22.84
Afghanistan,East Asia,2018,59.0,5.775,7.515,0.734,59.71,0.912,0.021,0.254,1109.69,13.36
Afghanistan,East Asia,2019,69.0,5.504,7.457,,58.96,0.952,0.007,0.196,497.52,5.54
Afghanistan,East Asia,2020,63.0,,7.431,,60.02,0.882,0.022,0.221,926.17,22.67
Afghanistan,East Asia,2021,56.0,,7.519,,59.72,0.951,0.016,0.205,701.78,10.48
Afghanistan,East Asia,2022,69.0,5.538,7.381,0.653,58.66,0.93,0.06,0.242,379.93,20.28
Afghanistan,East Asia,2023,80.0,,7.334,0.709,59.25,0.904,0.019,0.215,458.36,17.14
Afghanistan,East Asia,2024,64.0,5.632,7.389,0.686,59.23,0.906,0.004,0.156,63.75,10.32
Botswana,Western Europe,2015,152.0,2.897,9.096,,,0.808,,0.175,623.03,5.89
Botswana,Western Europe,2016,152.0,,9.149,0.703,63.58,0.808,0.011,0.184,805.34,5.43
Botswana,Western Europe,2017,153.0,2.427,9.054,0.736,62.52,0.823,0.023,0.173,103.1,11.21
Botswana,Western Europe,2018,153.0,2.667,9.034,0.799,63.27,0.873,0.045,0.177,,22.17
Botswana,Western Europe,2019,152.0,2.701,9.084,0.777,63.65,0.839,-0.015,0.166,491.7,22.36
Botswana,Western Europe,2020,151.0,2.883,9.035,0.76,63.09,0.847,0.021,0.183,650.57,5.5
Botswana,Western Europe,2021,153.0,2.499,9.015,0.761,62.13,0.827,0.054,0.215,271.57,6.52
Botswana,Western Europe,2022,152.0,2.785,8.948,0.748,,0.849,0.01,0.164,191.95,
Botswana,Western Europe,2023,152.0,2.499,9.002,0.701,,,0.011,0.161,577.44,3.73
Botswana,Western Europe,2024,152.0,2.738,9.021,0.701,63.09,0.891,0.029,0.207,1103.22,18.03
Malawi,Oceania,2015,107.0,,9.404,0.982,57.75,0.563,0.299,0.245,489.46,15.69
Malawi,Oceania,2016,94.0,4.882,9.317,1.0,58.21,0.566,0.28,0.186,1360.68,18.5
Malawi,Oceania,2017,92.0,4.9,9.275,0.996,57.68,0.531,0.268,0.188,156.87,16.53
Malawi,Oceania,2018,109.0,4.634,9.25,0.99,58.43,0.586,0.255,0.276,446.19,19.77
Malawi,Oceania,2019,108.0,4.621,9.258,,,0.56,0.25,0.182,1230.98,5.74
Malawi,Oceania,2020,106.0,4.71,9.288,0.964,58.11,0.608,0.259,0.199,1144.34,7.4
Malawi,Oceania,2021,93.0,4.871,9.457,1.0,58.1,0.523,0.259,0.253,327.82,6.22
Malawi,Oceania,2022,105.0,4.667,9.269,0.947,57.67,,0.257,0.232,,2.22
Malawi,Oceania,2023,89.0,4.989,9.393,0.927,58.31,0.57,0.261,0.19,126.38,
Malawi,Oceania,2024,76.0,5.382,,1.0,57.82,,0.26,,720.01,11.34
Haiti,Southeast Asia,2015,119.0,4.448,10.582,,54.58,0.471,-0.008,0.331,737.12,19.96
Haiti,Southeast Asia,2016,98.0,4.786,10.649,0.752,54.91,0.465,0.017,0.329,1220.99,13.88
Haiti,Southeast Asia,2017,105.0,4.662,10.675,0.74,,0.442,0.028,0.34,599.62,15.31
Haiti,Southeast Asia,2018,113.0,4.559,10.607,0.741,54.97,0.417,0.019,,1234.91,3.26
Haiti,Southeast Asia,2019,92.0,4.845,10.605,0.79,55.37,0.469,0.029,0.304,1195.22,19.36
Haiti,Southeast Asia,2020,81.0,5.23,10.814,0.781,56.69,0.453,,0.346,520.71,16.21
Haiti,Southeast Asia,2021,107.0,4.614,10.536,0.697,54.18,0.508,0.049,0.296,744.2,3.56
Haiti,Southeast Asia,2022,97.0,4.863,10.661,0.781,,0.449,0.043,0.256,1115.54,21.38
Haiti,Southeast Asia,2023,120.0,4.362,10.571,0.753,55.35,0.505,0.035,0.278,256.44,12.09
Haiti,Southeast Asia,2024,93.0,4.877,10.676,0.726,55.86,0.431,-0.024,0.283,1192.05,18.3
Lesotho,Latin America and Caribbean,2015,8.0,7.539,7.511,0.629,72.78,0.753,,0.175,1354.65,10.21
Lesotho,Latin America and Caribbean,2016,,7.413,7.504,0.69,71.34,0.849,,0.199,426.84,4.21
Lesotho,Latin America and Caribbean,2017,11.0,7.236,7.473,0.674,71.55,0.798,0.391,0.162,829.78,2.83
Lesotho,Latin America and Caribbean,2018,10.0,7.249,7.461,0.71,70.56,0.771,0.356,0.193,1391.2,23.07
Lesotho,Latin America and Caribbean,2019,9.0,,7.496,0.625,71.62,0.724,0.367,0.195,82.71,6.82
Lesotho,Latin America and Caribbean,2020,7.0,7.654,7.593,0.609,71.16,0.735,0.356,0.187,1032.03,20.26
Lesotho,Latin America and Caribbean,2021,9.0,7.553,,0.67,71.05,0.763,0.364,0.18,524.56,8.5
Lesotho,Latin America and Caribbean,2022,8.0,7.541,7.563,0.613,70.88,0.745,0.382,0.164,1126.96,24.56
Lesotho,Latin America and Caribbean,2023,8.0,7.677,7.577,,70.27,0.72,0.346,0.138,995.66,14.34
Lesotho,Latin America and Caribbean,2024,8.0,7.366,7.43,0.598,71.53,,0.385,0.165,1201.61,20.97
Burundi,East Asia,2015,15.0,7.136,10.124,,74.7,0.34,0.27,0.576,1224.02,22.31
Burundi,East Asia,2016,18.0,6.924,10.136,0.587,73.73,0.451,0.24,0.582,1010.14,9.52
Burundi,East Asia,2017,11.0,7.236,10.276,0.628,73.93,0.411,0.23,0.542,999.53,2.3
Burundi,East Asia,2018,15.0,6.987,10.293,0.646,,0.436,0.231,0.653,1377.04,15.09
Burundi,East Asia,2019,24.0,6.707,10.18,,,0.375,0.218,0.633,1228.06,4.47
Burundi,East Asia,2020,,6.772,10.231,0.586,73.56,0.395,0.276,0.657,1076.29,19.43
Burundi,East Asia,2021,15.0,,10.173,0.645,73.88,0.41,0.277,0.613,770.61,
Burundi,East Asia,2022,23.0,6.712,10.153,0.6,73.29,0.454,0.232,,139.28,18.14
Burundi,East Asia,2023,16.0,7.004,10.264,,74.51,,0.261,0.62,1098.61,7.25
Burundi,East Asia,2024,19.0,6.826,10.16,0.653,74.37,0.401,0.226,0.582,,9.24
Sierra Leone,Central and Eastern Europe,2015,39.0,6.302,8.768,0.98,68.14,0.546,,0.159,602.02,18.55
Sierra Leone,Central and Eastern Europe,2016,40.0,6.318,8.79,0.919,,0.47,-0.071,0.13,1329.98,21.78
Sierra Leone,Central and Eastern Europe,2017,45.0,6.127,8.73,1.0,67.73,0.574,-0.059,0.185,1330.92,5.15
Sierra Leone,Central and Eastern Europe,2018,54.0,5.932,8.7,0.992,67.2,0.475,-0.06,,186.18,9.88
Sierra Leone,Central and Eastern Europe,2019,44.0,6.142,8.715,0.963,67.18,0.558,-0.063,0.096,340.08,3.96
Sierra Leone,Central and Eastern Europe,2020,,6.3,8.763,1.0,67.84,,-0.104,0.139,583.96,19.58
Sierra Leone,Central and Eastern Europe,2021,42.0,6.248,,0.933,68.11,0.5,-0.046,0.136,280.11,18.95
Sierra Leone,Central and Eastern Europe,2022,50.0,5.996,8.725,0.948,67.15,,-0.039,0.21,572.05,24.99
Sierra Leone,Central and Eastern Europe,2023,46.0,6.158,8.744,0.981,68.26,0.501,-0.046,0.179,610.86,7.89
Sierra Leone,Central and Eastern Europe,2024,42.0,6.273,8.762,1.0,67.76,0.532,-0.065,0.152,674.36,17.43
Angola,Middle East and North Africa,2015,97.0,4.866,9.823,0.39,69.93,0.368,0.291,,,
Angola,Middle East and North Africa,2016,,4.342,9.74,0.481,68.51,0.401,0.237,0.443,1290.16,14.34
Angola,Middle East and North Africa,2017,116.0,4.425,9.775,0.39,68.02,0.406,0.257,0.457,89.17,21.65
Angola,Middle East and North Africa,2018,99.0,4.855,9.782,0.38,69.35,0.379,0.272,0.485,1071.21,2.29
Angola,Middle East and North Africa,2019,115.0,4.506,,0.469,69.2,0.388,0.259,0.439,1017.27,9.75
Angola,Middle East and North Africa,2020,122.0,4.448,9.752,0.517,68.87,0.351,0.275,0.418,1180.11,8.21
Angola,Middle East and North Africa,2021,,4.434,9.743,0.431,69.29,,0.237,0.445,1255.14,2.74
Angola,Middle East and North Africa,2022,120.0,4.453,9.779,0.447,69.29,0.377,0.301,0.411,1203.96,10.75
Angola,Middle East and North Africa,2023,,4.536,9.787,0.407,69.4,0.395,0.303,0.464,,24.39
Angola,Middle East and North Africa,2024,115.0,4.539,9.694,0.358,70.12,0.392,0.262,0.432,158.93,17.64
Jordan,North America,2015,3.0,8.282,9.646,0.765,66.98,0.537,0.25,0.217,1261.12,22.85
Jordan,North America,2016,3.0,8.563,9.808,0.688,67.55,0.521,0.243,0.267,645.2,23.98
Jordan,North America,2017,4.0,8.253,9.612,0.69,65.65,0.604,0.271,0.213,997.76,13.76
Jordan,North America,2018,3.0,8.295,9.581,0.783,65.93,0.58,0.244,0.201,1197.7,3.15
Jordan,North America,2019,7.0,7.734,9.693,0.717,65.22,0.556,0.27,0.292,163.8,
Jordan,North America,2020,2.0,8.535,9.745,0.713,67.56,,0.249,0.286,224.57,18.15
Jordan,North America,2021,5.0,,9.715,0.698,65.5,0.577,,0.252,1006.91,17.38
Jordan,North America,2022,5.0,8.282,9.706,0.696,65.97,0.578,0.256,0.281,82.36,2.27
Jordan,North America,2023,5.0,8.187,9.706,0.727,65.16,0.551,0.251,0.306,,5.94
Jordan,North America,2024,5.0,8.059,9.624,0.665,66.5,0.558,0.294,0.299,528.15,7.06
Morocco,Middle East and North Africa,2015,73.0,5.47,8.372,0.666,78.91,0.955,0.309,0.136,673.74,21.03
Morocco,Middle East and North Africa,2016,71.0,5.45,8.31,,79.92,0.912,0.233,0.109,710.43,5.26
Morocco,Middle East and North Africa,2017,79.0,5.349,8.286,0.712,79.5,0.935,0.277,0.154,1345.59,6.41
Morocco,Middle East and North Africa,2018,72.0,5.425,8.242,0.694,80.38,0.948,0.265,,1387.78,12.48
Morocco,Middle East and North Africa,2019,75.0,5.375,8.309,0.692,,0.934,0.256,0.125,1010.41,16.22
Morocco,Middle East and North Africa,2020,72.0,5.377,8.309,0.658,79.75,0.862,0.287,0.145,721.87,
Morocco,Middle East and North Africa,2021,68.0,5.51,8.287,0.667,79.22,0.963,0.257,0.138,,3.04
Morocco,Middle East and North Africa,2022,87.0,5.034,8.294,0.687,78.97,0.978,0.264,0.105,705.13,21.49
Morocco,Middle East and North Africa,2023,64.0,5.533,8.315,0.716,79.33,0.953,0.275,0.104,543.29,13.58
Morocco,Middle East and North Africa,2024,,5.439,8.301,0.679,78.75,0.938,0.274,0.096,304.62,7.14
Lebanon,Latin America and Caribbean,2015,66.0,5.569,10.49,0.876,67.34,0.314,,0.275,1083.21,7.41
Lebanon,Latin America and Caribbean,2016,,5.574,10.436,0.817,67.66,0.296,-0.003,0.21,903.48,3.26
Lebanon,Latin America and Caribbean,2017,69.0,5.531,10.503,,68.09,0.409,-0.01,0.183,225.82,7.92
Lebanon,Latin America and Caribbean,2018,75.0,5.38,10.446,0.804,67.07,0.313,0.04,0.195,,13.94
Lebanon,Latin America and Caribbean,2019,,,10.414,0.815,68.06,0.292,0.016,0.223,,3.53
Lebanon,Latin America and Caribbean,2020,66.0,,10.415,0.87,,0.355,0.022,0.252,1111.32,2.77
Lebanon,Latin America and Caribbean,2021,74.0,5.326,10.476,0.845,67.57,0.325,-0.01,0.256,838.86,2.54
Lebanon,Latin America and Caribbean,2022,72.0,5.403,10.357,0.805,66.97,0.326,0.03,0.21,855.75,17.32
Lebanon,Latin America and Caribbean,2023,68.0,5.455,10.511,0.868,67.63,0.293,-0.013,0.217,355.47,4.31
Lebanon,Latin America and Caribbean,2024,61.0,5.66,10.445,0.921,68.04,,-0.023,0.282,,17.45
Bhutan,Latin America and Caribbean,2015,92.0,5.047,10.48,0.639,63.57,0.34,0.075,0.497,1138.19,13.38
Bhutan,Latin America and Caribbean,2016,93.0,4.899,10.498,0.674,63.5,0.285,0.11,0.501,863.7,11.46
Bhutan,Latin America and Caribbean,2017,89.0,4.967,10.441,0.71,63.26,,0.158,0.485,133.5,11.44
Bhutan,Latin America and Caribbean,2018,,4.937,,0.738,63.08,,0.098,,1262.37,11.87
Bhutan,Latin America and Caribbean,2019,88.0,4.941,10.489,0.718,62.93,0.281,0.112,,,2.51
Bhutan,Latin America and Caribbean,2020,103.0,,,0.58,63.32,0.276,0.1,0.543,1233.67,
Bhutan,Latin America and Caribbean,2021,97.0,4.83,10.436,0.692,63.3,0.274,0.138,0.513,,11.89
Bhutan,Latin America and Caribbean,2022,101.0,,10.538,0.691,62.45,0.266,0.11,0.538,286.75,3.49
Bhutan,Latin America and Caribbean,2023,93.0,4.883,10.578,0.676,62.49,0.321,0.128,0.484,1009.86,10.69
Bhutan,Latin America and Caribbean,2024,103.0,4.674,10.479,0.715,62.63,0.325,0.098,0.52,865.79,4.98
Cuba,Middle East and North Africa,2015,48.0,6.032,9.718,0.681,69.93,0.635,-0.096,0.507,354.93,7.18
Cuba,Middle East and North Africa,2016,53.0,6.042,9.82,0.677,70.2,0.634,-0.1,0.5,955.7,4.13
Cuba,Middle East and North Africa,2017,53.0,5.821,9.693,0.685,68.64,0.658,,0.428,1387.6,12.66
Cuba,Middle East and North Africa,2018,48.0,6.109,9.703,0.726,69.26,,-0.063,0.455,431.06,8.57
Cuba,Middle East and North Africa,2019,46.0,6.089,9.635,0.666,69.18,0.65,-0.085,0.481,704.65,10.0
Cuba,Middle East and North Africa,2020,49.0,5.941,9.707,0.651,,0.643,-0.082,0.401,1040.82,19.16
Cuba,Middle East and North Africa,2021,50.0,5.978,,0.686,69.61,0.622,-0.06,0.436,416.94,18.68
Cuba,Middle East and North Africa,2022,65.0,5.605,9.629,0.671,68.65,0.681,-0.064,0.436,774.67,23.67
Cuba,Middle East and North Africa,2023,60.0,5.611,9.685,,68.55,0.673,,0.428,978.67,14.12
Cuba,Middle East and North Africa,2024,43.0,6.236,9.768,0.683,68.74,0.592,-0.071,0.417,425.93,4.98
Qatar,Central and Eastern Europe,2015,59.0,5.812,,0.407,,0.816,0.276,0.6,1160.59,8.25
Qatar,Central and Eastern Europe,2016,46.0,6.183,9.472,0.411,60.3,0.824,,0.517,,5.91
Qatar,Central and Eastern Europe,2017,43.0,6.193,9.527,0.438,60.88,0.837,0.247,0.547,1220.27,10.23
Qatar,Central and Eastern Europe,2018,56.0,5.888,9.34,0.426,58.94,0.878,0.28,0.523,506.68,6.29
Qatar,Central and Eastern Europe,2019,51.0,,9.455,0.494,60.72,0.817,0.313,0.565,1392.52,24.91
Qatar,Central and Eastern Europe,2020,44.0,6.077,9.415,0.48,60.91,0.756,0.261,,1200.71,2.87
Qatar,Central and Eastern Europe,2021,52.0,5.939,9.477,,61.12,0.815,0.247,0.481,1289.94,14.88
Qatar,Central and Eastern Europe,2022,51.0,5.938,9.448,0.439,61.88,0.852,0.288,0.569,889.18,7.46
Qatar,Central and Eastern Europe,2023,47.0,6.124,9.471,0.455,62.54,0.813,0.287,0.532,1067.46,18.58
Qatar,Central and Eastern Europe,2024,44.0,6.229,,0.427,61.29,0.841,0.272,0.585,308.2,9.76
Oman,Commonwealth of Independent States,2015,95.0,4.922,9.675,0.885,65.53,,0.093,0.125,1030.85,7.58
Oman,Commonwealth of Independent States,2016,96.0,4.846,9.528,0.866,64.22,0.443,0.067,0.113,572.15,
Oman,Commonwealth of Independent States,2017,101.0,4.726,9.6,0.908,64.08,,,0.074,1288.1,22.95
Oman,Commonwealth of Independent States,2018,102.0,4.808,,0.848,64.14,0.367,0.106,0.094,649.69,
Oman,Commonwealth of Independent States,2019,107.0,4.634,,0.916,64.31,0.395,0.084,0.134,6.96,
Oman,Commonwealth of Independent States,2020,,4.818,,0.92,64.59,0.398,0.103,0.084,121.76,16.94
Oman,Commonwealth of Independent States,2021,86.0,5.033,9.484,0.916,64.14,0.376,0.061,,1226.73,14.09
Oman,Commonwealth of Independent States,2022,99.0,4.835,9.607,0.895,64.99,0.351,0.095,0.108,1198.06,20.05
Oman,Commonwealth of Independent States,2023,100.0,4.762,9.597,,63.62,0.353,0.099,0.074,,5.92
Oman,Commonwealth of Independent States,2024,105.0,4.624,9.461,0.896,64.72,0.347,0.125,0.08,1123.8,22.55
Azerbaijan,Oceania,2015,106.0,4.632,10.826,0.841,59.41,0.373,0.099,0.426,992.25,22.46
Azerbaijan,Oceania,2016,125.0,4.306,10.832,0.807,58.36,0.324,0.111,0.36,1121.44,18.76
Azerbaijan,Oceania,2017,107.0,4.58,10.884,0.794,59.24,0.293,0.083,0.399,1125.34,11.95
Azerbaijan,Oceania,2018,105.0,4.711,10.823,0.814,59.26,0.264,0.082,0.393,1398.94,17.01
Azerbaijan,Oceania,2019,127.0,4.238,10.68,0.792,57.86,0.361,0.068,0.404,608.18,7.87
Azerbaijan,Oceania,2020,95.0,4.93,10.897,0.802,59.56,0.296,0.083,0.496,1065.84,19.77
Azerbaijan,Oceania,2021,94.0,4.864,10.902,0.768,59.14,0.297,0.07,0.399,74.95,5.07
Azerbaijan,Oceania,2022,124.0,4.365,10.802,0.816,59.02,0.34,0.068,0.429,617.08,
Azerbaijan,Oceania,2023,106.0,4.669,10.841,0.799,59.27,0.293,0.069,,1007.77,8.65
Azerbaijan,Oceania,2024,94.0,,10.86,0.781,59.06,0.318,0.069,0.448,268.76,18.46
Belize,South Asia,2015,9.0,7.452,10.066,0.906,60.92,0.339,0.077,0.336,74.45,3.8
Belize,South Asia,2016,7.0,7.642,10.09,0.83,61.55,0.3,0.075,0.328,1085.65,14.07
Belize,South Asia,2017,7.0,7.576,10.02,0.834,60.53,0.363,0.04,0.343,582.02,4.3
Belize,South Asia,2018,8.0,7.601,,0.9,60.35,0.337,0.055,0.268,342.23,22.53
Belize,South Asia,2019,11.0,7.174,,0.859,60.7,0.313,0.065,0.306,967.74,7.58
Belize,South Asia,2020,9.0,7.312,9.958,0.884,,0.343,0.082,0.36,667.18,4.87
Belize,South Asia,2021,8.0,7.624,10.07,0.863,61.6,0.376,0.094,0.301,974.34,14.36
Belize,South Asia,2022,13.0,7.149,9.997,0.872,60.48,0.346,0.041,0.242,1169.87,10.75
Belize,South Asia,2023,,7.224,9.948,,60.79,0.387,0.081,0.329,958.91,12.73
Belize,South Asia,2024,10.0,7.292,9.881,0.85,60.53,0.323,0.014,0.313,460.38,4.79
Fiji,North America,2015,115.0,4.517,,0.886,63.21,0.572,0.132,0.323,241.76,7.56
Fiji,North America,2016,107.0,4.572,9.841,0.866,63.46,0.535,0.116,0.274,681.39,
Fiji,North America,2017,123.0,4.224,9.747,0.844,63.23,0.583,0.101,0.29,128.56,
Fiji,North America,2018,111.0,4.612,9.756,0.806,62.39,0.526,0.154,0.29,414.31,10.07
Fiji,North America,2019,128.0,,9.701,0.796,62.12,0.591,0.12,0.343,824.78,17.77
Fiji,North America,2020,119.0,4.49,,0.807,63.2,0.55,0.133,0.285,906.75,22.67
Fiji,North America,2021,112.0,4.574,9.868,0.841,64.5,0.599,0.156,0.347,413.12,16.32
Fiji,North America,2022,125.0,4.23,9.793,0.847,61.85,0.581,0.088,0.348,1172.14,14.15
Fiji,North America,2023,120.0,4.362,9.746,,62.49,0.591,0.12,0.343,506.23,16.55
Fiji,North America,2024,,4.371,9.831,0.87,63.61,0.547,,0.33,1195.96,18.58
Suriname,Oceania,2015,129.0,4.223,8.925,0.703,54.15,0.835,0.384,0.364,382.87,20.31
Suriname,Oceania,2016,131.0,,8.894,0.729,54.46,0.898,0.353,0.399,987.07,3.89
Suriname,Oceania,2017,119.0,4.367,8.893,0.684,54.42,,,0.341,1325.06,19.6
Suriname,Oceania,2018,131.0,4.148,8.948,0.727,,0.911,0.4,0.344,161.87,19.13
Suriname,Oceania,2019,122.0,,8.865,0.699,54.6,0.869,0.391,0.359,449.41,18.25
Suriname,Oceania,2020,131.0,4.133,8.905,0.678,54.02,0.85,0.423,0.329,1220.07,22.75
Suriname,Oceania,2021,131.0,4.006,8.824,0.754,54.31,0.882,0.382,0.39,334.51,18.97
Suriname,Oceania,2022,129.0,4.039,8.923,0.732,54.28,0.846,0.386,0.367,1369.34,20.93
Suriname,Oceania,2023,127.0,4.237,8.763,0.683,53.72,,0.367,0.381,,15.93
Suriname,Oceania,2024,125.0,4.275,8.939,0.709,52.91,0.836,0.397,0.381,229.44,3.99
