OrderID,Date,Product,Category,Region,Salesperson,Quantity,UnitPrice,DiscountPct,Sales,CustomerRating
100001,2025-10-16,Chair,Clothing,South,SP048,4.0,54.9,10.0,197.64,1.0
100002,2025-11-23,Laptop,Electronics,North,SP014,,178.44,15.0,2730.13,2.0
100003,2025-06-01,Mixer,Sports,South,SP029,20.0,,5.0,1100.86,5.0
100004,2024-10-11,Headphones,Home,East,SP010,1.0,1518.82,5.0,1442.88,2.0
100005,2024-12-10,Book,Home,East,SP003,4.0,190.03,0.0,760.12,4.0
100006,2025-07-03,Phone,Beauty,East,SP041,4.0,1946.37,15.0,6617.66,5.0
100007,2025-01-05,Laptop,Books,South,SP050,19.0,388.62,0.0,7383.78,3.0
100008,2024-03-22,Watch,Sports,East,SP011,8.0,1733.63,15.0,11788.68,3.0
100009,2024-12-29,Phone,Beauty,South,SP035,7.0,1342.0,25.0,7045.5,2.0
100010,2024-06-16,Mixer,Clothing,East,SP050,15.0,762.01,25.0,8572.61,1.0
100011,2024-08-22,Watch,Electronics,South,SP037,2.0,1611.07,,2738.82,3.0
100012,2024-08-05,Bag,Clothing,East,SP009,16.0,794.29,25.0,9531.48,2.0
100013,2025-07-28,Headphones,Beauty,,SP024,18.0,529.17,20.0,7620.05,
100014,2024-05-21,Phone,Clothing,South,SP044,17.0,989.56,0.0,16822.52,4.0
100015,2025-09-02,Bag,Beauty,East,SP036,3.0,772.61,20.0,1854.26,1.0
100016,2025-11-27,Watch,Books,East,SP008,4.0,1365.01,20.0,4368.03,3.0
100017,2025-03-21,Watch,Beauty,South,SP033,6.0,910.18,25.0,4095.81,
100018,2025-10-02,Camera,Clothing,South,SP024,10.0,1684.13,20.0,13473.04,2.0
100019,2025-07-06,Book,Sports,North,SP008,17.0,1837.39,20.0,24988.5,3.0
100020,2024-11-10,Phone,Electronics,West,SP005,8.0,120.56,20.0,771.58,5.0
100021,2024-05-08,Shoes,Home,West,SP014,5.0,1321.2,20.0,5284.8,5.0
100022,2025-12-07,Book,Sports,West,SP008,7.0,1427.33,15.0,8492.61,2.0
100023,2024-08-18,Mixer,Clothing,South,SP001,3.0,679.48,20.0,1630.75,1.0
100024,2025-12-25,Book,Electronics,South,SP018,,461.74,0.0,923.48,4.0
100025,2024-08-07,Camera,Sports,South,SP031,18.0,268.96,20.0,3873.02,4.0
100026,2024-07-13,Book,Sports,West,SP030,4.0,,15.0,674.49,1.0
100027,2025-11-20,Book,Electronics,South,SP013,4.0,125.92,25.0,377.76,2.0
100028,2025-07-03,Watch,Sports,South,SP005,15.0,284.66,5.0,4056.41,4.0
100029,2025-07-17,Laptop,Electronics,South,SP011,4.0,105.92,20.0,338.94,4.0
100030,2025-05-12,Laptop,Clothing,West,SP001,16.0,,15.0,5867.45,4.0
100031,2024-09-28,Mixer,Books,West,SP010,15.0,574.07,25.0,6458.29,2.0
100032,2024-10-30,Mixer,Electronics,East,SP004,7.0,1937.58,20.0,10850.45,1.0
100033,2025-08-21,Shoes,Electronics,North,SP012,16.0,1008.19,20.0,12904.83,1.0
100034,2025-09-01,Headphones,Electronics,South,SP038,3.0,1352.05,5.0,3853.34,5.0
100035,2024-02-10,Camera,Beauty,East,SP017,20.0,168.56,25.0,2528.4,2.0
100036,2025-11-16,Shoes,Books,East,SP030,11.0,481.18,15.0,4499.03,3.0
100037,2024-03-15,Phone,Electronics,South,SP033,1.0,,20.0,735.42,3.0
100038,2024-05-15,Book,Home,South,SP029,12.0,1762.32,5.0,20090.45,5.0
100039,2025-12-21,Mixer,Electronics,East,SP043,10.0,1225.3,25.0,9189.75,1.0
100040,2024-05-17,Mixer,Clothing,East,SP019,9.0,235.28,0.0,2117.52,5.0
100041,2024-08-03,,Beauty,West,SP017,11.0,411.18,25.0,3392.24,1.0
100042,2024-04-04,Laptop,Home,,SP041,14.0,1659.55,0.0,23233.7,3.0
100043,2024-06-14,Mixer,Electronics,North,SP005,15.0,1105.6,,14096.4,2.0
100044,2025-07-12,Mixer,Clothing,West,SP009,2.0,1670.02,20.0,2672.03,1.0
100045,2024-11-11,Book,Clothing,South,SP043,12.0,1798.47,0.0,21581.64,1.0
100046,2024-12-28,Camera,Books,South,SP016,18.0,1768.85,15.0,27063.4,2.0
100047,2024-06-30,Book,Sports,South,SP018,14.0,54.45,25.0,571.73,2.0
100048,2025-12-19,,Clothing,South,SP030,4.0,768.17,0.0,3072.68,3.0
100049,2024-11-08,Chair,Sports,East,SP018,8.0,449.73,25.0,2698.38,1.0
100050,2024-10-12,Mixer,Home,North,SP008,12.0,1284.76,15.0,13104.55,3.0
100051,2024-07-01,Laptop,Electronics,West,SP023,19.0,1925.26,10.0,32921.95,3.0
100052,2025-03-22,,Beauty,South,SP017,20.0,,0.0,39371.0,1.0
100053,2025-12-26,Chair,Home,West,SP005,14.0,8.37,20.0,93.74,3.0
100054,2025-09-30,Watch,Beauty,East,SP043,11.0,1328.46,0.0,14613.06,
100055,2024-11-30,Shoes,Clothing,West,SP043,13.0,1395.93,20.0,14517.67,4.0
100056,2025-11-24,Headphones,Beauty,North,SP020,6.0,1232.95,10.0,6657.93,3.0
100057,2024-08-03,Book,Sports,West,SP029,14.0,1572.59,20.0,17613.01,
100058,2025-06-07,Shoes,Books,North,SP019,,1588.5,25.0,19062.0,5.0
100059,2025-11-10,Watch,Clothing,South,SP010,20.0,673.7,5.0,12800.3,1.0
100060,2024-02-17,Phone,Sports,West,SP041,8.0,1967.95,20.0,12594.88,5.0
100061,2024-07-18,Shoes,Books,North,SP049,,991.28,5.0,12242.31,1.0
100062,2025-03-11,Mixer,Sports,North,SP036,8.0,355.89,25.0,2135.34,
100063,2024-05-04,Mixer,Beauty,East,SP049,15.0,271.01,15.0,3455.38,4.0
100064,2025-09-19,Bag,Clothing,West,SP029,17.0,856.35,20.0,11646.36,
100065,2024-09-10,Bag,Books,South,SP018,9.0,1532.8,20.0,11036.16,
100066,2024-03-20,Book,Beauty,North,SP009,10.0,472.81,10.0,4255.29,2.0
100067,2024-08-24,Chair,Electronics,West,SP027,13.0,1389.43,25.0,13546.94,3.0
100068,2025-07-09,Headphones,Sports,North,SP049,15.0,834.47,5.0,11891.2,5.0
100069,2025-01-24,Watch,Sports,West,SP035,16.0,16.76,10.0,241.34,5.0
100070,2025-09-09,Headphones,Sports,North,SP025,8.0,979.02,10.0,7048.94,3.0
100071,2025-11-15,Shoes,Beauty,North,SP026,13.0,1449.74,15.0,16019.63,5.0
100072,2025-07-31,Shoes,Sports,South,SP004,1.0,172.48,15.0,146.61,3.0
100073,2025-01-23,Book,Sports,East,SP049,11.0,427.26,10.0,4229.87,4.0
100074,2024-09-15,Mixer,Electronics,East,SP015,3.0,943.26,25.0,2122.34,1.0
100075,2025-10-29,Chair,Electronics,South,SP016,2.0,1509.7,5.0,2868.43,2.0
100076,2025-04-29,Bag,Books,East,SP050,4.0,1130.12,5.0,4294.46,3.0
100077,2024-06-20,Phone,Clothing,East,SP007,20.0,1216.46,25.0,18246.9,5.0
100078,2024-01-27,Headphones,Books,South,SP005,10.0,1153.71,15.0,9806.53,5.0
100079,2025-12-08,Camera,Electronics,North,SP023,8.0,208.29,10.0,1499.69,5.0
100080,2025-03-14,Book,Electronics,West,SP032,12.0,142.57,25.0,1283.13,1.0
100081,2025-03-19,Shoes,Sports,South,SP047,12.0,1272.99,15.0,12984.5,5.0
100082,2025-10-28,Bag,Sports,West,SP047,9.0,1233.75,20.0,8883.0,5.0
100083,2024-10-01,Watch,Sports,South,SP049,11.0,1704.17,0.0,18745.87,4.0
100084,2025-08-06,Laptop,Sports,East,SP012,20.0,1338.04,10.0,24084.72,4.0
100085,2024-08-05,Watch,Beauty,East,SP036,12.0,1596.68,10.0,17244.14,1.0
100086,2025-06-13,Headphones,Sports,,SP045,7.0,175.8,25.0,922.95,4.0
100087,2025-10-23,Phone,Home,South,SP026,16.0,899.11,0.0,14385.76,2.0
100088,2024-11-09,Mixer,Home,West,SP048,19.0,741.2,20.0,11266.24,5.0
100089,2024-12-04,,Home,South,SP008,12.0,1407.2,10.0,15197.76,2.0
100090,2024-11-19,Shoes,Clothing,South,SP048,4.0,1487.05,25.0,4461.15,4.0
100091,2024-10-10,Camera,Home,North,SP013,19.0,1953.33,20.0,29690.62,3.0
100092,2024-08-20,Mixer,Clothing,East,SP003,12.0,362.99,0.0,4355.88,1.0
100093,2025-07-20,Bag,Electronics,North,SP037,10.0,1396.35,5.0,13265.32,3.0
100094,2025-04-25,Laptop,Home,West,SP008,16.0,883.74,5.0,13432.85,1.0
100095,2025-02-14,Laptop,Clothing,South,SP037,16.0,,25.0,1833.48,3.0
100096,2024-03-28,Camera,Beauty,South,SP050,8.0,241.31,15.0,1640.91,5.0
100097,2025-01-24,,Sports,East,SP037,15.0,1817.47,10.0,24535.85,5.0
100098,2024-03-02,Chair,Books,South,SP017,,1920.42,,38408.4,1.0
100099,2024-06-09,Shoes,Electronics,West,SP029,8.0,351.76,0.0,2814.08,5.0
100100,2025-04-26,Watch,Books,,SP005,10.0,70.12,10.0,631.08,2.0
100101,2024-09-27,Headphones,Electronics,South,SP042,19.0,1324.06,5.0,23899.28,2.0
100102,2024-09-29,Watch,Beauty,East,SP029,5.0,147.46,5.0,700.44,1.0
100103,2025-04-24,Mixer,Beauty,West,SP029,10.0,1400.97,10.0,12608.73,
100104,2025-09-04,Book,Beauty,East,SP002,2.0,1779.4,25.0,2669.1,1.0
100105,2024-08-22,Watch,Beauty,North,SP049,19.0,1176.31,0.0,22349.89,2.0
100106,2025-04-26,Shoes,Beauty,West,SP041,17.0,1304.76,10.0,19962.83,4.0
100107,2024-04-03,Book,Books,North,SP011,16.0,699.18,10.0,10068.19,3.0
100108,2025-02-25,Mixer,Electronics,West,SP006,16.0,,15.0,7887.86,3.0
100109,2024-09-15,Mixer,Electronics,West,SP027,11.0,236.26,15.0,2209.03,
100110,2024-07-11,Bag,Electronics,South,SP018,17.0,726.75,15.0,10501.54,5.0
100111,2024-05-14,Bag,Electronics,North,SP041,10.0,879.04,,6592.8,5.0
100112,2024-09-02,Mixer,Sports,North,SP015,6.0,624.95,0.0,3749.7,1.0
100113,2025-04-17,Bag,Books,East,SP033,4.0,1297.18,5.0,4929.28,3.0
100114,2025-03-01,Bag,Beauty,South,SP025,16.0,1960.59,5.0,29800.97,2.0
100115,2025-09-05,Phone,Home,West,SP022,17.0,1493.85,5.0,24125.68,5.0
100116,2024-09-30,Camera,Beauty,West,SP010,1.0,569.26,10.0,512.33,4.0
100117,2025-07-05,,Sports,West,SP021,16.0,693.52,,8877.06,2.0
100118,2025-12-15,Headphones,Electronics,East,SP048,8.0,,5.0,8707.62,4.0
100119,2025-12-23,Shoes,Sports,North,SP009,,775.23,25.0,7558.49,5.0
100120,2025-08-27,Phone,Beauty,West,SP001,11.0,1740.05,15.0,16269.47,2.0
100121,2025-02-23,Book,Beauty,West,SP042,,154.28,,694.26,1.0
100122,2024-12-02,Bag,Beauty,North,SP040,18.0,,10.0,12362.54,1.0
100123,2024-08-28,Phone,Sports,North,SP049,10.0,1994.86,25.0,14961.45,
100124,2025-03-30,Laptop,Home,North,SP019,6.0,1389.53,0.0,8337.18,3.0
100125,2025-01-18,Headphones,Beauty,South,SP011,14.0,,20.0,3308.59,2.0
100126,2024-03-21,Chair,Sports,South,SP015,20.0,1742.32,20.0,27877.12,4.0
100127,2025-10-15,Laptop,Sports,East,SP044,9.0,921.84,25.0,6222.42,5.0
100128,2024-06-10,Camera,Home,West,SP045,3.0,886.25,10.0,2392.88,3.0
100129,2025-04-12,Bag,Electronics,South,SP025,10.0,402.44,15.0,3420.74,5.0
100130,2025-01-02,Watch,Electronics,West,SP018,19.0,595.27,25.0,8482.6,1.0
100131,2025-08-02,Bag,Home,South,SP039,2.0,1821.68,25.0,2732.52,3.0
100132,2024-08-12,Shoes,Books,,SP041,7.0,1243.68,25.0,6529.32,1.0
100133,2024-11-12,Shoes,Electronics,East,SP021,15.0,71.56,10.0,966.06,4.0
100134,2024-06-28,Book,Beauty,,SP011,7.0,268.66,20.0,1504.5,
100135,2025-05-08,Phone,Sports,North,SP010,10.0,1494.39,10.0,13449.51,2.0
100136,2025-11-23,Book,Electronics,,SP001,13.0,1934.7,20.0,20120.88,3.0
100137,2025-07-03,Watch,Beauty,,SP041,4.0,912.3,25.0,2736.9,3.0
100138,2024-04-20,Mixer,Home,South,SP042,8.0,945.6,20.0,6051.84,1.0
100139,2025-10-12,Headphones,Electronics,,SP003,15.0,1819.23,10.0,24559.6,1.0
100140,2024-11-07,Mixer,Clothing,West,SP030,16.0,236.66,5.0,3597.23,3.0
100141,2025-11-17,Shoes,Sports,North,SP032,18.0,841.16,25.0,11355.66,5.0
100142,2025-02-21,Chair,Sports,West,SP016,9.0,70.27,10.0,569.19,3.0
100143,2024-04-11,Book,Electronics,West,SP018,12.0,1091.21,25.0,9820.89,2.0
100144,2024-05-05,Camera,Electronics,,SP022,15.0,,5.0,2677.43,
100145,2024-05-08,Chair,Beauty,South,SP015,19.0,414.39,20.0,6298.73,
100146,2024-05-31,Shoes,Beauty,East,SP012,20.0,10.66,5.0,202.54,1.0
100147,2025-11-07,Chair,Beauty,East,SP002,1.0,267.95,10.0,241.16,2.0
100148,2024-09-28,Mixer,Electronics,North,SP031,2.0,257.88,15.0,438.4,4.0
100149,2025-01-05,Mixer,Clothing,North,SP047,17.0,1189.36,15.0,17186.25,5.0
100150,2024-11-04,Laptop,Sports,West,SP028,15.0,1288.46,0.0,19326.9,1.0
100151,2025-05-17,Book,Beauty,South,SP005,15.0,151.61,0.0,2274.15,2.0
100152,2024-10-08,Book,Sports,East,SP030,,1267.99,20.0,20287.84,5.0
100153,2025-09-11,Phone,Books,South,SP028,14.0,202.86,25.0,2130.03,4.0
100154,2024-08-21,Headphones,Sports,North,SP021,14.0,681.17,15.0,8105.92,4.0
100155,2024-11-16,Bag,Electronics,North,SP006,9.0,751.73,5.0,6427.29,1.0
100156,2025-03-18,Shoes,Beauty,North,SP038,4.0,1490.45,10.0,5365.62,5.0
100157,2025-07-29,Book,Books,West,SP047,11.0,1341.68,15.0,12544.71,1.0
100158,2024-10-21,Camera,Beauty,,SP010,20.0,628.34,0.0,12566.8,4.0
100159,2024-08-17,Book,Electronics,East,SP037,4.0,703.48,20.0,2251.14,2.0
100160,2025-03-15,Camera,Books,North,SP039,18.0,1949.22,20.0,28068.77,3.0
100161,2024-01-30,Book,Home,North,SP012,6.0,,10.0,2970.92,2.0
100162,2025-08-02,Laptop,Electronics,South,SP025,13.0,143.82,25.0,1402.24,4.0
100163,2025-04-09,Book,Beauty,North,SP004,11.0,319.03,10.0,3158.4,2.0
100164,2024-06-10,Watch,Sports,West,SP032,20.0,104.28,0.0,2085.6,
100165,2025-03-28,Phone,Home,West,SP008,14.0,549.97,20.0,6159.66,3.0
100166,2025-11-25,Watch,Electronics,South,SP026,19.0,975.83,25.0,13905.58,5.0
100167,2024-02-26,Shoes,Home,East,SP021,1.0,412.82,5.0,392.18,1.0
100168,2024-01-08,Shoes,Sports,South,SP033,16.0,1495.29,5.0,22728.41,5.0
100169,2025-11-15,Laptop,Sports,North,SP030,12.0,148.79,25.0,1339.11,1.0
100170,2024-11-16,Headphones,Home,North,SP026,19.0,861.42,15.0,13911.93,1.0
100171,2024-11-28,Bag,Books,East,SP006,6.0,1603.64,20.0,7697.47,4.0
100172,2024-04-18,Mixer,Electronics,West,SP020,8.0,874.17,15.0,5944.36,3.0
100173,2024-08-14,Mixer,Books,North,SP034,11.0,1559.34,0.0,17152.74,5.0
100174,2024-07-17,Shoes,Clothing,North,SP010,12.0,705.44,25.0,6348.96,3.0
100175,2024-07-21,Phone,Clothing,West,SP030,6.0,1206.79,25.0,5430.56,5.0
100176,2025-08-16,Camera,Home,East,SP010,15.0,1363.86,20.0,16366.32,4.0
100177,2024-03-10,Watch,Beauty,,SP023,16.0,887.21,10.0,12775.82,5.0
100178,2024-03-16,Laptop,Home,East,SP005,10.0,926.18,0.0,9261.8,1.0
100179,2025-09-21,Camera,Beauty,North,SP029,20.0,1016.6,15.0,17282.2,5.0
100180,2025-10-29,Mixer,Clothing,North,SP029,7.0,646.45,15.0,3846.38,1.0
100181,2024-12-17,Laptop,Clothing,West,SP029,3.0,1011.58,5.0,2883.0,5.0
100182,2025-06-19,Watch,Sports,West,SP050,,321.7,10.0,5790.6,3.0
100183,2025-11-26,Book,Electronics,East,SP007,20.0,109.47,25.0,1642.05,5.0
100184,2025-11-25,Camera,Clothing,East,SP006,13.0,571.87,25.0,5575.73,5.0
100185,2025-11-10,Headphones,Clothing,North,SP020,5.0,1833.91,10.0,8252.6,5.0
100186,2025-01-20,Mixer,Electronics,West,SP033,11.0,1627.3,25.0,13425.22,3.0
100187,2024-01-19,Book,Sports,South,SP015,12.0,621.19,5.0,7081.57,2.0
100188,2024-06-07,Mixer,Beauty,North,SP043,3.0,595.11,0.0,1785.33,
100189,2025-09-24,Shoes,Clothing,South,SP047,,1196.51,5.0,5683.42,4.0
100190,2024-02-14,Chair,Sports,East,SP049,14.0,731.78,25.0,7683.69,4.0
100191,2024-08-27,Chair,Home,West,SP030,18.0,482.14,15.0,7376.74,3.0
100192,2025-01-26,Chair,Beauty,South,SP017,17.0,1057.28,5.0,17075.07,1.0
100193,2025-10-18,Phone,Books,North,SP019,16.0,1748.86,20.0,22385.41,1.0
100194,2024-06-13,Shoes,Sports,North,SP015,9.0,901.39,20.0,6490.01,4.0
100195,2024-12-23,Mixer,Home,South,SP025,1.0,832.72,15.0,707.81,1.0
100196,2025-01-18,Book,Clothing,South,SP003,8.0,61.23,0.0,489.84,3.0
100197,2025-04-28,Bag,Beauty,North,SP006,5.0,1518.89,15.0,6455.28,1.0
100198,2024-09-19,Camera,Beauty,West,SP008,7.0,1670.75,20.0,9356.2,3.0
100199,2024-08-31,Headphones,Books,West,SP005,10.0,248.09,5.0,2356.86,1.0
100200,2025-05-26,Mixer,Beauty,South,SP046,,1074.43,25.0,16116.45,2.0
100201,2024-10-25,Chair,Beauty,,SP012,14.0,8.12,10.0,102.31,1.0
100202,2025-06-20,Mixer,Beauty,North,SP025,12.0,140.02,20.0,1344.19,4.0
100203,2024-02-14,Laptop,Home,North,SP023,13.0,1962.17,,22957.39,2.0
100204,2025-11-03,Book,Clothing,North,SP023,4.0,1544.15,25.0,4632.45,5.0
100205,2024-12-12,Bag,Books,,SP041,6.0,1661.62,25.0,7477.29,2.0
100206,2024-05-18,Laptop,Home,South,SP003,3.0,1433.51,15.0,3655.45,2.0
100207,2024-02-12,Headphones,Beauty,West,SP017,11.0,1867.08,20.0,16430.3,1.0
100208,2025-10-24,Book,Home,,SP024,7.0,575.79,0.0,4030.53,4.0
100209,2025-02-13,Book,Clothing,West,SP045,15.0,1789.8,15.0,22819.95,4.0
100210,2025-01-11,,Electronics,West,SP039,17.0,537.11,0.0,9130.87,2.0
100211,2025-07-12,Book,Books,East,SP020,10.0,645.82,,6458.2,4.0
100212,2025-09-09,Book,Sports,North,SP047,14.0,337.46,15.0,4015.77,3.0
100213,2025-09-21,Phone,Books,West,SP024,14.0,552.74,0.0,7738.36,5.0
100214,2025-11-26,,Books,West,SP003,6.0,1905.81,,10863.12,2.0
100215,2024-03-09,Book,Sports,North,SP039,8.0,1558.14,10.0,11218.61,2.0
100216,2025-11-26,Bag,Electronics,,SP034,15.0,1897.9,10.0,25621.65,
100217,2025-02-11,Phone,Electronics,South,SP032,11.0,1300.87,5.0,13594.09,5.0
100218,2025-01-31,Bag,Clothing,East,SP045,18.0,239.93,,3886.87,4.0
100219,2024-07-23,,Clothing,West,SP006,4.0,275.78,0.0,1103.12,3.0
100220,2025-11-14,Mixer,Home,East,SP011,12.0,1420.53,,13637.09,2.0
100221,2025-01-05,Shoes,Clothing,,SP002,17.0,452.36,5.0,7305.61,3.0
100222,2025-07-21,Shoes,Beauty,North,SP005,19.0,740.98,20.0,11262.9,3.0
100223,2025-02-11,Camera,Electronics,South,SP021,16.0,1053.76,15.0,14331.14,1.0
100224,2025-04-05,Shoes,Beauty,South,SP050,15.0,,10.0,18384.57,2.0
100225,2025-03-19,Phone,Beauty,South,SP020,17.0,1821.87,0.0,30971.79,2.0
100226,2024-06-14,Book,Beauty,East,SP006,11.0,1869.8,5.0,19539.41,3.0
100227,2024-07-20,Watch,Beauty,North,SP033,18.0,552.53,25.0,7459.15,2.0
100228,2025-08-29,Camera,Books,East,SP037,19.0,312.62,25.0,4454.84,1.0
100229,2024-01-30,Camera,Home,South,SP050,,95.7,25.0,215.33,5.0
100230,2025-03-02,Mixer,Home,,SP031,,1279.79,15.0,21756.43,2.0
100231,2025-12-02,Laptop,Clothing,West,SP027,13.0,598.38,0.0,7778.94,4.0
100232,2025-04-20,Book,Books,East,SP047,7.0,683.68,,4546.47,
100233,2025-02-12,Mixer,Electronics,East,SP016,5.0,1522.53,20.0,6090.12,4.0
100234,2024-05-05,Phone,Electronics,East,SP025,9.0,901.94,,7711.59,5.0
100235,2025-03-04,Book,Beauty,,SP013,8.0,1925.56,5.0,14634.26,2.0
100236,2025-05-25,Bag,Electronics,North,SP026,17.0,936.3,10.0,14325.39,5.0
100237,2025-04-13,Laptop,Electronics,East,SP032,8.0,434.21,10.0,3126.31,5.0
100238,2025-10-31,Phone,Sports,South,SP017,16.0,575.07,0.0,9201.12,3.0
100239,2025-02-16,Camera,Beauty,South,SP024,12.0,95.26,0.0,1143.12,5.0
100240,2024-10-22,Mixer,Home,North,SP009,3.0,775.77,15.0,1978.21,1.0
100241,2025-02-07,Mixer,Home,,SP013,12.0,1590.82,10.0,17180.86,5.0
100242,2025-06-05,Laptop,Clothing,East,SP031,13.0,1002.66,0.0,13034.58,5.0
100243,2025-04-12,Shoes,Home,East,SP011,5.0,,20.0,4857.96,4.0
100244,2025-09-23,Mixer,Beauty,West,SP046,10.0,1189.48,20.0,9515.84,5.0
100245,2024-11-02,Book,Books,North,SP027,16.0,1632.42,10.0,23506.85,5.0
100246,2024-11-11,Camera,Beauty,South,SP047,1.0,1195.83,10.0,1076.25,1.0
100247,2025-08-20,Camera,Sports,South,SP044,16.0,345.17,25.0,4142.04,2.0
100248,2024-02-02,Chair,Electronics,West,SP021,19.0,1896.67,0.0,36036.73,4.0
100249,2024-06-04,Mixer,Beauty,West,SP048,14.0,1382.55,15.0,16452.35,1.0
100250,2025-12-23,Book,Books,West,SP034,5.0,1039.77,20.0,4159.08,4.0
100251,2024-11-17,Book,Beauty,East,SP044,6.0,922.03,20.0,4425.74,3.0
100252,2025-09-16,Watch,Beauty,East,SP015,16.0,388.57,5.0,5906.26,
100253,2024-10-22,Book,Sports,East,SP036,7.0,1382.03,15.0,8223.08,3.0
100254,2024-10-21,,Sports,East,SP050,4.0,1149.09,20.0,3677.09,2.0
100255,2024-10-24,Phone,Home,West,SP042,2.0,578.82,,868.23,3.0
100256,2025-05-05,Watch,Beauty,East,SP009,7.0,408.13,,2285.53,1.0
100257,2025-09-22,Mixer,Clothing,South,SP004,19.0,482.37,0.0,9165.03,1.0
100258,2025-02-27,Shoes,Electronics,South,SP027,11.0,1436.13,0.0,15797.43,4.0
100259,2025-05-03,Book,Home,North,SP050,7.0,1513.04,10.0,9532.15,1.0
100260,2025-10-29,Laptop,Clothing,West,SP012,19.0,,25.0,6672.99,1.0
100261,2025-02-10,Watch,Electronics,North,SP020,16.0,376.69,25.0,4520.28,5.0
100262,2025-09-09,Watch,Sports,West,SP009,4.0,1857.27,10.0,6686.17,5.0
100263,2025-04-24,Book,Clothing,West,SP042,9.0,389.66,0.0,3506.94,3.0
100264,2024-07-09,Camera,Books,South,SP012,1.0,1474.55,10.0,1327.1,5.0
100265,2025-10-16,Book,Electronics,West,SP043,13.0,1654.84,20.0,17210.34,1.0
100266,2024-07-08,Laptop,Home,West,SP016,5.0,957.52,5.0,4548.22,4.0
100267,2024-09-30,Camera,Electronics,East,SP042,11.0,607.38,25.0,5010.89,3.0
100268,2025-12-10,Bag,Home,South,SP026,8.0,128.94,0.0,1031.52,5.0
100269,2025-12-21,Watch,Home,South,SP015,10.0,1382.13,25.0,10365.98,2.0
100270,2025-05-04,Book,Sports,West,SP049,5.0,,20.0,3650.72,5.0
100271,2025-11-11,Camera,Electronics,West,SP034,7.0,1524.91,25.0,8005.78,3.0
100272,2024-03-20,Mixer,Clothing,South,SP011,19.0,228.86,20.0,3478.67,3.0
100273,2025-06-16,Camera,Sports,North,SP033,15.0,236.9,5.0,3375.82,4.0
100274,2024-02-26,Bag,Beauty,North,SP036,15.0,268.23,15.0,3419.93,4.0
100275,2025-11-19,Watch,Electronics,South,SP038,10.0,1447.94,15.0,12307.49,1.0
100276,2024-02-16,Mixer,Electronics,North,SP031,14.0,692.34,0.0,9692.76,1.0
100277,2024-10-20,Headphones,Home,West,SP029,14.0,364.06,5.0,4842.0,4.0
100278,2025-01-19,Mixer,Clothing,East,SP008,3.0,1367.05,25.0,3075.86,2.0
100279,2025-07-04,Chair,Electronics,North,SP020,13.0,1060.04,25.0,10335.39,
100280,2025-11-20,Chair,Clothing,West,SP023,18.0,851.14,15.0,13022.44,2.0
100281,2024-10-09,Phone,Electronics,West,SP040,7.0,1875.13,25.0,9844.43,1.0
100282,2024-09-03,Laptop,Sports,North,SP016,7.0,139.25,,779.8,1.0
100283,2025-02-15,Laptop,Clothing,East,SP015,15.0,472.51,5.0,6733.27,5.0
100284,2024-11-22,Book,Clothing,East,SP010,19.0,1197.85,25.0,17069.36,5.0
100285,2024-08-14,Mixer,Beauty,South,SP041,14.0,604.5,0.0,8463.0,4.0
100286,2025-07-23,Headphones,Beauty,East,SP045,16.0,98.53,10.0,1418.83,4.0
100287,2025-02-22,Mixer,Sports,South,SP015,5.0,603.28,5.0,2865.58,3.0
100288,2025-12-25,Mixer,Sports,West,SP036,5.0,1612.52,,8062.6,5.0
100289,2024-05-17,Book,Books,North,SP029,13.0,489.5,5.0,6045.32,3.0
100290,2024-04-04,Laptop,Home,West,SP044,18.0,1450.55,5.0,24804.4,5.0
100291,2025-09-09,,Books,,SP031,2.0,1747.87,5.0,3320.95,2.0
100292,2024-12-06,Chair,Clothing,North,SP048,10.0,1914.25,0.0,19142.5,
100293,2024-09-05,Chair,Beauty,East,SP050,20.0,1409.02,,23953.34,3.0
100294,2025-01-24,Watch,Home,,SP033,15.0,1069.63,10.0,14440.01,4.0
100295,2025-04-22,,Home,South,SP024,4.0,1606.62,25.0,4819.86,3.0
100296,2025-02-27,Shoes,Electronics,East,SP036,2.0,1127.24,5.0,2141.76,5.0
100297,2025-08-16,Book,Clothing,West,SP037,14.0,593.91,5.0,7899.0,2.0
100298,2025-05-26,Book,Home,West,SP047,18.0,1310.94,25.0,17697.69,4.0
100299,2025-04-16,Shoes,Clothing,West,SP012,6.0,1466.88,10.0,7921.15,5.0
100300,2025-10-19,Laptop,Electronics,West,SP009,2.0,1050.27,0.0,2100.54,2.0
100301,2024-03-10,Bag,Home,North,SP040,5.0,23.24,,92.96,5.0
100302,2025-05-09,Mixer,Sports,North,SP002,16.0,36.38,20.0,465.66,5.0
100303,2024-10-08,Mixer,Books,West,SP012,18.0,1955.07,0.0,35191.26,1.0
100304,2024-04-08,Camera,Beauty,East,SP023,,302.05,5.0,4878.11,3.0
100305,2025-02-10,Bag,Beauty,South,SP045,3.0,749.24,15.0,1910.56,2.0
100306,2024-11-03,Laptop,Electronics,West,SP025,3.0,1309.2,25.0,2945.7,4.0
100307,2025-07-19,Shoes,Electronics,West,SP028,16.0,116.95,0.0,1871.2,3.0
100308,2025-08-02,Chair,Clothing,West,SP018,4.0,1790.11,0.0,7160.44,1.0
100309,2024-03-17,Laptop,Clothing,East,SP002,9.0,1799.13,,12953.74,2.0
100310,2025-08-24,Headphones,Electronics,East,SP011,5.0,1505.75,25.0,5646.56,5.0
100311,2024-09-03,Mixer,Home,West,SP049,19.0,1670.13,15.0,26972.6,2.0
100312,2025-12-06,Laptop,Electronics,West,SP015,3.0,1004.08,10.0,2711.02,1.0
100313,2024-12-14,Headphones,Home,North,SP041,20.0,1539.17,20.0,24626.72,3.0
100314,2025-04-06,Headphones,Sports,South,SP044,16.0,460.14,,5889.79,5.0
100315,2025-11-07,Watch,Clothing,North,SP006,13.0,175.96,20.0,1829.98,3.0
100316,2024-06-06,Shoes,Books,West,SP021,13.0,1424.8,25.0,13891.8,3.0
100317,2024-04-19,Bag,Home,East,SP007,3.0,15.36,10.0,41.47,2.0
100318,2024-03-30,Mixer,Beauty,West,SP007,6.0,864.8,20.0,4151.04,1.0
100319,2024-04-01,Camera,Home,West,SP001,12.0,1110.67,20.0,10662.43,3.0
100320,2025-02-27,Mixer,Clothing,South,SP044,13.0,1559.44,25.0,15204.54,4.0
100321,2024-06-22,Bag,Clothing,North,SP011,5.0,541.49,10.0,2436.7,4.0
100322,2024-10-09,Book,Home,,SP047,14.0,603.01,0.0,8442.14,4.0
100323,2025-08-31,Shoes,Home,North,SP026,20.0,395.12,0.0,7902.4,3.0
100324,2025-09-27,Bag,Home,West,SP042,13.0,1609.13,10.0,18826.82,5.0
100325,2024-05-19,,Sports,East,SP012,10.0,644.73,25.0,4835.48,4.0
100326,2024-11-22,Bag,Beauty,South,SP021,10.0,,25.0,11033.02,4.0
100327,2024-10-14,Chair,Beauty,South,SP044,13.0,733.21,20.0,7625.38,5.0
100328,2024-01-28,Bag,Home,North,SP027,15.0,1886.23,5.0,26878.78,4.0
100329,2024-05-22,Shoes,Books,West,SP025,10.0,487.83,25.0,3658.73,1.0
100330,2025-04-04,Mixer,Beauty,West,SP035,,961.07,15.0,16338.19,1.0
100331,2025-01-03,Phone,Clothing,East,SP011,18.0,1189.67,0.0,21414.06,5.0
100332,2024-02-15,Headphones,Home,West,SP007,19.0,1967.3,,28034.02,1.0
100333,2024-04-10,,Beauty,South,SP029,9.0,447.89,25.0,3023.26,3.0
100334,2025-02-04,Mixer,Clothing,East,SP002,15.0,1545.82,20.0,18549.84,4.0
100335,2024-04-17,Phone,Books,South,SP023,10.0,834.87,0.0,8348.7,3.0
100336,2024-12-17,Bag,Home,West,SP007,15.0,1569.62,20.0,18835.44,4.0
100337,2025-12-14,Laptop,Books,North,SP002,15.0,641.22,10.0,8656.47,3.0
100338,2025-10-25,Chair,Beauty,South,SP036,4.0,1355.89,5.0,5152.38,2.0
100339,2024-12-04,Chair,Sports,South,SP012,18.0,855.61,15.0,13090.83,4.0
100340,2025-02-09,Bag,Beauty,West,SP025,1.0,1476.09,5.0,1402.29,1.0
100341,2025-12-22,Phone,Beauty,North,SP035,7.0,415.54,25.0,2181.59,2.0
100342,2025-01-09,Watch,Books,West,SP034,11.0,398.16,0.0,4379.76,3.0
100343,2025-09-03,Phone,Home,East,SP030,13.0,1224.56,20.0,12735.42,5.0
100344,2024-06-25,Phone,Books,South,SP021,10.0,1837.77,20.0,14702.16,1.0
100345,2024-09-01,Shoes,Beauty,West,SP027,10.0,238.31,10.0,2144.79,5.0
100346,2024-05-21,Bag,Books,South,SP036,19.0,770.5,5.0,13907.52,2.0
100347,2025-05-16,Bag,Beauty,North,SP023,10.0,284.89,10.0,2564.01,1.0
100348,2025-05-11,Mixer,Beauty,West,SP027,5.0,394.28,15.0,1675.69,4.0
100349,2025-03-01,Camera,Electronics,South,SP019,15.0,979.96,0.0,14699.4,1.0
100350,2024-10-08,Bag,Beauty,,SP036,8.0,1077.53,5.0,8189.23,
100351,2024-04-25,Book,Beauty,North,SP049,19.0,,20.0,3539.17,4.0
100352,2025-07-13,Chair,Home,North,SP029,7.0,1979.6,0.0,13857.2,3.0
100353,2024-12-22,Chair,Clothing,East,SP046,3.0,880.94,0.0,2642.82,5.0
100354,2025-10-09,Chair,Clothing,North,SP037,14.0,336.13,5.0,4470.53,3.0
100355,2025-06-29,Book,Books,East,SP019,9.0,1195.73,5.0,10223.49,5.0
100356,2024-09-30,Phone,Clothing,West,SP004,17.0,,25.0,25130.89,3.0
100357,2025-11-02,Chair,Clothing,East,SP016,5.0,1404.35,5.0,6670.66,4.0
100358,2025-05-16,Headphones,Sports,,SP005,,1156.96,10.0,5206.32,1.0
100359,2025-02-16,Book,Sports,West,SP021,17.0,1500.86,25.0,19135.97,5.0
100360,2024-01-03,Book,Electronics,West,SP014,3.0,1463.21,15.0,3731.19,4.0
100361,2024-08-04,Book,Beauty,,SP037,16.0,540.73,,7786.51,4.0
100362,2024-12-17,Bag,Electronics,North,SP011,2.0,96.66,25.0,144.99,4.0
100363,2025-04-12,Chair,Books,South,SP042,1.0,1983.72,15.0,1686.16,3.0
100364,2024-06-11,Watch,Electronics,East,SP043,9.0,191.21,10.0,1548.8,2.0
100365,2024-02-23,Chair,Sports,North,SP046,13.0,1253.08,25.0,12217.53,
100366,2024-01-02,Camera,Clothing,West,SP001,7.0,956.23,5.0,6358.93,1.0
100367,2025-12-13,Shoes,Sports,North,SP015,,1635.13,15.0,15288.47,4.0
100368,2024-04-01,Watch,Clothing,West,SP050,4.0,210.89,10.0,759.2,2.0
100369,2025-10-18,Laptop,Beauty,South,SP029,5.0,141.48,,565.92,3.0
100370,2024-08-06,Bag,Clothing,North,SP007,5.0,1840.19,20.0,7360.76,2.0
100371,2024-05-06,Headphones,Home,South,SP016,19.0,1461.37,10.0,24989.43,3.0
100372,2025-10-22,Camera,Books,East,SP050,3.0,500.09,20.0,1200.22,1.0
100373,2025-11-05,Mixer,Clothing,West,SP019,10.0,414.86,20.0,3318.88,1.0
100374,2024-09-02,Bag,Books,North,SP034,16.0,774.84,5.0,11777.57,1.0
100375,2025-01-04,Headphones,Home,South,SP049,11.0,268.31,,2361.13,4.0
100376,2024-03-15,Watch,Clothing,North,SP004,1.0,1176.79,0.0,1176.79,4.0
100377,2025-06-02,Headphones,Sports,West,SP006,10.0,,20.0,10072.0,5.0
100378,2025-07-04,Watch,Electronics,South,SP010,20.0,309.6,0.0,6192.0,5.0
100379,2024-11-30,,Home,West,SP047,13.0,,25.0,11455.67,2.0
100380,2024-02-29,Phone,Sports,North,SP020,8.0,176.99,15.0,1203.53,2.0
100381,2024-05-02,Laptop,Clothing,West,SP023,1.0,1417.26,25.0,1062.94,5.0
100382,2025-06-13,Watch,Books,North,SP050,9.0,338.09,5.0,2890.67,1.0
100383,2024-12-09,,Books,North,SP032,14.0,,0.0,7666.4,4.0
100384,2025-06-07,Shoes,Home,South,SP017,12.0,115.6,20.0,1109.76,1.0
100385,2025-08-10,Laptop,Electronics,North,SP016,,460.67,20.0,1474.14,1.0
100386,2025-04-28,Shoes,Electronics,West,SP015,12.0,769.04,5.0,8767.06,3.0
100387,2024-09-11,Watch,Electronics,East,SP008,14.0,1832.13,10.0,23084.84,5.0
100388,2025-11-20,Laptop,Sports,North,SP030,2.0,362.79,20.0,580.46,3.0
100389,2024-11-14,Laptop,Home,South,SP019,11.0,177.34,15.0,1658.13,5.0
100390,2024-11-07,Camera,Sports,South,SP047,20.0,488.96,10.0,8801.28,5.0
100391,2024-09-08,Laptop,Clothing,East,SP041,5.0,17.72,15.0,75.31,1.0
100392,2024-12-09,Watch,Electronics,South,SP034,1.0,1519.06,15.0,1291.2,2.0
100393,2025-03-05,Watch,Electronics,North,SP015,16.0,,5.0,29222.91,5.0
100394,2025-02-26,Phone,Beauty,North,SP033,12.0,919.62,25.0,8276.58,2.0
100395,2025-10-14,Laptop,Sports,South,SP016,13.0,154.29,20.0,1604.62,3.0
100396,2024-09-24,Book,Home,West,SP018,11.0,1852.45,15.0,17320.41,2.0
100397,2024-03-17,Phone,Clothing,North,SP011,7.0,276.54,,1548.62,4.0
100398,2025-04-22,Book,Clothing,West,SP020,11.0,815.99,20.0,7180.71,4.0
100399,2024-09-28,Watch,Books,North,SP014,4.0,185.39,25.0,556.17,3.0
100400,2024-05-31,,Beauty,North,SP044,3.0,1423.76,10.0,3844.15,3.0
100401,2024-09-23,Bag,Beauty,South,SP007,6.0,67.01,15.0,341.75,4.0
100402,2024-04-14,Chair,Clothing,South,SP026,5.0,247.3,0.0,1236.5,3.0
100403,2025-12-03,Phone,Electronics,North,SP013,3.0,1166.74,10.0,3150.2,4.0
100404,2024-05-11,,Electronics,West,SP004,3.0,1810.63,10.0,4888.7,2.0
100405,2025-08-10,Bag,Electronics,,SP044,14.0,1644.26,15.0,19566.69,4.0
100406,2024-06-25,Watch,Home,West,SP010,12.0,433.36,5.0,4940.3,1.0
100407,2025-09-20,Watch,Sports,West,SP036,20.0,1235.87,25.0,18538.05,4.0
100408,2024-03-03,Headphones,Clothing,South,SP041,3.0,563.15,5.0,1604.98,5.0
100409,2024-01-20,Bag,Beauty,West,SP023,13.0,1564.92,10.0,18309.56,5.0
100410,2025-05-29,Laptop,Home,South,SP002,11.0,779.82,,8149.12,3.0
100411,2024-02-29,,Clothing,North,SP016,16.0,1061.22,20.0,13583.62,2.0
100412,2024-09-29,Laptop,Clothing,West,SP023,18.0,1633.49,25.0,22052.11,2.0
100413,2024-06-29,Book,Beauty,North,SP046,8.0,1187.08,25.0,7122.48,3.0
100414,2025-08-04,,Beauty,East,SP012,19.0,288.49,5.0,5207.24,4.0
100415,2024-02-08,Chair,Electronics,West,SP001,3.0,117.06,20.0,280.94,3.0
100416,2025-09-20,Shoes,Home,North,SP002,7.0,1613.86,,10167.32,2.0
100417,2025-08-23,Book,Electronics,East,SP046,5.0,1549.86,20.0,6199.44,4.0
100418,2025-08-23,Shoes,Clothing,,SP041,,676.44,10.0,2435.18,4.0
100419,2025-10-26,Camera,Home,South,SP043,11.0,352.53,20.0,3102.26,5.0
100420,2024-06-28,Watch,Clothing,South,SP047,,617.11,25.0,6016.82,1.0
100421,2025-12-19,Laptop,Clothing,East,SP040,19.0,786.24,20.0,11950.85,2.0
100422,2025-10-16,Shoes,Home,North,SP016,19.0,212.7,15.0,3435.1,3.0
100423,2024-11-23,Book,Sports,North,SP017,6.0,1274.19,0.0,7645.14,2.0
100424,2024-09-12,,Electronics,West,SP029,3.0,,0.0,2112.63,4.0
100425,2024-06-19,Book,Beauty,West,SP007,14.0,988.7,15.0,11765.53,4.0
100426,2025-08-14,Laptop,Home,North,SP021,8.0,329.5,0.0,2636.0,3.0
100427,2024-04-17,Shoes,Books,,SP036,3.0,686.91,15.0,1751.62,1.0
100428,2024-12-12,Laptop,Sports,South,SP039,20.0,1970.63,15.0,33500.71,4.0
100429,2024-06-09,Chair,Sports,East,SP043,2.0,207.01,5.0,393.32,3.0
100430,2024-10-31,Camera,Beauty,West,SP010,8.0,196.35,15.0,1335.18,1.0
100431,2025-01-04,Camera,Sports,,SP007,1.0,858.07,10.0,772.26,1.0
100432,2024-07-30,Bag,Electronics,East,SP026,6.0,1278.19,0.0,7669.14,4.0
100433,2025-05-15,,Clothing,East,SP025,9.0,186.82,20.0,1345.1,3.0
100434,2024-07-10,Bag,Home,South,SP018,15.0,94.01,15.0,1198.63,5.0
100435,2024-03-04,Phone,Electronics,East,SP035,5.0,1505.71,25.0,5646.41,4.0
100436,2025-08-26,Mixer,Sports,West,SP037,8.0,1109.44,,7544.19,2.0
100437,2025-05-02,Laptop,Beauty,South,SP008,10.0,162.52,,1218.9,4.0
100438,2024-06-26,Shoes,Electronics,West,SP006,6.0,1944.47,5.0,11083.48,4.0
100439,2024-07-25,Book,Books,North,SP006,5.0,1669.05,10.0,7510.73,4.0
100440,2025-07-23,Mixer,Sports,North,SP045,13.0,1106.35,10.0,12944.3,5.0
100441,2025-08-24,Headphones,Clothing,South,SP037,17.0,1564.46,0.0,26595.82,5.0
100442,2025-08-19,Phone,Home,East,SP027,4.0,1850.23,20.0,5920.74,3.0
100443,2025-01-27,Laptop,Clothing,East,SP026,16.0,1146.19,15.0,15588.18,2.0
100444,2025-09-25,Laptop,Sports,East,SP045,20.0,1363.22,15.0,23174.74,2.0
100445,2024-02-20,Laptop,Home,East,SP020,16.0,1842.07,,26525.81,3.0
100446,2025-05-18,Shoes,Home,West,SP050,4.0,1945.13,5.0,7391.49,3.0
100447,2024-10-02,,Sports,South,SP027,14.0,1211.93,,16967.02,4.0
100448,2025-06-12,Shoes,Electronics,East,SP046,12.0,1642.93,20.0,15772.13,5.0
100449,2025-02-17,Camera,Electronics,South,SP013,5.0,1562.13,,6248.52,2.0
100450,2024-02-29,Book,Books,South,SP018,8.0,70.98,0.0,567.84,3.0
100451,2025-04-20,Laptop,Clothing,East,SP032,17.0,796.9,0.0,13547.3,5.0
100452,2025-04-01,Camera,Beauty,East,SP023,6.0,1921.24,15.0,9798.32,2.0
100453,2024-09-21,Laptop,Clothing,South,SP015,3.0,573.71,15.0,1462.96,2.0
100454,2025-11-24,Mixer,Electronics,North,SP031,7.0,541.82,15.0,3223.83,2.0
100455,2025-10-24,,Home,East,SP046,6.0,1204.28,0.0,7225.68,3.0
100456,2025-03-09,,Clothing,West,SP020,13.0,1703.91,15.0,18828.21,5.0
100457,2025-09-30,Mixer,Books,East,SP036,13.0,1171.05,0.0,15223.65,5.0
100458,2025-09-15,Bag,Electronics,East,SP018,10.0,600.46,0.0,6004.6,3.0
100459,2024-10-10,Watch,Clothing,South,SP034,9.0,1313.96,25.0,8869.23,2.0
100460,2024-02-28,Shoes,Books,,SP042,20.0,811.18,10.0,14601.24,4.0
100461,2024-10-29,Headphones,Books,,SP038,9.0,1814.29,15.0,13879.32,5.0
100462,2024-07-13,Mixer,Books,West,SP043,11.0,1454.47,5.0,15199.21,3.0
100463,2025-06-03,,Clothing,East,SP007,10.0,1691.61,25.0,12687.07,4.0
100464,2024-05-11,Shoes,Books,East,SP042,9.0,1451.75,20.0,10452.6,1.0
100465,2024-08-15,Headphones,Home,East,SP017,12.0,450.54,10.0,4865.83,5.0
100466,2024-10-28,Laptop,Books,North,SP031,15.0,1703.17,15.0,21715.42,2.0
100467,2025-05-27,Mixer,Home,West,SP004,4.0,1735.66,15.0,5901.24,2.0
100468,2024-05-20,Bag,Clothing,East,SP046,7.0,688.63,20.0,3856.33,2.0
100469,2024-03-23,Book,Books,North,SP001,16.0,668.6,5.0,10162.72,4.0
100470,2024-10-07,Camera,Clothing,West,SP049,7.0,1523.58,5.0,10131.81,1.0
100471,2024-05-12,Headphones,Sports,West,SP025,20.0,870.25,15.0,14794.25,1.0
100472,2024-02-08,Laptop,Home,South,SP002,18.0,402.83,10.0,6525.85,1.0
100473,2025-10-03,Watch,Clothing,North,SP025,8.0,456.4,10.0,3286.08,5.0
100474,2025-08-25,Watch,Home,West,SP047,10.0,338.21,0.0,3382.1,5.0
100475,2025-09-02,Shoes,Home,West,SP023,17.0,678.98,25.0,8656.99,2.0
100476,2024-06-17,Shoes,Clothing,North,SP038,,43.15,5.0,532.9,5.0
100477,2024-06-22,Laptop,Sports,East,SP050,4.0,,,2209.05,5.0
100478,2025-09-30,Phone,Books,North,SP004,2.0,1189.88,0.0,2379.76,1.0
100479,2025-03-02,Watch,Sports,South,SP014,15.0,763.61,20.0,9163.32,1.0
100480,2024-11-04,Mixer,Home,South,SP027,14.0,1325.02,25.0,13912.71,1.0
100481,2025-06-07,Phone,Sports,South,SP039,20.0,239.88,0.0,4797.6,2.0
100482,2024-09-26,Headphones,Home,South,SP003,17.0,1946.37,10.0,29779.46,5.0
100483,2025-05-23,Book,Clothing,North,SP001,7.0,1377.97,15.0,8198.92,1.0
100484,2024-04-23,Phone,Beauty,North,SP047,19.0,1339.7,,24181.58,1.0
100485,2024-09-19,Watch,Sports,North,SP007,8.0,916.22,,6596.78,2.0
100486,2024-02-10,Book,Sports,North,SP007,10.0,723.63,,5427.23,
100487,2024-01-10,Book,Home,West,SP040,5.0,,5.0,6309.85,3.0
100488,2024-04-05,Phone,Sports,West,SP030,12.0,1630.85,5.0,18591.69,3.0
100489,2025-01-29,Shoes,Electronics,South,SP045,16.0,1600.8,25.0,19209.6,1.0
100490,2024-06-12,Bag,Beauty,West,SP012,4.0,834.98,20.0,2671.94,5.0
100491,2025-01-23,Shoes,Sports,West,SP008,12.0,1224.66,25.0,11021.94,4.0
100492,2025-03-27,Book,Electronics,South,SP043,2.0,131.36,25.0,197.04,3.0
100493,2025-06-15,Phone,Sports,South,SP031,17.0,1378.04,20.0,18741.34,3.0
100494,2025-11-10,Camera,Electronics,North,SP042,,301.57,20.0,3136.33,2.0
100495,2025-06-01,Phone,Sports,East,SP016,16.0,1704.48,5.0,25908.1,
100496,2024-10-11,Headphones,Sports,South,SP006,2.0,1016.32,,1626.11,4.0
100497,2025-03-30,Bag,Home,North,SP032,19.0,898.96,,14518.2,1.0
100498,2024-04-15,Mixer,Electronics,North,SP039,13.0,827.62,20.0,8607.25,5.0
100499,2025-10-14,Chair,Books,West,SP022,10.0,1780.77,20.0,14246.16,3.0
100500,2024-02-25,Mixer,Beauty,West,SP046,8.0,1689.41,10.0,12163.75,3.0
100501,2025-04-08,Chair,Electronics,East,SP023,4.0,199.39,25.0,598.17,3.0
100502,2025-07-14,Laptop,Clothing,West,SP009,,750.91,0.0,12765.47,4.0
100503,2024-04-19,Phone,Sports,South,SP030,9.0,1223.65,5.0,10462.21,2.0
100504,2024-12-12,Camera,Electronics,West,SP030,4.0,1515.51,0.0,6062.04,5.0
100505,2025-05-31,Mixer,Books,North,SP036,5.0,1927.89,0.0,9639.45,4.0
100506,2025-08-22,Camera,Clothing,South,SP007,16.0,1849.12,,28106.62,4.0
100507,2025-11-04,Mixer,Sports,West,SP039,20.0,1214.29,10.0,21857.22,2.0
100508,2024-10-07,Bag,Clothing,South,SP027,13.0,1927.37,10.0,22550.23,5.0
100509,2025-12-17,Mixer,Home,South,SP013,17.0,601.33,25.0,7666.96,2.0
100510,2025-10-01,Shoes,Books,South,SP033,10.0,1374.79,,10310.92,5.0
100511,2025-12-11,,Sports,West,SP044,11.0,1422.15,,14079.29,5.0
100512,2024-10-19,Phone,Electronics,West,SP010,14.0,1617.57,20.0,18116.78,1.0
100513,2025-11-17,Watch,Books,East,SP010,2.0,403.81,5.0,767.24,1.0
100514,2025-12-08,Laptop,Home,West,SP007,10.0,411.98,20.0,3295.84,5.0
100515,2025-11-22,Mixer,Sports,South,SP033,,1730.36,25.0,23359.86,3.0
100516,2025-12-10,Headphones,Books,East,SP036,2.0,1853.34,15.0,3150.68,1.0
100517,2024-01-14,Chair,Books,East,SP049,9.0,410.16,15.0,3137.72,5.0
100518,2025-07-13,Chair,Home,West,SP012,20.0,396.96,25.0,5954.4,1.0
100519,2024-07-10,Headphones,Electronics,West,SP018,6.0,1471.48,0.0,8828.88,5.0
100520,2024-09-27,Laptop,Home,West,SP046,5.0,326.05,10.0,1467.23,2.0
100521,2024-02-10,Laptop,Books,East,SP032,5.0,1857.61,20.0,7430.44,5.0
100522,2025-07-17,,Beauty,South,SP012,12.0,150.4,25.0,1353.6,5.0
100523,2024-03-10,Mixer,Sports,North,SP023,,322.94,20.0,4391.98,2.0
100524,2024-08-06,Chair,Beauty,West,SP036,11.0,665.48,10.0,6588.25,1.0
100525,2024-04-27,Camera,Beauty,South,SP003,12.0,894.11,25.0,8046.99,3.0
100526,2025-01-25,Watch,Electronics,East,SP033,4.0,774.82,20.0,2479.42,5.0
100527,2025-04-01,Chair,Home,North,SP007,16.0,92.48,25.0,1109.76,2.0
100528,2025-07-04,Chair,Books,South,SP044,18.0,19.62,0.0,353.16,4.0
100529,2024-04-16,Headphones,Books,North,SP048,7.0,1077.82,25.0,5658.56,2.0
100530,2024-01-25,Phone,Electronics,North,SP012,15.0,1435.15,0.0,21527.25,3.0
100531,2025-07-25,Watch,Sports,West,SP029,,,5.0,3283.34,4.0
100532,2025-03-19,Phone,Beauty,North,SP042,11.0,38.7,25.0,319.28,5.0
100533,2024-03-05,Book,Beauty,North,SP019,19.0,95.81,0.0,1820.39,3.0
100534,2025-09-13,Headphones,Sports,North,SP031,3.0,566.63,15.0,1444.91,2.0
100535,2025-06-30,Mixer,Home,South,SP020,8.0,277.08,15.0,1884.14,3.0
100536,2024-01-12,Phone,Electronics,North,SP037,18.0,1750.16,5.0,29927.74,5.0
100537,2025-02-07,Watch,Clothing,East,SP014,18.0,1097.31,0.0,19751.58,4.0
100538,2025-10-23,Chair,Beauty,East,SP013,17.0,289.2,,4670.58,1.0
100539,2024-07-04,Bag,Books,North,SP019,,1705.24,20.0,25919.65,1.0
100540,2024-09-13,Bag,Home,East,SP009,4.0,398.85,20.0,1276.32,2.0
100541,2024-04-12,Book,Sports,West,SP022,10.0,1240.93,5.0,11788.84,5.0
100542,2025-11-06,,Beauty,East,SP021,10.0,1388.45,5.0,13190.27,4.0
100543,2024-06-21,Headphones,Home,East,SP009,1.0,629.86,5.0,598.37,3.0
100544,2025-05-06,Bag,Beauty,North,SP012,15.0,893.49,10.0,12062.11,5.0
100545,2024-03-24,Mixer,Clothing,,SP047,9.0,1718.13,5.0,14690.01,1.0
100546,2024-03-18,Laptop,Beauty,West,SP050,1.0,1699.93,25.0,1274.95,5.0
100547,2024-08-05,Mixer,Sports,South,SP024,2.0,1105.43,20.0,1768.69,4.0
100548,2024-08-16,Shoes,Sports,North,SP026,19.0,1467.79,10.0,25099.21,3.0
100549,2025-05-29,Shoes,Beauty,South,SP029,1.0,1327.04,20.0,1061.63,2.0
100550,2024-07-02,Shoes,Books,West,SP023,19.0,1897.68,25.0,27041.94,1.0
100551,2024-08-12,Book,Clothing,North,SP043,16.0,467.34,10.0,6729.7,2.0
100552,2025-06-14,Laptop,Electronics,East,SP007,12.0,779.25,15.0,7948.35,5.0
100553,2025-10-10,Camera,Beauty,South,SP025,9.0,1670.57,10.0,13531.62,4.0
100554,2025-01-09,Mixer,Home,West,SP015,19.0,1308.41,0.0,24859.79,5.0
100555,2025-02-19,,Sports,North,SP033,12.0,1635.39,10.0,17662.21,2.0
100556,2025-03-26,Watch,Clothing,South,SP012,6.0,463.83,20.0,2226.38,2.0
100557,2025-01-05,Chair,Sports,East,SP047,20.0,1436.02,0.0,28720.4,1.0
100558,2025-05-08,,Books,West,SP002,16.0,960.65,20.0,12296.32,2.0
100559,2024-02-14,Shoes,Books,North,SP037,5.0,1149.11,5.0,5458.27,2.0
100560,2024-02-27,Mixer,Sports,,SP047,6.0,520.23,5.0,2965.31,3.0
100561,2024-03-28,Bag,Clothing,South,SP027,7.0,901.16,15.0,5361.9,5.0
100562,2024-05-26,Camera,Books,East,SP011,19.0,1641.8,5.0,29634.49,3.0
100563,2025-04-09,Headphones,Sports,South,SP007,20.0,1183.24,5.0,22481.56,1.0
100564,2024-07-26,Headphones,Clothing,North,SP012,17.0,1719.89,20.0,23390.5,4.0
100565,2025-09-21,Mixer,Electronics,North,SP031,20.0,82.88,20.0,1326.08,2.0
100566,2025-09-09,Headphones,Beauty,West,SP024,18.0,1655.91,25.0,22354.78,1.0
100567,2025-12-15,Headphones,Home,North,SP028,17.0,860.77,15.0,12438.13,2.0
100568,2024-09-17,Watch,Beauty,West,SP017,16.0,,0.0,24526.24,2.0
100569,2024-01-06,Mixer,Electronics,West,SP042,1.0,1158.08,0.0,1158.08,2.0
100570,2025-12-05,Shoes,Sports,,SP017,,820.65,0.0,9027.15,5.0
100571,2025-03-09,,Clothing,West,SP036,19.0,734.46,10.0,12559.27,5.0
100572,2025-05-09,Bag,Home,East,SP037,6.0,743.57,20.0,3569.14,3.0
100573,2025-12-23,Phone,Books,South,SP029,13.0,1472.89,25.0,14360.68,2.0
100574,2024-04-12,Mixer,Beauty,North,SP011,7.0,1019.15,10.0,6420.65,4.0
100575,2025-10-13,Bag,Beauty,West,SP006,1.0,1609.72,5.0,1529.23,1.0
100576,2024-09-26,Laptop,Books,West,SP026,8.0,744.82,20.0,4766.85,5.0
100577,2025-11-02,Laptop,Clothing,West,SP029,17.0,576.51,20.0,7840.54,1.0
100578,2024-07-25,Camera,Beauty,South,SP040,17.0,575.58,0.0,9784.86,2.0
100579,2025-11-21,Laptop,Clothing,North,SP018,2.0,722.68,25.0,1084.02,4.0
100580,2024-12-27,Mixer,Electronics,North,SP006,13.0,813.87,5.0,10051.29,5.0
100581,2024-10-18,Book,Home,South,SP039,18.0,1830.44,10.0,29653.13,2.0
100582,2025-04-10,Shoes,Sports,North,SP036,13.0,1151.94,10.0,13477.7,1.0
100583,2025-05-30,Mixer,Home,East,SP045,10.0,683.23,0.0,6832.3,4.0
100584,2025-01-21,Book,Sports,West,SP038,19.0,969.84,5.0,17505.61,1.0
100585,2025-05-08,Chair,Books,South,SP021,4.0,519.35,15.0,1765.79,4.0
100586,2024-12-27,Watch,Clothing,East,SP006,17.0,1073.63,25.0,13688.78,4.0
100587,2025-11-20,Bag,Home,East,SP014,11.0,,5.0,1637.31,5.0
100588,2024-10-02,Chair,Sports,South,SP016,6.0,1894.5,25.0,8525.25,2.0
100589,2024-09-28,Camera,Home,South,SP050,7.0,462.27,5.0,3074.1,1.0
100590,2024-05-02,Bag,Beauty,North,SP049,,1353.25,25.0,3044.81,5.0
100591,2024-02-13,Bag,Beauty,East,SP032,16.0,745.54,10.0,10735.78,2.0
100592,2025-06-07,Shoes,Electronics,West,SP031,9.0,798.77,20.0,5751.14,5.0
100593,2024-02-03,Shoes,Sports,North,SP045,17.0,697.84,25.0,8897.46,5.0
100594,2025-04-16,Chair,Sports,North,SP021,11.0,1379.98,0.0,15179.78,3.0
100595,2025-09-19,Chair,Home,West,SP040,9.0,378.37,,3064.8,3.0
100596,2025-01-09,Headphones,Books,East,SP024,6.0,1000.05,5.0,5700.28,4.0
100597,2024-10-13,Camera,Books,South,SP007,15.0,363.88,5.0,5185.29,3.0
100598,2024-08-29,Chair,Clothing,,SP031,18.0,867.28,15.0,13269.38,1.0
100599,2024-06-29,Mixer,Beauty,East,SP032,14.0,1001.7,25.0,10517.85,3.0
100600,2024-09-13,Headphones,Electronics,,SP004,18.0,1717.71,0.0,30918.78,2.0
100601,2024-09-17,Bag,Books,East,SP017,16.0,1678.75,0.0,26860.0,3.0
100602,2025-01-03,Book,Electronics,West,SP008,18.0,1117.2,10.0,18098.64,3.0
100603,2025-11-26,Mixer,Clothing,East,SP023,20.0,401.92,20.0,6430.72,3.0
100604,2025-11-20,Bag,Electronics,,SP040,17.0,977.55,25.0,12463.76,3.0
100605,2025-04-19,Book,Sports,West,SP005,5.0,1737.17,25.0,6514.39,1.0
100606,2024-06-14,Watch,Books,East,SP039,11.0,460.29,10.0,4556.87,4.0
100607,2024-10-04,Camera,Beauty,West,SP027,15.0,1563.04,10.0,21101.04,
100608,2024-07-07,Watch,Books,North,SP014,1.0,254.45,5.0,241.73,2.0
100609,2025-02-10,Mixer,Electronics,,SP050,4.0,195.63,15.0,665.14,4.0
100610,2025-06-20,Shoes,Electronics,West,SP020,3.0,212.34,20.0,509.62,2.0
100611,2024-09-10,Shoes,Beauty,South,SP002,10.0,889.11,5.0,8446.55,1.0
100612,2025-11-10,Bag,Sports,East,SP036,12.0,,10.0,18591.55,4.0
100613,2024-05-18,Bag,Books,West,SP034,18.0,358.19,20.0,5157.94,5.0
100614,2024-11-13,Phone,Sports,East,SP024,12.0,965.9,5.0,11011.26,4.0
100615,2024-09-23,Mixer,Clothing,East,SP019,5.0,610.63,0.0,3053.15,4.0
100616,2025-07-01,Bag,Home,North,SP050,1.0,1377.1,15.0,1170.53,4.0
100617,2024-10-26,Mixer,Home,South,SP027,20.0,466.27,0.0,9325.4,5.0
100618,2025-03-23,Headphones,Sports,South,SP017,13.0,503.54,25.0,4909.52,1.0
100619,2025-03-08,Watch,Home,East,SP027,8.0,1035.64,20.0,6628.1,2.0
100620,2024-03-11,Bag,Beauty,West,SP018,6.0,277.56,0.0,1665.36,
100621,2025-05-18,Laptop,Beauty,North,SP012,7.0,644.68,5.0,4287.12,1.0
100622,2024-10-15,Laptop,Clothing,North,SP010,9.0,254.45,15.0,1946.54,1.0
100623,2025-05-20,,Home,West,SP045,7.0,687.12,,4328.86,1.0
100624,2024-12-04,Laptop,Home,West,SP005,3.0,,5.0,4810.43,5.0
100625,2025-04-26,Headphones,Electronics,North,SP050,6.0,388.42,10.0,2097.47,2.0
100626,2025-01-29,Chair,Sports,North,SP034,15.0,498.09,0.0,7471.35,
100627,2025-04-29,Book,Clothing,North,SP048,13.0,,10.0,15964.42,5.0
100628,2025-06-17,Watch,Clothing,East,SP004,4.0,510.36,25.0,1531.08,2.0
100629,2024-04-25,Laptop,Clothing,East,SP038,8.0,1267.65,10.0,9127.08,1.0
100630,2025-02-09,Camera,Books,West,SP045,8.0,22.82,0.0,182.56,5.0
100631,2024-06-07,Shoes,Sports,North,SP044,12.0,1542.74,5.0,17587.24,5.0
100632,2024-12-12,Shoes,Books,,SP009,2.0,124.25,25.0,186.38,4.0
100633,2024-08-26,Book,Sports,South,SP002,11.0,1963.44,25.0,16198.38,4.0
100634,2025-01-01,Bag,Books,West,SP036,5.0,505.14,0.0,2525.7,3.0
100635,2025-07-09,Mixer,Home,East,SP047,16.0,383.6,5.0,5830.72,4.0
100636,2024-10-08,Shoes,Electronics,South,SP029,20.0,1829.38,20.0,29270.08,3.0
100637,2024-09-26,Mixer,Sports,South,SP002,18.0,737.39,0.0,13273.02,5.0
100638,2025-01-07,Phone,Books,West,SP013,20.0,,25.0,7220.7,5.0
100639,2025-11-30,Camera,Home,East,SP027,16.0,1532.64,5.0,23296.13,3.0
100640,2024-04-23,Laptop,Clothing,South,SP003,4.0,1048.79,0.0,4195.16,2.0
100641,2024-04-19,Camera,Books,West,SP043,16.0,387.28,0.0,6196.48,
100642,2025-06-22,Laptop,Home,South,SP039,20.0,1404.12,10.0,25274.16,1.0
100643,2024-01-14,Bag,Books,,SP024,,1313.22,0.0,9192.54,
100644,2025-03-01,Camera,Home,North,SP047,12.0,1589.53,0.0,19074.36,1.0
100645,2024-11-07,Phone,Electronics,South,SP035,3.0,1889.48,,4534.75,4.0
100646,2024-07-13,Camera,Books,South,SP036,7.0,1054.75,5.0,7014.09,5.0
100647,2025-03-01,Book,Books,West,SP045,4.0,1533.74,20.0,4907.97,4.0
100648,2024-04-16,Headphones,Beauty,East,SP043,6.0,1585.96,20.0,7612.61,2.0
100649,2025-06-30,Book,Beauty,East,SP024,,888.81,10.0,15998.58,4.0
100650,2025-10-10,,Clothing,South,SP025,14.0,1653.18,10.0,20830.07,5.0
100651,2024-09-17,Headphones,Electronics,North,SP019,12.0,1923.5,15.0,19619.7,5.0
100652,2024-01-17,Laptop,Home,South,SP014,17.0,274.5,10.0,4199.85,3.0
100653,2024-01-23,Mixer,Beauty,South,SP007,9.0,1838.63,20.0,13238.14,1.0
100654,2025-04-16,Book,Beauty,South,SP015,12.0,316.43,10.0,3417.44,3.0
100655,2024-11-03,Chair,Books,,SP047,3.0,1143.12,20.0,2743.49,3.0
100656,2025-05-09,Camera,Electronics,East,SP003,6.0,979.11,25.0,4405.99,5.0
100657,2025-01-25,Book,Sports,West,SP008,3.0,1561.34,10.0,4215.62,2.0
100658,2025-10-30,Headphones,Electronics,East,SP034,20.0,1857.66,25.0,27864.9,
100659,2024-11-22,Mixer,Books,South,SP010,18.0,1132.0,10.0,18338.4,1.0
100660,2025-11-20,Camera,Beauty,North,SP015,13.0,1942.23,20.0,20199.19,
100661,2024-10-23,Phone,Sports,North,SP036,13.0,300.28,10.0,3513.28,4.0
100662,2024-09-25,Shoes,Clothing,West,SP036,3.0,800.06,15.0,2040.15,2.0
100663,2025-05-14,Mixer,Beauty,South,SP016,13.0,1306.24,5.0,16132.06,1.0
100664,2024-09-29,Phone,Electronics,West,SP028,14.0,650.21,20.0,7282.35,3.0
100665,2024-12-22,Laptop,Home,South,SP023,7.0,644.87,20.0,3611.27,5.0
100666,2025-03-28,Chair,Clothing,East,SP010,20.0,295.91,,5918.2,1.0
100667,2024-04-25,Shoes,Home,North,SP022,2.0,489.88,20.0,783.81,1.0
100668,2024-11-08,Chair,Books,South,SP014,15.0,945.02,10.0,12757.77,5.0
100669,2025-06-19,Shoes,Books,North,SP025,9.0,1099.86,,7918.99,5.0
100670,2025-11-10,Laptop,Home,South,SP045,17.0,91.75,,1481.76,5.0
100671,2024-10-04,Phone,Sports,East,SP043,2.0,932.6,0.0,1865.2,3.0
100672,2024-04-20,Headphones,Clothing,West,SP033,1.0,588.53,25.0,441.4,
100673,2024-11-19,,Clothing,South,SP033,16.0,1734.21,20.0,22197.89,4.0
100674,2025-07-28,Watch,Home,West,SP026,1.0,84.31,20.0,67.45,2.0
100675,2024-01-19,Watch,Clothing,East,SP004,12.0,1370.2,10.0,14798.16,3.0
100676,2025-01-31,Chair,Clothing,,SP026,1.0,1888.55,10.0,1699.69,2.0
100677,2024-03-30,Camera,Books,South,SP027,13.0,1043.83,25.0,10177.34,2.0
100678,2025-08-09,Camera,Home,West,SP035,5.0,855.8,10.0,3851.1,2.0
100679,2024-07-30,Chair,Clothing,East,SP045,5.0,1164.16,,4365.6,5.0
100680,2024-05-18,Camera,Clothing,East,SP005,14.0,1991.39,5.0,26485.49,5.0
100681,2025-06-29,Laptop,Home,West,SP027,4.0,372.35,5.0,1414.93,3.0
100682,2025-03-29,Phone,Clothing,South,SP002,9.0,308.15,5.0,2634.68,5.0
100683,2025-09-23,Chair,Beauty,South,SP015,9.0,1213.18,,8734.9,1.0
100684,2025-01-02,Shoes,Beauty,West,SP046,3.0,1377.84,15.0,3513.49,3.0
100685,2024-07-07,Shoes,Clothing,South,SP003,13.0,985.43,,12170.06,4.0
100686,2024-01-16,Chair,Clothing,North,SP012,9.0,1900.65,5.0,16250.56,4.0
100687,2025-09-23,Chair,Sports,West,SP050,16.0,1377.29,15.0,18731.14,1.0
100688,2025-09-14,Camera,Books,,SP034,13.0,,15.0,15931.89,1.0
100689,2025-04-07,Chair,Beauty,West,SP048,15.0,1654.89,0.0,24823.35,1.0
100690,2025-07-25,Laptop,Clothing,East,SP029,13.0,1034.67,25.0,10088.03,4.0
100691,2024-11-07,Watch,Beauty,North,SP045,10.0,925.39,15.0,7865.81,5.0
100692,2024-05-25,Phone,Books,North,SP012,15.0,1660.64,15.0,21173.16,5.0
100693,2025-12-13,Book,Sports,North,SP012,18.0,,,4206.58,4.0
100694,2025-08-27,Watch,Home,South,SP046,7.0,1765.68,0.0,12359.76,1.0
100695,2024-04-03,Book,Electronics,West,SP047,4.0,1413.92,25.0,4241.76,5.0
100696,2025-09-18,Laptop,Clothing,East,SP037,6.0,760.46,15.0,3878.35,2.0
100697,2024-06-15,Laptop,Sports,East,SP020,5.0,361.84,25.0,1356.9,4.0
100698,2024-10-22,Chair,Electronics,East,SP001,6.0,239.52,5.0,1365.26,4.0
100699,2025-05-24,Camera,Sports,South,SP014,16.0,1089.28,0.0,17428.48,
100700,2025-11-06,Phone,Beauty,North,SP016,16.0,910.21,15.0,12378.86,5.0
100701,2024-10-11,Laptop,Clothing,,SP004,20.0,1259.13,5.0,23923.47,3.0
100702,2024-02-07,Camera,Beauty,East,SP022,5.0,1708.39,25.0,6406.46,1.0
100703,2024-02-20,Shoes,Books,East,SP040,4.0,836.83,5.0,3179.95,5.0
100704,2025-08-09,Camera,Home,North,SP006,18.0,358.95,15.0,5491.93,3.0
100705,2024-11-26,Headphones,Beauty,North,SP019,12.0,1795.57,0.0,21546.84,4.0
100706,2024-05-17,Book,Beauty,West,SP034,4.0,1390.77,10.0,5006.77,2.0
100707,2025-12-13,Camera,Books,North,SP031,7.0,1226.05,0.0,8582.35,5.0
100708,2025-12-24,Watch,Beauty,East,SP009,10.0,856.97,10.0,7712.73,5.0
100709,2025-07-30,Bag,Sports,South,SP040,16.0,1041.81,25.0,12501.72,2.0
100710,2025-12-26,,Electronics,West,SP041,10.0,,0.0,19586.2,1.0
100711,2024-07-31,Laptop,Home,East,SP036,20.0,1997.98,15.0,33965.66,2.0
100712,2024-01-12,Phone,Home,East,SP033,7.0,1381.58,10.0,8703.95,5.0
100713,2024-11-27,Book,Sports,North,SP012,1.0,232.1,10.0,208.89,2.0
100714,2024-12-04,Bag,Electronics,South,SP031,11.0,1844.95,15.0,17250.28,
100715,2025-10-04,Book,Sports,West,SP048,15.0,1784.66,20.0,21415.92,1.0
100716,2025-06-17,Book,Beauty,North,SP014,10.0,1132.06,25.0,8490.45,5.0
100717,2025-12-02,Phone,Clothing,East,SP002,11.0,1600.07,10.0,15840.69,
100718,2025-01-19,Camera,Sports,South,SP039,18.0,1685.6,20.0,24272.64,1.0
100719,2024-11-11,Headphones,Electronics,West,SP016,11.0,1421.13,10.0,14069.19,3.0
100720,2025-04-07,Shoes,Electronics,East,SP003,10.0,436.2,10.0,3925.8,2.0
100721,2024-04-04,Mixer,Clothing,,SP022,15.0,1014.46,15.0,12934.37,4.0
100722,2025-06-20,Phone,Beauty,South,SP014,10.0,1552.19,5.0,14745.81,1.0
100723,2025-04-15,Phone,Electronics,East,SP003,13.0,1428.79,20.0,14859.42,5.0
100724,2024-03-30,Phone,Beauty,East,SP002,11.0,936.42,0.0,10300.62,5.0
100725,2024-11-15,Watch,Home,East,SP050,7.0,645.16,5.0,4290.31,4.0
100726,2025-11-18,Watch,Electronics,North,SP040,4.0,548.95,5.0,2086.01,5.0
100727,2025-06-10,Mixer,Home,East,SP010,4.0,417.12,10.0,1501.63,3.0
100728,2025-08-10,Camera,Home,West,SP004,8.0,346.69,10.0,2496.17,2.0
100729,2024-01-30,Phone,Sports,North,SP006,16.0,1807.07,0.0,28913.12,4.0
100730,2025-02-05,Bag,Beauty,East,SP020,6.0,1410.83,20.0,6771.98,
100731,2024-07-21,Camera,Clothing,North,SP045,18.0,161.7,15.0,2474.01,4.0
100732,2024-04-09,Bag,Sports,South,SP015,15.0,624.23,25.0,7022.59,2.0
100733,2025-09-23,Shoes,Books,East,SP021,9.0,1826.16,15.0,13970.12,4.0
100734,2025-05-14,Book,Sports,West,SP011,,135.4,0.0,135.4,3.0
100735,2024-12-22,Phone,Sports,North,SP021,20.0,1151.48,20.0,18423.68,5.0
100736,2025-10-27,Bag,Sports,West,SP016,3.0,1585.9,20.0,3806.16,5.0
100737,2024-09-06,Headphones,Electronics,,SP014,18.0,322.25,15.0,4930.43,5.0
100738,2025-03-17,,Books,,SP012,14.0,1136.59,10.0,14321.03,1.0
100739,2025-12-29,Camera,Beauty,West,SP021,19.0,1674.31,0.0,31811.89,5.0
100740,2024-04-09,Phone,Beauty,North,SP044,15.0,356.47,15.0,4544.99,5.0
100741,2025-01-23,Laptop,Electronics,South,SP009,11.0,991.12,25.0,8176.74,5.0
100742,2025-10-13,Shoes,Sports,East,SP025,1.0,1515.37,25.0,1136.53,5.0
100743,2025-08-14,Book,Home,East,SP028,15.0,395.35,25.0,4447.69,3.0
100744,2024-04-01,,Clothing,East,SP004,19.0,21.2,20.0,322.24,3.0
100745,2025-07-16,Book,Electronics,East,SP002,2.0,6.68,20.0,10.69,2.0
100746,2025-03-18,Headphones,Sports,West,SP028,19.0,791.57,10.0,13535.85,5.0
100747,2024-08-04,Mixer,Sports,East,SP027,6.0,952.37,5.0,5428.51,2.0
100748,2024-10-22,Laptop,Clothing,West,SP043,5.0,272.88,0.0,1364.4,4.0
100749,2024-05-19,Bag,Books,West,SP040,3.0,278.75,15.0,710.81,2.0
100750,2025-04-10,Headphones,Home,South,SP012,17.0,851.13,15.0,12298.83,
100751,2025-09-11,Chair,Books,East,SP027,1.0,1157.99,25.0,868.49,5.0
100752,2025-08-13,Camera,Sports,East,SP008,12.0,71.76,0.0,861.12,5.0
100753,2025-05-08,Mixer,Home,West,SP034,3.0,288.46,25.0,649.03,1.0
100754,2025-06-19,Phone,Books,East,SP040,20.0,181.45,15.0,3084.65,1.0
100755,2024-12-17,Bag,Beauty,West,SP037,18.0,1558.16,15.0,23839.85,3.0
100756,2025-03-07,Watch,Clothing,North,SP045,12.0,1921.36,10.0,20750.69,5.0
100757,2024-11-07,Bag,Beauty,South,SP037,19.0,524.58,25.0,7475.27,
100758,2025-11-03,Laptop,Home,West,SP006,10.0,1618.75,20.0,12950.0,2.0
100759,2025-06-01,Watch,Clothing,East,SP018,3.0,1703.63,10.0,4599.8,3.0
100760,2024-01-15,Shoes,Books,West,SP024,4.0,1209.62,20.0,3870.78,2.0
100761,2024-09-24,Laptop,Home,North,SP010,8.0,972.41,20.0,6223.42,5.0
100762,2024-06-06,Headphones,Clothing,,SP047,16.0,1506.76,15.0,20491.94,2.0
100763,2024-08-03,Laptop,Books,East,SP049,19.0,,10.0,25137.85,1.0
100764,2024-02-23,Watch,Sports,South,SP025,6.0,930.71,15.0,4746.62,4.0
100765,2025-04-30,Laptop,Home,West,SP025,9.0,294.57,15.0,2253.46,3.0
100766,2025-06-26,Book,Sports,East,SP022,2.0,,,318.78,3.0
100767,2024-09-30,,Sports,South,SP047,4.0,,20.0,1646.11,5.0
100768,2024-07-18,,Home,North,SP044,17.0,678.13,25.0,8646.16,1.0
100769,2024-03-10,Phone,Books,West,SP023,1.0,825.44,20.0,660.35,2.0
100770,2024-10-17,Camera,Electronics,North,SP039,9.0,390.19,0.0,3511.71,2.0
100771,2025-09-05,Phone,Beauty,South,SP025,4.0,1417.61,0.0,5670.44,5.0
100772,2024-07-08,Watch,Sports,North,SP041,4.0,1392.83,10.0,5014.19,4.0
100773,2024-10-10,Book,Home,South,SP050,14.0,1385.98,25.0,14552.79,1.0
100774,2024-10-10,Laptop,Home,East,SP012,2.0,768.68,10.0,1383.62,4.0
100775,2024-03-12,Camera,Sports,South,SP042,16.0,1958.95,5.0,29776.04,4.0
100776,2024-04-21,Chair,Beauty,North,SP029,5.0,1083.56,15.0,4605.13,3.0
100777,2024-04-15,Watch,Sports,North,SP032,2.0,,20.0,240.75,2.0
100778,2025-10-30,Headphones,Home,,SP045,1.0,1866.12,25.0,1399.59,3.0
100779,2025-02-04,Bag,Sports,West,SP026,19.0,12.39,25.0,176.56,1.0
100780,2025-07-07,Bag,Electronics,East,SP022,8.0,11.6,25.0,69.6,3.0
100781,2025-02-14,Phone,Home,East,SP006,2.0,1266.38,25.0,1899.57,4.0
100782,2024-10-23,Headphones,Books,South,SP020,7.0,357.35,0.0,2501.45,4.0
100783,2024-04-19,Bag,Books,South,SP009,12.0,975.57,25.0,8780.13,1.0
100784,2024-07-16,Chair,Sports,West,SP005,1.0,1440.88,20.0,1152.7,5.0
100785,2025-10-20,Laptop,Electronics,East,SP004,10.0,1001.87,15.0,8515.9,3.0
100786,2024-02-13,Mixer,Sports,South,SP048,13.0,240.78,25.0,2347.61,5.0
100787,2024-08-26,Bag,Books,North,SP031,3.0,78.57,5.0,223.92,5.0
100788,2024-02-16,Laptop,Clothing,North,SP020,,1404.09,5.0,10671.08,1.0
100789,2025-04-12,Phone,Electronics,North,SP032,20.0,345.53,20.0,5528.48,5.0
100790,2025-09-22,Headphones,Home,West,SP021,8.0,130.9,5.0,994.84,1.0
100791,2025-12-01,Chair,Electronics,South,SP022,19.0,1094.04,10.0,18708.08,1.0
100792,2024-05-03,Shoes,Books,East,SP036,9.0,286.77,15.0,2193.79,2.0
100793,2025-03-25,Shoes,Electronics,West,SP050,8.0,1851.72,0.0,14813.76,2.0
100794,2024-01-17,Shoes,Electronics,East,SP027,16.0,166.04,0.0,2656.64,4.0
100795,2025-12-09,Watch,Beauty,,SP027,5.0,416.29,25.0,1561.09,2.0
100796,2024-06-27,Shoes,Books,West,SP040,20.0,1384.89,20.0,22158.24,1.0
100797,2025-10-04,Mixer,Clothing,South,SP008,10.0,698.97,0.0,6989.7,5.0
100798,2024-04-07,Mixer,Clothing,West,SP050,20.0,726.99,20.0,11631.84,2.0
100799,2024-10-10,Bag,Sports,South,SP011,2.0,391.47,5.0,743.79,1.0
100800,2024-02-25,Watch,Home,West,SP003,12.0,573.7,15.0,5851.74,1.0
100801,2024-02-23,Bag,Beauty,North,SP005,18.0,355.9,0.0,6406.2,2.0
100802,2025-03-31,Chair,Books,East,SP015,19.0,1161.62,15.0,18760.16,1.0
100803,2024-11-29,Headphones,Clothing,West,SP015,8.0,200.64,25.0,1203.84,1.0
100804,2025-04-27,Shoes,Clothing,West,SP012,19.0,971.39,15.0,15687.95,4.0
100805,2025-01-17,Book,Home,South,SP022,5.0,918.19,5.0,4361.4,2.0
100806,2024-02-02,Phone,Sports,West,SP027,19.0,124.01,5.0,2238.38,2.0
100807,2024-12-17,Shoes,Books,,SP037,8.0,1773.39,20.0,11349.7,
100808,2024-08-23,Bag,Clothing,West,SP030,3.0,826.33,20.0,1983.19,3.0
100809,2024-01-15,Chair,Home,West,SP038,14.0,1473.68,5.0,19599.94,2.0
100810,2025-08-28,Headphones,Electronics,North,SP031,5.0,1827.94,0.0,9139.7,5.0
100811,2024-02-04,Phone,Sports,West,SP016,14.0,1064.59,,12668.62,1.0
100812,2025-07-25,Chair,Clothing,East,SP019,1.0,1387.85,15.0,1179.67,2.0
100813,2025-10-25,Watch,Clothing,West,SP037,3.0,36.78,25.0,82.75,5.0
100814,2024-01-25,Headphones,Clothing,East,SP041,15.0,930.2,5.0,13255.35,4.0
100815,2025-12-21,Headphones,Books,East,SP034,1.0,1721.46,0.0,1721.46,1.0
100816,2024-10-30,Camera,Beauty,South,SP044,14.0,1507.01,25.0,15823.6,1.0
100817,2025-09-27,Mixer,Books,,SP004,11.0,1472.84,0.0,16201.24,1.0
100818,2025-01-27,Book,Home,South,SP042,12.0,933.38,0.0,11200.56,5.0
100819,2025-12-22,Shoes,Home,South,SP035,3.0,1123.71,5.0,3202.57,1.0
100820,2025-10-26,Chair,Books,South,SP021,16.0,1476.07,20.0,18893.7,3.0
100821,2024-09-30,Laptop,Electronics,East,SP023,17.0,1362.05,10.0,20839.36,4.0
100822,2025-05-12,Bag,Books,East,SP029,17.0,1055.73,0.0,17947.41,5.0
100823,2025-01-11,Phone,Electronics,West,SP012,3.0,380.77,15.0,970.96,3.0
100824,2024-03-19,Shoes,Sports,South,SP014,4.0,333.71,0.0,1334.84,5.0
100825,2025-10-04,Mixer,Clothing,West,SP023,1.0,589.87,25.0,442.4,4.0
100826,2025-03-30,Laptop,Clothing,East,SP027,1.0,,0.0,586.58,5.0
100827,2024-12-17,Mixer,Beauty,West,SP030,11.0,974.87,25.0,8042.68,3.0
100828,2025-08-03,Shoes,Home,,SP031,5.0,1797.07,10.0,8086.82,3.0
100829,2024-10-22,Bag,Clothing,South,SP046,2.0,300.93,10.0,541.67,5.0
100830,2024-10-19,Shoes,Clothing,South,SP008,,,25.0,8759.47,1.0
100831,2024-11-20,Book,Clothing,South,SP036,19.0,257.31,10.0,4400.0,1.0
100832,2025-11-12,Book,Sports,South,SP035,11.0,1956.16,5.0,20441.87,3.0
100833,2024-05-04,Shoes,Sports,East,SP010,1.0,812.1,15.0,690.28,1.0
100834,2025-07-13,Watch,Sports,East,SP049,17.0,665.9,25.0,8490.22,5.0
100835,2025-11-13,Bag,Home,North,SP047,5.0,,25.0,6000.56,4.0
100836,2024-02-11,Watch,Electronics,West,SP040,,1357.63,0.0,6788.15,2.0
100837,2025-04-01,Camera,Books,South,SP038,12.0,189.5,0.0,2274.0,5.0
100838,2024-08-15,Mixer,Sports,North,SP033,9.0,395.45,0.0,3559.05,4.0
100839,2024-07-18,Mixer,Electronics,East,SP026,16.0,638.93,20.0,8178.3,2.0
100840,2025-03-13,Watch,Home,East,SP020,12.0,775.29,0.0,9303.48,4.0
100841,2025-07-28,Headphones,Sports,East,SP011,,435.31,15.0,1110.04,4.0
100842,2025-02-28,Phone,Clothing,South,SP020,5.0,1671.85,20.0,6687.4,4.0
100843,2025-06-21,Headphones,Electronics,North,SP027,11.0,136.9,20.0,1204.72,3.0
100844,2025-02-28,Camera,Clothing,South,SP012,6.0,1113.85,25.0,5012.32,4.0
100845,2024-10-23,Camera,Home,West,SP036,18.0,,10.0,15936.26,4.0
100846,2024-08-17,Watch,Home,West,SP008,1.0,1583.48,5.0,1504.31,3.0
100847,2025-03-03,Chair,Electronics,North,SP049,6.0,986.31,,4438.39,3.0
100848,2025-05-19,Camera,Sports,West,SP017,3.0,1199.79,10.0,3239.43,4.0
100849,2025-12-11,Camera,Electronics,East,SP011,,749.54,25.0,2248.62,5.0
100850,2024-02-29,,Home,South,SP004,5.0,642.76,25.0,2410.35,3.0
100851,2025-01-04,Laptop,Home,East,SP034,14.0,1274.31,10.0,16056.31,1.0
100852,2025-06-10,Phone,Beauty,South,SP035,7.0,1534.05,5.0,10201.43,3.0
100853,2024-11-19,Book,Electronics,East,SP010,10.0,546.56,25.0,4099.2,1.0
100854,2024-05-20,,Home,South,SP007,17.0,566.43,15.0,8184.91,2.0
100855,2024-06-07,Mixer,Beauty,North,SP027,,446.12,5.0,7204.84,4.0
100856,2024-03-19,Bag,Home,East,SP045,4.0,1638.6,0.0,6554.4,3.0
100857,2024-05-22,Mixer,Home,South,SP046,15.0,1780.0,20.0,21360.0,3.0
100858,2024-01-30,Shoes,Books,South,SP020,4.0,448.6,25.0,1345.8,2.0
100859,2024-08-02,Phone,Electronics,,SP050,5.0,1962.31,15.0,8339.82,4.0
100860,2025-03-17,Mixer,Beauty,North,SP031,2.0,396.72,0.0,793.44,1.0
100861,2024-09-16,Laptop,Electronics,North,SP039,2.0,137.16,25.0,205.74,2.0
100862,2025-08-24,Laptop,Electronics,South,SP048,7.0,373.64,10.0,2353.93,3.0
100863,2025-08-16,Camera,Clothing,North,SP007,12.0,707.65,20.0,6793.44,5.0
100864,2024-01-15,Watch,Clothing,North,SP047,17.0,437.91,5.0,7072.25,1.0
100865,2024-08-07,Book,Books,South,SP029,17.0,,15.0,24613.26,1.0
100866,2024-07-04,Chair,Beauty,South,SP027,12.0,1962.7,15.0,20019.54,1.0
100867,2024-11-17,Shoes,Sports,,SP046,4.0,934.47,20.0,2990.3,3.0
100868,2025-07-24,Phone,Sports,,SP030,2.0,169.08,15.0,287.44,5.0
100869,2024-11-15,Watch,Sports,South,SP005,15.0,455.62,15.0,5809.15,4.0
100870,2025-11-26,Bag,Books,North,SP026,12.0,362.7,25.0,3264.3,4.0
100871,2025-06-19,,Books,North,SP048,3.0,,15.0,619.24,2.0
100872,2024-03-07,Chair,Beauty,West,SP008,,1950.54,10.0,21065.83,2.0
100873,2025-03-10,Camera,Beauty,,SP049,16.0,560.64,25.0,6727.68,4.0
100874,2024-12-30,Bag,Beauty,East,SP010,16.0,1335.02,15.0,18156.27,4.0
100875,2024-04-20,,Books,South,SP002,4.0,505.13,15.0,1717.44,1.0
100876,2024-02-24,Shoes,Sports,East,SP010,3.0,998.78,0.0,2996.34,3.0
100877,2025-09-28,Mixer,Sports,West,SP013,20.0,197.19,,3943.8,3.0
100878,2025-11-08,Mixer,Home,North,SP049,16.0,983.05,10.0,14155.92,1.0
100879,2025-03-16,Headphones,Sports,West,SP003,,770.34,10.0,2773.22,1.0
100880,2024-06-30,,Sports,West,SP009,18.0,1320.52,10.0,21392.42,3.0
100881,2025-02-02,Bag,Books,West,SP031,16.0,1529.2,20.0,19573.76,5.0
100882,2024-06-09,Bag,Beauty,West,SP040,17.0,116.2,10.0,1777.86,3.0
100883,2024-10-18,Laptop,Clothing,East,SP023,11.0,127.54,20.0,1122.35,5.0
100884,2024-01-28,Book,Home,West,SP023,11.0,764.24,15.0,7145.64,1.0
100885,2025-11-08,Watch,Beauty,North,SP045,8.0,498.99,25.0,2993.94,1.0
100886,2024-11-08,Mixer,Home,North,SP030,4.0,678.5,0.0,2714.0,4.0
100887,2025-08-04,Laptop,Books,West,SP038,17.0,1803.31,,27590.64,1.0
100888,2024-11-20,Camera,Electronics,West,SP007,13.0,1142.86,10.0,13371.46,2.0
100889,2024-12-10,Book,Clothing,East,SP024,16.0,1008.02,25.0,12096.24,4.0
100890,2024-07-25,Mixer,Clothing,East,SP017,16.0,1272.71,0.0,20363.36,1.0
100891,2024-10-31,Camera,Books,North,SP046,19.0,807.04,5.0,14567.07,5.0
100892,2024-04-07,Camera,Beauty,West,SP028,19.0,676.99,0.0,12862.81,2.0
100893,2024-12-21,Mixer,Home,West,SP043,3.0,1304.82,10.0,3523.01,5.0
100894,2024-11-16,Camera,Beauty,West,SP043,7.0,831.56,10.0,5238.83,5.0
100895,2024-07-03,Shoes,Beauty,West,SP014,1.0,1257.55,20.0,1006.04,4.0
100896,2024-10-01,Camera,Books,North,SP034,18.0,1618.82,15.0,24767.95,2.0
100897,2025-01-08,Watch,Sports,West,SP021,15.0,299.75,5.0,4271.44,1.0
100898,2025-10-11,Watch,Books,South,SP017,7.0,1692.7,10.0,10664.01,5.0
100899,2024-08-29,Chair,Electronics,South,SP020,13.0,480.77,5.0,5937.51,4.0
100900,2025-05-12,Laptop,Clothing,South,SP018,18.0,1982.63,15.0,30334.24,2.0
100901,2024-01-30,Mixer,Clothing,North,SP047,9.0,1580.39,10.0,12801.16,4.0
100902,2024-01-21,Book,Beauty,East,SP005,2.0,1719.87,0.0,3439.74,4.0
100903,2025-01-07,Shoes,Clothing,North,SP037,3.0,796.81,25.0,1792.82,5.0
100904,2024-05-03,Mixer,Home,West,SP006,17.0,1330.11,20.0,18089.5,2.0
100905,2025-09-06,Book,Beauty,West,SP048,4.0,1547.52,10.0,5571.07,2.0
100906,2025-03-09,Chair,Home,West,SP027,7.0,292.83,5.0,1947.32,3.0
100907,2025-08-26,Phone,Home,West,SP031,2.0,983.27,,1769.89,2.0
100908,2024-10-11,Book,Home,North,SP042,5.0,729.18,25.0,2734.42,5.0
100909,2024-02-05,Chair,Home,West,SP020,2.0,1382.91,25.0,2074.37,
100910,2025-12-02,Bag,Sports,North,SP026,4.0,1072.15,5.0,4074.17,3.0
100911,2024-11-04,Watch,Clothing,South,SP029,3.0,1872.96,5.0,5337.94,
100912,2025-10-21,Phone,Sports,West,SP048,14.0,1579.69,10.0,19904.09,4.0
100913,2024-12-06,Shoes,Books,East,SP033,14.0,1754.14,0.0,24557.96,1.0
100914,2024-12-26,Book,Sports,North,SP049,14.0,1206.22,20.0,13509.66,1.0
100915,2025-10-18,Shoes,Electronics,West,SP013,6.0,1262.16,25.0,5679.72,3.0
100916,2024-11-17,Chair,Beauty,South,SP039,19.0,169.05,5.0,3051.35,4.0
100917,2024-11-23,Shoes,Home,South,SP044,15.0,959.34,25.0,10792.58,5.0
100918,2024-12-01,,Clothing,West,SP025,10.0,401.33,15.0,3411.3,5.0
100919,2024-08-17,Camera,Books,South,SP006,1.0,,20.0,1517.18,4.0
100920,2024-07-22,Laptop,Sports,West,SP039,9.0,1404.02,5.0,12004.37,3.0
100921,2024-06-01,Camera,Electronics,North,SP046,3.0,1916.28,5.0,5461.4,5.0
100922,2025-03-21,Phone,Clothing,South,SP013,15.0,1655.38,15.0,21106.1,3.0
100923,2024-10-21,Chair,Beauty,South,SP019,16.0,767.24,15.0,10434.46,2.0
100924,2025-03-04,Laptop,Home,East,SP016,6.0,820.01,5.0,4674.06,5.0
100925,2025-04-06,Bag,Electronics,North,SP031,8.0,742.43,25.0,4454.58,2.0
100926,2024-11-27,Headphones,Books,West,SP048,13.0,1375.27,25.0,13408.88,5.0
100927,2024-09-19,Laptop,Home,South,SP031,3.0,195.08,0.0,585.24,3.0
100928,2025-09-12,Laptop,Home,West,SP020,20.0,1420.58,0.0,28411.6,4.0
100929,2025-11-18,Laptop,Beauty,South,SP017,12.0,268.82,20.0,2580.67,2.0
100930,2025-05-30,Shoes,Electronics,East,SP046,16.0,1861.0,15.0,25309.6,5.0
100931,2025-03-19,Laptop,Clothing,,SP018,,524.51,10.0,2360.3,3.0
100932,2025-03-16,Camera,Home,East,SP028,10.0,1806.07,10.0,16254.63,2.0
100933,2024-11-19,,Books,West,SP004,16.0,1528.53,5.0,23233.66,2.0
100934,2024-06-01,Bag,Home,South,SP046,2.0,463.57,0.0,927.14,4.0
100935,2025-03-22,Laptop,Sports,East,SP046,4.0,1990.43,15.0,6767.46,5.0
100936,2025-05-11,Shoes,Electronics,East,SP006,,988.51,25.0,11120.74,2.0
100937,2024-10-17,,Home,South,SP038,6.0,1670.73,25.0,7518.29,1.0
100938,2025-06-22,Chair,Sports,North,SP022,19.0,365.23,0.0,6939.37,1.0
100939,2024-10-18,Phone,Home,South,SP002,4.0,791.37,20.0,2532.38,1.0
100940,2025-04-16,Camera,Books,North,SP022,16.0,910.84,10.0,13116.1,1.0
100941,2025-11-02,Camera,Clothing,South,SP004,20.0,1902.04,10.0,34236.72,3.0
100942,2024-11-26,Camera,Sports,North,SP026,2.0,1488.88,20.0,2382.21,3.0
100943,2024-07-01,Phone,Electronics,South,SP011,8.0,1930.27,15.0,13125.84,4.0
100944,2025-02-16,Shoes,Electronics,East,SP032,10.0,1296.1,25.0,9720.75,4.0
100945,2024-11-13,Phone,Home,South,SP032,20.0,266.92,25.0,4003.8,4.0
100946,2025-02-01,Headphones,Electronics,West,SP024,16.0,540.62,20.0,6919.94,5.0
100947,2024-07-09,Laptop,Beauty,East,SP030,14.0,1263.22,0.0,17685.08,2.0
100948,2025-10-25,Mixer,Electronics,East,SP030,5.0,1861.68,20.0,7446.72,4.0
100949,2024-03-22,Watch,Clothing,West,SP019,16.0,604.28,5.0,9185.06,5.0
100950,2024-02-18,Mixer,Electronics,West,SP027,18.0,,0.0,2838.24,1.0
100951,2025-04-20,Watch,Beauty,North,SP050,19.0,1626.59,10.0,27814.69,5.0
100952,2024-01-17,Shoes,Clothing,West,SP003,4.0,1482.33,15.0,5039.92,1.0
100953,2025-03-02,Bag,Books,West,SP040,10.0,631.32,25.0,4734.9,3.0
100954,2024-12-15,Camera,Home,North,SP028,,426.08,0.0,2556.48,5.0
100955,2024-01-19,Shoes,Books,West,SP030,1.0,792.89,0.0,792.89,4.0
100956,2025-11-04,Camera,Beauty,East,SP045,20.0,1453.19,10.0,26157.42,
100957,2024-11-05,Chair,Electronics,North,SP045,3.0,254.55,0.0,763.65,2.0
100958,2024-01-28,Chair,Sports,South,SP006,7.0,964.83,5.0,6416.12,3.0
100959,2025-04-19,Phone,Clothing,South,SP048,5.0,950.61,0.0,4753.05,4.0
100960,2025-05-11,Camera,Clothing,South,SP019,16.0,44.16,15.0,600.58,5.0
100961,2025-02-05,Headphones,Sports,West,SP048,2.0,671.03,0.0,1342.06,5.0
100962,2025-09-02,Bag,Sports,West,SP033,18.0,1998.06,0.0,35965.08,5.0
100963,2025-09-18,Mixer,Electronics,West,SP037,16.0,467.65,0.0,7482.4,3.0
100964,2025-07-20,Headphones,Sports,North,SP032,3.0,539.36,25.0,1213.56,5.0
100965,2025-10-23,Laptop,Clothing,East,SP047,,899.41,15.0,9173.98,2.0
100966,2025-04-25,Chair,Beauty,East,SP039,12.0,879.03,20.0,8438.69,4.0
100967,2024-05-14,Headphones,Books,East,SP031,10.0,1447.38,15.0,12302.73,2.0
100968,2025-09-28,Phone,Books,West,SP009,7.0,568.5,25.0,2984.62,2.0
100969,2024-07-23,Headphones,Sports,East,SP016,6.0,1213.47,0.0,7280.82,2.0
100970,2025-07-24,Watch,Home,South,SP012,2.0,1998.53,10.0,3597.35,5.0
100971,2024-02-02,Camera,Clothing,North,SP036,3.0,,0.0,2036.34,2.0
100972,2025-05-13,Laptop,Beauty,East,SP010,9.0,1987.36,10.0,16097.62,5.0
100973,2025-09-10,Bag,Electronics,North,SP040,4.0,1414.28,15.0,4808.55,5.0
100974,2024-04-14,Shoes,Books,North,SP014,18.0,88.73,0.0,1597.14,3.0
100975,2024-06-09,Bag,Books,North,SP010,10.0,1417.79,,11342.32,3.0
100976,2024-12-08,Bag,Sports,North,SP016,5.0,250.35,5.0,1189.16,4.0
100977,2024-12-15,Watch,Home,West,SP024,10.0,1012.52,0.0,10125.2,2.0
100978,2024-06-04,Shoes,Sports,West,SP027,17.0,846.34,5.0,13668.39,4.0
100979,2025-06-12,Shoes,Electronics,North,SP006,12.0,1887.76,15.0,19255.15,3.0
100980,2024-11-18,Headphones,Electronics,West,SP049,13.0,1963.98,5.0,24255.15,1.0
100981,2025-11-07,Mixer,Home,West,SP026,5.0,1805.51,0.0,9027.55,5.0
100982,2024-11-07,,Beauty,South,SP045,11.0,1818.92,0.0,20008.12,4.0
100983,2025-04-01,Camera,Books,West,SP045,7.0,1775.72,20.0,9944.03,3.0
100984,2025-10-26,Phone,Electronics,East,SP025,13.0,,10.0,18157.46,2.0
100985,2025-06-16,Mixer,Beauty,East,SP034,18.0,,0.0,10285.92,3.0
100986,2025-10-12,Camera,Home,,SP050,6.0,51.73,20.0,248.3,3.0
100987,2025-03-08,Book,Home,East,SP008,17.0,225.33,0.0,3830.61,1.0
100988,2025-10-28,Laptop,Sports,East,SP016,4.0,900.23,20.0,2880.74,5.0
100989,2025-08-02,Book,Home,East,SP043,18.0,1689.77,5.0,28895.07,5.0
100990,2025-11-19,Chair,Electronics,East,SP034,5.0,1430.13,20.0,5720.52,5.0
100991,2024-07-16,Headphones,Sports,,SP006,12.0,911.35,5.0,10389.39,1.0
100992,2025-03-11,Phone,Home,West,SP038,5.0,955.12,15.0,4059.26,5.0
100993,2025-06-15,Bag,Books,West,SP029,13.0,1744.67,20.0,18144.57,4.0
100994,2025-03-02,Bag,Books,West,SP009,6.0,292.97,5.0,1669.93,5.0
100995,2025-06-25,Bag,Electronics,South,SP036,4.0,1390.47,15.0,4727.6,3.0
100996,2024-05-01,Phone,Home,East,SP003,20.0,1705.37,,34107.4,5.0
100997,2024-06-05,Watch,Home,West,SP002,4.0,746.08,10.0,2685.89,2.0
100998,2024-05-25,Watch,Clothing,South,SP048,19.0,846.41,10.0,14473.61,4.0
100999,2024-01-03,,Sports,,SP037,4.0,1097.34,0.0,4389.36,3.0
101000,2025-08-02,Bag,Books,South,SP049,15.0,1801.07,15.0,22963.64,2.0
101001,2025-05-31,Bag,Clothing,East,SP006,15.0,1524.55,25.0,17151.19,5.0
101002,2025-11-11,Headphones,Home,North,SP043,20.0,822.21,5.0,15621.99,4.0
101003,2024-10-11,Laptop,Beauty,East,SP036,3.0,1732.58,25.0,3898.3,1.0
101004,2025-10-21,Mixer,Beauty,North,SP037,18.0,174.88,20.0,2518.27,5.0
101005,2024-07-12,Phone,Books,South,SP002,16.0,1007.76,0.0,16124.16,3.0
101006,2024-07-29,Bag,Electronics,East,SP026,8.0,1660.23,20.0,10625.47,5.0
101007,2024-02-16,,Sports,South,SP027,16.0,1724.64,0.0,27594.24,1.0
101008,2025-06-24,Phone,Electronics,,SP019,11.0,767.11,,8438.21,2.0
101009,2024-07-06,Watch,Sports,South,SP004,,1537.77,5.0,13147.93,5.0
101010,2024-11-29,,Sports,North,SP021,6.0,59.21,0.0,355.26,2.0
101011,2025-02-26,Laptop,Clothing,South,SP049,11.0,,0.0,5715.38,5.0
101012,2025-08-23,Headphones,Electronics,East,SP004,8.0,988.49,20.0,6326.34,3.0
101013,2025-04-20,Laptop,Sports,South,SP002,18.0,817.12,15.0,12501.94,3.0
101014,2025-07-21,,Books,South,SP020,19.0,1351.82,5.0,24400.35,5.0
101015,2025-02-20,Mixer,Clothing,South,SP024,15.0,172.4,25.0,1939.5,5.0
101016,2024-06-21,Mixer,Sports,North,SP001,8.0,1077.38,15.0,7326.18,4.0
101017,2025-09-27,Laptop,Electronics,West,SP018,10.0,1307.85,5.0,12424.57,5.0
101018,2024-09-13,Chair,Beauty,East,SP003,13.0,1998.49,25.0,19485.28,2.0
101019,2025-06-30,Headphones,Books,North,SP009,,144.52,0.0,2745.88,5.0
101020,2024-10-13,Book,Books,East,SP041,14.0,425.65,20.0,4767.28,3.0
101021,2025-12-25,Book,Home,South,SP030,15.0,549.66,25.0,6183.67,5.0
101022,2024-12-02,Laptop,Beauty,West,SP001,1.0,1828.47,5.0,1737.05,1.0
101023,2025-11-19,Bag,Sports,North,SP042,6.0,829.26,25.0,3731.67,1.0
101024,2025-07-05,Bag,Books,North,SP023,1.0,1785.68,25.0,1339.26,4.0
101025,2025-09-07,Laptop,Electronics,West,SP024,12.0,776.57,25.0,6989.13,2.0
101026,2025-03-31,Watch,Books,East,SP013,1.0,446.93,0.0,446.93,1.0
101027,2025-09-20,Chair,Sports,,SP003,10.0,1617.79,5.0,15369.0,3.0
101028,2025-05-19,Headphones,Electronics,East,SP037,20.0,422.13,5.0,8020.47,5.0
101029,2025-05-20,Camera,Books,South,SP005,6.0,1105.81,25.0,4976.14,5.0
101030,2024-05-11,Chair,Beauty,East,SP013,3.0,259.22,20.0,622.13,1.0
101031,2025-12-10,Mixer,Sports,North,SP028,18.0,1230.84,25.0,16616.34,1.0
101032,2024-11-26,Watch,Electronics,West,SP032,14.0,,15.0,20104.57,3.0
101033,2025-06-13,Laptop,Home,West,SP035,2.0,1768.19,5.0,3359.56,4.0
101034,2024-11-19,Phone,Beauty,,SP048,1.0,786.76,10.0,708.08,2.0
101035,2025-12-07,Chair,Clothing,East,SP020,14.0,1915.76,5.0,25479.61,1.0
101036,2025-10-03,Laptop,Beauty,East,SP017,4.0,60.61,15.0,206.07,2.0
101037,2024-04-20,Laptop,Home,South,SP005,16.0,480.53,10.0,6919.63,5.0
101038,2025-09-26,Bag,Beauty,North,SP006,15.0,1529.38,25.0,17205.53,1.0
101039,2024-02-04,Phone,Clothing,North,SP029,13.0,629.99,25.0,6142.4,1.0
101040,2024-11-04,Phone,Books,North,SP036,20.0,1254.24,0.0,25084.8,1.0
101041,2024-10-28,Headphones,Clothing,North,SP030,,806.36,20.0,8386.14,4.0
101042,2025-04-20,Phone,Home,North,SP030,14.0,1760.48,20.0,19717.38,5.0
101043,2024-12-02,Laptop,Beauty,North,SP038,19.0,389.0,0.0,7391.0,2.0
101044,2025-08-09,Book,Sports,West,SP047,5.0,1276.54,10.0,5744.43,5.0
101045,2025-03-31,Laptop,Clothing,East,SP038,6.0,490.09,0.0,2940.54,4.0
101046,2025-06-09,Shoes,Clothing,West,SP020,12.0,625.82,20.0,6007.87,5.0
101047,2024-12-17,Mixer,Beauty,South,SP004,10.0,740.82,0.0,7408.2,2.0
101048,2025-06-03,Book,Clothing,South,SP041,18.0,1718.11,15.0,26287.08,2.0
101049,2024-03-11,,Beauty,East,SP038,11.0,382.76,15.0,3578.81,5.0
101050,2024-12-09,Shoes,Electronics,West,SP003,20.0,602.77,10.0,10849.86,4.0
101051,2024-08-12,Chair,Sports,South,SP016,1.0,,25.0,959.5,4.0
101052,2024-12-05,Laptop,Home,North,SP005,13.0,414.61,5.0,5120.43,3.0
101053,2024-01-31,Bag,Clothing,East,SP003,18.0,234.8,10.0,3803.76,1.0
101054,2024-07-22,Watch,Books,South,SP022,7.0,571.78,5.0,3802.34,5.0
101055,2024-09-08,Watch,Electronics,North,SP044,6.0,396.0,5.0,2257.2,2.0
101056,2025-01-23,Watch,Sports,South,SP024,4.0,680.07,5.0,2584.27,3.0
101057,2025-11-07,Headphones,Books,North,SP008,,1882.62,,9036.58,2.0
101058,2024-05-13,Book,Home,West,SP041,7.0,387.4,15.0,2305.03,2.0
101059,2024-02-17,Watch,Clothing,East,SP016,20.0,1176.72,20.0,18827.52,1.0
101060,2025-10-06,Camera,Sports,South,SP047,9.0,1746.34,20.0,12573.65,1.0
101061,2025-04-26,Headphones,Books,East,SP032,20.0,134.42,20.0,2150.72,5.0
101062,2025-04-20,Mixer,Books,West,SP046,6.0,647.04,10.0,3494.02,4.0
101063,2025-04-30,Camera,Books,North,SP014,9.0,1164.47,25.0,7860.17,2.0
101064,2024-07-26,Chair,Home,West,SP025,15.0,1727.02,15.0,22019.5,5.0
101065,2024-06-09,Shoes,Electronics,East,SP029,12.0,512.79,0.0,6153.48,5.0
101066,2024-12-26,Mixer,Beauty,East,SP028,8.0,1170.0,15.0,7956.0,4.0
101067,2025-04-23,Book,Home,West,SP002,14.0,820.86,15.0,9768.23,2.0
101068,2025-03-28,Book,Electronics,East,SP033,8.0,534.92,,4279.36,5.0
101069,2025-07-13,Phone,Electronics,North,SP024,3.0,,5.0,4482.54,1.0
101070,2025-07-13,Book,Home,East,SP048,7.0,670.85,25.0,3521.96,3.0
101071,2024-07-14,Mixer,Home,North,SP050,,1996.0,25.0,29940.0,3.0
101072,2024-10-15,Headphones,Beauty,North,SP031,12.0,1567.34,15.0,15986.87,5.0
101073,2024-06-01,Chair,Sports,,SP034,13.0,459.02,25.0,4475.44,5.0
101074,2025-07-19,Book,Electronics,East,SP013,15.0,1446.41,15.0,18441.73,4.0
101075,2025-12-15,Mixer,Electronics,East,SP009,14.0,423.12,15.0,5035.13,5.0
101076,2024-05-11,Bag,Books,East,SP022,10.0,1886.99,0.0,18869.9,2.0
101077,2025-03-05,Mixer,Home,East,SP038,14.0,1373.1,15.0,16339.89,1.0
101078,2025-08-04,Book,Beauty,West,SP025,2.0,1844.68,5.0,3504.89,2.0
101079,2025-02-04,Bag,Electronics,East,SP037,3.0,1071.31,5.0,3053.23,4.0
101080,2025-10-16,Mixer,Clothing,North,SP045,10.0,191.02,0.0,1910.2,5.0
101081,2025-05-15,Headphones,Home,South,SP015,1.0,377.45,0.0,377.45,3.0
101082,2025-11-06,Book,Beauty,North,SP011,17.0,144.61,0.0,2458.37,3.0
101083,2025-02-24,Shoes,Beauty,West,SP031,13.0,318.29,0.0,4137.77,1.0
101084,2025-02-02,Watch,Sports,West,SP011,7.0,264.21,,1757.0,5.0
101085,2025-08-11,,Home,South,SP001,10.0,1177.05,20.0,9416.4,2.0
101086,2025-04-01,Chair,Beauty,East,SP037,3.0,1650.04,20.0,3960.1,4.0
101087,2025-04-16,Phone,Home,West,SP023,15.0,1154.38,25.0,12986.78,3.0
101088,2025-02-04,Headphones,Clothing,South,SP040,20.0,1647.74,5.0,31307.06,4.0
101089,2025-04-13,Camera,Electronics,West,SP045,13.0,1822.11,5.0,22503.06,1.0
101090,2024-09-02,Mixer,Home,North,SP045,6.0,551.18,25.0,2480.31,2.0
101091,2025-05-20,Phone,Home,,SP049,14.0,1984.82,20.0,22229.98,1.0
101092,2025-05-31,Watch,Clothing,North,SP030,11.0,823.14,5.0,8601.81,1.0
101093,2024-03-15,Headphones,Clothing,,SP003,15.0,765.41,25.0,8610.86,1.0
101094,2024-09-13,Book,Books,,SP032,4.0,1419.65,5.0,5394.67,4.0
101095,2024-03-10,Bag,Clothing,West,SP018,3.0,1099.11,5.0,3132.46,2.0
101096,2024-06-23,Watch,Electronics,West,SP011,1.0,1215.94,5.0,1155.14,1.0
101097,2025-11-18,Bag,Home,South,SP014,1.0,1356.38,5.0,1288.56,1.0
101098,2025-11-22,,Books,North,SP025,18.0,436.25,25.0,5889.38,
101099,2025-03-30,Headphones,Clothing,South,SP024,2.0,1198.42,0.0,2396.84,2.0
101100,2024-07-23,,Home,South,SP044,3.0,37.0,0.0,111.0,1.0
101101,2024-08-13,Shoes,Books,South,SP003,4.0,,25.0,4784.58,4.0
101102,2025-06-08,Mixer,Books,South,SP040,4.0,1632.17,10.0,5875.81,2.0
101103,2025-07-08,Chair,Clothing,North,SP023,,1878.15,0.0,24415.95,3.0
101104,2024-06-26,Laptop,Sports,South,SP030,1.0,807.27,10.0,726.54,2.0
101105,2024-03-08,Laptop,Electronics,South,SP027,,1301.64,10.0,10543.28,3.0
101106,2025-09-05,,Beauty,South,SP017,16.0,1966.29,0.0,31460.64,1.0
101107,2025-09-06,Headphones,Books,South,SP022,11.0,,25.0,16194.09,2.0
101108,2025-10-12,Bag,Electronics,East,SP002,11.0,1956.15,25.0,16138.24,5.0
101109,2025-08-22,Chair,Beauty,,SP015,15.0,767.83,,8638.09,1.0
101110,2025-09-23,Headphones,Clothing,North,SP004,4.0,621.15,25.0,1863.45,2.0
101111,2025-01-18,Headphones,Clothing,North,SP016,16.0,596.75,5.0,9070.6,5.0
101112,2025-03-30,Laptop,Beauty,West,SP042,11.0,272.86,10.0,2701.31,3.0
101113,2024-01-25,Book,Clothing,South,SP035,,1694.64,10.0,12201.41,1.0
101114,2025-11-11,Chair,Beauty,West,SP034,8.0,1603.9,25.0,9623.4,3.0
101115,2024-07-06,Bag,Electronics,South,SP004,15.0,1261.42,0.0,18921.3,2.0
101116,2024-07-28,Mixer,Clothing,South,SP033,5.0,188.06,20.0,752.24,1.0
101117,2025-03-12,Chair,Clothing,West,SP012,15.0,626.37,25.0,7046.66,5.0
101118,2024-09-11,Chair,Home,West,SP006,10.0,574.28,15.0,4881.38,3.0
101119,2025-02-11,,Beauty,West,SP049,13.0,339.69,15.0,3753.57,2.0
101120,2025-05-08,Phone,Home,South,SP036,1.0,1525.05,15.0,1296.29,2.0
101121,2024-09-20,Watch,Sports,West,SP005,13.0,929.98,15.0,10276.28,3.0
101122,2024-05-19,Laptop,Electronics,East,SP032,16.0,395.45,,6010.84,4.0
101123,2025-03-01,Headphones,Sports,East,SP042,13.0,1941.13,10.0,22711.22,5.0
101124,2024-03-13,Headphones,Beauty,South,SP013,14.0,1770.57,0.0,24787.98,4.0
101125,2024-09-18,Book,Books,North,SP042,12.0,,15.0,10421.03,4.0
101126,2025-03-10,Book,Books,North,SP045,8.0,,0.0,3907.92,2.0
101127,2024-09-24,Shoes,Home,South,SP039,,913.66,25.0,13704.9,5.0
101128,2025-11-09,Headphones,Sports,North,SP034,6.0,29.61,0.0,177.66,2.0
101129,2025-03-09,Watch,Beauty,West,SP038,6.0,1660.35,10.0,8965.89,3.0
101130,2025-02-25,Book,Clothing,East,SP048,3.0,223.0,,535.2,2.0
101131,2025-02-11,Bag,Electronics,North,SP005,10.0,17.81,5.0,169.19,4.0
101132,2025-06-21,Headphones,Clothing,South,SP024,14.0,1310.77,25.0,13763.08,2.0
101133,2025-12-21,Mixer,Electronics,West,SP037,5.0,400.05,5.0,1900.24,2.0
101134,2024-07-09,Chair,Home,West,SP029,7.0,122.67,,815.76,5.0
101135,2024-04-21,Headphones,Electronics,East,SP005,6.0,164.22,0.0,985.32,3.0
101136,2024-01-31,Phone,Electronics,North,SP018,19.0,473.39,15.0,7645.25,1.0
101137,2025-11-12,Phone,Clothing,North,SP025,19.0,1579.47,0.0,30009.93,5.0
101138,2025-06-16,Book,Beauty,West,SP022,9.0,1864.6,15.0,14264.19,3.0
101139,2025-11-29,Book,Books,West,SP025,11.0,1998.89,5.0,20888.4,5.0
101140,2024-02-28,Laptop,Sports,West,SP047,12.0,1746.79,0.0,20961.48,2.0
101141,2024-01-27,Watch,Books,South,SP024,20.0,250.17,20.0,4002.72,4.0
101142,2025-09-25,Chair,Electronics,East,SP002,16.0,1032.25,25.0,12387.0,3.0
101143,2024-02-16,Camera,Sports,West,SP048,11.0,1357.47,5.0,14185.56,5.0
101144,2024-03-24,Phone,Books,West,SP019,12.0,858.69,,8758.64,
101145,2024-07-18,Mixer,Electronics,South,SP032,5.0,1740.37,20.0,6961.48,1.0
101146,2024-11-04,Shoes,Sports,North,SP031,18.0,,,30209.85,
101147,2024-09-03,Phone,Electronics,West,SP046,8.0,427.22,25.0,2563.32,1.0
101148,2024-06-13,Chair,Books,East,SP043,11.0,1805.78,,17877.22,4.0
101149,2025-11-17,Bag,Electronics,East,SP015,4.0,1332.63,20.0,4264.42,5.0
101150,2025-09-07,,Books,West,SP015,3.0,1289.75,15.0,3288.86,2.0
101151,2024-09-22,Phone,Home,South,SP048,4.0,585.5,0.0,2342.0,1.0
101152,2025-08-09,Headphones,Beauty,North,SP020,12.0,259.2,10.0,2799.36,1.0
101153,2025-08-27,Headphones,Home,,SP044,18.0,383.77,15.0,5871.68,2.0
101154,2025-06-16,Headphones,Electronics,West,SP021,20.0,1183.6,0.0,23672.0,2.0
101155,2024-10-30,Shoes,Beauty,East,SP010,8.0,,15.0,6814.76,1.0
101156,2025-09-05,Phone,Home,West,SP041,11.0,621.24,25.0,5125.23,2.0
101157,2025-05-21,Laptop,Home,South,SP046,10.0,,15.0,11982.96,2.0
101158,2024-08-18,Bag,Books,West,SP020,2.0,1846.7,5.0,3508.73,2.0
101159,2024-01-23,Bag,Home,West,SP026,18.0,787.61,15.0,12050.43,1.0
101160,2025-06-24,Mixer,Sports,North,SP009,10.0,568.32,5.0,5399.04,
101161,2025-08-17,Watch,Sports,South,SP037,2.0,1700.37,25.0,2550.55,2.0
101162,2025-03-28,Chair,Clothing,South,SP048,,585.71,5.0,8902.79,1.0
101163,2025-01-05,Headphones,Sports,South,SP004,19.0,208.39,,3761.44,
101164,2024-12-30,Phone,Beauty,East,SP038,16.0,363.37,0.0,5813.92,4.0
101165,2024-06-01,Chair,Sports,West,SP020,13.0,493.78,0.0,6419.14,5.0
101166,2024-06-25,Phone,Sports,West,SP018,13.0,1552.82,25.0,15139.99,4.0
101167,2025-01-11,Phone,Sports,South,SP002,1.0,244.4,0.0,244.4,5.0
101168,2025-08-09,,Beauty,South,SP025,19.0,961.6,25.0,13702.8,4.0
101169,2025-10-22,Phone,Home,North,SP046,14.0,600.23,5.0,7983.06,5.0
101170,2024-07-08,Headphones,Beauty,West,SP005,13.0,1626.67,0.0,21146.71,5.0
101171,2025-08-21,Phone,Clothing,North,SP012,18.0,1428.93,25.0,19290.56,5.0
101172,2025-12-12,Book,Electronics,North,SP009,6.0,15.62,15.0,79.66,5.0
101173,2024-07-30,Laptop,Electronics,North,SP033,,180.2,10.0,973.08,3.0
101174,2025-01-07,Laptop,Clothing,East,SP003,18.0,347.35,25.0,4689.23,5.0
101175,2024-10-27,Bag,Books,East,SP034,18.0,892.62,20.0,12853.73,3.0
101176,2025-09-12,Phone,Books,North,SP016,18.0,1023.63,25.0,13819.01,1.0
101177,2024-07-11,Shoes,Beauty,South,SP038,5.0,602.92,5.0,2863.87,3.0
101178,2024-10-11,Phone,Beauty,East,SP017,5.0,1459.56,15.0,6203.13,4.0
101179,2025-10-27,Watch,Books,West,SP045,6.0,803.12,0.0,4818.72,2.0
101180,2025-07-02,Watch,Books,South,SP046,7.0,145.76,25.0,765.24,3.0
101181,2025-07-31,Shoes,Home,West,SP025,17.0,1211.86,15.0,17511.38,1.0
101182,2025-09-10,,Electronics,West,SP005,8.0,159.66,0.0,1277.28,
101183,2025-10-17,Watch,Clothing,South,SP018,3.0,728.82,10.0,1967.81,1.0
101184,2024-04-10,Headphones,Electronics,North,SP012,13.0,1959.07,5.0,24194.51,5.0
101185,2024-11-09,Phone,Beauty,East,SP045,19.0,1643.58,15.0,26543.82,5.0
101186,2024-10-15,Laptop,Clothing,East,SP049,18.0,545.75,0.0,9823.5,4.0
101187,2024-07-04,Mixer,Beauty,West,SP031,12.0,1613.14,,14518.26,5.0
101188,2024-05-10,Shoes,Books,South,SP010,9.0,23.95,20.0,172.44,4.0
101189,2025-08-04,Book,Books,South,SP044,9.0,110.46,25.0,745.61,5.0
101190,2025-03-04,Bag,Beauty,East,SP018,15.0,370.29,10.0,4998.92,4.0
101191,2025-06-17,Watch,Sports,East,SP006,8.0,613.85,0.0,4910.8,1.0
101192,2024-03-19,Camera,Electronics,,SP048,8.0,1890.01,5.0,14364.08,3.0
101193,2025-07-21,Headphones,Books,South,SP031,16.0,1617.65,0.0,25882.4,4.0
101194,2025-06-11,Laptop,Beauty,South,SP048,18.0,1397.27,15.0,21378.23,1.0
101195,2025-03-11,Mixer,Books,North,SP039,18.0,1500.59,5.0,25660.09,4.0
101196,2024-06-21,Phone,Home,South,SP033,17.0,1808.08,,29200.49,3.0
101197,2024-02-22,Book,Electronics,East,SP044,14.0,993.54,5.0,13214.08,2.0
101198,2025-07-06,Watch,Home,South,SP001,4.0,583.68,15.0,1984.51,5.0
101199,2025-02-07,Mixer,Electronics,,SP040,7.0,1846.5,25.0,9694.12,4.0
101200,2024-02-28,Book,Home,East,SP007,12.0,16.75,15.0,170.85,1.0
101201,2024-12-24,Phone,Sports,West,SP013,6.0,807.13,0.0,4842.78,1.0
101202,2025-06-25,Phone,Sports,,SP010,17.0,1797.53,15.0,25974.31,3.0
101203,2024-08-19,Book,Sports,,SP035,16.0,793.74,10.0,11429.86,3.0
101204,2024-04-21,Shoes,Clothing,East,SP048,15.0,1314.28,15.0,16757.07,4.0
101205,2024-01-06,Chair,Electronics,South,SP019,12.0,1767.73,25.0,15909.57,1.0
101206,2024-05-16,,Clothing,South,SP031,13.0,845.01,10.0,9886.62,3.0
101207,2024-05-01,Shoes,Home,West,SP033,14.0,980.69,15.0,11670.21,
101208,2024-05-14,Shoes,Clothing,East,SP033,4.0,1915.57,0.0,7662.28,
101209,2025-12-01,Headphones,Beauty,North,SP028,8.0,108.82,10.0,783.5,4.0
101210,2024-10-23,Chair,Beauty,South,SP047,10.0,974.43,15.0,8282.65,
101211,2024-07-10,Watch,Books,South,SP043,8.0,565.87,0.0,4526.96,4.0
101212,2024-07-22,Mixer,Beauty,South,SP013,16.0,,0.0,22630.24,5.0
101213,2025-10-06,Headphones,Electronics,East,SP013,5.0,462.62,5.0,2197.44,2.0
101214,2025-03-12,Laptop,Sports,West,SP034,1.0,1234.85,0.0,1234.85,3.0
101215,2025-12-17,Bag,Electronics,West,SP042,8.0,447.44,15.0,3042.59,1.0
101216,2024-11-07,Book,Books,West,SP016,4.0,542.15,10.0,1951.74,3.0
101217,2024-02-18,Book,Clothing,East,SP031,6.0,86.57,0.0,519.42,3.0
101218,2025-09-13,Bag,Home,East,SP020,4.0,864.66,10.0,3112.78,1.0
101219,2024-04-09,Book,Home,East,SP048,1.0,1367.51,5.0,1299.13,5.0
101220,2025-06-25,Watch,Clothing,West,SP006,20.0,746.33,25.0,11194.95,1.0
101221,2024-05-13,Chair,Clothing,West,SP007,20.0,245.11,20.0,3921.76,
101222,2025-07-13,Bag,Clothing,South,SP003,20.0,689.08,25.0,10336.2,2.0
101223,2024-07-15,Mixer,Home,East,SP029,14.0,,10.0,13900.82,
101224,2025-03-22,Mixer,Electronics,South,SP039,3.0,968.23,20.0,2323.75,3.0
101225,2025-12-14,Laptop,Books,South,SP048,5.0,582.86,20.0,2331.44,4.0
101226,2025-05-21,Shoes,Sports,West,SP036,18.0,1741.16,0.0,31340.88,4.0
101227,2025-02-14,Laptop,Clothing,South,SP038,20.0,546.63,5.0,10385.97,1.0
101228,2025-06-09,Mixer,Home,East,SP015,,1010.12,25.0,11363.85,3.0
101229,2025-12-26,Chair,Electronics,South,SP019,9.0,1106.54,5.0,9460.92,1.0
101230,2025-10-16,Shoes,Home,North,SP042,5.0,1884.38,10.0,8479.71,2.0
101231,2024-08-03,Book,Books,East,SP021,18.0,236.79,25.0,3196.66,1.0
101232,2025-12-23,Headphones,Beauty,East,SP021,18.0,531.76,5.0,9093.1,1.0
101233,2025-10-02,Watch,Clothing,East,SP002,1.0,1648.74,5.0,1566.3,5.0
101234,2025-11-04,Headphones,Books,East,SP041,19.0,217.35,25.0,3097.24,5.0
101235,2025-07-18,,Home,South,SP038,7.0,1634.61,5.0,10870.16,4.0
101236,2024-06-08,Headphones,Home,South,SP031,15.0,467.29,25.0,5257.01,1.0
101237,2025-05-22,Chair,Beauty,West,SP047,6.0,921.48,5.0,5252.44,2.0
101238,2025-10-25,Shoes,Sports,South,SP005,10.0,46.99,5.0,446.41,2.0
101239,2024-03-14,Headphones,Electronics,South,SP047,14.0,494.28,25.0,5189.94,1.0
101240,2025-09-09,Phone,Electronics,North,SP009,,758.86,0.0,3035.44,
101241,2024-03-26,,Electronics,North,SP007,,289.56,25.0,1954.53,5.0
101242,2024-12-12,Camera,Sports,South,SP020,3.0,408.63,15.0,1042.01,3.0
101243,2025-05-05,Watch,Books,North,SP002,5.0,491.4,20.0,1965.6,1.0
101244,2024-04-15,Headphones,Clothing,North,SP015,18.0,596.99,20.0,8596.66,1.0
101245,2024-08-20,Watch,Clothing,West,SP044,14.0,773.84,10.0,9750.38,
101246,2025-05-18,Phone,Home,East,SP005,6.0,1981.58,5.0,11295.01,5.0
101247,2024-12-07,Laptop,Beauty,South,SP012,4.0,724.18,0.0,2896.72,4.0
101248,2025-06-27,Headphones,Clothing,East,SP040,11.0,1201.22,25.0,9910.07,3.0
101249,2024-12-22,Book,Home,North,SP001,4.0,545.83,15.0,1855.82,2.0
101250,2025-11-02,,Books,West,SP005,5.0,643.91,15.0,2736.62,1.0
101251,2025-08-14,Shoes,Electronics,East,SP009,14.0,1919.37,10.0,24184.06,2.0
101252,2025-01-29,,Books,West,SP039,12.0,642.03,15.0,6548.71,3.0
101253,2024-05-21,Bag,Beauty,,SP035,8.0,769.45,20.0,4924.48,5.0
101254,2024-08-23,Headphones,Beauty,South,SP045,13.0,171.82,25.0,1675.24,1.0
101255,2024-08-28,Book,Beauty,West,SP009,12.0,10.72,0.0,128.64,1.0
101256,2024-03-02,Watch,Sports,South,SP036,12.0,724.91,5.0,8263.97,4.0
101257,2024-09-05,Shoes,Electronics,South,SP025,,1656.5,0.0,11595.5,1.0
101258,2025-12-13,Phone,Books,North,SP031,14.0,746.51,25.0,7838.35,5.0
101259,2024-06-10,Phone,Clothing,North,SP001,1.0,298.04,5.0,283.14,5.0
101260,2025-03-02,Shoes,Books,East,SP031,5.0,1532.01,15.0,6511.04,4.0
101261,2024-12-11,Laptop,Home,North,SP010,15.0,1563.89,25.0,17593.76,1.0
101262,2025-10-19,Mixer,Clothing,North,SP026,2.0,1210.33,5.0,2299.63,4.0
101263,2025-11-27,Camera,Beauty,East,SP046,15.0,1110.54,10.0,14992.29,2.0
101264,2025-03-09,Mixer,Sports,South,SP048,6.0,547.3,0.0,3283.8,2.0
101265,2025-02-14,Shoes,Books,North,SP045,20.0,116.71,15.0,1984.07,4.0
101266,2025-05-03,Headphones,Clothing,North,SP024,11.0,1307.14,15.0,12221.76,4.0
101267,2024-07-18,Book,Beauty,East,SP002,9.0,221.26,0.0,1991.34,2.0
101268,2024-10-15,Chair,Beauty,North,SP049,6.0,1085.43,0.0,6512.58,3.0
101269,2024-07-11,Chair,Home,North,SP037,18.0,407.44,0.0,7333.92,5.0
101270,2024-02-15,Laptop,Electronics,East,SP006,19.0,1973.06,15.0,31864.92,3.0
101271,2024-01-09,Mixer,Clothing,East,SP049,12.0,1504.6,15.0,15346.92,4.0
101272,2024-12-30,,Sports,North,SP033,5.0,1406.8,0.0,7034.0,2.0
101273,2024-01-25,Camera,Electronics,East,SP011,19.0,1593.16,15.0,25729.53,2.0
101274,2025-11-29,Phone,Books,South,SP014,15.0,162.11,25.0,1823.74,2.0
101275,2024-06-13,,Books,East,SP029,17.0,1035.02,25.0,13196.51,2.0
101276,2024-12-13,,Books,West,SP016,10.0,723.83,15.0,6152.56,2.0
101277,2025-09-17,Camera,Books,West,SP007,20.0,154.62,5.0,2937.78,1.0
101278,2024-05-26,Bag,Electronics,West,SP021,10.0,1096.54,0.0,10965.4,2.0
101279,2024-10-29,Book,Home,,SP005,6.0,140.98,20.0,676.7,2.0
101280,2025-12-28,Watch,Sports,South,SP008,15.0,519.6,15.0,6624.9,5.0
101281,2025-05-14,Headphones,Sports,South,SP029,2.0,730.13,10.0,1314.23,3.0
101282,2025-06-08,Phone,Books,West,SP033,20.0,1904.33,10.0,34277.94,4.0
101283,2024-09-26,Laptop,Books,South,SP045,2.0,1243.12,25.0,1864.68,5.0
101284,2024-01-09,Headphones,Clothing,West,SP005,,1706.85,10.0,7680.82,2.0
101285,2025-02-01,Bag,Sports,West,SP007,15.0,1339.96,10.0,18089.46,1.0
101286,2024-07-03,Headphones,Clothing,West,SP022,4.0,1835.33,15.0,6240.12,1.0
101287,2024-11-20,Chair,Books,West,SP008,11.0,1992.89,15.0,18633.52,3.0
101288,2025-04-10,Shoes,Books,South,SP021,2.0,1092.44,15.0,1857.15,5.0
101289,2024-02-02,Book,Sports,West,SP014,20.0,1549.54,0.0,30990.8,1.0
101290,2024-08-04,Headphones,Home,East,SP041,1.0,1905.53,25.0,1429.15,2.0
101291,2024-03-26,Phone,Home,West,SP027,,143.17,15.0,608.47,5.0
101292,2024-08-07,Phone,Sports,East,SP049,9.0,372.24,0.0,3350.16,3.0
101293,2024-06-17,Bag,Sports,South,SP045,7.0,701.81,15.0,4175.77,4.0
101294,2024-12-29,Mixer,Beauty,South,SP005,19.0,781.33,0.0,14845.27,5.0
101295,2025-09-23,Book,Electronics,South,SP030,5.0,650.85,25.0,2440.69,2.0
101296,2025-05-26,Headphones,Home,North,SP029,11.0,231.65,25.0,1911.11,
101297,2025-10-11,Phone,Electronics,South,SP048,15.0,1279.64,20.0,15355.68,2.0
101298,2025-03-06,Headphones,Clothing,East,SP014,18.0,,20.0,22318.56,2.0
101299,2025-11-26,Book,Electronics,East,SP020,19.0,1910.43,10.0,32668.35,5.0
101300,2024-05-07,Headphones,Sports,East,SP023,16.0,1299.58,15.0,17674.29,5.0
101301,2025-03-12,Phone,Clothing,West,SP028,17.0,1948.27,10.0,29808.53,3.0
101302,2024-06-30,Headphones,Sports,East,SP043,18.0,1191.81,,17162.06,4.0
101303,2025-10-11,Phone,Electronics,North,SP042,10.0,1405.67,0.0,14056.7,1.0
101304,2025-09-23,Camera,Beauty,North,SP041,,211.83,25.0,2224.22,4.0
101305,2025-05-30,Watch,Sports,South,SP015,19.0,1612.71,25.0,22981.12,4.0
101306,2025-07-18,Phone,Home,West,SP027,13.0,233.43,15.0,2579.4,4.0
101307,2024-01-08,Watch,Home,East,SP020,12.0,1565.48,20.0,15028.61,4.0
101308,2025-11-20,Laptop,Electronics,North,SP010,8.0,13.29,15.0,90.37,3.0
101309,2025-06-15,Camera,Sports,South,SP036,20.0,638.35,5.0,12128.65,
101310,2024-07-16,Camera,Sports,South,SP041,,1290.65,0.0,25813.0,4.0
101311,2024-06-26,Shoes,Sports,South,SP007,13.0,1808.82,20.0,18811.73,2.0
101312,2025-05-31,Watch,Beauty,South,SP021,4.0,1264.72,15.0,4300.05,2.0
101313,2024-04-05,,Clothing,North,SP040,3.0,56.15,0.0,168.45,5.0
101314,2024-03-21,Shoes,Sports,East,SP012,19.0,767.9,25.0,10942.58,2.0
101315,2025-10-30,Chair,Books,West,SP050,8.0,597.36,20.0,3823.1,3.0
101316,2025-11-06,Laptop,Books,North,SP008,2.0,553.55,5.0,1051.74,4.0
101317,2025-09-02,Watch,Clothing,North,SP005,4.0,218.62,10.0,787.03,4.0
101318,2025-01-05,Laptop,Sports,North,SP032,7.0,784.65,15.0,4668.67,1.0
101319,2024-08-03,Bag,Clothing,South,SP020,14.0,753.63,10.0,9495.74,1.0
101320,2024-07-01,Phone,Home,East,SP031,19.0,1264.27,,24021.13,5.0
101321,2025-09-06,Watch,Electronics,South,SP039,18.0,15.0,20.0,216.0,1.0
101322,2025-07-02,Chair,Home,North,SP014,1.0,1038.4,5.0,986.48,1.0
101323,2024-12-01,Shoes,Home,East,SP031,5.0,443.42,25.0,1662.82,2.0
101324,2024-04-04,Watch,Sports,West,SP028,12.0,1417.63,25.0,12758.67,5.0
101325,2025-02-13,Watch,Sports,North,SP038,7.0,503.94,5.0,3351.2,5.0
101326,2024-11-15,Bag,Sports,West,SP028,6.0,1589.23,25.0,7151.54,5.0
101327,2024-10-05,Headphones,Sports,South,SP037,11.0,1247.71,20.0,10979.85,3.0
101328,2025-01-17,Mixer,Home,West,SP019,3.0,901.56,0.0,2704.68,5.0
101329,2025-10-22,Phone,Clothing,East,SP028,17.0,707.75,0.0,12031.75,2.0
101330,2025-01-01,Book,Home,South,SP050,8.0,149.92,25.0,899.52,3.0
101331,2024-05-05,Book,Clothing,West,SP037,1.0,640.59,0.0,640.59,3.0
101332,2024-08-26,Camera,Clothing,South,SP007,18.0,137.14,10.0,2221.67,5.0
101333,2024-10-11,Phone,Beauty,West,SP044,20.0,1892.81,25.0,28392.15,4.0
101334,2024-11-21,Bag,Sports,North,SP018,11.0,400.31,0.0,4403.41,4.0
101335,2024-05-02,Book,Beauty,West,SP016,4.0,908.31,20.0,2906.59,5.0
101336,2024-01-22,Laptop,Sports,East,SP009,10.0,40.58,20.0,324.64,4.0
101337,2024-02-07,Book,Books,North,SP005,18.0,1836.48,0.0,33056.64,4.0
101338,2024-04-07,Book,Home,West,SP006,14.0,1447.89,,18243.41,5.0
101339,2024-11-16,Watch,Books,West,SP032,16.0,,15.0,16681.49,1.0
101340,2025-01-17,Laptop,Electronics,South,SP007,20.0,209.97,5.0,3989.43,3.0
101341,2025-12-05,Chair,Books,East,SP035,,456.55,0.0,6391.7,1.0
101342,2025-12-05,Phone,Electronics,East,SP005,2.0,523.08,0.0,1046.16,3.0
101343,2024-12-03,Watch,Books,South,SP009,20.0,1584.3,15.0,26933.1,5.0
101344,2025-04-16,Camera,Sports,West,SP043,4.0,256.95,5.0,976.41,1.0
101345,2025-06-18,Bag,Home,East,SP050,17.0,484.84,15.0,7005.94,4.0
101346,2024-08-19,Phone,Home,South,SP043,3.0,531.31,10.0,1434.54,2.0
101347,2025-12-12,Laptop,Clothing,North,SP043,3.0,154.91,15.0,395.02,2.0
101348,2025-04-24,Book,Clothing,,SP049,13.0,379.9,0.0,4938.7,3.0
101349,2025-12-26,Phone,Clothing,South,SP024,15.0,1312.3,20.0,15747.6,4.0
101350,2025-04-08,Chair,Electronics,East,SP028,20.0,1029.36,15.0,17499.12,2.0
101351,2025-12-03,Phone,Clothing,West,SP007,10.0,1903.23,20.0,15225.84,1.0
101352,2024-09-03,Watch,Electronics,West,SP043,1.0,1788.73,5.0,1699.29,5.0
101353,2025-04-08,Phone,Home,West,SP014,12.0,534.83,20.0,5134.37,2.0
101354,2025-02-10,Laptop,Sports,East,SP024,17.0,864.54,10.0,13227.46,1.0
101355,2024-02-20,Chair,Home,,SP026,13.0,1465.34,15.0,16192.01,2.0
101356,2025-08-31,Mixer,Sports,North,SP044,9.0,1061.48,15.0,8120.32,1.0
101357,2025-10-23,Phone,Electronics,North,SP037,8.0,,5.0,14577.94,3.0
101358,2024-09-01,Chair,Beauty,West,SP026,3.0,1066.6,10.0,2879.82,4.0
101359,2024-04-13,Watch,Sports,South,SP011,8.0,1469.18,25.0,8815.08,2.0
101360,2024-12-21,Laptop,Electronics,South,SP033,10.0,1413.18,10.0,12718.62,5.0
101361,2025-05-03,Chair,Clothing,East,SP044,10.0,1705.87,25.0,12794.02,1.0
101362,2024-06-19,Shoes,Electronics,West,SP028,6.0,667.65,15.0,3405.01,3.0
101363,2024-01-22,Shoes,Books,North,SP039,6.0,1948.87,0.0,11693.22,3.0
101364,2025-04-30,Bag,Electronics,North,SP002,19.0,7.01,5.0,126.53,
101365,2025-11-27,Mixer,Clothing,South,SP050,10.0,1671.54,20.0,13372.32,1.0
101366,2024-04-12,Bag,Sports,,SP035,10.0,1608.77,10.0,14478.93,3.0
101367,2025-11-10,Laptop,Home,East,SP046,16.0,510.81,15.0,6947.02,3.0
101368,2025-06-14,Mixer,Books,North,SP010,20.0,971.29,10.0,17483.22,4.0
101369,2024-08-13,Chair,Beauty,West,SP024,5.0,717.6,0.0,3588.0,2.0
101370,2024-04-01,Phone,Home,West,SP034,7.0,1841.69,15.0,10958.06,2.0
101371,2024-09-28,Camera,Sports,East,SP020,12.0,1776.55,15.0,18120.81,2.0
101372,2024-02-12,Camera,Electronics,West,SP030,19.0,1042.56,10.0,17827.78,5.0
101373,2024-12-21,Bag,Books,South,SP030,10.0,224.83,0.0,2248.3,2.0
101374,2025-06-19,Shoes,Home,West,SP019,10.0,1249.47,25.0,9371.03,1.0
101375,2024-10-28,Watch,Beauty,North,SP004,1.0,910.45,5.0,864.93,4.0
101376,2024-11-09,Laptop,Electronics,East,SP009,1.0,863.49,25.0,647.62,3.0
101377,2024-10-17,Shoes,Electronics,,SP010,17.0,1332.33,20.0,18119.69,2.0
101378,2025-03-18,Chair,Electronics,West,SP023,19.0,1836.93,10.0,31411.5,2.0
101379,2025-11-25,Watch,Home,East,SP012,13.0,848.01,0.0,11024.13,5.0
101380,2025-03-22,Chair,Home,South,SP027,11.0,1609.74,5.0,16821.78,5.0
101381,2024-07-23,Camera,Books,West,SP035,10.0,613.47,10.0,5521.23,2.0
101382,2025-01-19,Bag,Books,East,SP033,,196.6,20.0,2201.92,3.0
101383,2025-04-24,Headphones,Sports,North,SP036,12.0,,15.0,8753.64,1.0
101384,2025-03-07,Watch,Clothing,East,SP009,3.0,1512.93,20.0,3631.03,5.0
101385,2025-07-10,Headphones,Clothing,West,SP043,19.0,,0.0,33368.18,1.0
101386,2025-04-18,Phone,Electronics,East,SP042,17.0,,0.0,15693.38,1.0
101387,2024-12-07,Camera,Sports,East,SP004,20.0,199.31,10.0,3587.58,1.0
101388,2025-08-21,Chair,Beauty,South,SP036,17.0,1480.03,0.0,25160.51,4.0
101389,2024-05-19,Shoes,Home,East,SP047,8.0,1790.63,25.0,10743.78,1.0
101390,2025-05-11,Phone,Electronics,South,SP039,20.0,1377.11,0.0,27542.2,1.0
101391,2025-06-16,Bag,Electronics,West,SP026,4.0,498.18,0.0,1992.72,1.0
101392,2024-05-04,Chair,Beauty,East,SP040,10.0,812.09,5.0,7714.86,4.0
101393,2025-11-04,Laptop,Clothing,South,SP048,20.0,,5.0,4764.82,2.0
101394,2024-06-23,Chair,Sports,West,SP019,17.0,1484.62,20.0,20190.83,3.0
101395,2025-11-14,Book,Books,East,SP026,4.0,,,6522.53,4.0
101396,2025-12-15,Shoes,Electronics,East,SP030,4.0,930.61,15.0,3164.07,1.0
101397,2025-07-31,Laptop,Books,West,SP003,13.0,26.98,10.0,315.67,3.0
101398,2024-05-22,Watch,Electronics,,SP023,15.0,1765.44,15.0,22509.36,5.0
101399,2025-05-30,Mixer,Sports,North,SP012,7.0,700.92,25.0,3679.83,
101400,2024-12-26,Shoes,Home,East,SP026,19.0,681.89,25.0,9716.93,1.0
101401,2025-10-22,Camera,Books,South,SP037,16.0,756.16,15.0,10283.78,5.0
101402,2025-11-05,Book,Beauty,East,SP038,17.0,,25.0,6657.54,5.0
101403,2025-02-17,Shoes,Clothing,North,SP043,3.0,94.63,,212.92,1.0
101404,2025-05-26,Chair,Electronics,South,SP047,16.0,650.7,5.0,9890.64,4.0
101405,2025-03-06,Phone,Electronics,North,SP029,3.0,128.54,10.0,347.06,
101406,2025-09-13,Phone,Books,West,SP025,1.0,1847.48,10.0,1662.73,2.0
101407,2025-10-14,Watch,Sports,West,SP044,19.0,1115.15,5.0,20128.46,3.0
101408,2024-08-18,Mixer,Clothing,North,SP038,7.0,1485.6,15.0,8839.32,1.0
101409,2025-10-06,Laptop,Home,West,SP037,4.0,411.06,5.0,1562.03,
101410,2024-03-14,Mixer,Sports,South,SP014,11.0,374.68,25.0,3091.11,5.0
101411,2025-04-30,Mixer,Clothing,North,SP029,17.0,707.45,20.0,9621.32,4.0
101412,2025-10-02,Phone,Clothing,East,SP007,13.0,1748.58,20.0,18185.23,1.0
101413,2025-05-25,Book,Electronics,South,SP019,8.0,107.7,20.0,689.28,3.0
101414,2025-02-03,Watch,Electronics,South,SP034,12.0,140.57,5.0,1602.5,5.0
101415,2025-05-27,Mixer,Books,North,SP038,10.0,801.44,0.0,8014.4,4.0
101416,2024-09-26,Watch,Clothing,East,SP049,1.0,69.39,15.0,58.98,1.0
101417,2024-05-22,Book,Books,North,SP016,7.0,1096.44,25.0,5756.31,4.0
101418,2024-03-15,Laptop,Home,North,SP027,,1809.13,25.0,25780.1,5.0
101419,2025-09-19,Shoes,Home,North,SP007,3.0,1775.6,15.0,4527.78,1.0
101420,2025-05-23,Headphones,Sports,East,SP015,17.0,454.36,10.0,6951.71,
101421,2024-02-26,Mixer,Beauty,West,SP044,1.0,1548.36,5.0,1470.94,
101422,2025-07-19,Shoes,Sports,,SP036,16.0,109.02,15.0,1482.67,2.0
101423,2024-04-28,,Home,South,SP022,15.0,240.4,20.0,2884.8,4.0
101424,2024-02-29,Laptop,Clothing,West,SP048,8.0,467.91,20.0,2994.62,5.0
101425,2025-08-04,Chair,Electronics,North,SP004,2.0,1981.92,0.0,3963.84,2.0
101426,2025-03-25,Book,Beauty,South,SP019,6.0,,10.0,3071.41,2.0
101427,2025-09-12,Phone,Electronics,East,SP035,13.0,960.01,0.0,12480.13,2.0
101428,2025-05-21,Bag,Books,East,SP024,12.0,1795.79,5.0,20472.01,5.0
101429,2024-10-26,Book,Books,North,SP004,8.0,1056.05,10.0,7603.56,3.0
101430,2025-02-24,Chair,Clothing,South,SP020,20.0,974.98,0.0,19499.6,5.0
101431,2024-08-03,Laptop,Clothing,West,SP042,4.0,747.92,5.0,2842.1,4.0
101432,2024-04-26,Watch,Home,West,SP020,1.0,1000.32,0.0,1000.32,1.0
101433,2024-03-02,Bag,Electronics,,SP025,9.0,1709.88,,13080.58,4.0
101434,2024-02-15,Headphones,Beauty,North,SP043,8.0,415.43,5.0,3157.27,3.0
101435,2024-02-02,,Home,,SP049,18.0,1527.18,0.0,27489.24,5.0
101436,2024-08-09,Headphones,Sports,North,SP007,1.0,685.18,20.0,548.14,5.0
101437,2025-02-01,Bag,Sports,East,SP011,10.0,1717.74,20.0,13741.92,4.0
101438,2025-04-23,Watch,Books,East,SP006,8.0,268.09,0.0,2144.72,2.0
101439,2025-07-09,Laptop,Beauty,East,SP024,10.0,678.38,15.0,5766.23,3.0
101440,2025-11-06,Laptop,Electronics,East,SP037,9.0,1565.94,20.0,11274.77,3.0
101441,2024-09-27,Bag,Electronics,West,SP003,6.0,890.4,0.0,5342.4,3.0
101442,2025-05-06,Camera,Electronics,East,SP040,18.0,439.6,0.0,7912.8,5.0
101443,2024-11-17,Watch,Home,West,SP009,3.0,883.68,10.0,2385.94,2.0
101444,2025-10-07,Laptop,Clothing,North,SP042,,298.07,20.0,1430.74,1.0
101445,2024-07-07,,Electronics,South,SP004,17.0,1721.84,20.0,23417.02,3.0
101446,2024-09-20,Mixer,Books,North,SP039,1.0,1358.38,,1222.54,2.0
101447,2024-12-24,Phone,Beauty,North,SP016,4.0,159.57,15.0,542.54,2.0
101448,2024-11-29,Headphones,Electronics,West,SP019,19.0,,25.0,10628.51,2.0
101449,2024-01-26,Book,Sports,East,SP031,11.0,1215.9,10.0,12037.41,3.0
101450,2025-09-28,Watch,Clothing,North,SP007,1.0,324.82,0.0,324.82,5.0
101451,2024-08-04,Mixer,Beauty,East,SP014,11.0,1024.04,25.0,8448.33,4.0
101452,2025-08-19,Headphones,Books,North,SP005,2.0,1315.83,5.0,2500.08,2.0
101453,2025-08-01,Mixer,Books,West,SP035,17.0,,25.0,25444.41,1.0
101454,2025-06-24,Mixer,Beauty,West,SP021,2.0,1216.17,25.0,1824.26,3.0
101455,2024-07-18,Book,Clothing,East,SP015,19.0,589.67,5.0,10643.54,4.0
101456,2024-11-18,Headphones,Home,North,SP023,4.0,1387.68,15.0,4718.11,5.0
101457,2025-06-01,Bag,Beauty,South,SP029,,1829.7,25.0,4116.83,4.0
101458,2024-08-23,Mixer,Clothing,West,SP044,19.0,1656.5,5.0,29899.82,5.0
101459,2025-11-12,Book,Home,North,SP006,5.0,1213.06,10.0,5458.77,4.0
101460,2025-03-07,Bag,Books,South,SP012,17.0,,20.0,26745.49,4.0
101461,2024-01-16,Mixer,Books,West,SP048,6.0,245.97,10.0,1328.24,1.0
101462,2024-05-09,Shoes,Electronics,South,SP033,2.0,1668.55,0.0,3337.1,5.0
101463,2025-02-01,Mixer,Clothing,East,SP008,14.0,,,8472.32,3.0
101464,2024-12-10,Laptop,Electronics,East,SP029,19.0,1219.47,0.0,23169.93,4.0
101465,2025-10-07,Watch,Sports,South,SP047,15.0,1482.69,15.0,18904.3,2.0
101466,2025-08-26,Camera,Beauty,East,SP044,17.0,172.16,0.0,2926.72,4.0
101467,2025-01-23,Camera,Home,North,SP015,11.0,879.98,20.0,7743.82,3.0
101468,2025-05-20,Mixer,Beauty,West,SP019,11.0,101.33,20.0,891.7,3.0
101469,2025-01-28,Laptop,Books,South,SP028,11.0,1515.81,5.0,15840.21,5.0
101470,2024-10-11,Phone,Home,East,SP011,19.0,1759.77,10.0,30092.07,1.0
101471,2024-10-21,Shoes,Home,East,SP039,9.0,975.84,5.0,8343.43,1.0
101472,2024-08-25,Mixer,Beauty,South,SP002,9.0,286.3,5.0,2447.87,5.0
101473,2024-02-10,Laptop,Sports,North,SP024,18.0,1078.14,5.0,18436.19,2.0
101474,2024-10-15,Mixer,Clothing,West,SP019,19.0,855.87,15.0,13822.3,1.0
101475,2025-12-24,,Home,North,SP009,4.0,891.59,15.0,3031.41,3.0
101476,2025-11-15,Chair,Books,North,SP021,4.0,1937.04,0.0,7748.16,2.0
101477,2025-06-03,Mixer,Books,North,SP046,,555.84,25.0,4585.68,3.0
101478,2024-02-09,Mixer,Home,South,SP036,14.0,205.38,25.0,2156.49,1.0
101479,2025-10-11,,Clothing,South,SP017,1.0,495.6,20.0,396.48,4.0
101480,2024-06-04,Bag,Home,South,SP013,16.0,,25.0,19544.04,1.0
101481,2025-06-12,Bag,Beauty,South,SP046,7.0,11.38,0.0,79.66,2.0
101482,2024-02-09,Headphones,Books,South,SP041,14.0,1377.52,20.0,15428.22,3.0
101483,2025-05-10,Watch,Clothing,East,SP043,17.0,,5.0,21246.94,4.0
101484,2025-05-16,Bag,Home,North,SP015,13.0,1197.7,20.0,12456.08,1.0
101485,2024-10-21,Chair,Books,,SP008,14.0,1938.88,10.0,24429.89,2.0
101486,2025-04-20,Headphones,Books,South,SP050,11.0,1322.92,10.0,13096.91,4.0
101487,2025-05-15,,Home,East,SP033,20.0,826.95,5.0,15712.05,2.0
101488,2025-02-22,Watch,Books,,SP027,2.0,1126.7,10.0,2028.06,4.0
101489,2025-03-28,Watch,Sports,South,SP022,14.0,800.37,0.0,11205.18,1.0
101490,2024-11-11,Shoes,Beauty,South,SP050,15.0,822.57,20.0,9870.84,1.0
101491,2025-09-20,Mixer,Electronics,North,SP025,20.0,662.72,20.0,10603.52,1.0
101492,2025-12-22,Phone,Books,North,SP034,11.0,1824.9,20.0,16059.12,2.0
101493,2025-01-05,,Sports,South,SP019,18.0,400.89,5.0,6855.22,2.0
101494,2025-01-17,Chair,Electronics,North,SP002,11.0,829.72,20.0,7301.54,5.0
101495,2024-04-14,Laptop,Clothing,East,SP020,17.0,,15.0,11543.96,1.0
101496,2024-08-23,Phone,Sports,West,SP009,8.0,72.39,25.0,434.34,3.0
101497,2024-03-27,Headphones,Electronics,North,SP048,3.0,152.41,25.0,342.92,5.0
101498,2025-09-11,Headphones,Clothing,East,SP021,5.0,195.64,20.0,782.56,4.0
101499,2025-06-08,Chair,Electronics,East,SP042,1.0,,15.0,516.63,5.0
101500,2025-04-27,Chair,Sports,East,SP031,13.0,586.02,0.0,7618.26,3.0
101501,2025-12-20,Laptop,Sports,West,SP024,18.0,,15.0,15539.44,5.0
101502,2024-04-20,Headphones,Clothing,West,SP024,15.0,452.0,0.0,6780.0,4.0
101503,2025-07-30,Shoes,Books,North,SP007,4.0,1287.42,10.0,4634.71,5.0
101504,2024-06-22,Camera,Clothing,North,SP010,7.0,1730.33,15.0,10295.46,4.0
101505,2025-09-23,Chair,Electronics,West,SP017,16.0,1049.19,20.0,13429.63,4.0
101506,2024-11-14,Book,Books,West,SP001,11.0,1669.48,0.0,18364.28,3.0
101507,2025-12-07,Mixer,Sports,East,SP042,7.0,1511.3,15.0,8992.24,2.0
101508,2024-11-25,Mixer,Books,North,SP007,15.0,1419.19,20.0,17030.28,4.0
101509,2025-12-17,Shoes,Beauty,North,SP011,3.0,754.49,0.0,2263.47,
101510,2025-03-24,Bag,Clothing,West,SP009,4.0,82.93,15.0,281.96,5.0
101511,2025-03-04,Headphones,Home,East,SP034,13.0,23.47,0.0,305.11,3.0
101512,2025-09-21,Shoes,Home,South,SP040,12.0,1129.8,5.0,12879.72,3.0
101513,2025-06-15,Chair,Home,South,SP011,20.0,506.22,15.0,8605.74,
101514,2025-04-30,Shoes,Sports,North,SP001,1.0,638.79,5.0,606.85,3.0
101515,2025-12-19,Mixer,Sports,East,SP007,7.0,402.54,0.0,2817.78,1.0
101516,2025-10-01,Book,Books,South,SP023,,1190.94,0.0,17864.1,1.0
101517,2024-07-16,Camera,Books,East,SP024,9.0,571.95,15.0,4375.42,5.0
101518,2025-02-16,Chair,Electronics,South,SP007,9.0,1124.42,25.0,7589.84,2.0
101519,2024-10-13,Shoes,Beauty,West,SP022,6.0,529.56,0.0,3177.36,5.0
101520,2025-08-29,Camera,Books,West,SP014,20.0,558.09,25.0,8371.35,2.0
101521,2024-01-03,Camera,Clothing,,SP011,8.0,1978.23,0.0,15825.84,4.0
101522,2024-01-01,Shoes,Beauty,,SP028,11.0,160.19,0.0,1762.09,4.0
101523,2024-11-30,Chair,Beauty,West,SP025,10.0,1003.25,0.0,10032.5,4.0
101524,2025-12-24,Book,Beauty,North,SP039,16.0,713.21,20.0,9129.09,2.0
101525,2024-06-19,Mixer,Sports,West,SP045,9.0,1424.14,15.0,10894.67,3.0
101526,2025-12-02,Book,Clothing,North,SP024,4.0,1118.02,15.0,3801.27,4.0
101527,2025-11-17,Camera,Beauty,South,SP025,12.0,1458.34,5.0,16625.08,3.0
101528,2024-07-02,Mixer,Clothing,North,SP038,1.0,395.69,10.0,356.12,3.0
101529,2024-12-02,Mixer,Electronics,East,SP003,4.0,1822.53,10.0,6561.11,3.0
101530,2025-10-19,Watch,Home,North,SP037,16.0,799.6,25.0,9595.2,1.0
101531,2025-04-27,Shoes,Sports,North,SP003,20.0,1266.32,15.0,21527.44,3.0
101532,2024-01-30,Shoes,Clothing,North,SP027,20.0,1789.06,5.0,33992.14,1.0
101533,2024-02-27,Book,Electronics,East,SP013,15.0,1276.77,0.0,19151.55,5.0
101534,2024-01-18,Shoes,Beauty,East,SP034,11.0,,10.0,16586.06,1.0
101535,2025-11-11,Laptop,Electronics,South,SP049,13.0,835.68,25.0,8147.88,5.0
101536,2024-05-31,Laptop,Home,South,SP045,9.0,172.52,15.0,1319.78,5.0
101537,2025-02-23,,Home,East,SP008,6.0,1272.42,0.0,7634.52,3.0
101538,2025-04-22,Camera,Sports,North,SP008,19.0,1673.03,0.0,31787.57,1.0
101539,2024-07-05,Laptop,Clothing,,SP014,3.0,375.39,20.0,900.94,3.0
101540,2025-04-16,Watch,Books,South,SP048,3.0,1755.01,5.0,5001.78,2.0
101541,2024-11-13,Shoes,Home,South,SP037,2.0,761.72,10.0,1371.1,3.0
101542,2025-02-27,,Clothing,East,SP017,8.0,1671.37,10.0,12033.86,4.0
101543,2024-09-27,,Home,West,SP041,3.0,982.32,20.0,2357.57,2.0
101544,2024-02-07,Camera,Clothing,West,SP023,19.0,774.43,20.0,11771.34,3.0
101545,2024-07-31,Mixer,Books,East,SP006,11.0,1400.81,20.0,12327.13,5.0
101546,2024-08-03,Laptop,Electronics,South,SP031,9.0,440.42,10.0,3567.4,2.0
101547,2025-04-23,Headphones,Books,North,SP021,19.0,649.37,20.0,9870.42,1.0
101548,2025-10-06,Shoes,Sports,West,SP022,12.0,1739.31,0.0,20871.72,3.0
101549,2025-10-25,Watch,Clothing,West,SP035,4.0,378.29,10.0,1361.84,2.0
101550,2024-01-23,Camera,Beauty,West,SP047,15.0,1619.4,15.0,20647.35,4.0
101551,2025-04-29,Camera,Home,West,SP044,8.0,508.89,10.0,3664.01,4.0
101552,2024-11-03,Mixer,Electronics,West,SP028,2.0,1941.68,5.0,3689.19,3.0
101553,2025-08-14,Mixer,Clothing,East,SP039,13.0,1188.19,5.0,14674.15,5.0
101554,2024-07-22,Book,Electronics,North,SP020,19.0,1504.94,,27164.17,2.0
101555,2024-12-20,Laptop,Books,South,SP013,15.0,795.01,15.0,10136.38,2.0
101556,2024-11-04,Chair,Sports,North,SP047,10.0,165.35,5.0,1570.82,2.0
101557,2024-06-06,Laptop,Sports,South,SP023,18.0,1692.11,10.0,27412.18,1.0
101558,2025-04-27,Chair,Sports,West,SP030,18.0,1375.14,25.0,18564.39,2.0
101559,2024-04-08,Headphones,Home,East,SP044,13.0,261.36,5.0,3227.8,4.0
101560,2025-09-03,Bag,Books,North,SP015,13.0,1070.56,10.0,12525.55,5.0
101561,2024-07-01,Mixer,Electronics,West,SP005,,,10.0,5338.22,2.0
101562,2024-05-21,Watch,Sports,North,SP022,16.0,380.0,5.0,5776.0,4.0
101563,2025-10-31,Watch,Sports,West,SP003,6.0,854.29,,4613.17,3.0
101564,2025-03-07,Mixer,Electronics,West,SP006,,331.27,25.0,1490.71,3.0
101565,2025-12-03,Laptop,Clothing,East,SP009,4.0,1313.46,15.0,4465.76,5.0
101566,2025-06-03,Bag,Books,West,SP028,13.0,1374.17,0.0,17864.21,1.0
101567,2024-11-06,Phone,Beauty,West,SP033,14.0,521.0,25.0,5470.5,3.0
101568,2025-04-29,Phone,Clothing,West,SP035,11.0,1689.12,10.0,16722.29,4.0
101569,2025-11-21,Camera,Home,South,SP033,3.0,305.02,10.0,823.55,5.0
101570,2025-04-10,Laptop,Electronics,West,SP030,14.0,101.84,10.0,1283.18,3.0
101571,2024-02-21,Headphones,Home,East,SP050,20.0,1374.34,10.0,24738.12,1.0
101572,2025-07-09,Headphones,Electronics,West,SP021,9.0,361.56,10.0,2928.64,3.0
101573,2025-10-13,Laptop,Beauty,West,SP016,2.0,1193.58,10.0,2148.44,2.0
101574,2024-03-27,Shoes,Books,West,SP028,18.0,193.67,25.0,2614.55,3.0
101575,2024-12-19,Mixer,Beauty,West,SP003,15.0,1379.54,5.0,19658.44,1.0
101576,2024-11-30,Phone,Sports,North,SP022,12.0,81.38,20.0,781.25,3.0
101577,2025-03-08,Watch,Books,North,SP028,13.0,49.66,25.0,484.18,1.0
101578,2024-07-15,Camera,Beauty,South,SP045,19.0,525.65,10.0,8988.61,1.0
101579,2025-01-18,Watch,Books,South,SP018,19.0,948.47,15.0,15317.79,5.0
101580,2025-11-18,,Home,North,SP027,2.0,1211.22,5.0,2301.32,2.0
101581,2024-01-20,Watch,Sports,East,SP007,14.0,1316.14,10.0,16583.36,2.0
101582,2024-08-18,Phone,Beauty,East,SP047,1.0,1419.47,5.0,1348.5,5.0
101583,2025-04-16,Book,Beauty,West,SP031,19.0,844.43,20.0,12835.34,5.0
101584,2024-01-13,Bag,Clothing,West,SP048,11.0,684.49,10.0,6776.45,4.0
101585,2024-08-03,Headphones,Home,West,SP003,18.0,1396.96,25.0,18858.96,5.0
101586,2024-03-21,Phone,Clothing,East,SP020,16.0,1124.84,10.0,16197.7,3.0
101587,2024-11-18,Shoes,Beauty,South,SP040,15.0,1350.63,0.0,20259.45,3.0
101588,2025-08-01,Watch,Beauty,West,SP016,14.0,833.71,0.0,11671.94,4.0
101589,2025-07-04,Phone,Sports,South,SP014,5.0,759.97,0.0,3799.85,1.0
101590,2025-08-07,Headphones,Beauty,West,SP023,10.0,361.35,5.0,3432.82,2.0
101591,2025-03-04,Phone,Books,East,SP033,20.0,561.37,10.0,10104.66,5.0
101592,2025-06-29,Bag,Sports,East,SP029,13.0,454.07,15.0,5017.47,2.0
101593,2024-06-30,Book,Sports,South,SP044,13.0,580.37,20.0,6035.85,1.0
101594,2025-01-27,Headphones,Clothing,North,SP040,19.0,1307.94,15.0,21123.23,
101595,2024-05-21,Camera,Beauty,West,SP002,20.0,1241.74,0.0,24834.8,3.0
101596,2025-09-16,Bag,Books,North,SP024,8.0,337.09,25.0,2022.54,1.0
101597,2025-09-07,Shoes,Sports,East,SP047,13.0,1106.35,,13663.42,2.0
101598,2024-06-28,,Clothing,East,SP005,16.0,1874.6,5.0,28493.92,1.0
101599,2024-07-30,Camera,Sports,South,SP012,19.0,925.05,5.0,16697.15,4.0
101600,2025-05-27,Shoes,Clothing,West,SP047,4.0,1608.36,10.0,5790.1,1.0
101601,2024-01-08,,Sports,West,SP005,2.0,1365.64,15.0,2321.59,4.0
101602,2024-09-23,Mixer,Books,North,SP029,18.0,246.36,20.0,3547.58,4.0
101603,2024-03-02,Laptop,Home,West,SP046,10.0,1624.27,25.0,12182.03,5.0
101604,2025-10-06,Phone,Clothing,East,SP049,15.0,860.03,0.0,12900.45,5.0
101605,2024-04-24,Book,Clothing,South,SP031,6.0,736.1,25.0,3312.45,2.0
101606,2024-09-27,Phone,Sports,West,SP049,,663.4,25.0,1990.2,
101607,2024-09-23,Book,Sports,East,SP037,11.0,594.11,15.0,5554.93,3.0
101608,2025-08-31,Mixer,Home,North,SP015,2.0,1523.84,5.0,2895.3,3.0
101609,2025-07-31,Shoes,Beauty,East,SP031,12.0,1429.04,10.0,15433.63,4.0
101610,2025-11-20,Shoes,Clothing,East,SP025,,313.11,25.0,2348.33,3.0
101611,2025-10-14,Camera,Home,South,SP038,8.0,60.87,5.0,462.61,1.0
101612,2024-09-22,Mixer,Sports,West,SP040,12.0,1443.67,25.0,12993.03,2.0
101613,2024-12-18,Book,Beauty,East,SP025,5.0,1176.34,20.0,4705.36,4.0
101614,2025-10-25,Shoes,Sports,West,SP001,6.0,1742.21,15.0,8885.27,1.0
101615,2024-12-16,Shoes,Home,North,SP042,8.0,622.07,5.0,4727.73,
101616,2024-12-31,Laptop,Books,South,SP048,16.0,921.35,25.0,11056.2,2.0
101617,2025-01-07,Book,Beauty,North,SP018,2.0,799.99,0.0,1599.98,5.0
101618,2025-07-01,Bag,Beauty,South,SP016,18.0,1745.87,0.0,31425.66,3.0
101619,2024-07-06,Bag,Clothing,North,SP039,8.0,460.54,25.0,2763.24,
101620,2025-07-19,Phone,Clothing,East,SP004,9.0,187.26,5.0,1601.07,2.0
101621,2024-08-21,Bag,Sports,North,SP035,8.0,1173.43,20.0,7509.95,
101622,2024-11-22,Bag,Electronics,West,SP013,3.0,396.87,0.0,1190.61,1.0
101623,2025-07-09,Watch,Beauty,North,SP038,19.0,433.91,15.0,7007.65,4.0
101624,2024-04-24,Camera,Books,West,SP001,15.0,1555.9,5.0,22171.58,
101625,2025-02-20,Shoes,Home,West,SP033,20.0,545.13,25.0,8176.95,3.0
101626,2025-10-22,Chair,Home,East,SP044,10.0,532.08,20.0,4256.64,5.0
101627,2025-05-30,Shoes,Sports,North,SP021,10.0,1253.71,0.0,12537.1,5.0
101628,2025-04-26,Headphones,Books,East,SP007,,330.45,0.0,5287.2,4.0
101629,2024-12-16,Phone,Clothing,South,SP020,,1646.0,5.0,28146.6,5.0
101630,2024-11-08,,Books,East,SP040,11.0,1534.01,15.0,14342.99,2.0
101631,2025-08-07,Headphones,Clothing,South,SP040,5.0,650.91,5.0,3091.82,2.0
101632,2024-11-29,Camera,Sports,East,SP015,17.0,1962.4,25.0,25020.6,3.0
101633,2025-04-28,Book,Books,East,SP048,10.0,744.73,10.0,6702.57,3.0
101634,2025-04-05,Headphones,Electronics,West,SP004,10.0,853.47,15.0,7254.5,4.0
101635,2024-12-28,Laptop,Books,South,SP014,5.0,1950.1,,8775.45,3.0
101636,2024-10-28,Headphones,Home,South,SP014,12.0,52.24,15.0,532.85,5.0
101637,2025-05-30,,Clothing,South,SP021,15.0,1713.52,0.0,25702.8,4.0
101638,2025-08-30,Headphones,Books,West,SP016,16.0,1904.33,0.0,30469.28,
101639,2025-09-13,Laptop,Books,East,SP018,19.0,753.16,0.0,14310.04,5.0
101640,2025-01-13,Bag,Clothing,North,SP021,15.0,1847.59,,27713.85,4.0
101641,2024-06-04,Chair,Beauty,North,SP029,5.0,1181.67,20.0,4726.68,2.0
101642,2024-12-01,Watch,Beauty,East,SP045,19.0,1095.44,25.0,15610.02,1.0
101643,2024-05-23,Book,Home,West,SP048,3.0,1742.1,25.0,3919.72,2.0
101644,2024-07-07,,Home,South,SP044,11.0,939.31,,8782.55,
101645,2024-09-18,Shoes,Electronics,West,SP028,20.0,1496.56,0.0,29931.2,4.0
101646,2025-05-13,,Home,,SP037,2.0,1664.19,0.0,3328.38,
101647,2024-02-02,Mixer,Sports,East,SP037,17.0,1746.8,10.0,26726.04,3.0
101648,2025-10-11,Phone,Beauty,North,SP035,3.0,1470.2,20.0,3528.48,2.0
101649,2025-06-09,Camera,Books,South,SP049,3.0,1149.98,15.0,2932.45,1.0
101650,2025-12-01,Bag,Books,South,SP042,14.0,1636.42,15.0,19473.4,3.0
101651,2024-03-15,Bag,Beauty,West,SP002,,1297.44,10.0,7006.18,4.0
101652,2025-08-11,Laptop,Electronics,South,SP021,10.0,17.68,,150.28,4.0
101653,2024-06-03,Book,Beauty,West,SP042,9.0,1711.87,20.0,12325.46,2.0
101654,2025-08-11,Camera,Clothing,South,SP050,12.0,,25.0,16083.18,2.0
101655,2024-07-30,Mixer,Beauty,North,SP050,10.0,367.27,0.0,3672.7,2.0
101656,2025-07-07,Book,Clothing,South,SP013,12.0,1909.55,10.0,20623.14,3.0
101657,2024-06-16,Chair,Home,North,SP009,14.0,1982.05,5.0,26361.26,4.0
101658,2024-05-06,Chair,Sports,North,SP029,13.0,55.72,25.0,543.27,4.0
101659,2025-02-12,Camera,Electronics,North,SP012,7.0,415.24,15.0,2470.68,
101660,2025-08-15,Phone,Sports,East,SP048,17.0,247.8,5.0,4001.97,3.0
101661,2025-03-01,Mixer,Home,West,SP017,7.0,,0.0,2972.2,5.0
101662,2024-04-24,,Sports,North,SP023,15.0,37.21,15.0,474.43,
101663,2024-11-13,Watch,Clothing,North,SP042,3.0,871.13,25.0,1960.04,4.0
101664,2025-04-27,Book,Electronics,South,SP016,1.0,1902.86,10.0,1712.57,2.0
101665,2025-08-01,Shoes,Books,West,SP049,1.0,260.26,5.0,247.25,
101666,2024-03-03,Watch,Home,West,SP011,20.0,1605.75,25.0,24086.25,4.0
101667,2024-06-25,Shoes,Home,North,SP011,6.0,1872.9,5.0,10675.53,
101668,2025-05-24,Book,Home,East,SP002,7.0,615.6,25.0,3231.9,1.0
101669,2024-12-05,Shoes,Sports,North,SP035,1.0,1778.2,0.0,1778.2,4.0
101670,2025-09-04,Laptop,Home,South,SP006,17.0,343.63,0.0,5841.71,4.0
101671,2024-03-08,Headphones,Beauty,West,SP009,4.0,1937.62,15.0,6587.91,5.0
101672,2025-10-14,Watch,Clothing,East,SP043,1.0,626.3,15.0,532.35,5.0
101673,2025-01-09,Bag,Sports,South,SP009,20.0,1338.52,,26770.4,2.0
101674,2025-06-11,Chair,Books,North,SP048,5.0,1611.87,5.0,7656.38,1.0
101675,2025-02-17,Chair,Clothing,East,SP012,10.0,1774.4,0.0,17744.0,3.0
101676,2024-12-02,Mixer,Beauty,,SP049,15.0,1338.37,20.0,16060.44,2.0
101677,2024-12-01,Camera,Books,North,SP048,,752.67,5.0,10010.51,4.0
101678,2025-10-09,Laptop,Clothing,North,SP016,2.0,1589.42,5.0,3019.9,2.0
101679,2025-02-10,Bag,Home,South,SP041,11.0,28.37,15.0,265.26,5.0
101680,2025-02-19,Camera,Home,West,SP008,15.0,1985.43,15.0,25314.23,3.0
101681,2025-11-02,Shoes,Home,East,SP032,17.0,1848.15,10.0,28276.7,5.0
101682,2025-04-12,Mixer,Home,North,SP024,4.0,1337.69,10.0,4815.68,4.0
101683,2025-10-19,Phone,Clothing,West,SP008,1.0,1929.68,5.0,1833.2,1.0
101684,2025-07-17,Watch,Sports,West,SP036,10.0,256.97,10.0,2312.73,1.0
101685,2025-05-31,Chair,Clothing,South,SP050,6.0,798.13,20.0,3831.02,1.0
101686,2024-07-22,Camera,Beauty,North,SP035,12.0,1053.52,5.0,12010.13,3.0
101687,2025-07-06,Shoes,Home,South,SP007,8.0,1388.92,20.0,8889.09,2.0
101688,2025-10-12,Shoes,Beauty,West,SP013,20.0,456.38,,6845.7,3.0
101689,2024-02-20,Headphones,Sports,West,SP021,13.0,596.51,20.0,6203.7,2.0
101690,2024-11-03,Mixer,Books,East,SP014,1.0,154.37,25.0,115.78,5.0
101691,2025-08-31,Shoes,Clothing,West,SP011,3.0,123.15,15.0,314.03,2.0
101692,2025-02-04,Camera,Clothing,South,SP023,6.0,,15.0,6599.09,1.0
101693,2024-08-19,Phone,Books,South,SP014,9.0,285.18,15.0,2181.63,4.0
101694,2024-05-25,Phone,Beauty,East,SP034,9.0,,0.0,13701.33,1.0
101695,2025-10-05,Bag,Home,North,SP035,20.0,944.86,25.0,14172.9,5.0
101696,2025-04-10,Book,Home,North,SP025,5.0,145.45,25.0,545.44,3.0
101697,2024-04-25,Bag,Home,South,SP034,15.0,854.69,5.0,12179.33,1.0
101698,2024-03-31,Chair,Books,West,SP045,20.0,1919.67,10.0,34554.06,4.0
101699,2025-03-07,Watch,Home,East,SP027,2.0,1277.93,10.0,2300.27,3.0
101700,2024-12-31,Bag,Clothing,West,SP015,3.0,30.79,25.0,69.28,5.0
101701,2025-03-20,Bag,Beauty,West,SP039,9.0,212.41,25.0,1433.77,5.0
101702,2025-11-14,Camera,Books,North,SP037,13.0,88.99,0.0,1156.87,1.0
101703,2024-04-30,Camera,Sports,West,SP046,8.0,,25.0,4347.6,1.0
101704,2024-12-21,Mixer,Electronics,West,SP041,15.0,1705.2,20.0,20462.4,4.0
101705,2025-11-16,Laptop,Books,East,SP007,1.0,436.0,5.0,414.2,3.0
101706,2025-02-26,Book,Books,East,SP023,1.0,1459.47,,1313.52,
101707,2024-10-10,Bag,Books,East,SP050,15.0,1568.5,10.0,21174.75,2.0
101708,2024-08-02,Book,Books,West,SP049,18.0,1542.76,20.0,22215.74,3.0
101709,2024-06-25,Book,Beauty,,SP021,16.0,1714.01,10.0,24681.74,3.0
101710,2024-04-13,Camera,Sports,South,SP049,3.0,1280.71,10.0,3457.92,4.0
101711,2024-07-26,Book,Home,West,SP024,9.0,1712.67,15.0,13101.93,2.0
101712,2024-06-21,Camera,Home,East,SP049,11.0,36.78,5.0,384.35,5.0
101713,2025-07-05,Phone,Clothing,North,SP006,6.0,798.95,25.0,3595.28,5.0
101714,2025-11-10,Book,Beauty,East,SP026,13.0,1705.16,5.0,21058.73,2.0
101715,2025-01-29,Watch,Beauty,North,SP021,4.0,1690.79,25.0,5072.37,2.0
101716,2025-03-29,Watch,Electronics,West,SP015,2.0,495.58,5.0,941.6,2.0
101717,2024-09-08,Shoes,Electronics,East,SP016,8.0,883.51,5.0,6714.68,1.0
101718,2025-09-18,Mixer,Beauty,South,SP027,16.0,1676.67,15.0,22802.71,2.0
101719,2025-06-15,Headphones,Books,East,SP046,19.0,,20.0,12194.05,3.0
101720,2024-09-26,Book,Beauty,,SP005,14.0,743.61,5.0,9890.01,2.0
101721,2024-11-25,Shoes,Electronics,West,SP035,8.0,1592.14,20.0,10189.7,3.0
101722,2024-04-17,Mixer,Clothing,West,SP018,20.0,459.51,10.0,8271.18,5.0
101723,2024-02-24,Camera,Sports,North,SP011,15.0,1239.52,15.0,15803.88,1.0
101724,2025-07-27,Book,Sports,South,SP005,15.0,1120.2,0.0,16803.0,3.0
101725,2024-03-07,Laptop,Books,West,SP028,9.0,1141.66,25.0,7706.2,2.0
101726,2025-02-09,Mixer,Books,,SP022,7.0,1325.29,10.0,8349.33,2.0
101727,2025-08-06,Mixer,Books,East,SP001,17.0,1892.8,5.0,30568.72,5.0
101728,2024-02-24,Camera,Electronics,West,SP047,12.0,1176.96,0.0,14123.52,2.0
101729,2024-07-18,Shoes,Electronics,West,SP047,8.0,1959.66,5.0,14893.42,1.0
101730,2024-12-05,Camera,Books,West,SP027,3.0,192.85,15.0,491.77,4.0
101731,2025-12-14,,Electronics,East,SP023,,281.33,10.0,4051.15,2.0
101732,2025-12-25,Phone,Clothing,East,SP026,14.0,1758.73,15.0,20928.89,2.0
101733,2024-08-20,Phone,Home,West,SP049,12.0,1971.34,25.0,17742.06,1.0
101734,2025-06-20,Laptop,Beauty,North,SP044,9.0,45.7,20.0,329.04,3.0
101735,2024-04-07,Laptop,Electronics,East,SP025,6.0,8.45,20.0,40.56,3.0
101736,2024-01-29,Shoes,Clothing,,SP012,19.0,1128.91,0.0,21449.29,5.0
101737,2024-08-11,Shoes,Beauty,East,SP037,12.0,198.45,25.0,1786.05,2.0
101738,2025-03-27,Laptop,Beauty,North,SP035,6.0,1017.12,15.0,5187.31,1.0
101739,2024-11-15,Shoes,Beauty,South,SP007,10.0,220.01,25.0,1650.07,4.0
101740,2024-07-16,,Sports,West,SP029,20.0,314.73,20.0,5035.68,1.0
101741,2025-11-15,Book,Clothing,South,SP032,18.0,135.6,5.0,2318.76,2.0
101742,2025-02-17,Camera,Electronics,North,SP043,2.0,719.85,15.0,1223.75,3.0
101743,2025-06-23,Mixer,Sports,South,SP019,19.0,1152.3,20.0,17514.96,3.0
101744,2024-05-18,Headphones,Sports,West,SP025,15.0,1528.23,10.0,20631.1,1.0
101745,2025-05-17,Mixer,Sports,West,SP020,1.0,,10.0,886.52,4.0
101746,2024-10-21,Chair,Electronics,East,SP038,2.0,1057.46,0.0,2114.92,5.0
101747,2025-07-09,Laptop,Beauty,North,SP004,6.0,1283.66,25.0,5776.47,3.0
101748,2025-01-29,Laptop,Books,West,SP048,7.0,706.77,20.0,3957.91,5.0
101749,2025-06-20,Laptop,Clothing,North,SP030,,1019.95,25.0,4589.78,2.0
101750,2024-08-14,Bag,Clothing,North,SP003,11.0,150.56,5.0,1573.35,4.0
101751,2024-07-29,Chair,Books,East,SP012,4.0,1849.0,0.0,7396.0,4.0
101752,2024-08-21,Laptop,Clothing,South,SP039,12.0,1835.58,15.0,18722.92,2.0
101753,2025-09-28,Camera,Books,East,SP014,9.0,1764.48,15.0,13498.27,3.0
101754,2025-02-23,Headphones,Home,South,SP050,1.0,834.7,15.0,709.5,4.0
101755,2024-09-16,,Electronics,West,SP009,20.0,,25.0,387.15,2.0
101756,2024-03-13,Phone,Clothing,East,SP011,4.0,234.98,15.0,798.93,3.0
101757,2025-11-28,Watch,Beauty,East,SP007,13.0,573.19,10.0,6706.32,1.0
101758,2025-02-08,Bag,Clothing,South,SP034,7.0,1900.67,,10643.75,1.0
101759,2025-04-25,Laptop,Sports,South,SP006,16.0,223.14,5.0,3391.73,1.0
101760,2024-09-04,Shoes,Sports,North,SP043,14.0,1232.57,15.0,14667.58,5.0
101761,2024-07-12,Camera,Electronics,South,SP022,7.0,1451.2,0.0,10158.4,3.0
101762,2024-06-28,Laptop,Sports,West,SP010,12.0,926.76,25.0,8340.84,3.0
101763,2025-06-01,Chair,Home,West,SP002,3.0,454.35,,1022.29,4.0
101764,2024-03-12,Mixer,Clothing,South,SP036,8.0,1205.31,10.0,8678.23,3.0
101765,2024-02-28,Mixer,Beauty,North,SP040,4.0,1371.1,15.0,4661.74,2.0
101766,2024-11-25,Chair,Electronics,West,SP001,12.0,81.67,0.0,980.04,5.0
101767,2024-02-29,Chair,Books,North,SP037,13.0,1538.55,0.0,20001.15,5.0
101768,2024-03-16,Camera,Books,West,SP019,1.0,1299.48,15.0,1104.56,5.0
101769,2025-01-31,Bag,Beauty,East,SP023,15.0,1820.93,5.0,25948.25,4.0
101770,2025-05-05,Chair,Clothing,East,SP041,5.0,911.18,10.0,4100.31,2.0
101771,2025-02-01,Laptop,Sports,East,SP010,9.0,1764.47,10.0,14292.21,1.0
101772,2025-04-15,Chair,Sports,South,SP041,14.0,1422.82,20.0,15935.58,3.0
101773,2024-08-01,Bag,Books,West,SP029,13.0,845.18,15.0,9339.24,4.0
101774,2025-04-19,Headphones,Clothing,South,SP016,12.0,678.91,25.0,6110.19,2.0
101775,2025-12-30,Camera,Home,West,SP036,,1138.93,25.0,5979.38,4.0
101776,2025-01-18,Bag,Electronics,West,SP020,10.0,430.96,5.0,4094.12,5.0
101777,2025-02-26,Mixer,Clothing,West,SP034,2.0,402.82,10.0,725.08,
101778,2024-07-03,Headphones,Beauty,South,SP018,15.0,,5.0,748.84,5.0
101779,2024-06-08,Shoes,Sports,East,SP030,13.0,1152.26,5.0,14230.41,2.0
101780,2024-05-13,Mixer,Books,North,SP044,16.0,635.85,20.0,8138.88,1.0
101781,2024-03-07,,Electronics,East,SP023,3.0,47.82,0.0,143.46,2.0
101782,2024-06-03,Book,Beauty,East,SP038,7.0,618.59,0.0,4330.13,4.0
101783,2025-05-01,Watch,Electronics,South,SP010,11.0,1408.69,10.0,13946.03,2.0
101784,2025-03-01,Headphones,Clothing,West,SP045,4.0,,20.0,3414.24,3.0
101785,2025-12-07,Shoes,Sports,North,SP049,8.0,1952.37,25.0,11714.22,1.0
101786,2024-05-18,Shoes,Electronics,East,SP029,13.0,948.26,15.0,10478.27,5.0
101787,2025-08-08,Bag,Books,East,SP022,6.0,897.43,0.0,5384.58,1.0
101788,2025-01-13,Watch,Books,West,SP010,3.0,358.58,20.0,860.59,1.0
101789,2025-11-15,Watch,Books,North,SP023,7.0,1923.34,10.0,12117.04,5.0
101790,2025-05-21,Headphones,Clothing,East,SP017,1.0,1245.62,20.0,996.5,2.0
101791,2025-06-09,Bag,Home,South,SP004,9.0,1964.16,0.0,17677.44,2.0
101792,2025-12-18,Book,Electronics,East,SP048,,,,4504.23,4.0
101793,2025-11-06,Shoes,Beauty,North,SP048,3.0,669.17,0.0,2007.51,5.0
101794,2024-01-20,Headphones,Sports,North,SP045,10.0,764.44,15.0,6497.74,3.0
101795,2025-12-14,Headphones,Sports,East,SP009,13.0,674.59,20.0,7015.74,3.0
101796,2024-09-24,Watch,Electronics,West,SP043,18.0,389.84,10.0,6315.41,1.0
101797,2025-11-13,Laptop,Clothing,North,SP016,11.0,1723.65,0.0,18960.15,1.0
101798,2024-06-30,Chair,Electronics,North,SP001,,134.59,20.0,1292.06,1.0
101799,2024-12-15,Bag,Books,East,SP043,20.0,145.41,20.0,2326.56,
101800,2025-09-19,Chair,Books,North,SP012,4.0,117.05,5.0,444.79,
101801,2024-04-03,Chair,Clothing,North,SP046,1.0,868.77,25.0,651.58,1.0
101802,2025-01-31,Bag,Clothing,West,SP039,11.0,1252.78,5.0,13091.55,2.0
101803,2025-04-25,Laptop,Sports,South,SP033,10.0,1464.47,20.0,11715.76,1.0
101804,2024-03-22,Shoes,Beauty,South,SP045,6.0,1948.51,10.0,10521.95,1.0
101805,2025-12-20,Chair,Clothing,West,SP041,3.0,380.46,10.0,1027.24,5.0
101806,2024-10-30,Watch,Clothing,West,SP017,20.0,827.5,25.0,12412.5,3.0
101807,2024-09-03,Watch,Home,South,SP005,17.0,18.93,25.0,241.36,1.0
101808,2024-03-05,Laptop,Beauty,West,SP006,16.0,691.73,25.0,8300.76,4.0
101809,2024-01-13,Camera,Books,North,SP037,3.0,640.2,10.0,1728.54,3.0
101810,2024-11-22,Book,Sports,East,SP049,15.0,719.43,15.0,9172.73,
101811,2024-11-16,Chair,Beauty,,SP003,18.0,1998.2,5.0,34169.22,3.0
101812,2025-02-23,Headphones,Sports,West,SP029,15.0,1760.55,10.0,23767.42,2.0
101813,2024-05-25,Shoes,Home,West,SP041,13.0,842.1,0.0,10947.3,2.0
101814,2025-02-13,,Clothing,South,SP014,12.0,32.83,25.0,295.47,1.0
101815,2024-01-17,Book,Clothing,North,SP032,13.0,947.22,10.0,11082.47,4.0
101816,2024-06-11,Watch,Clothing,South,SP032,10.0,1660.41,20.0,13283.28,5.0
101817,2025-05-26,Bag,Books,,SP023,14.0,873.04,5.0,11611.43,1.0
101818,2024-03-09,Watch,Clothing,South,SP034,11.0,1413.52,20.0,12438.98,4.0
101819,2024-08-09,Shoes,Home,East,SP044,14.0,983.56,10.0,12392.86,5.0
101820,2025-03-15,Mixer,Home,East,SP047,20.0,248.09,5.0,4713.71,3.0
101821,2025-12-06,Phone,Electronics,West,SP024,5.0,742.29,15.0,3154.73,
101822,2024-09-09,Chair,Home,West,SP018,7.0,1889.43,,9919.51,5.0
101823,2024-12-14,Chair,Clothing,East,SP041,19.0,,25.0,22638.55,5.0
101824,2024-08-22,Bag,Beauty,West,SP002,19.0,1220.73,5.0,22034.18,3.0
101825,2025-06-07,Camera,Home,North,SP034,4.0,771.37,5.0,2931.21,4.0
101826,2025-04-18,Watch,Electronics,,SP025,20.0,1801.36,25.0,27020.4,2.0
101827,2024-10-09,Bag,Clothing,South,SP041,5.0,730.75,0.0,3653.75,1.0
101828,2024-12-01,Mixer,Clothing,East,SP021,12.0,1650.55,15.0,16835.61,4.0
101829,2024-11-17,Chair,Beauty,,SP019,,1767.01,5.0,33573.19,1.0
101830,2024-07-18,,Sports,West,SP045,17.0,1598.7,10.0,24460.11,1.0
101831,2024-11-01,Laptop,Electronics,West,SP006,9.0,412.46,10.0,3340.93,3.0
101832,2025-04-21,Mixer,Clothing,West,SP049,5.0,896.14,15.0,3808.59,3.0
101833,2024-04-20,Camera,Sports,,SP011,9.0,914.61,5.0,7819.92,5.0
101834,2024-05-11,Laptop,Home,West,SP024,11.0,1912.43,0.0,21036.73,
101835,2024-11-18,Headphones,Books,East,SP026,13.0,1102.5,25.0,10749.38,2.0
101836,2024-11-30,Watch,Home,North,SP033,20.0,,0.0,33459.4,1.0
101837,2025-12-31,Shoes,Clothing,North,SP034,5.0,995.87,0.0,4979.35,2.0
101838,2025-12-31,Book,Home,North,SP027,8.0,188.26,10.0,1355.47,3.0
101839,2024-03-12,Mixer,Sports,West,SP045,16.0,804.12,0.0,12865.92,2.0
101840,2025-07-15,Shoes,Electronics,East,SP015,3.0,1629.66,,4155.63,2.0
101841,2024-02-27,Chair,Sports,North,SP003,18.0,53.33,25.0,719.95,2.0
101842,2024-08-26,Mixer,Home,East,SP025,5.0,1909.07,5.0,9068.08,4.0
101843,2024-01-20,Laptop,Books,West,SP036,17.0,1532.25,15.0,22141.01,1.0
101844,2024-02-11,Chair,Beauty,West,SP001,7.0,,5.0,7856.24,3.0
101845,2025-12-19,Mixer,Clothing,West,SP014,3.0,1165.26,10.0,3146.2,2.0
101846,2025-07-03,,Home,East,SP036,,1830.83,25.0,1373.12,3.0
101847,2025-06-07,Camera,Home,East,SP013,13.0,323.93,5.0,4000.54,3.0
101848,2024-09-23,Bag,Electronics,West,SP039,13.0,242.74,10.0,2840.06,5.0
101849,2025-02-19,Headphones,Electronics,South,SP013,7.0,373.74,0.0,2616.18,5.0
101850,2024-11-01,Book,Sports,North,SP042,7.0,1773.87,10.0,11175.38,2.0
101851,2025-08-03,Watch,Electronics,South,SP012,9.0,437.53,0.0,3937.77,3.0
101852,2024-07-30,Book,Sports,West,SP039,16.0,,15.0,25756.5,2.0
101853,2025-05-18,Chair,Electronics,North,SP001,16.0,1123.86,10.0,16183.58,1.0
101854,2025-09-26,Laptop,Home,West,SP025,2.0,1715.05,10.0,3087.09,5.0
101855,2024-06-12,Chair,Sports,East,SP005,4.0,111.81,5.0,424.88,3.0
101856,2025-03-03,Phone,Home,,SP017,1.0,598.45,0.0,598.45,4.0
101857,2024-07-28,,Sports,South,SP001,4.0,1839.22,25.0,5517.66,1.0
101858,2024-03-29,Mixer,Home,East,SP002,8.0,913.21,20.0,5844.54,5.0
101859,2025-05-06,Chair,Electronics,West,SP044,3.0,1464.21,5.0,4173.0,
101860,2024-01-31,Headphones,Clothing,North,SP037,2.0,997.36,15.0,1695.51,1.0
101861,2025-11-03,Watch,Books,West,SP013,3.0,1919.06,10.0,5181.46,3.0
101862,2024-01-25,Chair,Books,West,SP001,9.0,1926.56,5.0,16472.09,1.0
101863,2025-07-30,Bag,Clothing,,SP019,14.0,1120.09,25.0,11760.94,3.0
101864,2024-03-31,Mixer,Clothing,East,SP043,20.0,737.76,15.0,12541.92,3.0
101865,2025-07-18,Book,Sports,South,SP038,18.0,295.66,,3991.41,4.0
101866,2025-01-16,Shoes,Books,West,SP044,15.0,1967.11,,26555.98,5.0
101867,2025-02-21,Camera,Home,South,SP022,12.0,1922.97,0.0,23075.64,3.0
101868,2025-10-22,Shoes,Electronics,East,SP033,15.0,904.28,20.0,10851.36,2.0
101869,2025-09-05,Shoes,Beauty,South,SP014,,1082.72,25.0,8932.44,4.0
101870,2024-03-24,Mixer,Electronics,North,SP037,,1762.04,20.0,19734.85,1.0
101871,2024-09-17,Chair,Books,East,SP032,18.0,1330.95,5.0,22759.25,1.0
101872,2024-11-29,Mixer,Books,,SP015,12.0,1099.16,15.0,11211.43,5.0
101873,2024-12-25,Chair,Books,West,SP010,14.0,1377.16,0.0,19280.24,2.0
101874,2024-01-01,Shoes,Electronics,East,SP016,17.0,1600.87,15.0,23132.57,4.0
101875,2024-11-06,Chair,Electronics,North,SP002,7.0,1086.22,0.0,7603.54,3.0
101876,2024-05-03,Phone,Electronics,East,SP029,7.0,375.5,25.0,1971.38,1.0
101877,2025-03-08,Camera,Home,East,SP025,12.0,1324.86,0.0,15898.32,3.0
101878,2024-08-01,Bag,Books,North,SP044,10.0,,20.0,6879.28,4.0
101879,2024-02-02,Watch,Books,West,SP025,16.0,642.67,0.0,10282.72,5.0
101880,2024-04-10,Book,Books,West,SP002,,1378.74,20.0,15441.89,4.0
101881,2024-02-09,Bag,Home,,SP006,16.0,1519.3,0.0,24308.8,2.0
101882,2025-10-08,Book,Clothing,West,SP003,4.0,912.1,25.0,2736.3,3.0
101883,2024-11-13,Chair,Beauty,West,SP007,18.0,1555.44,15.0,23798.23,1.0
101884,2025-12-01,Laptop,Beauty,West,SP005,5.0,1188.89,25.0,4458.34,5.0
101885,2024-07-04,Headphones,Beauty,North,SP017,15.0,553.11,20.0,6637.32,5.0
101886,2024-04-30,Watch,Clothing,North,SP019,17.0,984.74,15.0,14229.49,5.0
101887,2024-12-05,Phone,Clothing,West,SP032,14.0,223.8,5.0,2976.54,2.0
101888,2024-01-06,Shoes,Sports,North,SP020,13.0,1552.6,25.0,15137.85,2.0
101889,2024-08-16,Bag,Clothing,West,SP045,11.0,1731.8,20.0,15239.84,1.0
101890,2024-04-13,Camera,Beauty,North,SP029,6.0,282.71,25.0,1272.19,4.0
101891,2025-01-10,Book,Books,North,SP027,14.0,45.97,20.0,514.86,4.0
101892,2024-02-04,Headphones,Electronics,North,SP006,9.0,875.4,25.0,5908.95,
101893,2025-11-11,Chair,Clothing,North,SP002,12.0,951.88,20.0,9138.05,2.0
101894,2024-03-29,Bag,Books,East,SP036,19.0,377.65,5.0,6816.58,3.0
101895,2025-05-04,Shoes,Beauty,West,SP008,3.0,1941.88,25.0,4369.23,5.0
101896,2024-02-10,Shoes,Books,West,SP001,,408.88,10.0,2943.94,3.0
101897,2024-03-02,Mixer,Books,East,SP038,17.0,1577.23,0.0,26812.91,5.0
101898,2024-01-10,Book,Clothing,West,SP014,10.0,1761.37,5.0,16733.01,2.0
101899,2025-11-10,Phone,Clothing,West,SP036,16.0,959.16,5.0,14579.23,
101900,2024-03-13,Shoes,Electronics,West,SP033,5.0,1335.83,20.0,5343.32,1.0
101901,2025-08-02,Book,Clothing,East,SP027,6.0,497.9,15.0,2539.29,1.0
101902,2025-03-18,Laptop,Clothing,East,SP026,2.0,1741.98,15.0,2961.37,4.0
101903,2025-09-12,,Beauty,,SP042,8.0,1498.47,5.0,11388.37,2.0
101904,2024-09-04,Phone,Sports,North,SP027,20.0,1044.91,15.0,17763.47,1.0
101905,2025-07-29,Laptop,Home,East,SP026,3.0,1410.43,5.0,4019.73,3.0
101906,2025-04-20,Camera,Home,East,SP031,11.0,610.48,20.0,5372.22,5.0
101907,2025-05-14,Camera,Books,,SP031,13.0,1516.05,25.0,14781.49,3.0
101908,2024-04-03,Mixer,Beauty,North,SP017,16.0,1950.58,20.0,24967.42,
101909,2024-10-04,Book,Home,South,SP037,10.0,1190.9,5.0,11313.55,2.0
101910,2024-12-22,Mixer,Books,West,SP018,10.0,,10.0,3489.57,3.0
101911,2025-09-04,Camera,Clothing,East,SP013,14.0,1341.02,5.0,17835.57,3.0
101912,2025-12-30,Bag,Beauty,South,SP008,18.0,1108.04,5.0,18947.48,3.0
101913,2025-10-15,Book,Clothing,,SP024,8.0,415.44,25.0,2492.64,2.0
101914,2025-02-05,Bag,Beauty,,SP010,16.0,1435.5,20.0,18374.4,3.0
101915,2025-09-12,Mixer,Sports,North,SP005,3.0,508.81,15.0,1297.47,2.0
101916,2024-09-17,,Home,West,SP013,16.0,912.25,20.0,11676.8,3.0
101917,2024-02-22,Camera,Electronics,West,SP028,14.0,,15.0,14971.15,
101918,2024-11-16,Book,Electronics,North,SP005,4.0,283.76,0.0,1135.04,3.0
101919,2024-04-20,Phone,Books,West,SP014,18.0,1072.77,5.0,18344.37,1.0
101920,2025-11-07,Book,Beauty,East,SP019,19.0,124.46,0.0,2364.74,4.0
101921,2024-09-03,Camera,Home,East,SP016,8.0,444.77,20.0,2846.53,2.0
101922,2024-01-24,Shoes,Sports,South,SP035,18.0,1170.32,5.0,20012.47,5.0
101923,2024-01-18,Camera,Home,West,SP008,6.0,186.9,25.0,841.05,1.0
101924,2024-09-09,Camera,Clothing,South,SP015,14.0,445.84,15.0,5305.5,3.0
101925,2024-04-19,Headphones,Beauty,West,SP029,1.0,481.35,10.0,433.22,2.0
101926,2024-08-25,Bag,Sports,South,SP048,4.0,1695.33,15.0,5764.12,4.0
101927,2025-09-21,Chair,Books,West,SP028,13.0,50.94,10.0,596.0,5.0
101928,2024-12-16,Camera,Sports,West,SP039,11.0,46.33,20.0,407.7,2.0
101929,2025-01-16,Headphones,Clothing,West,SP014,5.0,1408.4,20.0,5633.6,2.0
101930,2024-11-17,Watch,Clothing,West,SP039,12.0,813.18,5.0,9270.25,4.0
101931,2024-01-25,Phone,Sports,North,SP025,19.0,491.93,25.0,7010.0,5.0
101932,2024-12-19,Headphones,Books,West,SP028,12.0,765.04,,7803.41,1.0
101933,2025-03-23,Book,Home,West,SP011,9.0,699.72,10.0,5667.73,2.0
101934,2024-08-12,Mixer,Clothing,North,SP025,19.0,1291.79,20.0,19635.21,3.0
101935,2024-02-19,Phone,Beauty,North,SP017,8.0,184.5,5.0,1402.2,1.0
101936,2025-06-21,Shoes,Sports,East,SP012,9.0,908.94,10.0,7362.41,
101937,2025-02-23,Chair,Electronics,North,SP037,10.0,337.42,0.0,3374.2,2.0
101938,2024-10-22,Shoes,Clothing,North,SP013,18.0,943.15,15.0,14430.19,5.0
101939,2025-12-30,Watch,Clothing,North,SP050,3.0,139.43,0.0,418.29,4.0
101940,2025-07-20,Mixer,Clothing,South,SP001,12.0,1447.8,,16504.92,3.0
101941,2024-06-24,Mixer,Beauty,North,SP026,9.0,1028.93,0.0,9260.37,2.0
101942,2024-06-20,Chair,Beauty,East,SP037,2.0,,5.0,1787.5,3.0
101943,2025-04-18,Phone,Books,South,SP011,8.0,912.61,25.0,5475.66,5.0
101944,2024-02-13,Laptop,Home,West,SP034,,1965.8,5.0,5602.53,4.0
101945,2025-11-24,Headphones,Beauty,West,SP042,13.0,1102.88,25.0,10753.08,5.0
101946,2024-12-28,Headphones,Home,West,SP011,,1157.06,25.0,17355.9,5.0
101947,2025-05-26,Phone,Beauty,East,SP020,5.0,1610.65,5.0,7650.59,1.0
101948,2025-09-10,Book,Electronics,East,SP032,14.0,768.23,,9679.7,2.0
101949,2024-01-17,Shoes,Sports,South,SP042,7.0,,25.0,4587.98,3.0
101950,2025-02-09,Bag,Home,West,SP026,8.0,,5.0,2195.79,
101951,2025-12-30,Bag,Clothing,West,SP004,15.0,746.28,5.0,10634.49,2.0
101952,2024-05-29,Book,Sports,West,SP042,4.0,594.36,0.0,2377.44,4.0
101953,2024-03-20,Mixer,Sports,North,SP031,20.0,591.43,20.0,9462.88,1.0
101954,2024-12-26,Shoes,Electronics,North,SP010,11.0,390.99,20.0,3440.71,5.0
101955,2024-10-03,Mixer,Home,North,SP029,2.0,54.24,5.0,103.06,4.0
101956,2024-12-08,Book,Home,East,SP004,20.0,923.28,20.0,14772.48,5.0
101957,2025-08-22,Headphones,Beauty,North,SP043,4.0,,15.0,6010.01,5.0
101958,2025-08-02,Headphones,Home,West,SP047,17.0,139.24,5.0,2248.73,3.0
101959,2024-05-27,,Beauty,,SP018,5.0,1525.41,5.0,7245.7,4.0
101960,2024-08-13,Shoes,Clothing,West,SP037,2.0,,0.0,185.62,2.0
101961,2025-03-03,Watch,Clothing,North,SP005,5.0,856.69,,3426.76,2.0
101962,2024-02-08,Chair,Sports,South,SP044,9.0,1455.84,,13102.56,
101963,2024-04-26,Camera,Books,East,SP031,3.0,1340.49,10.0,3619.32,3.0
101964,2025-08-13,Book,Books,East,SP034,18.0,1098.11,25.0,14824.49,2.0
101965,2025-11-14,Camera,Clothing,South,SP002,19.0,1042.5,10.0,17826.75,4.0
101966,2025-05-09,Watch,Sports,West,SP004,9.0,659.67,20.0,4749.62,5.0
101967,2024-11-03,Mixer,Clothing,South,SP016,9.0,217.46,5.0,1859.28,4.0
101968,2024-06-05,Book,Sports,West,SP027,4.0,1396.28,20.0,4468.1,5.0
101969,2024-12-05,Camera,Sports,North,SP050,10.0,166.85,5.0,1585.07,3.0
101970,2024-02-28,Shoes,Sports,West,SP002,14.0,,15.0,9696.36,3.0
101971,2025-01-14,Bag,Sports,South,SP026,4.0,619.47,15.0,2106.2,4.0
101972,2024-08-28,Book,Clothing,East,SP038,10.0,490.26,5.0,4657.47,4.0
101973,2024-03-25,Laptop,Clothing,West,SP032,,168.78,25.0,506.34,1.0
101974,2025-12-15,Bag,Clothing,North,SP009,5.0,1983.72,0.0,9918.6,
101975,2025-01-10,Laptop,Clothing,East,SP022,12.0,1333.79,0.0,16005.48,1.0
101976,2024-02-09,Camera,Electronics,South,SP011,19.0,169.28,,3216.32,4.0
101977,2025-05-17,Camera,Beauty,North,SP040,4.0,538.32,10.0,1937.95,3.0
101978,2024-05-21,Shoes,Books,North,SP032,3.0,927.36,10.0,2503.87,5.0
101979,2024-08-17,Shoes,Books,West,SP029,10.0,68.91,10.0,620.19,3.0
101980,2025-06-05,Headphones,Sports,,SP020,10.0,590.84,25.0,4431.3,3.0
101981,2024-08-03,Shoes,Electronics,North,SP004,8.0,925.27,25.0,5551.62,
101982,2024-04-30,Shoes,Clothing,North,SP019,5.0,219.81,15.0,934.19,3.0
101983,2025-12-05,Bag,Sports,West,SP008,11.0,1160.64,25.0,9575.28,5.0
101984,2025-08-24,Bag,Books,North,SP024,10.0,1875.19,5.0,17814.31,
101985,2025-02-04,Laptop,Home,West,SP012,7.0,693.45,0.0,4854.15,4.0
101986,2025-04-19,Bag,Clothing,East,SP048,13.0,1568.53,10.0,18351.8,4.0
101987,2025-11-05,,Electronics,South,SP017,11.0,1916.34,20.0,16863.79,4.0
101988,2024-04-05,Shoes,Electronics,South,SP016,16.0,1751.66,10.0,25223.9,5.0
101989,2025-09-10,Shoes,Sports,North,SP050,16.0,1914.34,5.0,29097.97,1.0
101990,2025-10-08,Book,Home,North,SP007,,1424.17,20.0,13672.03,4.0
101991,2025-05-28,Mixer,Home,,SP034,7.0,,10.0,2684.24,5.0
101992,2025-09-19,Laptop,Sports,East,SP035,20.0,397.34,25.0,5960.1,4.0
101993,2024-02-15,Camera,Books,North,SP031,10.0,668.55,15.0,5682.68,4.0
101994,2025-04-19,Camera,Clothing,West,SP017,20.0,1145.94,10.0,20626.92,3.0
101995,2025-10-29,Camera,Home,West,SP017,2.0,1634.39,25.0,2451.59,1.0
101996,2025-06-27,Chair,Sports,,SP028,8.0,85.89,15.0,584.05,1.0
101997,2024-03-18,Headphones,Electronics,East,SP050,9.0,1072.84,,7724.45,5.0
101998,2025-11-10,Chair,Beauty,East,SP050,2.0,995.79,20.0,1593.26,1.0
101999,2024-08-28,Shoes,Beauty,South,SP001,13.0,1123.71,10.0,13147.41,4.0
102000,2024-03-22,Laptop,Electronics,South,SP048,11.0,1295.45,15.0,12112.46,3.0
102001,2024-06-22,Shoes,Sports,South,SP047,10.0,1345.26,15.0,11434.71,2.0
102002,2025-01-05,Watch,Beauty,North,SP005,4.0,1531.36,10.0,5512.9,2.0
102003,2024-05-04,Watch,Clothing,North,SP049,1.0,1907.4,0.0,1907.4,4.0
102004,2024-12-11,Bag,Beauty,North,SP031,4.0,1003.42,20.0,3210.94,5.0
102005,2024-10-11,Book,Clothing,West,SP013,3.0,715.74,0.0,2147.22,5.0
102006,2024-09-13,Phone,Electronics,South,SP010,1.0,1822.29,20.0,1457.83,3.0
102007,2024-06-13,Chair,Sports,,SP002,17.0,1631.36,20.0,22186.5,3.0
102008,2025-02-02,Headphones,Clothing,South,SP013,14.0,211.62,20.0,2370.14,5.0
102009,2025-10-14,Phone,Books,South,SP043,16.0,1548.06,25.0,18576.72,4.0
102010,2025-07-24,Book,Clothing,North,SP003,15.0,777.61,25.0,8748.11,4.0
102011,2024-07-11,Book,Books,East,SP027,1.0,1144.02,0.0,1144.02,
102012,2024-11-18,Camera,Beauty,North,SP038,15.0,175.02,0.0,2625.3,
102013,2025-04-29,Book,Electronics,North,SP041,16.0,1109.4,20.0,14200.32,3.0
102014,2024-09-08,Watch,Electronics,North,SP004,10.0,1076.48,15.0,9150.08,3.0
102015,2025-11-11,Shoes,Home,East,SP027,5.0,1393.33,15.0,5921.65,1.0
102016,2025-06-27,Watch,Sports,,SP002,12.0,154.85,10.0,1672.38,3.0
102017,2024-12-01,Mixer,Beauty,North,SP024,6.0,1425.04,5.0,8122.73,1.0
102018,2024-04-07,Phone,Clothing,South,SP038,9.0,,10.0,12451.0,1.0
102019,2024-08-25,Mixer,Electronics,East,SP036,2.0,556.65,20.0,890.64,3.0
102020,2024-04-12,Watch,Sports,North,SP043,13.0,1505.84,0.0,19575.92,3.0
102021,2024-10-02,Camera,Electronics,North,SP031,2.0,278.1,0.0,556.2,1.0
102022,2025-04-25,Watch,Clothing,South,SP006,12.0,814.95,0.0,9779.4,3.0
102023,2024-06-21,Phone,Books,North,SP031,6.0,1298.73,20.0,6233.9,2.0
102024,2025-12-26,Mixer,Clothing,West,SP001,5.0,342.89,25.0,1285.84,5.0
102025,2024-10-06,Bag,Beauty,South,SP004,,1590.35,5.0,28705.82,4.0
102026,2024-08-04,Mixer,Home,East,SP009,20.0,1335.43,5.0,25373.17,4.0
102027,2025-08-27,Watch,Clothing,North,SP046,14.0,1821.94,10.0,22956.44,4.0
102028,2024-09-18,Headphones,Beauty,South,SP048,20.0,997.87,0.0,19957.4,3.0
102029,2025-12-08,Camera,Electronics,South,SP009,5.0,1155.35,25.0,4332.56,1.0
102030,2024-08-24,Phone,Books,West,SP009,8.0,1491.04,25.0,8946.24,2.0
102031,2024-10-10,Chair,Books,North,SP045,4.0,1151.28,25.0,3453.84,1.0
102032,2025-02-27,Shoes,Clothing,North,SP024,4.0,686.01,15.0,2332.43,3.0
102033,2025-02-24,Watch,Sports,South,SP041,13.0,1320.74,25.0,12877.22,2.0
102034,2024-07-30,Chair,Sports,West,SP018,13.0,709.59,25.0,6918.5,
102035,2024-02-20,Shoes,Electronics,North,SP048,9.0,11.1,15.0,84.91,4.0
102036,2025-06-20,Watch,Clothing,East,SP018,10.0,411.66,0.0,4116.6,2.0
102037,2025-03-12,Phone,Beauty,West,SP023,1.0,949.1,20.0,759.28,3.0
102038,2025-10-21,Watch,Sports,West,SP018,8.0,901.44,,5408.64,2.0
102039,2025-05-06,Laptop,Clothing,West,SP025,8.0,879.07,5.0,6680.93,2.0
102040,2025-07-18,Phone,Home,,SP034,17.0,1285.57,5.0,20761.96,3.0
102041,2025-12-07,Mixer,Home,,SP002,4.0,547.27,25.0,1641.81,1.0
102042,2025-08-03,Watch,Clothing,South,SP041,4.0,486.25,10.0,1750.5,4.0
102043,2025-06-25,Book,Books,West,SP037,1.0,302.45,0.0,302.45,3.0
102044,2024-01-02,Watch,Books,West,SP017,16.0,390.87,0.0,6253.92,3.0
102045,2025-08-23,Camera,Beauty,East,SP007,7.0,1259.55,25.0,6612.64,4.0
102046,2025-04-28,Book,Electronics,East,SP023,20.0,396.56,5.0,7534.64,4.0
102047,2024-09-03,,Beauty,North,SP045,18.0,670.19,5.0,11460.25,1.0
102048,2024-04-15,Headphones,Electronics,South,SP030,19.0,1792.37,5.0,32352.28,4.0
102049,2025-07-01,Bag,Books,South,SP015,3.0,209.72,20.0,503.33,
102050,2024-08-11,Laptop,Beauty,West,SP008,12.0,198.23,10.0,2140.88,3.0
102051,2025-10-20,Phone,Home,South,SP040,19.0,1780.15,5.0,32131.71,1.0
102052,2024-04-05,Chair,Electronics,West,SP045,9.0,1583.24,20.0,11399.33,3.0
102053,2025-07-08,Laptop,Sports,South,SP027,6.0,1316.31,25.0,5923.39,
102054,2024-04-12,Camera,Home,North,SP028,3.0,1009.88,5.0,2878.16,3.0
102055,2024-12-31,Laptop,Books,North,SP041,15.0,1114.79,5.0,15885.76,5.0
102056,2024-01-22,Chair,Books,North,SP047,9.0,389.13,5.0,3327.06,2.0
102057,2024-07-19,Bag,Electronics,West,SP015,,,10.0,2515.59,5.0
102058,2024-05-17,Chair,Home,East,SP044,2.0,240.16,25.0,360.24,4.0
102059,2024-06-06,Bag,Sports,North,SP011,3.0,1668.07,5.0,4754.0,3.0
102060,2024-02-05,Phone,Electronics,South,SP014,18.0,354.32,15.0,5421.1,1.0
102061,2024-06-06,Shoes,Home,East,SP029,14.0,221.34,5.0,2943.82,2.0
102062,2025-08-31,Bag,Sports,South,SP040,18.0,1322.73,5.0,22618.68,4.0
102063,2024-10-12,Laptop,Clothing,West,SP019,11.0,524.16,5.0,5477.47,4.0
102064,2025-07-02,Phone,Books,South,SP004,15.0,1854.86,20.0,22258.32,2.0
102065,2025-12-18,Mixer,Sports,West,SP042,18.0,1899.38,0.0,34188.84,5.0
102066,2025-12-30,Mixer,Clothing,South,SP016,5.0,110.4,5.0,524.4,1.0
102067,2025-06-04,Chair,Beauty,North,SP022,20.0,1089.62,0.0,21792.4,5.0
102068,2025-07-04,Mixer,Clothing,South,SP003,3.0,523.02,10.0,1412.15,4.0
102069,2025-05-17,Phone,Beauty,South,SP040,7.0,283.73,,1886.8,4.0
102070,2024-03-14,Phone,Books,East,SP030,14.0,1443.24,20.0,16164.29,2.0
102071,2025-11-28,Laptop,Electronics,North,SP050,9.0,1985.54,10.0,16082.87,
102072,2025-11-11,Laptop,Electronics,East,SP011,1.0,1726.46,25.0,1294.85,5.0
102073,2024-03-24,Phone,Sports,East,SP004,3.0,1377.47,15.0,3512.55,5.0
102074,2024-01-27,Headphones,Books,North,SP033,5.0,,10.0,8895.87,3.0
102075,2024-10-26,Shoes,Beauty,West,SP019,9.0,322.75,20.0,2323.8,
102076,2025-06-18,Mixer,Beauty,North,SP021,3.0,305.4,,824.58,4.0
102077,2025-04-25,Laptop,Electronics,North,SP001,2.0,1016.75,15.0,1728.47,3.0
102078,2024-09-08,,Home,East,SP034,13.0,693.98,10.0,8119.57,2.0
102079,2025-02-18,Headphones,Clothing,East,SP033,13.0,1128.19,5.0,13933.15,2.0
102080,2024-11-25,Watch,Clothing,West,SP047,12.0,1324.34,10.0,14302.87,1.0
102081,2025-07-19,Headphones,Clothing,South,SP027,2.0,1251.91,0.0,2503.82,5.0
102082,2025-09-20,Laptop,Beauty,South,SP009,18.0,922.75,10.0,14948.55,1.0
102083,2024-03-03,Headphones,Home,North,SP036,9.0,1604.98,0.0,14444.82,5.0
102084,2024-01-06,,Beauty,West,SP032,9.0,1253.03,10.0,10149.54,2.0
102085,2025-06-12,Mixer,Books,North,SP026,7.0,759.29,5.0,5049.28,3.0
102086,2024-09-05,Headphones,Beauty,East,SP047,5.0,1347.63,5.0,6401.24,2.0
102087,2025-06-18,Watch,Sports,East,SP011,19.0,1292.15,25.0,18413.14,1.0
102088,2024-09-05,Book,Books,West,SP014,,1514.18,5.0,20138.59,1.0
102089,2024-11-13,Headphones,Home,West,SP011,,168.93,0.0,1520.37,3.0
102090,2025-01-17,Shoes,Sports,South,SP047,,1733.22,0.0,17332.2,3.0
102091,2024-12-14,Chair,Books,North,SP043,18.0,1367.95,10.0,22160.79,1.0
102092,2025-04-26,Watch,Beauty,North,SP050,13.0,618.92,10.0,7241.36,2.0
102093,2024-04-21,Mixer,Beauty,South,SP018,12.0,486.68,25.0,4380.12,3.0
102094,2024-05-17,Laptop,Books,East,SP003,15.0,1222.14,25.0,13749.08,3.0
102095,2025-12-04,Chair,Clothing,South,SP014,2.0,1986.29,10.0,3575.32,3.0
102096,2024-07-17,Phone,Sports,South,SP010,17.0,519.15,10.0,7942.99,1.0
102097,2024-04-02,Mixer,Sports,North,SP035,4.0,,15.0,4841.77,1.0
102098,2025-09-13,Chair,Sports,South,SP009,7.0,485.99,0.0,3401.93,4.0
102099,2025-10-21,Headphones,Electronics,North,SP006,11.0,1998.89,0.0,21987.79,5.0
102100,2025-06-01,Headphones,Electronics,West,SP033,16.0,1518.0,10.0,21859.2,4.0
102101,2025-07-19,Shoes,Clothing,North,SP002,17.0,,0.0,30331.23,5.0
102102,2024-04-19,Mixer,Clothing,North,SP016,11.0,,,17142.07,4.0
102103,2024-12-07,Watch,Books,East,SP039,16.0,1275.48,15.0,17346.53,1.0
102104,2025-03-01,Chair,Sports,East,SP040,1.0,1765.15,25.0,1323.86,3.0
102105,2024-05-17,Phone,Electronics,East,SP007,2.0,157.12,20.0,251.39,5.0
102106,2024-10-26,,Home,North,SP038,8.0,466.54,20.0,2985.86,2.0
102107,2025-02-21,Shoes,Clothing,South,SP005,7.0,345.35,25.0,1813.09,2.0
102108,2025-04-07,Phone,Electronics,East,SP003,9.0,673.71,15.0,5153.88,3.0
102109,2024-05-13,Laptop,Home,North,SP050,17.0,1074.53,25.0,13700.26,3.0
102110,2024-08-31,Headphones,Books,North,SP034,16.0,1871.51,15.0,25452.54,1.0
102111,2024-04-29,Laptop,Clothing,North,SP034,5.0,855.9,0.0,4279.5,2.0
102112,2025-01-04,Phone,Electronics,West,SP010,13.0,798.67,20.0,8306.17,4.0
102113,2024-03-15,Phone,Clothing,South,SP017,11.0,,5.0,19655.61,3.0
102114,2024-12-30,Mixer,Clothing,West,SP037,2.0,1635.71,20.0,2617.14,1.0
102115,2025-05-12,Shoes,Beauty,South,SP034,16.0,851.82,20.0,10903.3,3.0
102116,2024-10-24,Mixer,Electronics,West,SP050,2.0,236.08,10.0,424.94,2.0
102117,2024-12-16,Mixer,Books,South,SP027,10.0,478.66,25.0,3589.95,1.0
102118,2024-08-05,Phone,Electronics,North,SP043,,1292.05,,8269.12,3.0
102119,2025-04-07,Mixer,Home,North,SP019,1.0,,0.0,1213.34,3.0
102120,2025-08-10,Bag,Home,South,SP026,6.0,1870.25,25.0,8416.12,5.0
102121,2025-12-24,Headphones,Beauty,West,SP050,19.0,1249.43,25.0,17804.38,3.0
102122,2025-07-19,Bag,Electronics,East,SP010,20.0,1520.19,25.0,22802.85,5.0
102123,2025-01-09,Chair,Clothing,East,SP037,19.0,771.28,20.0,11723.46,
102124,2024-10-28,Camera,Beauty,South,SP012,1.0,1545.74,10.0,1391.17,2.0
102125,2024-04-20,Watch,Clothing,West,SP026,6.0,1679.18,5.0,9571.33,5.0
102126,2025-07-27,Laptop,Beauty,West,SP010,2.0,818.6,25.0,1227.9,4.0
102127,2025-10-17,Laptop,Books,West,SP012,4.0,,15.0,3118.07,
102128,2024-11-12,Chair,Beauty,South,SP021,18.0,1886.35,25.0,25465.72,5.0
102129,2025-01-05,Shoes,Books,North,SP019,8.0,1797.55,20.0,11504.32,1.0
102130,2024-12-18,Shoes,Books,West,SP022,14.0,1775.13,0.0,24851.82,1.0
102131,2025-07-16,Mixer,Books,South,SP028,5.0,815.43,10.0,3669.43,3.0
102132,2024-04-05,Book,Sports,North,SP014,,767.96,15.0,11749.79,1.0
102133,2025-07-29,Shoes,Clothing,East,SP037,16.0,,0.0,25895.04,3.0
102134,2024-05-03,Headphones,Beauty,South,SP016,,1687.4,10.0,13667.94,5.0
102135,2024-11-14,Laptop,Clothing,West,SP049,17.0,547.44,0.0,9306.48,2.0
102136,2024-01-02,Headphones,Beauty,West,SP025,1.0,1337.09,20.0,1069.67,1.0
102137,2024-02-26,Mixer,Clothing,North,SP006,4.0,1668.25,15.0,5672.05,
102138,2025-09-18,Laptop,Electronics,West,SP034,11.0,1648.0,0.0,18128.0,1.0
102139,2025-09-18,Camera,Electronics,East,SP004,9.0,164.81,,1112.47,4.0
102140,2025-02-21,Chair,Beauty,West,SP042,6.0,,20.0,8287.1,4.0
102141,2025-10-04,Chair,Books,East,SP018,5.0,105.35,10.0,474.07,1.0
102142,2025-05-22,Headphones,Clothing,North,SP046,15.0,888.18,10.0,11990.43,4.0
102143,2024-05-23,Shoes,Beauty,South,SP023,13.0,1527.12,15.0,16874.68,1.0
102144,2025-07-22,Bag,Sports,North,SP011,3.0,1493.0,15.0,3807.15,5.0
102145,2025-12-17,Laptop,Sports,East,SP005,20.0,138.25,10.0,2488.5,2.0
102146,2024-07-22,Shoes,Home,East,SP046,7.0,910.46,0.0,6373.22,2.0
102147,2024-07-26,Phone,Sports,North,SP030,12.0,1832.06,15.0,18687.01,1.0
102148,2024-07-28,Camera,Clothing,North,SP025,6.0,1357.68,0.0,8146.08,1.0
102149,2024-08-12,Book,Clothing,West,SP032,14.0,479.76,20.0,5373.31,5.0
102150,2025-08-10,Chair,Sports,,SP043,12.0,755.08,5.0,8607.91,5.0
102151,2024-10-30,Shoes,Beauty,East,SP004,10.0,532.87,0.0,5328.7,2.0
102152,2025-02-09,Headphones,Home,East,SP004,10.0,1022.99,0.0,10229.9,2.0
102153,2025-04-07,Headphones,Sports,North,SP010,,1365.69,0.0,9559.83,4.0
102154,2025-05-26,Phone,Electronics,South,SP041,17.0,344.78,5.0,5568.2,1.0
102155,2025-05-18,Phone,Books,South,SP017,19.0,1074.81,5.0,19400.32,5.0
102156,2025-03-05,Bag,Books,West,SP015,6.0,1147.18,10.0,6194.77,4.0
102157,2024-08-25,Mixer,Clothing,,SP027,18.0,489.84,0.0,8817.12,1.0
102158,2024-12-12,Laptop,Sports,West,SP026,8.0,1146.99,15.0,7799.53,1.0
102159,2025-04-09,Bag,Clothing,West,SP034,16.0,,15.0,19063.39,2.0
102160,2024-01-16,Mixer,Clothing,North,SP043,12.0,1530.25,,15608.55,2.0
102161,2024-07-03,Shoes,Electronics,West,SP044,8.0,1260.2,10.0,9073.44,3.0
102162,2024-01-16,Phone,Books,East,SP026,11.0,1080.45,15.0,10102.21,5.0
102163,2024-06-02,Phone,Beauty,South,SP021,3.0,1048.06,5.0,2986.97,5.0
102164,2025-02-11,Mixer,Beauty,East,SP016,15.0,1511.15,0.0,22667.25,4.0
102165,2025-09-30,Laptop,Clothing,,SP003,20.0,1086.01,20.0,17376.16,3.0
102166,2024-02-04,Mixer,Sports,East,SP033,20.0,1385.13,5.0,26317.47,3.0
102167,2025-10-25,Book,Books,North,SP042,5.0,599.78,,2399.12,1.0
102168,2024-10-17,Mixer,Sports,North,SP045,12.0,906.47,20.0,8702.11,4.0
102169,2024-04-03,Mixer,Sports,West,SP025,12.0,1847.68,5.0,21063.55,4.0
102170,2024-07-19,Shoes,Electronics,West,SP018,18.0,1539.37,25.0,20781.49,4.0
102171,2024-03-20,Bag,Sports,West,SP025,,,25.0,1974.6,5.0
102172,2024-06-02,Mixer,Sports,South,SP009,20.0,1151.31,15.0,19572.27,3.0
102173,2025-06-12,Laptop,Books,East,SP044,19.0,396.33,25.0,5647.7,5.0
102174,2024-01-01,Chair,Home,North,SP045,13.0,,25.0,12566.58,3.0
102175,2024-01-31,Headphones,Books,East,SP044,12.0,1512.36,15.0,15426.07,4.0
102176,2025-08-05,Shoes,Home,South,SP050,2.0,66.12,,132.24,3.0
102177,2025-01-18,Headphones,Sports,West,SP013,9.0,506.16,20.0,3644.35,2.0
102178,2024-12-27,Chair,Books,South,SP044,20.0,591.86,25.0,8877.9,5.0
102179,2025-08-12,Chair,Beauty,,SP022,9.0,1580.12,5.0,13510.03,
102180,2024-06-17,Book,Clothing,East,SP047,9.0,163.82,25.0,1105.78,4.0
102181,2024-07-01,Shoes,Sports,South,SP045,11.0,781.21,20.0,6874.65,2.0
102182,2024-12-17,Book,Electronics,South,SP033,17.0,1217.84,25.0,15527.46,1.0
102183,2025-07-27,Bag,Beauty,East,SP025,13.0,741.62,0.0,9641.06,5.0
102184,2024-11-28,Watch,Home,South,SP001,1.0,1221.72,15.0,1038.46,2.0
102185,2024-11-09,Mixer,Beauty,North,SP008,20.0,244.36,25.0,3665.4,4.0
102186,2025-09-05,Mixer,Books,East,SP038,16.0,333.81,5.0,5073.91,2.0
102187,2024-10-02,Chair,Sports,East,SP006,2.0,176.59,10.0,317.86,3.0
102188,2024-10-27,,Electronics,South,SP047,15.0,219.51,10.0,2963.38,2.0
102189,2025-01-09,Bag,Books,North,SP016,20.0,1772.77,15.0,30137.09,4.0
102190,2025-04-03,Watch,Clothing,North,SP019,11.0,96.36,20.0,847.97,1.0
102191,2024-02-06,Camera,Beauty,North,SP045,12.0,358.76,15.0,3659.35,5.0
102192,2025-06-20,Shoes,Sports,North,SP018,16.0,1125.16,20.0,14402.05,3.0
102193,2024-05-12,Mixer,Home,West,SP011,8.0,1690.18,20.0,10817.15,2.0
102194,2024-12-04,Headphones,Electronics,East,SP050,18.0,1619.15,15.0,24772.99,5.0
102195,2025-06-02,Mixer,Sports,,SP020,14.0,1585.63,15.0,18869.0,2.0
102196,2024-05-21,Book,Books,East,SP035,16.0,1413.67,20.0,18094.98,3.0
102197,2025-08-25,Camera,Home,South,SP033,14.0,1929.25,10.0,24308.55,2.0
102198,2024-11-07,Headphones,Home,North,SP009,20.0,1821.42,0.0,36428.4,1.0
102199,2024-02-10,Book,Books,South,SP038,2.0,316.11,10.0,569.0,2.0
102200,2024-03-15,Book,Home,North,SP014,8.0,266.6,0.0,2132.8,1.0
102201,2024-11-27,Chair,Books,West,SP036,11.0,963.66,20.0,8480.21,2.0
102202,2025-11-29,Mixer,Beauty,West,SP025,4.0,,10.0,2057.04,5.0
102203,2025-09-26,Chair,Sports,West,SP041,16.0,292.42,25.0,3509.04,4.0
102204,2024-10-26,Shoes,Home,South,SP024,14.0,303.66,0.0,4251.24,3.0
102205,2024-08-02,Mixer,Electronics,,SP013,3.0,1054.03,5.0,3003.99,1.0
102206,2024-05-09,,Books,East,SP040,7.0,1215.13,25.0,6379.43,
102207,2024-03-01,Mixer,Clothing,West,SP017,13.0,,0.0,19212.7,4.0
102208,2024-06-12,Book,Electronics,South,SP050,7.0,1436.5,15.0,8547.17,4.0
102209,2025-02-17,Bag,Clothing,South,SP023,17.0,1413.8,25.0,18025.95,4.0
102210,2025-04-20,Mixer,Books,East,SP031,11.0,524.38,10.0,5191.36,2.0
102211,2025-01-23,,Clothing,North,SP033,5.0,1726.16,0.0,8630.8,4.0
102212,2025-01-26,Headphones,Electronics,South,SP046,18.0,485.97,0.0,8747.46,4.0
102213,2024-05-03,Chair,Clothing,West,SP046,16.0,355.22,15.0,4830.99,2.0
102214,2025-08-01,Book,Clothing,South,SP010,19.0,1933.41,0.0,36734.79,5.0
102215,2025-08-03,Shoes,Electronics,West,SP021,20.0,432.13,15.0,7346.21,5.0
102216,2024-03-18,Shoes,Clothing,South,SP021,10.0,476.36,20.0,3810.88,3.0
102217,2025-12-20,Chair,Home,East,SP018,8.0,1579.76,,10110.46,4.0
102218,2024-05-05,Bag,Clothing,South,SP026,16.0,1450.95,15.0,19732.92,3.0
102219,2024-09-10,Watch,Beauty,West,SP040,1.0,1144.23,10.0,1029.81,1.0
102220,2024-07-03,Bag,Electronics,South,SP037,15.0,1209.2,20.0,14510.4,2.0
102221,2025-03-26,Chair,Books,,SP049,3.0,328.37,10.0,886.6,5.0
102222,2025-05-24,Book,Clothing,South,SP009,4.0,432.4,25.0,1297.2,2.0
102223,2024-01-29,Headphones,Books,North,SP036,4.0,273.76,10.0,985.54,2.0
102224,2024-06-26,Mixer,Sports,West,SP034,2.0,1767.33,10.0,3181.19,5.0
102225,2025-06-02,Chair,Books,East,SP043,19.0,879.55,25.0,12533.59,5.0
102226,2024-12-31,Headphones,Electronics,North,SP013,,477.41,20.0,2291.57,1.0
102227,2024-10-11,Phone,Beauty,East,SP008,10.0,476.39,15.0,4049.31,4.0
102228,2024-03-09,Chair,Books,,SP002,12.0,1671.19,5.0,19051.57,2.0
102229,2025-10-20,,Books,East,SP043,19.0,339.12,25.0,4832.46,1.0
102230,2024-04-04,Mixer,Clothing,North,SP040,10.0,401.68,10.0,3615.12,2.0
102231,2024-01-06,Phone,Clothing,West,SP006,19.0,834.09,15.0,13470.55,5.0
102232,2024-04-27,Shoes,Books,South,SP008,5.0,798.65,25.0,2994.94,2.0
102233,2024-06-10,Bag,Sports,West,SP049,,1734.13,25.0,5202.39,2.0
102234,2024-02-24,Phone,Electronics,North,SP025,4.0,1213.65,25.0,3640.95,4.0
102235,2024-04-17,,Beauty,North,SP029,5.0,1827.0,0.0,9135.0,2.0
102236,2024-12-17,Chair,Beauty,South,SP003,,1521.1,,24565.76,3.0
102237,2025-08-08,Chair,Beauty,North,SP043,7.0,,10.0,5454.16,2.0
102238,2025-04-11,Shoes,Home,South,SP007,,1554.41,0.0,15544.1,1.0
102239,2024-10-18,Headphones,Books,South,SP022,1.0,1580.72,25.0,1185.54,1.0
102240,2025-08-13,Camera,Home,West,SP009,11.0,1964.06,5.0,20524.43,1.0
102241,2025-08-28,Book,Books,West,SP005,7.0,1402.75,10.0,8837.33,1.0
102242,2024-08-07,Camera,Sports,North,SP050,19.0,1194.42,5.0,21559.28,1.0
102243,2024-08-22,Chair,Sports,East,SP036,15.0,241.71,10.0,3263.09,3.0
102244,2025-07-06,Chair,Electronics,East,SP005,12.0,777.8,5.0,8866.92,2.0
102245,2024-01-27,Headphones,Electronics,East,SP040,5.0,1980.25,0.0,9901.25,2.0
102246,2025-05-05,Laptop,Clothing,,SP029,8.0,1117.27,10.0,8044.34,1.0
102247,2025-03-17,Headphones,Clothing,South,SP009,14.0,1724.62,0.0,24144.68,3.0
102248,2025-06-27,,Books,North,SP015,4.0,,10.0,2477.05,
102249,2024-02-03,Camera,Home,West,SP032,8.0,122.0,0.0,976.0,5.0
102250,2025-10-17,,Electronics,East,SP029,15.0,740.29,10.0,9993.91,5.0
102251,2025-11-24,Shoes,Clothing,East,SP031,12.0,747.08,15.0,7620.22,1.0
102252,2024-05-20,Phone,Electronics,North,SP050,9.0,926.18,0.0,8335.62,1.0
102253,2025-06-10,,Beauty,South,SP007,4.0,82.27,0.0,329.08,4.0
102254,2025-02-12,Bag,Clothing,West,SP034,9.0,1528.07,0.0,13752.63,1.0
102255,2025-07-11,Book,Sports,North,SP010,1.0,1036.12,25.0,777.09,5.0
102256,2024-02-01,Laptop,Sports,North,SP013,4.0,1948.53,25.0,5845.59,5.0
102257,2024-02-13,Laptop,Sports,South,SP022,14.0,908.66,5.0,12085.18,1.0
102258,2024-02-18,Watch,Sports,East,SP013,10.0,725.44,20.0,5803.52,4.0
102259,2024-06-28,Laptop,Beauty,,SP012,4.0,1409.61,0.0,5638.44,3.0
102260,2025-06-28,Headphones,Books,West,SP039,17.0,1354.35,15.0,19570.36,3.0
102261,2025-05-23,Laptop,Home,South,SP043,1.0,413.1,20.0,330.48,2.0
102262,2025-09-13,Watch,Sports,West,SP028,13.0,317.39,15.0,3507.16,2.0
102263,2024-03-21,Chair,Clothing,West,SP002,12.0,1172.37,20.0,11254.75,1.0
102264,2024-02-28,Phone,Home,East,SP041,9.0,808.95,15.0,6188.47,5.0
102265,2024-01-26,Bag,Beauty,West,SP043,3.0,1591.23,0.0,4773.69,4.0
102266,2024-05-07,Watch,Beauty,South,SP035,9.0,79.51,25.0,536.69,5.0
102267,2024-03-10,Watch,Beauty,North,SP021,19.0,1515.79,25.0,21600.01,2.0
102268,2025-11-14,Laptop,Home,North,SP038,3.0,636.75,5.0,1814.74,3.0
102269,2025-10-24,Camera,Beauty,West,SP041,20.0,1644.31,15.0,27953.27,2.0
102270,2025-10-25,Bag,Books,North,SP027,3.0,401.33,20.0,963.19,4.0
102271,2025-09-09,Headphones,Sports,North,SP010,18.0,1501.06,0.0,27019.08,2.0
102272,2025-05-11,Bag,Beauty,East,SP016,10.0,1905.33,15.0,16195.3,2.0
102273,2024-06-27,Mixer,Books,East,SP038,11.0,876.6,5.0,9160.47,5.0
102274,2024-04-26,Phone,Books,East,SP011,20.0,,0.0,17898.2,4.0
102275,2025-11-07,Laptop,Beauty,West,SP035,5.0,57.48,15.0,244.29,2.0
102276,2024-04-18,Laptop,Books,East,SP007,3.0,824.43,5.0,2349.63,5.0
102277,2024-03-26,Camera,Beauty,West,SP010,8.0,741.91,25.0,4451.46,1.0
102278,2024-03-26,Mixer,Beauty,East,SP043,15.0,1925.23,25.0,21658.84,5.0
102279,2024-02-01,Watch,Home,South,SP011,3.0,1941.16,15.0,4949.96,
102280,2025-04-07,Chair,Beauty,West,SP033,12.0,1046.28,25.0,9416.52,3.0
102281,2025-03-24,Laptop,Home,North,SP027,1.0,1080.5,0.0,1080.5,4.0
102282,2024-11-23,Chair,Sports,North,SP020,16.0,1334.84,5.0,20289.57,5.0
102283,2025-02-16,Phone,Clothing,,SP044,3.0,1530.4,25.0,3443.4,5.0
102284,2024-10-03,Mixer,Beauty,South,SP030,6.0,1201.8,15.0,6129.18,4.0
102285,2025-08-15,Watch,Electronics,East,SP015,16.0,1330.84,,21293.44,1.0
102286,2024-09-21,,Home,West,SP003,3.0,,15.0,4032.26,4.0
102287,2025-07-19,Mixer,Beauty,,SP022,8.0,358.17,10.0,2578.82,4.0
102288,2024-12-28,Camera,Books,West,SP012,4.0,1559.17,15.0,5301.18,3.0
102289,2025-10-17,,Beauty,West,SP025,2.0,1770.11,15.0,3009.19,5.0
102290,2024-09-11,Laptop,Home,West,SP033,9.0,1871.44,15.0,14316.52,3.0
102291,2024-06-04,Mixer,Home,,SP025,,890.67,5.0,2538.41,2.0
102292,2024-06-12,Headphones,Home,South,SP001,12.0,1162.09,,13247.83,5.0
102293,2025-08-10,Mixer,Books,South,SP040,8.0,535.51,15.0,3641.47,1.0
102294,2025-03-22,Bag,Clothing,West,SP039,5.0,1970.1,15.0,8372.92,5.0
102295,2024-03-10,Phone,Home,North,SP014,14.0,49.0,,686.0,1.0
102296,2025-08-23,Shoes,Clothing,West,SP007,8.0,718.71,20.0,4599.74,2.0
102297,2024-08-06,Book,Clothing,South,SP003,16.0,1440.83,0.0,23053.28,3.0
102298,2024-11-24,Book,Books,North,SP011,18.0,1024.53,15.0,15675.31,3.0
102299,2024-10-12,Phone,Beauty,North,SP028,10.0,993.71,10.0,8943.39,3.0
102300,2025-10-27,Watch,Home,North,SP037,2.0,1746.72,25.0,2620.08,4.0
102301,2025-02-15,Bag,Books,North,SP050,3.0,942.74,25.0,2121.16,5.0
102302,2024-05-09,Mixer,Books,North,SP035,9.0,1191.12,20.0,8576.06,5.0
102303,2024-01-03,Shoes,Electronics,East,SP006,13.0,926.14,20.0,9631.86,4.0
102304,2024-10-04,Chair,Home,South,SP026,14.0,1036.36,0.0,14509.04,4.0
102305,2024-09-28,Mixer,Beauty,South,SP045,18.0,847.26,25.0,11438.01,5.0
102306,2025-02-09,Mixer,Sports,East,SP045,20.0,1101.36,10.0,19824.48,1.0
102307,2024-12-01,Laptop,Electronics,North,SP040,11.0,1178.76,10.0,11669.72,2.0
102308,2025-09-05,Bag,Home,South,SP045,,121.88,25.0,548.46,4.0
102309,2025-12-12,Bag,Electronics,West,SP044,2.0,705.77,0.0,1411.54,1.0
102310,2024-08-20,Headphones,Clothing,West,SP021,20.0,,20.0,17247.2,2.0
102311,2025-02-24,Watch,Home,East,SP039,5.0,204.52,20.0,818.08,1.0
102312,2025-01-23,Camera,Books,East,SP009,16.0,20.32,0.0,325.12,3.0
102313,2025-06-27,Watch,Sports,West,SP044,19.0,504.18,0.0,9579.42,3.0
102314,2025-07-24,Headphones,Electronics,East,SP028,20.0,872.64,15.0,14834.88,3.0
102315,2024-06-14,Book,Sports,East,SP032,1.0,1641.28,10.0,1477.15,4.0
102316,2024-12-14,Bag,Home,East,SP015,18.0,1785.46,20.0,25710.62,2.0
102317,2025-06-02,Chair,Home,East,SP026,20.0,62.64,5.0,1190.16,4.0
102318,2024-05-13,Watch,Electronics,North,SP026,6.0,1542.0,10.0,8326.8,3.0
102319,2025-09-10,Laptop,Books,West,SP011,20.0,697.31,0.0,13946.2,2.0
102320,2024-05-01,Bag,Sports,West,SP045,,308.55,5.0,1758.74,4.0
102321,2024-11-14,Camera,Electronics,West,SP002,13.0,273.0,10.0,3194.1,1.0
102322,2024-03-21,Phone,Home,East,SP035,6.0,565.46,,3392.76,5.0
102323,2025-10-16,Mixer,Electronics,North,SP031,13.0,1986.78,0.0,25828.14,5.0
102324,2025-06-12,Mixer,Clothing,South,SP006,13.0,964.99,15.0,10663.14,
102325,2025-08-14,Bag,Electronics,East,SP029,20.0,1765.54,10.0,31779.72,2.0
102326,2025-02-22,Headphones,Electronics,South,SP047,9.0,1706.22,25.0,11516.99,1.0
102327,2024-06-17,Chair,Books,West,SP022,2.0,411.76,10.0,741.17,2.0
102328,2025-03-16,,Beauty,North,SP030,12.0,1394.39,25.0,12549.51,5.0
102329,2024-12-24,Mixer,Clothing,East,SP009,6.0,740.15,10.0,3996.81,1.0
102330,2025-11-18,Mixer,Home,East,SP024,18.0,1390.96,5.0,23785.42,3.0
102331,2024-02-18,Watch,Home,East,SP019,2.0,1353.26,15.0,2300.54,4.0
102332,2024-12-12,Phone,Clothing,South,SP010,,1740.39,,8701.95,4.0
102333,2024-10-19,Bag,Books,North,SP029,18.0,1231.48,25.0,16624.98,4.0
102334,2025-02-11,Shoes,Sports,South,SP002,7.0,489.58,10.0,3084.35,2.0
102335,2025-07-22,Phone,Sports,East,SP046,18.0,762.12,5.0,13032.25,1.0
102336,2025-11-01,Camera,Sports,South,SP003,18.0,126.25,0.0,2272.5,3.0
102337,2024-12-02,Chair,Home,South,SP018,7.0,71.23,20.0,398.89,5.0
102338,2024-08-22,Laptop,Electronics,North,SP033,11.0,1696.3,10.0,16793.37,1.0
102339,2025-02-09,Mixer,Electronics,West,SP023,,950.97,10.0,12838.1,2.0
102340,2024-10-12,Book,Home,,SP028,9.0,512.51,25.0,3459.44,
102341,2025-06-28,Phone,Sports,South,SP029,7.0,1639.8,10.0,10330.74,5.0
102342,2024-04-19,Book,Clothing,North,SP010,1.0,1285.37,25.0,964.03,5.0
102343,2025-04-12,Mixer,Books,West,SP040,17.0,1027.42,10.0,15719.53,5.0
102344,2025-08-16,Mixer,Clothing,North,SP020,14.0,1976.4,20.0,22135.68,3.0
102345,2025-05-07,Phone,Home,West,SP044,,,15.0,22733.39,2.0
102346,2024-09-16,Camera,Beauty,West,SP046,13.0,,0.0,6096.22,3.0
102347,2024-06-28,Mixer,Books,South,SP038,9.0,268.74,5.0,2297.73,4.0
102348,2024-06-15,Phone,Clothing,North,SP042,17.0,474.75,20.0,6456.6,5.0
102349,2025-05-26,Camera,Clothing,South,SP034,1.0,,5.0,747.49,5.0
102350,2024-02-20,Shoes,Clothing,North,SP003,19.0,1116.31,5.0,20149.4,
102351,2024-01-16,Laptop,Electronics,West,SP030,,463.89,0.0,2783.34,4.0
102352,2025-01-23,Mixer,Books,West,SP046,4.0,95.39,0.0,381.56,4.0
102353,2024-05-04,Chair,Home,West,SP006,1.0,1097.74,10.0,987.97,3.0
102354,2024-03-04,Book,Books,South,SP042,8.0,1795.99,10.0,12931.13,1.0
102355,2025-08-26,Watch,Sports,South,SP013,17.0,1511.46,15.0,21840.6,3.0
102356,2024-11-12,Book,Books,North,SP003,14.0,1733.38,20.0,19413.86,1.0
102357,2024-07-22,Shoes,Electronics,East,SP018,,916.8,15.0,779.28,3.0
102358,2025-08-25,Book,Electronics,North,SP028,13.0,877.88,0.0,11412.44,4.0
102359,2025-11-15,Phone,Electronics,West,SP024,,847.05,0.0,11011.65,3.0
102360,2024-03-29,,Electronics,West,SP035,3.0,1409.64,5.0,4017.47,3.0
102361,2024-04-12,Watch,Beauty,West,SP003,13.0,1230.17,20.0,12793.77,5.0
102362,2025-09-21,Chair,Sports,West,SP036,1.0,737.73,20.0,590.18,2.0
102363,2024-10-28,Camera,Beauty,West,SP011,18.0,285.95,20.0,4117.68,4.0
102364,2025-09-13,Chair,Beauty,West,SP036,15.0,1570.9,20.0,18850.8,5.0
102365,2025-06-16,Bag,Beauty,North,SP024,19.0,241.03,20.0,3663.66,1.0
102366,2025-01-14,Bag,Electronics,West,SP025,,860.36,10.0,14712.16,1.0
102367,2025-12-10,Phone,Clothing,West,SP045,20.0,477.31,,9546.2,3.0
102368,2025-04-10,Headphones,Electronics,East,SP006,17.0,1156.74,5.0,18681.35,5.0
102369,2024-01-06,Phone,Sports,East,SP022,19.0,740.24,5.0,13361.33,5.0
102370,2024-11-17,Watch,Books,North,SP043,4.0,923.84,15.0,3141.06,2.0
102371,2025-05-14,Phone,Electronics,South,SP018,10.0,773.27,5.0,7346.06,1.0
102372,2025-09-15,Headphones,Home,South,SP011,19.0,808.61,5.0,14595.41,2.0
102373,2025-09-09,Phone,Sports,North,SP046,16.0,671.86,20.0,8599.81,3.0
102374,2025-01-10,Mixer,Home,East,SP024,9.0,1832.91,0.0,16496.19,4.0
102375,2024-02-16,Shoes,Electronics,South,SP009,11.0,873.06,20.0,7682.93,3.0
102376,2025-05-23,Laptop,Electronics,West,SP015,1.0,,0.0,1422.06,3.0
102377,2025-02-23,Shoes,Clothing,South,SP018,9.0,1901.53,15.0,14546.7,4.0
102378,2024-06-30,Camera,Home,East,SP001,17.0,330.1,20.0,4489.36,1.0
102379,2024-04-01,Shoes,Clothing,East,SP046,16.0,1042.74,,13347.07,4.0
102380,2024-09-03,Phone,Sports,East,SP001,,276.82,15.0,705.89,4.0
102381,2024-03-08,Laptop,Electronics,North,SP037,2.0,1573.67,20.0,2517.87,3.0
102382,2024-01-02,Phone,Books,North,SP021,20.0,360.11,15.0,6121.87,2.0
102383,2025-03-13,Book,Clothing,West,SP004,3.0,1496.33,0.0,4488.99,5.0
102384,2024-05-19,Phone,Sports,East,SP044,7.0,92.48,15.0,550.26,1.0
102385,2024-01-05,Phone,Beauty,East,SP036,16.0,516.57,25.0,6198.84,3.0
102386,2025-12-16,Shoes,Beauty,West,SP027,10.0,457.87,25.0,3434.02,5.0
102387,2025-07-22,Book,Clothing,East,SP018,,430.61,15.0,6954.35,4.0
102388,2024-04-28,Camera,Books,South,SP031,14.0,1673.48,0.0,23428.72,2.0
102389,2024-11-14,Phone,Electronics,East,SP022,18.0,169.87,25.0,2293.24,1.0
102390,2024-06-06,Camera,Sports,South,SP044,12.0,1550.49,25.0,13954.41,2.0
102391,2024-03-11,,Sports,East,SP034,15.0,1785.34,5.0,25441.09,2.0
102392,2024-12-11,Headphones,Home,West,SP003,5.0,844.25,0.0,4221.25,
102393,2025-04-03,Watch,Home,South,SP036,7.0,1178.63,5.0,7837.89,3.0
102394,2024-06-30,Watch,Sports,South,SP035,11.0,1601.4,15.0,14973.09,1.0
102395,2024-12-04,Watch,Books,North,SP026,11.0,110.88,15.0,1036.73,3.0
102396,2025-04-04,Book,Sports,South,SP014,20.0,674.45,,13489.0,5.0
102397,2024-07-06,Book,Home,North,SP003,1.0,1190.16,20.0,952.13,4.0
102398,2025-10-06,Camera,Electronics,South,SP007,10.0,1462.59,25.0,10969.42,1.0
102399,2024-04-12,Phone,Beauty,North,SP010,15.0,1558.92,15.0,19876.23,3.0
102400,2024-10-29,Shoes,Clothing,,SP026,,,0.0,20483.1,5.0
102401,2025-01-14,Phone,Books,South,SP001,8.0,633.68,10.0,4562.5,1.0
102402,2025-11-13,Camera,Home,North,SP001,5.0,368.57,10.0,1658.57,2.0
102403,2025-03-03,Book,Clothing,South,SP023,2.0,162.49,0.0,324.98,5.0
102404,2024-09-22,Book,Electronics,West,SP019,15.0,1269.26,20.0,15231.12,1.0
102405,2025-05-19,Chair,Clothing,West,SP039,4.0,1531.15,25.0,4593.45,5.0
102406,2024-02-20,Book,Books,North,SP015,12.0,1418.05,20.0,13613.28,1.0
102407,2024-02-19,Camera,Clothing,East,SP050,1.0,1965.22,10.0,1768.7,1.0
102408,2024-07-27,Book,Clothing,North,SP014,19.0,241.44,10.0,4128.62,4.0
102409,2024-02-16,Phone,Electronics,East,SP041,17.0,1225.09,10.0,18743.88,5.0
102410,2024-04-06,Camera,Beauty,South,SP035,8.0,1981.02,10.0,14263.34,3.0
102411,2024-12-20,Camera,Home,South,SP003,8.0,1819.06,25.0,10914.36,3.0
102412,2025-02-01,Bag,Beauty,North,SP042,3.0,71.35,15.0,181.94,1.0
102413,2025-02-11,Laptop,Electronics,West,SP046,19.0,859.8,20.0,13068.96,4.0
102414,2025-05-03,Chair,Sports,East,SP045,9.0,92.96,,627.48,2.0
102415,2024-08-11,Watch,Beauty,East,SP015,7.0,1142.7,,7199.01,1.0
102416,2024-01-03,Shoes,Home,East,SP001,13.0,984.1,15.0,10874.31,2.0
102417,2024-06-13,Bag,Clothing,West,SP021,12.0,1657.74,0.0,19892.88,
102418,2024-05-13,Bag,Beauty,East,SP012,13.0,,0.0,4827.81,5.0
102419,2024-03-03,Shoes,Clothing,South,SP020,6.0,1324.68,20.0,6358.46,3.0
102420,2024-04-07,Camera,Electronics,West,SP044,3.0,35.39,0.0,106.17,1.0
102421,2024-12-30,Mixer,Sports,East,SP016,8.0,16.21,20.0,103.74,1.0
102422,2024-06-04,,Clothing,South,SP040,,181.33,15.0,616.52,1.0
102423,2024-10-15,Book,Beauty,West,SP021,11.0,1915.59,15.0,17910.77,5.0
102424,2024-07-09,Camera,Sports,East,SP011,3.0,346.13,25.0,778.79,4.0
102425,2024-02-17,Headphones,Books,South,SP001,8.0,1906.74,5.0,14491.22,2.0
102426,2025-04-13,Phone,Home,West,SP030,12.0,710.68,5.0,8101.75,1.0
102427,2025-12-12,,Electronics,East,SP011,20.0,256.53,,4361.01,2.0
102428,2025-12-31,Headphones,Books,South,SP007,18.0,17.21,5.0,294.29,5.0
102429,2025-11-07,,Beauty,West,SP047,6.0,,20.0,670.61,1.0
102430,2025-12-03,Phone,Electronics,West,SP014,12.0,1133.26,15.0,11559.25,5.0
102431,2025-01-15,Camera,Home,West,SP045,11.0,1102.72,0.0,12129.92,4.0
102432,2024-06-20,,Books,North,SP049,4.0,,20.0,2452.9,3.0
102433,2024-08-30,Camera,Clothing,North,SP036,16.0,1072.28,25.0,12867.36,4.0
102434,2025-09-15,Bag,Clothing,East,SP022,5.0,1019.5,20.0,4078.0,3.0
102435,2024-02-24,Shoes,Books,West,SP011,4.0,1990.88,5.0,7565.34,1.0
102436,2024-02-25,Watch,Beauty,South,SP041,6.0,1104.64,20.0,5302.27,2.0
102437,2024-05-18,Watch,Home,West,SP018,5.0,123.02,0.0,615.1,2.0
102438,2024-05-14,Headphones,Home,South,SP045,17.0,1496.81,0.0,25445.77,1.0
102439,2025-11-20,Laptop,Clothing,North,SP041,5.0,1472.76,25.0,5522.85,2.0
102440,2024-02-21,Shoes,Clothing,South,SP009,9.0,1874.52,25.0,12653.01,4.0
102441,2025-05-24,Phone,Clothing,East,SP046,12.0,1701.72,5.0,19399.61,2.0
102442,2024-02-12,Book,Electronics,West,SP017,5.0,1009.16,15.0,4288.93,4.0
102443,2024-07-20,Book,Books,South,SP029,1.0,,0.0,1365.95,4.0
102444,2025-04-15,Phone,Beauty,South,SP009,12.0,,20.0,7668.29,1.0
102445,2025-12-01,Phone,Sports,North,SP031,1.0,1305.26,20.0,1044.21,3.0
102446,2025-01-22,Camera,Books,South,SP008,20.0,86.55,5.0,1644.45,1.0
102447,2024-09-26,Mixer,Home,North,SP040,8.0,1685.08,25.0,10110.48,4.0
102448,2025-02-05,Chair,Electronics,West,SP032,,305.92,0.0,1835.52,1.0
102449,2025-05-28,Book,Sports,West,SP030,2.0,,20.0,1179.12,1.0
102450,2025-01-27,Phone,Beauty,West,SP024,8.0,1402.35,5.0,10657.86,3.0
102451,2024-03-02,Watch,Books,North,SP029,,1164.52,,10480.68,4.0
102452,2025-02-04,Chair,Books,South,SP037,7.0,1371.29,20.0,7679.22,4.0
102453,2024-12-18,Headphones,Clothing,,SP013,1.0,608.09,20.0,486.47,2.0
102454,2024-06-21,,Home,,SP017,13.0,273.71,0.0,3558.23,2.0
102455,2025-02-24,Book,Books,East,SP018,5.0,1839.67,25.0,6898.76,
102456,2024-04-13,Laptop,Beauty,West,SP039,17.0,1701.05,25.0,21688.39,5.0
102457,2024-04-10,Chair,Books,East,SP046,20.0,1860.96,5.0,35358.24,1.0
102458,2025-11-04,Watch,Clothing,South,SP036,20.0,1143.93,15.0,19446.81,3.0
102459,2024-09-02,Bag,Clothing,East,SP043,5.0,1441.73,10.0,6487.78,1.0
102460,2025-01-08,Watch,Clothing,North,SP045,,475.52,5.0,8131.39,
102461,2024-03-20,Mixer,Sports,West,SP002,3.0,1414.28,10.0,3818.56,3.0
102462,2024-09-30,Headphones,Books,East,SP032,12.0,1727.82,25.0,15550.38,3.0
102463,2025-04-09,,Books,East,SP013,13.0,1175.72,25.0,11463.27,3.0
102464,2024-09-02,,Sports,West,SP047,14.0,744.58,,8860.5,5.0
102465,2025-05-29,Headphones,Clothing,East,SP009,13.0,1924.74,0.0,25021.62,1.0
102466,2024-06-30,Mixer,Books,North,SP037,11.0,,0.0,6321.37,3.0
102467,2025-09-25,,Sports,South,SP021,10.0,1018.55,10.0,9166.95,3.0
102468,2025-08-12,Shoes,Electronics,South,SP001,13.0,797.16,15.0,8808.62,4.0
102469,2024-10-09,Camera,Electronics,East,SP012,5.0,483.0,25.0,1811.25,4.0
102470,2024-05-05,Watch,Books,South,SP016,10.0,110.02,25.0,825.15,2.0
102471,2025-03-01,Watch,Clothing,North,SP029,,605.49,10.0,2179.76,5.0
102472,2025-02-26,Chair,Electronics,North,SP002,8.0,1317.28,15.0,8957.5,5.0
102473,2025-10-23,Book,Clothing,South,SP008,4.0,993.89,20.0,3180.45,1.0
102474,2025-01-12,Watch,Home,South,SP014,18.0,896.04,20.0,12902.98,3.0
102475,2025-11-04,Headphones,Beauty,West,SP017,9.0,1479.55,5.0,12650.15,
102476,2025-11-27,Chair,Books,South,SP042,,101.98,15.0,1386.93,1.0
102477,2025-12-09,Shoes,Clothing,West,SP030,17.0,824.79,10.0,12619.29,
102478,2024-05-15,Book,Sports,South,SP013,19.0,862.8,25.0,12294.9,4.0
102479,2024-01-04,Laptop,Books,East,SP010,4.0,560.92,0.0,2243.68,4.0
102480,2025-07-03,Book,Books,North,SP003,3.0,54.05,10.0,145.93,1.0
102481,2024-06-04,Shoes,Electronics,,SP012,16.0,1713.39,5.0,26043.53,3.0
102482,2025-04-19,Camera,Home,South,SP037,7.0,244.23,0.0,1709.61,1.0
102483,2024-08-10,Phone,Sports,South,SP003,13.0,1060.53,25.0,10340.17,2.0
102484,2024-05-04,Book,Books,South,SP034,7.0,759.28,10.0,4783.46,4.0
102485,2024-06-29,Camera,Books,West,SP016,1.0,,5.0,1143.67,3.0
102486,2024-05-10,Chair,Clothing,South,SP011,12.0,1932.89,10.0,20875.21,2.0
102487,2025-10-17,Chair,Beauty,South,SP001,15.0,457.54,20.0,5490.48,3.0
102488,2025-01-07,Book,Clothing,South,SP015,,1383.92,5.0,21035.58,4.0
102489,2025-03-13,Bag,Sports,North,SP004,3.0,1017.02,0.0,3051.06,5.0
102490,2025-04-15,Camera,Sports,North,SP049,2.0,1025.34,15.0,1743.08,5.0
102491,2024-06-11,Laptop,Sports,,SP010,7.0,765.36,0.0,5357.52,4.0
102492,2024-04-12,Chair,Beauty,South,SP046,12.0,1291.39,20.0,12397.34,1.0
102493,2025-05-19,Mixer,Home,West,SP031,14.0,1846.47,10.0,23265.52,2.0
102494,2024-11-28,Shoes,Clothing,South,SP045,15.0,1508.73,5.0,21499.4,2.0
102495,2024-05-25,Laptop,Books,North,SP049,6.0,1839.69,20.0,8830.51,5.0
102496,2024-10-26,Mixer,Books,South,SP046,9.0,1994.29,10.0,16153.75,2.0
102497,2024-07-01,Shoes,Beauty,East,SP014,12.0,813.03,15.0,8292.91,3.0
102498,2025-11-02,Bag,Clothing,North,SP042,2.0,1800.94,5.0,3421.79,1.0
102499,2025-06-28,Bag,Home,North,SP016,2.0,546.75,25.0,820.12,1.0
102500,2025-05-12,Watch,Electronics,East,SP010,11.0,462.08,20.0,4066.3,1.0
102501,2025-11-06,Shoes,Sports,North,SP033,,443.4,15.0,1130.67,3.0
102502,2025-11-10,Bag,Books,East,SP025,13.0,462.33,25.0,4507.72,1.0
102503,2024-11-17,Book,Home,East,SP037,9.0,1582.55,0.0,14242.95,1.0
102504,2024-06-27,Watch,Electronics,North,SP037,3.0,739.73,15.0,1886.31,3.0
102505,2024-12-03,Phone,Beauty,West,SP038,14.0,546.88,20.0,6125.06,2.0
102506,2025-08-28,Book,Clothing,North,SP031,11.0,904.46,15.0,8456.7,1.0
102507,2024-05-20,Shoes,Books,North,SP005,1.0,510.97,,434.32,5.0
102508,2025-10-29,Phone,Clothing,East,SP005,16.0,,25.0,2360.52,2.0
102509,2025-08-08,,Sports,West,SP035,8.0,1505.04,15.0,10234.27,5.0
102510,2025-10-24,Mixer,Sports,South,SP005,15.0,814.94,20.0,9779.28,2.0
102511,2025-03-12,Phone,Beauty,South,SP009,16.0,1786.93,5.0,27161.34,4.0
102512,2025-10-29,Bag,Home,West,SP042,13.0,1351.53,0.0,17569.89,5.0
102513,2025-03-06,Chair,Books,East,SP013,12.0,478.28,25.0,4304.52,1.0
102514,2025-09-09,Book,Home,South,SP002,3.0,1261.78,15.0,3217.54,5.0
102515,2025-11-19,Chair,Electronics,South,SP003,19.0,1275.68,5.0,23026.02,2.0
102516,2024-05-03,Book,Sports,West,SP018,19.0,143.16,0.0,2720.04,3.0
102517,2025-07-30,Bag,Electronics,North,SP001,,1600.08,10.0,21601.08,2.0
102518,2025-03-06,Watch,Beauty,,SP032,18.0,931.21,10.0,15085.6,4.0
102519,2024-10-31,Watch,Electronics,West,SP013,19.0,898.41,15.0,14509.32,4.0
102520,2024-12-21,Watch,Home,North,SP002,14.0,1382.8,0.0,19359.2,4.0
102521,2024-09-07,Bag,Clothing,North,SP038,12.0,632.9,5.0,7215.06,4.0
102522,2024-10-05,Bag,Sports,North,SP008,19.0,856.12,5.0,15452.97,5.0
102523,2025-10-27,Headphones,Clothing,East,SP014,12.0,279.02,25.0,2511.18,1.0
102524,2025-12-12,Laptop,Clothing,East,SP023,,1189.16,25.0,10702.44,1.0
102525,2024-06-14,Chair,Sports,East,SP016,17.0,326.4,15.0,4716.48,1.0
102526,2024-11-17,Camera,Beauty,East,SP040,20.0,583.51,20.0,9336.16,4.0
102527,2024-12-23,Chair,Home,East,SP049,10.0,830.83,15.0,7062.06,3.0
102528,2024-10-26,Phone,Home,North,SP026,8.0,618.25,10.0,4451.4,5.0
102529,2025-09-09,Chair,Books,East,SP018,19.0,492.95,20.0,7492.84,5.0
102530,2025-04-06,Headphones,Home,North,SP034,10.0,456.7,10.0,4110.3,5.0
102531,2024-06-24,Book,Beauty,West,SP009,5.0,452.93,20.0,1811.72,5.0
102532,2025-05-03,Mixer,Books,East,SP007,7.0,,25.0,10377.73,2.0
102533,2024-06-10,Bag,Clothing,North,SP045,,1934.84,20.0,6191.49,2.0
102534,2024-04-27,Book,Home,East,SP013,16.0,1524.56,15.0,20734.02,3.0
102535,2025-10-07,Camera,Clothing,South,SP003,14.0,744.24,15.0,8856.46,2.0
102536,2024-01-11,,Home,West,SP005,2.0,607.03,20.0,971.25,2.0
102537,2025-09-17,Shoes,Books,,SP007,8.0,1135.31,0.0,9082.48,2.0
102538,2024-04-27,Book,Sports,East,SP034,7.0,1469.01,15.0,8740.61,5.0
102539,2025-02-05,Bag,Electronics,West,SP006,7.0,664.88,10.0,4188.74,5.0
102540,2025-09-16,Book,Beauty,East,SP013,7.0,,10.0,11900.95,3.0
102541,2025-12-13,Phone,Electronics,South,SP035,11.0,796.11,5.0,8319.35,5.0
102542,2025-01-14,Shoes,Clothing,,SP011,2.0,1770.61,10.0,3187.1,2.0
102543,2024-02-04,Watch,Clothing,East,SP027,8.0,393.83,15.0,2678.04,2.0
102544,2025-11-02,Bag,Books,West,SP033,4.0,42.34,5.0,160.89,
102545,2025-07-07,Book,Books,South,SP037,1.0,70.18,25.0,52.64,3.0
102546,2025-01-25,Phone,Books,West,SP029,19.0,1918.73,5.0,34633.08,3.0
102547,2024-03-06,Watch,Clothing,East,SP004,15.0,530.67,0.0,7960.05,2.0
102548,2024-08-21,Laptop,Clothing,South,SP036,18.0,1588.91,10.0,25740.34,5.0
102549,2024-10-14,Bag,Home,South,SP013,14.0,784.73,5.0,10436.91,2.0
102550,2024-05-16,Chair,Electronics,South,SP002,17.0,1988.06,20.0,27037.62,2.0
102551,2024-12-04,Chair,Clothing,North,SP015,13.0,1149.37,0.0,14941.81,1.0
102552,2024-08-12,Bag,Electronics,North,SP043,,511.01,,3040.51,4.0
102553,2025-04-12,Bag,Sports,South,SP050,12.0,1865.97,0.0,22391.64,4.0
102554,2025-09-16,Chair,Books,North,SP012,20.0,698.01,10.0,12564.18,3.0
102555,2025-10-19,Shoes,Clothing,East,SP032,12.0,425.17,0.0,5102.04,2.0
102556,2024-08-28,Shoes,Electronics,South,SP035,1.0,437.49,25.0,328.12,3.0
102557,2025-04-14,Laptop,Electronics,West,SP046,3.0,1893.36,20.0,4544.06,2.0
102558,2024-06-16,Laptop,Sports,West,SP017,5.0,588.88,10.0,2649.96,5.0
102559,2025-04-18,Bag,Home,East,SP027,4.0,1664.24,15.0,5658.42,1.0
102560,2025-09-29,Watch,Electronics,West,SP024,20.0,1871.75,5.0,35563.25,
102561,2024-08-20,,Books,West,SP041,18.0,1745.43,15.0,26705.08,2.0
102562,2024-12-13,Shoes,Clothing,East,SP039,17.0,1745.06,0.0,29666.02,1.0
102563,2025-08-21,Watch,Books,East,SP033,11.0,773.63,,6807.94,2.0
102564,2024-09-10,Bag,Beauty,North,SP012,16.0,501.96,5.0,7629.79,1.0
102565,2024-05-13,Phone,Beauty,West,SP033,3.0,176.48,0.0,529.44,1.0
102566,2024-08-29,Headphones,Books,,SP043,12.0,1965.13,20.0,18865.25,1.0
102567,2025-04-10,Watch,Books,North,SP041,,1726.59,15.0,2935.2,2.0
102568,2025-09-04,Camera,Beauty,East,SP045,5.0,708.28,20.0,2833.12,
102569,2024-07-01,Bag,Electronics,South,SP012,20.0,640.09,0.0,12801.8,2.0
102570,2025-05-19,Chair,Beauty,West,SP012,13.0,1498.13,5.0,18501.91,2.0
102571,2024-01-22,Shoes,Electronics,West,SP012,12.0,1715.02,5.0,19551.23,4.0
102572,2025-11-26,Camera,Books,West,SP013,11.0,1371.77,10.0,13580.52,2.0
102573,2024-01-02,Watch,Home,East,SP029,18.0,1633.83,5.0,27938.49,1.0
102574,2024-11-08,Mixer,Beauty,East,SP001,17.0,1682.03,,24305.33,3.0
102575,2025-04-20,Book,Beauty,West,SP050,1.0,,0.0,1609.86,5.0
102576,2025-12-01,Chair,Books,West,SP032,12.0,147.39,10.0,1591.81,3.0
102577,2025-09-30,Chair,Clothing,East,SP027,6.0,797.54,25.0,3588.93,2.0
102578,2024-10-01,Bag,Home,South,SP011,6.0,907.44,15.0,4627.94,3.0
102579,2025-08-03,Headphones,Home,North,SP010,5.0,39.99,0.0,199.95,5.0
102580,2024-05-17,Shoes,Clothing,East,SP008,1.0,1309.97,20.0,1047.98,1.0
102581,2024-11-26,Camera,Home,East,SP049,14.0,440.64,5.0,5860.51,5.0
102582,2025-02-15,Shoes,Books,West,SP012,8.0,874.6,15.0,5947.28,5.0
102583,2024-10-30,Phone,Home,East,SP040,6.0,90.28,15.0,460.43,5.0
102584,2024-01-28,Chair,Books,North,SP015,18.0,682.59,5.0,11672.29,5.0
102585,2024-02-11,Chair,Books,South,SP005,2.0,548.86,20.0,878.18,1.0
102586,2024-06-30,Phone,Home,East,SP033,5.0,193.25,5.0,917.94,1.0
102587,2025-12-29,Mixer,Sports,West,SP026,12.0,1078.96,15.0,11005.39,3.0
102588,2024-01-09,Mixer,Home,East,SP036,4.0,1528.33,0.0,6113.32,5.0
102589,2024-02-29,Shoes,Books,North,SP003,13.0,622.06,10.0,7278.1,4.0
102590,2024-06-30,Bag,Books,West,SP016,19.0,1856.5,15.0,29982.47,3.0
102591,2025-06-17,Headphones,Home,West,SP048,11.0,1553.0,15.0,14520.55,3.0
102592,2024-05-01,Chair,Home,South,SP008,20.0,873.51,,16596.69,5.0
102593,2024-05-24,Phone,Clothing,South,SP002,,1618.28,5.0,21523.12,3.0
102594,2025-12-07,Camera,Home,South,SP008,3.0,95.72,5.0,272.8,3.0
102595,2025-05-12,Phone,Electronics,West,SP040,17.0,,20.0,24949.06,4.0
102596,2024-06-06,Camera,Home,North,SP042,14.0,1178.31,20.0,13197.07,2.0
102597,2025-06-10,Laptop,Electronics,South,SP028,7.0,226.23,20.0,1266.89,4.0
102598,2025-02-23,Shoes,Books,North,SP004,1.0,1476.31,25.0,1107.23,1.0
102599,2024-12-22,Book,Clothing,West,SP013,7.0,1497.25,20.0,8384.6,1.0
102600,2024-01-04,Shoes,Home,South,SP034,11.0,1265.46,10.0,12528.05,2.0
102601,2025-07-17,Shoes,Sports,South,SP043,1.0,1870.96,20.0,1496.77,5.0
102602,2025-09-18,Mixer,Books,West,SP011,2.0,123.98,15.0,210.77,4.0
102603,2025-03-22,Mixer,Clothing,West,SP044,8.0,1716.3,5.0,13043.88,2.0
102604,2024-08-07,,Beauty,East,SP041,16.0,817.98,25.0,9815.76,1.0
102605,2025-10-08,Shoes,Sports,West,SP007,18.0,1826.54,15.0,27946.06,2.0
102606,2025-03-20,Laptop,Electronics,South,SP010,18.0,612.88,0.0,11031.84,5.0
102607,2024-06-09,Camera,Clothing,North,SP044,7.0,1800.64,25.0,9453.36,5.0
102608,2025-06-04,Bag,Books,North,SP034,8.0,701.91,5.0,5334.52,4.0
102609,2024-11-29,Bag,Sports,North,SP042,1.0,815.09,15.0,692.83,1.0
102610,2025-03-08,Laptop,Books,North,SP042,12.0,1651.92,5.0,18831.89,3.0
102611,2024-09-10,Camera,Sports,West,SP008,,1244.23,15.0,3172.79,4.0
102612,2025-05-30,Headphones,Beauty,South,SP035,4.0,707.92,20.0,2265.34,3.0
102613,2024-12-24,Laptop,Books,South,SP045,16.0,360.5,25.0,4326.0,4.0
102614,2025-01-20,Mixer,Sports,South,SP040,12.0,1393.38,15.0,14212.48,3.0
102615,2025-08-11,Chair,Home,South,SP022,4.0,281.04,15.0,955.54,3.0
102616,2024-08-16,Laptop,Sports,East,SP009,20.0,549.29,15.0,9337.93,5.0
102617,2025-09-14,Bag,Clothing,West,SP028,1.0,892.88,25.0,669.66,5.0
102618,2024-11-07,Camera,Sports,West,SP002,3.0,1530.12,20.0,3672.29,5.0
102619,2024-01-04,Watch,Books,West,SP017,18.0,1564.78,15.0,23941.13,5.0
102620,2024-12-26,Headphones,Home,North,SP033,20.0,1701.96,10.0,30635.28,2.0
102621,2025-09-14,Headphones,Sports,South,SP019,17.0,1694.72,0.0,28810.24,
102622,2025-06-15,Camera,Beauty,North,SP025,11.0,416.48,25.0,3435.96,
102623,2025-08-21,Book,Electronics,South,SP043,18.0,60.77,10.0,984.47,5.0
102624,2025-02-07,Phone,Electronics,,SP026,1.0,656.7,5.0,623.87,
102625,2025-04-14,Mixer,Beauty,North,SP002,2.0,796.43,10.0,1433.57,5.0
102626,2024-07-02,Book,Beauty,North,SP050,9.0,1071.61,10.0,8680.04,2.0
102627,2024-01-01,Mixer,Clothing,North,SP022,18.0,1755.13,20.0,25273.87,4.0
102628,2024-11-08,Camera,Books,West,SP017,18.0,1104.38,20.0,15903.07,1.0
102629,2025-07-20,Laptop,Clothing,West,SP024,12.0,834.91,5.0,9517.97,1.0
102630,2024-02-18,Book,Books,West,SP049,1.0,429.64,25.0,322.23,4.0
102631,2024-04-14,Book,Books,,SP002,19.0,1777.77,20.0,27022.1,3.0
102632,2025-01-31,Camera,Clothing,West,SP035,10.0,198.7,10.0,1788.3,3.0
102633,2025-03-18,Bag,Books,North,SP042,15.0,1141.12,20.0,13693.44,1.0
102634,2025-06-27,Laptop,Electronics,North,SP041,16.0,328.18,25.0,3938.16,2.0
102635,2025-03-13,Laptop,Clothing,East,SP019,12.0,1777.67,0.0,21332.04,3.0
102636,2024-09-15,Headphones,Sports,East,SP043,5.0,1204.9,0.0,6024.5,3.0
102637,2025-03-08,,Clothing,East,SP003,18.0,1805.26,15.0,27620.48,4.0
102638,2024-05-25,Camera,Beauty,West,SP031,5.0,238.07,10.0,1071.32,2.0
102639,2024-11-18,Shoes,Electronics,North,SP022,14.0,1537.4,5.0,20447.42,2.0
102640,2024-08-08,Watch,Sports,East,SP031,10.0,881.96,0.0,8819.6,4.0
102641,2024-11-06,Book,Beauty,South,SP039,18.0,580.7,10.0,9407.34,4.0
102642,2024-11-30,Mixer,Clothing,East,SP001,6.0,197.3,5.0,1124.61,4.0
102643,2024-03-24,Book,Clothing,North,SP011,5.0,578.5,25.0,2169.38,5.0
102644,2024-02-27,Shoes,Books,,SP006,1.0,1483.34,15.0,1260.84,1.0
102645,2025-04-28,Shoes,Books,West,SP032,8.0,1846.66,25.0,11079.96,2.0
102646,2025-03-11,Chair,Beauty,East,SP036,9.0,1074.46,20.0,7736.11,3.0
102647,2025-12-30,Shoes,Beauty,East,SP011,11.0,1110.52,5.0,11604.93,3.0
102648,2024-05-23,Mixer,Home,West,SP024,11.0,207.3,0.0,2280.3,5.0
102649,2024-03-27,Laptop,Beauty,North,SP024,15.0,137.79,10.0,1860.16,3.0
102650,2025-09-05,Watch,Home,West,SP015,3.0,520.36,15.0,1326.92,3.0
102651,2025-10-15,Watch,Sports,East,SP008,7.0,716.46,5.0,4764.46,4.0
102652,2024-05-01,Camera,Sports,South,SP017,12.0,,25.0,10469.34,3.0
102653,2025-09-09,Bag,Beauty,North,SP015,7.0,78.11,5.0,519.43,2.0
102654,2024-05-07,Phone,Books,South,SP016,17.0,439.46,0.0,7470.82,5.0
102655,2025-09-07,Mixer,Sports,South,SP036,6.0,857.11,0.0,5142.66,1.0
102656,2024-12-27,Chair,Electronics,East,SP036,6.0,962.44,15.0,4908.44,
102657,2024-07-07,Shoes,Electronics,West,SP045,11.0,1370.12,10.0,13564.19,3.0
102658,2025-02-22,Book,Books,South,SP031,11.0,1664.31,5.0,17392.04,5.0
102659,2024-02-21,Book,Sports,West,SP013,4.0,1026.21,0.0,4104.84,3.0
102660,2024-10-12,Bag,Sports,West,SP011,13.0,995.65,25.0,9707.59,5.0
102661,2025-02-11,Chair,Clothing,West,SP009,19.0,1864.62,10.0,31885.0,
102662,2025-09-11,,Home,East,SP004,19.0,517.62,15.0,8359.56,5.0
102663,2025-08-24,Laptop,Electronics,North,SP035,19.0,1173.75,0.0,22301.25,5.0
102664,2025-07-21,Laptop,Beauty,South,SP044,11.0,961.98,20.0,8465.42,3.0
102665,2024-06-16,Camera,Sports,East,SP019,4.0,1410.02,20.0,4512.06,2.0
102666,2025-10-28,Mixer,Beauty,East,SP040,10.0,782.78,25.0,5870.85,5.0
102667,2025-04-13,Mixer,Home,West,SP022,19.0,744.57,5.0,13439.49,5.0
102668,2024-12-22,,Beauty,North,SP012,17.0,257.2,20.0,3497.92,2.0
102669,2024-03-14,Mixer,Beauty,North,SP009,15.0,1491.66,15.0,19018.67,3.0
102670,2025-06-25,Bag,Electronics,West,SP001,18.0,379.13,20.0,5459.47,3.0
102671,2025-08-17,Book,Electronics,East,SP014,17.0,602.0,10.0,9210.6,4.0
102672,2025-05-23,Mixer,Electronics,North,SP012,6.0,1048.53,15.0,5347.5,2.0
102673,2025-10-15,Book,Sports,North,SP050,1.0,423.79,20.0,339.03,1.0
102674,2025-08-14,Mixer,Electronics,East,SP022,8.0,1221.46,15.0,8305.93,5.0
102675,2024-01-12,Camera,Books,South,SP007,,1477.09,20.0,1181.67,4.0
102676,2025-04-24,Shoes,Beauty,West,SP028,19.0,98.75,10.0,1688.62,5.0
102677,2024-07-31,Phone,Books,,SP048,8.0,,10.0,11859.19,5.0
102678,2025-07-05,Laptop,Books,East,SP013,,1510.32,15.0,1283.77,2.0
102679,2025-11-20,Phone,Electronics,South,SP038,13.0,44.85,25.0,437.29,1.0
102680,2024-01-11,Shoes,Beauty,West,SP020,8.0,1917.26,20.0,12270.46,2.0
102681,2025-10-23,Headphones,Electronics,North,SP045,11.0,702.38,5.0,7339.87,5.0
102682,2024-12-01,Phone,Electronics,East,SP021,18.0,,20.0,22985.42,1.0
102683,2024-05-18,Chair,Sports,North,SP022,10.0,428.29,15.0,3640.47,5.0
102684,2025-05-23,Shoes,Sports,North,SP014,7.0,761.33,15.0,4529.91,3.0
102685,2025-06-05,Chair,Home,South,SP040,,804.88,5.0,15292.72,1.0
102686,2025-12-22,Book,Sports,North,SP024,1.0,1255.13,20.0,1004.1,3.0
102687,2025-04-06,Headphones,Sports,South,SP038,8.0,176.47,10.0,1270.58,4.0
102688,2025-08-04,Phone,Sports,East,SP016,6.0,717.35,0.0,4304.1,4.0
102689,2025-11-26,Mixer,Clothing,West,SP032,20.0,89.96,5.0,1709.24,2.0
102690,2025-04-12,Camera,Sports,West,SP027,1.0,1711.24,20.0,1368.99,1.0
102691,2024-12-17,Phone,Sports,East,SP017,8.0,593.5,20.0,3798.4,1.0
102692,2025-12-22,Camera,Books,West,SP021,14.0,157.7,0.0,2207.8,2.0
102693,2024-12-08,Watch,Sports,East,SP003,18.0,1745.02,25.0,23557.77,3.0
102694,2024-05-07,,Electronics,South,SP032,2.0,381.87,20.0,610.99,2.0
102695,2024-01-09,,Sports,South,SP033,9.0,289.71,15.0,2216.28,1.0
102696,2024-09-26,Phone,Beauty,South,SP038,9.0,1354.48,15.0,10361.77,3.0
102697,2024-08-04,Laptop,Sports,West,SP026,1.0,1152.81,20.0,922.25,3.0
102698,2025-12-12,Laptop,Beauty,South,SP012,20.0,1255.26,25.0,18828.9,5.0
102699,2025-07-03,Bag,Home,East,SP049,9.0,1877.28,20.0,13516.42,3.0
102700,2024-04-24,Mixer,Books,West,SP009,8.0,1663.16,10.0,11974.75,4.0
102701,2024-05-06,Laptop,Books,West,SP036,15.0,535.43,5.0,7629.88,
102702,2024-05-02,Laptop,Clothing,East,SP014,4.0,1516.33,10.0,5458.79,5.0
102703,2025-05-30,Bag,Clothing,West,SP029,17.0,1802.79,20.0,24517.94,3.0
102704,2025-06-08,Headphones,Home,West,SP029,8.0,1465.93,5.0,11141.07,1.0
102705,2024-09-14,Camera,Electronics,North,SP023,4.0,468.93,0.0,1875.72,2.0
102706,2025-06-08,Mixer,Clothing,West,SP009,14.0,1938.8,5.0,25786.04,3.0
102707,2024-09-27,Phone,Books,South,SP015,6.0,,10.0,10475.62,1.0
102708,2025-09-17,Bag,Sports,South,SP001,2.0,1449.7,10.0,2609.46,3.0
102709,2024-10-13,Bag,Books,East,SP007,3.0,44.26,25.0,99.59,5.0
102710,2024-08-08,,Books,North,SP004,6.0,545.09,5.0,3107.01,5.0
102711,2025-05-09,Shoes,Clothing,East,SP035,20.0,622.58,25.0,9338.7,4.0
102712,2024-01-29,Bag,Clothing,West,SP017,19.0,1461.73,20.0,22218.3,
102713,2025-02-20,Phone,Sports,East,SP010,7.0,370.75,10.0,2335.72,2.0
102714,2024-10-23,Chair,Clothing,West,SP007,1.0,,25.0,400.28,1.0
102715,2025-06-30,Watch,Sports,West,SP007,20.0,107.98,5.0,2051.62,4.0
102716,2024-08-08,Mixer,Sports,West,SP045,2.0,952.41,5.0,1809.58,2.0
102717,2024-02-27,Camera,Home,South,SP026,5.0,1559.18,0.0,7795.9,4.0
102718,2024-05-18,Headphones,Beauty,North,SP001,3.0,1144.63,5.0,3262.2,3.0
102719,2025-04-21,Laptop,Electronics,West,SP016,16.0,1211.81,0.0,19388.96,2.0
102720,2024-12-07,Bag,Clothing,West,SP006,19.0,1931.57,0.0,36699.83,2.0
102721,2024-02-05,Phone,Clothing,West,SP037,15.0,347.47,0.0,5212.05,1.0
102722,2025-06-05,Headphones,Sports,South,SP012,16.0,1769.78,25.0,21237.36,
102723,2024-01-26,Watch,Books,West,SP008,9.0,635.85,25.0,4291.99,4.0
102724,2024-04-23,Bag,Electronics,West,SP017,19.0,338.53,0.0,6432.07,3.0
102725,2024-09-07,Chair,Home,East,SP009,14.0,112.32,5.0,1493.86,2.0
102726,2025-01-04,Laptop,Clothing,East,SP012,5.0,190.22,15.0,808.43,2.0
102727,2025-08-24,Laptop,Beauty,East,SP020,9.0,1511.88,,12926.57,4.0
102728,2025-04-30,Chair,Books,South,SP027,6.0,754.78,0.0,4528.68,
102729,2024-11-19,Bag,Sports,North,SP042,4.0,453.18,5.0,1722.08,4.0
102730,2025-09-09,Shoes,Home,East,SP045,10.0,1441.8,0.0,14418.0,3.0
102731,2025-08-21,Laptop,Clothing,North,SP007,18.0,704.76,15.0,10782.83,5.0
102732,2025-11-14,Camera,Electronics,South,SP028,4.0,,20.0,2056.77,5.0
102733,2025-02-18,Headphones,Home,West,SP036,10.0,1466.35,20.0,11730.8,4.0
102734,2025-06-10,Headphones,Electronics,North,SP033,,258.17,15.0,3072.22,5.0
102735,2024-10-02,Mixer,Books,South,SP029,10.0,915.09,0.0,9150.9,5.0
102736,2024-03-31,Bag,Home,South,SP006,19.0,223.52,0.0,4246.88,4.0
102737,2024-11-03,Mixer,Clothing,West,SP039,2.0,105.45,20.0,168.72,2.0
102738,2024-07-21,Mixer,Home,West,SP018,11.0,1959.4,10.0,19398.06,4.0
102739,2024-02-10,Camera,Beauty,West,SP021,17.0,319.65,5.0,5162.35,3.0
102740,2025-03-18,Shoes,Electronics,South,SP013,6.0,300.33,0.0,1801.98,4.0
102741,2025-12-03,Book,Electronics,South,SP049,,1733.11,10.0,7798.99,2.0
102742,2024-01-03,Mixer,Sports,South,SP019,2.0,46.14,20.0,73.82,4.0
102743,2025-04-09,Laptop,Electronics,North,SP008,8.0,1189.52,,7612.93,3.0
102744,2024-05-01,Camera,Electronics,West,SP037,13.0,1597.65,0.0,20769.45,2.0
102745,2024-08-28,Bag,Books,West,SP048,5.0,1372.59,5.0,6519.8,5.0
102746,2024-02-15,Book,Home,North,SP036,13.0,22.77,25.0,222.01,4.0
102747,2025-05-06,Laptop,Electronics,East,SP044,9.0,780.07,0.0,7020.63,2.0
102748,2024-09-12,Chair,Sports,North,SP007,14.0,241.89,,3386.46,5.0
102749,2024-03-28,Mixer,Books,East,SP045,11.0,189.47,20.0,1667.34,3.0
102750,2024-12-03,Watch,Clothing,North,SP013,17.0,287.34,20.0,3907.82,3.0
102751,2025-11-11,Book,Clothing,East,SP027,1.0,141.49,5.0,134.42,4.0
102752,2024-01-31,Camera,Beauty,East,SP019,15.0,646.7,20.0,7760.4,5.0
102753,2025-12-21,Bag,Clothing,North,SP007,9.0,,15.0,13212.62,1.0
102754,2025-07-17,Laptop,Clothing,North,SP045,5.0,537.66,25.0,2016.22,5.0
102755,2024-06-04,,Beauty,East,SP001,5.0,1306.97,20.0,5227.88,2.0
102756,2025-02-04,Mixer,Electronics,West,SP017,5.0,72.19,10.0,324.86,3.0
102757,2024-05-19,Chair,Sports,East,SP011,15.0,458.67,10.0,6192.05,2.0
102758,2024-12-18,Phone,Clothing,North,SP050,15.0,39.71,10.0,536.09,5.0
102759,2024-05-22,Mixer,Electronics,West,SP005,18.0,1403.93,0.0,25270.74,
102760,2025-10-08,Watch,Books,West,SP008,11.0,695.17,0.0,7646.87,
102761,2024-03-03,Laptop,Home,West,SP027,15.0,1205.22,5.0,17174.38,1.0
102762,2024-02-25,Mixer,Clothing,West,SP006,3.0,259.93,5.0,740.8,1.0
102763,2024-04-01,Camera,Books,West,SP005,6.0,405.01,5.0,2308.56,3.0
102764,2024-04-01,Mixer,Books,,SP001,5.0,63.58,10.0,286.11,4.0
102765,2025-03-15,Watch,Home,West,SP047,14.0,1504.1,5.0,20004.53,1.0
102766,2024-11-08,Headphones,Clothing,East,SP025,6.0,1788.2,15.0,9119.82,1.0
102767,2024-04-19,Laptop,Home,West,SP047,20.0,180.78,5.0,3434.82,2.0
102768,2024-11-12,Chair,Home,West,SP006,16.0,1691.46,10.0,24357.02,4.0
102769,2025-02-23,Phone,Books,South,SP030,18.0,342.31,10.0,5545.42,2.0
102770,2025-02-07,Headphones,Sports,West,SP023,15.0,1973.8,20.0,23685.6,4.0
102771,2024-06-05,Camera,Sports,West,SP035,5.0,555.74,0.0,2778.7,4.0
102772,2025-06-06,Bag,Sports,North,SP043,9.0,1581.26,10.0,12808.21,2.0
102773,2025-08-15,Laptop,Electronics,West,SP007,2.0,1280.03,10.0,2304.05,5.0
102774,2024-11-06,Shoes,Clothing,South,SP021,17.0,1133.42,10.0,17341.33,3.0
102775,2024-08-02,Headphones,Books,West,SP036,10.0,112.03,25.0,840.22,2.0
102776,2024-04-23,Headphones,Home,East,SP011,5.0,178.33,25.0,668.74,3.0
102777,2024-09-19,Headphones,Books,,SP019,19.0,1572.38,0.0,29875.22,1.0
102778,2024-05-06,Bag,Clothing,North,SP034,4.0,1342.81,20.0,4296.99,2.0
102779,2025-04-19,Headphones,Clothing,East,SP015,8.0,10.03,25.0,60.18,3.0
102780,2025-11-24,Mixer,Clothing,North,SP034,19.0,1578.97,20.0,24000.34,5.0
102781,2024-10-10,Laptop,Sports,West,SP017,19.0,1603.73,20.0,24376.7,1.0
102782,2024-12-21,Shoes,Electronics,South,SP024,4.0,1634.03,,6536.12,3.0
102783,2024-07-19,Shoes,Clothing,North,SP008,9.0,169.11,25.0,1141.49,4.0
102784,2024-02-22,Headphones,Electronics,,SP032,10.0,1224.55,20.0,9796.4,2.0
102785,2024-04-12,Chair,Clothing,North,SP045,17.0,773.18,0.0,13144.06,2.0
102786,2024-04-17,Camera,Beauty,North,SP006,20.0,896.21,20.0,14339.36,1.0
102787,2024-10-09,Watch,Sports,North,SP016,2.0,1877.03,5.0,3566.36,1.0
102788,2025-12-07,Bag,Books,West,SP003,16.0,,,19153.15,1.0
102789,2025-10-07,Book,Books,North,SP047,13.0,1768.79,5.0,21844.56,5.0
102790,2024-09-21,Bag,Beauty,East,SP024,4.0,1165.76,10.0,4196.74,1.0
102791,2025-10-05,Book,Clothing,East,SP034,4.0,158.7,15.0,539.58,2.0
102792,2025-12-24,,Beauty,West,SP034,4.0,50.15,5.0,190.57,1.0
102793,2025-04-27,Laptop,Books,South,SP030,5.0,1559.88,20.0,6239.52,1.0
102794,2025-03-01,Mixer,Electronics,West,SP010,4.0,856.37,20.0,2740.38,2.0
102795,2024-07-26,Headphones,Home,West,SP032,20.0,1758.83,20.0,28141.28,1.0
102796,2025-07-02,Laptop,Sports,West,SP036,7.0,972.9,5.0,6469.78,
102797,2024-01-08,Laptop,Books,East,SP023,6.0,1597.55,20.0,7668.24,4.0
102798,2025-05-27,Watch,Books,East,SP013,2.0,34.39,25.0,51.59,2.0
102799,2024-08-06,Phone,Sports,North,SP025,13.0,1928.2,5.0,23813.27,5.0
102800,2025-11-15,Watch,Sports,West,SP002,13.0,1105.21,15.0,12212.57,4.0
102801,2025-03-29,Phone,Clothing,East,SP045,12.0,137.25,20.0,1317.6,2.0
102802,2024-04-01,Headphones,Home,South,SP025,11.0,114.56,0.0,1260.16,1.0
102803,2024-01-05,Chair,Home,North,SP042,16.0,1855.85,5.0,28208.92,5.0
102804,2024-09-21,Phone,Beauty,South,SP037,6.0,567.73,5.0,3236.06,2.0
102805,2024-10-22,Phone,Clothing,North,SP001,18.0,,,24642.43,3.0
102806,2024-04-19,Laptop,Home,South,SP003,14.0,1203.37,0.0,16847.18,2.0
102807,2024-04-13,Bag,Books,East,SP049,12.0,1823.63,15.0,18601.03,5.0
102808,2025-02-01,Chair,Books,East,SP015,10.0,811.54,5.0,7709.63,3.0
102809,2025-07-17,Laptop,Electronics,East,SP032,3.0,191.48,,517.0,4.0
102810,2024-09-22,,Electronics,East,SP031,5.0,983.72,20.0,3934.88,2.0
102811,2025-07-19,Shoes,Beauty,North,SP029,11.0,645.3,0.0,7098.3,4.0
102812,2024-12-03,Book,Beauty,West,SP033,4.0,272.3,20.0,871.36,1.0
102813,2024-12-15,Laptop,Books,West,SP011,12.0,522.9,,5333.58,2.0
102814,2025-01-27,Headphones,Books,East,SP050,1.0,311.25,10.0,280.12,3.0
102815,2025-03-08,Book,Electronics,,SP007,15.0,939.78,0.0,14096.7,1.0
102816,2025-04-16,Bag,Electronics,East,SP025,7.0,126.99,20.0,711.14,3.0
102817,2025-10-29,Chair,Sports,North,SP014,16.0,1065.46,25.0,12785.52,1.0
102818,2025-05-13,Mixer,Electronics,South,SP029,11.0,617.26,5.0,6450.37,3.0
102819,2024-03-15,Bag,Books,South,SP025,10.0,1008.99,10.0,9080.91,1.0
102820,2024-06-14,Headphones,Books,West,SP010,19.0,349.65,10.0,5979.01,4.0
102821,2024-07-09,Laptop,Sports,West,SP028,18.0,1034.81,10.0,16763.92,3.0
102822,2024-05-19,Chair,Clothing,West,SP005,1.0,893.41,15.0,759.4,
102823,2024-12-12,,Sports,,SP023,7.0,1454.63,15.0,8655.05,5.0
102824,2024-05-08,,Sports,North,SP027,7.0,1786.77,15.0,10631.28,1.0
102825,2024-09-26,Headphones,Beauty,South,SP012,17.0,1837.45,20.0,24989.32,1.0
102826,2025-12-11,Watch,Electronics,East,SP002,11.0,1561.44,5.0,16317.05,5.0
102827,2025-09-10,Headphones,Books,North,SP021,5.0,951.16,20.0,3804.64,5.0
102828,2025-04-05,Book,Clothing,East,SP027,14.0,1903.33,,26646.62,4.0
102829,2024-02-29,Bag,Books,East,SP023,16.0,1002.88,15.0,13639.17,3.0
102830,2024-06-11,Laptop,Clothing,East,SP010,14.0,1701.82,20.0,19060.38,2.0
102831,2025-05-03,Shoes,Sports,South,SP012,7.0,1721.33,25.0,9036.98,1.0
102832,2025-12-24,Shoes,Sports,North,SP007,6.0,355.01,25.0,1597.55,1.0
102833,2025-04-20,Headphones,Beauty,North,SP032,12.0,1304.24,15.0,13303.25,1.0
102834,2025-03-09,Shoes,Beauty,,SP008,6.0,119.13,10.0,643.3,3.0
102835,2024-10-01,Chair,Electronics,East,SP012,18.0,811.28,20.0,11682.43,1.0
102836,2025-03-11,Shoes,Clothing,North,SP012,19.0,20.69,20.0,314.49,4.0
102837,2025-08-05,Shoes,Books,West,SP018,18.0,32.76,10.0,530.71,4.0
102838,2024-03-20,Phone,Sports,,SP049,2.0,847.49,0.0,1694.98,1.0
102839,2024-08-09,Bag,Electronics,East,SP044,3.0,803.12,5.0,2288.89,1.0
102840,2024-02-03,Shoes,Sports,West,SP012,10.0,1168.69,5.0,11102.56,3.0
102841,2024-10-13,Bag,Clothing,East,SP029,13.0,1157.26,0.0,15044.38,4.0
102842,2024-09-04,Camera,Electronics,West,SP049,18.0,15.63,5.0,267.27,3.0
102843,2024-09-23,Camera,Books,East,SP007,2.0,316.77,10.0,570.19,5.0
102844,2024-08-12,Shoes,Sports,South,SP035,20.0,453.61,15.0,7711.37,1.0
102845,2024-06-12,Chair,Home,North,SP020,19.0,240.16,15.0,3878.58,5.0
102846,2025-03-15,Headphones,Sports,West,SP042,2.0,255.25,15.0,433.93,3.0
102847,2024-06-24,Watch,Home,South,SP038,15.0,1726.71,20.0,20720.52,4.0
102848,2024-09-28,Book,Electronics,,SP047,20.0,1499.09,20.0,23985.44,1.0
102849,2025-06-01,Headphones,Books,West,SP024,18.0,872.52,0.0,15705.36,4.0
102850,2024-01-23,Phone,Beauty,South,SP039,6.0,93.97,0.0,563.82,1.0
102851,2024-06-18,Watch,Clothing,North,SP018,6.0,1544.44,10.0,8339.98,3.0
102852,2025-07-09,Chair,Clothing,South,SP023,19.0,1828.17,20.0,27788.18,2.0
102853,2024-09-10,Chair,Home,North,SP003,7.0,350.76,5.0,2332.55,
102854,2025-01-18,,Beauty,,SP022,11.0,691.38,0.0,7605.18,3.0
102855,2024-12-02,Camera,Beauty,East,SP045,2.0,455.94,15.0,775.1,2.0
102856,2025-09-30,Chair,Clothing,East,SP016,7.0,1511.33,5.0,10050.34,
102857,2024-06-16,Mixer,Electronics,East,SP037,19.0,856.38,0.0,16271.22,5.0
102858,2025-10-22,Watch,Electronics,South,SP038,8.0,249.29,10.0,1794.89,1.0
102859,2025-03-30,Book,Beauty,South,SP004,11.0,1503.96,15.0,14062.03,1.0
102860,2024-05-26,Chair,Electronics,West,SP030,,1934.13,15.0,13152.08,3.0
102861,2025-08-25,Laptop,Sports,South,SP039,12.0,559.32,0.0,6711.84,3.0
102862,2025-10-18,Book,Beauty,North,SP038,3.0,1134.88,15.0,2893.94,2.0
102863,2024-07-04,Chair,Electronics,West,SP024,13.0,895.45,25.0,8730.64,2.0
102864,2025-02-14,Bag,Home,South,SP043,5.0,1888.59,10.0,8498.65,5.0
102865,2025-10-06,Shoes,Books,North,SP040,13.0,507.49,0.0,6597.37,4.0
102866,2024-05-03,Laptop,Electronics,South,SP043,15.0,1618.26,5.0,23060.21,5.0
102867,2024-10-02,Laptop,Clothing,South,SP046,11.0,1749.75,10.0,17322.53,1.0
102868,2024-03-05,Book,Electronics,East,SP007,12.0,1383.71,10.0,14944.07,3.0
102869,2024-08-02,,Home,South,SP043,5.0,205.23,25.0,769.61,1.0
102870,2025-06-13,Bag,Books,South,SP017,15.0,972.8,20.0,11673.6,4.0
102871,2025-09-11,Watch,Clothing,South,SP006,5.0,751.85,25.0,2819.44,5.0
102872,2025-07-12,Book,Books,North,SP038,8.0,1417.85,,10208.52,2.0
102873,2024-01-08,Bag,Electronics,West,SP032,10.0,1544.46,15.0,13127.91,4.0
102874,2025-08-11,Shoes,Beauty,West,SP023,7.0,1923.48,5.0,12791.14,1.0
102875,2025-01-01,Book,Sports,East,SP028,20.0,1885.8,5.0,35830.2,3.0
102876,2024-02-28,Book,Books,South,SP048,17.0,670.42,20.0,9117.71,5.0
102877,2024-06-24,,Clothing,West,SP012,11.0,1400.44,25.0,11553.63,
102878,2025-06-04,Camera,Clothing,East,SP020,9.0,798.81,5.0,6829.83,2.0
102879,2025-10-14,Camera,Sports,South,SP036,11.0,1475.54,0.0,16230.94,2.0
102880,2024-06-25,Phone,Beauty,South,SP023,6.0,1739.8,0.0,10438.8,4.0
102881,2024-06-21,Headphones,Clothing,East,SP012,,897.21,20.0,7177.68,1.0
102882,2024-04-02,Watch,Electronics,East,SP037,6.0,1586.87,,9045.16,5.0
102883,2024-06-28,Camera,Books,West,SP026,20.0,27.83,0.0,556.6,2.0
102884,2025-12-11,Headphones,Electronics,East,SP022,15.0,84.32,15.0,1075.08,1.0
102885,2025-08-17,Phone,Sports,,SP042,12.0,863.47,5.0,9843.56,1.0
102886,2024-01-20,Phone,Beauty,South,SP016,8.0,1230.97,0.0,9847.76,3.0
102887,2024-07-24,Shoes,Home,West,SP006,18.0,1240.28,5.0,21208.79,1.0
102888,2025-08-29,Laptop,Sports,North,SP034,8.0,767.73,0.0,6141.84,
102889,2025-04-17,Headphones,Home,West,SP008,16.0,1319.86,10.0,19005.98,4.0
102890,2024-02-26,Headphones,Home,South,SP046,16.0,1951.35,5.0,29660.52,5.0
102891,2025-12-31,Book,Clothing,West,SP012,12.0,25.6,20.0,245.76,2.0
102892,2024-10-04,Shoes,Clothing,North,SP014,14.0,184.81,15.0,2199.24,2.0
102893,2025-02-24,Watch,Home,North,SP028,4.0,29.8,20.0,95.36,3.0
102894,2024-05-20,Book,Home,East,SP008,7.0,1432.26,15.0,8521.95,2.0
102895,2025-04-15,,Beauty,East,SP031,6.0,930.52,25.0,4187.34,4.0
102896,2024-02-02,Watch,Beauty,East,SP012,14.0,1718.01,5.0,22849.53,5.0
102897,2024-02-16,Bag,Home,East,SP007,9.0,1760.6,0.0,15845.4,5.0
102898,2025-07-17,Bag,Beauty,South,SP012,15.0,44.45,0.0,666.75,3.0
102899,2025-12-15,Watch,Beauty,South,SP029,6.0,87.15,5.0,496.76,3.0
102900,2024-09-30,Shoes,Clothing,East,SP023,9.0,160.15,15.0,1225.15,4.0
102901,2024-12-09,Camera,Home,West,SP037,7.0,1004.46,15.0,5976.54,1.0
102902,2024-06-18,Book,Books,South,SP025,12.0,1748.92,20.0,16789.63,2.0
102903,2025-03-04,Bag,Clothing,South,SP034,18.0,1137.8,10.0,18432.36,4.0
102904,2025-12-24,Laptop,Beauty,East,SP015,9.0,131.12,0.0,1180.08,5.0
102905,2024-12-11,Shoes,Electronics,West,SP047,11.0,966.01,10.0,9563.5,3.0
102906,2024-08-28,Laptop,Electronics,South,SP031,11.0,1561.56,20.0,13741.73,5.0
102907,2024-03-20,Watch,Sports,West,SP048,9.0,1345.56,0.0,12110.04,
102908,2024-10-27,Watch,Home,South,SP030,8.0,913.94,20.0,5849.22,1.0
102909,2025-02-09,Book,Sports,East,SP027,13.0,169.3,15.0,1870.77,4.0
102910,2024-05-14,Mixer,Electronics,East,SP043,13.0,1511.26,15.0,16699.42,3.0
102911,2025-12-11,Camera,Beauty,North,SP004,3.0,1041.34,,2499.22,
102912,2025-04-08,Camera,Electronics,North,SP050,16.0,1849.38,5.0,28110.58,5.0
102913,2024-11-11,Mixer,Sports,North,SP019,11.0,86.81,15.0,811.67,2.0
102914,2025-01-07,Laptop,Home,North,SP015,14.0,1507.03,15.0,17933.66,
102915,2025-03-30,Mixer,Clothing,,SP002,9.0,1830.12,20.0,13176.86,4.0
102916,2025-05-09,,Sports,North,SP036,15.0,1333.41,0.0,20001.15,2.0
102917,2024-07-06,Camera,Books,East,SP050,6.0,844.16,15.0,4305.22,1.0
102918,2025-09-21,Mixer,Books,West,SP022,1.0,1543.34,15.0,1311.84,2.0
102919,2025-05-29,Headphones,Sports,South,SP037,11.0,1354.12,0.0,14895.32,4.0
102920,2024-07-28,Mixer,Books,West,SP026,,1361.08,5.0,12930.26,1.0
102921,2024-11-18,Watch,Beauty,South,SP009,11.0,1697.08,25.0,14000.91,1.0
102922,2025-12-12,Mixer,Sports,North,SP035,15.0,122.07,25.0,1373.29,4.0
102923,2025-11-30,Chair,Clothing,North,SP049,15.0,64.33,15.0,820.21,1.0
102924,2025-02-15,Laptop,Sports,South,SP038,6.0,1157.87,25.0,5210.41,5.0
102925,2024-06-30,Camera,Beauty,South,SP032,,1679.41,0.0,28549.97,1.0
102926,2025-07-29,Chair,Clothing,West,SP006,5.0,840.27,10.0,3781.22,4.0
102927,2024-01-07,Camera,Home,South,SP026,18.0,848.66,10.0,13748.29,5.0
102928,2024-10-25,Camera,Beauty,South,SP006,6.0,65.26,25.0,293.67,2.0
102929,2024-11-30,Camera,Books,North,SP008,10.0,1375.74,25.0,10318.05,3.0
102930,2025-01-02,Bag,Electronics,West,SP039,19.0,1222.94,15.0,19750.48,2.0
102931,2024-03-06,Bag,Clothing,North,SP024,20.0,683.26,20.0,10932.16,3.0
102932,2025-09-13,Chair,Beauty,East,SP043,17.0,329.0,10.0,5033.7,2.0
102933,2024-02-25,Phone,Sports,North,SP027,5.0,1566.71,25.0,5875.16,4.0
102934,2025-05-29,Watch,Books,South,SP044,1.0,775.8,15.0,659.43,1.0
102935,2024-12-17,Phone,Sports,East,SP050,17.0,1161.9,0.0,19752.3,5.0
102936,2025-11-04,Mixer,Electronics,East,SP001,5.0,1803.0,25.0,6761.25,2.0
102937,2025-04-04,Camera,Clothing,West,SP041,2.0,233.3,0.0,466.6,3.0
102938,2024-02-13,Laptop,Beauty,North,SP034,15.0,1760.27,5.0,25083.85,1.0
102939,2025-04-10,Shoes,Beauty,,SP036,6.0,807.21,20.0,3874.61,2.0
102940,2025-10-28,Book,Electronics,North,SP030,10.0,1666.68,20.0,13333.44,2.0
102941,2025-06-12,,Clothing,West,SP041,17.0,1321.24,10.0,20214.97,3.0
102942,2024-03-31,Headphones,Beauty,North,SP047,3.0,840.8,0.0,2522.4,5.0
102943,2025-01-29,Headphones,Sports,,SP001,4.0,347.12,15.0,1180.21,5.0
102944,2024-02-03,Chair,Beauty,North,SP030,17.0,271.27,0.0,4611.59,1.0
102945,2025-10-12,Chair,Books,East,SP018,6.0,1988.56,15.0,10141.66,3.0
102946,2024-08-11,Shoes,Books,East,SP022,11.0,1607.12,15.0,15026.57,5.0
102947,2025-11-27,Shoes,Electronics,East,SP043,,1800.48,0.0,28807.68,2.0
102948,2024-11-01,Chair,Sports,North,SP038,6.0,1316.97,10.0,7111.64,1.0
102949,2024-06-08,Laptop,Clothing,East,SP037,8.0,919.77,5.0,6990.25,4.0
102950,2025-02-18,Bag,Electronics,South,SP049,2.0,503.6,15.0,856.12,3.0
102951,2024-09-05,Watch,Electronics,East,SP023,,639.9,25.0,6239.02,2.0
102952,2025-12-16,Mixer,Sports,East,SP050,14.0,515.41,0.0,7215.74,3.0
102953,2025-11-26,Watch,Beauty,South,SP008,1.0,1941.94,15.0,1650.65,3.0
102954,2025-08-06,Mixer,Home,East,SP046,15.0,1996.16,5.0,28445.28,4.0
102955,2025-02-24,Chair,Sports,North,SP025,5.0,1998.13,5.0,9491.12,4.0
102956,2025-04-19,Headphones,Home,North,SP009,20.0,1552.05,20.0,24832.8,3.0
102957,2025-08-18,Shoes,Clothing,North,SP017,10.0,1136.06,15.0,9656.51,2.0
102958,2025-09-11,Headphones,Beauty,South,SP001,17.0,776.97,,12548.07,4.0
102959,2025-03-02,Camera,Beauty,West,SP012,13.0,149.98,15.0,1657.28,2.0
102960,2024-12-19,Camera,Books,South,SP038,13.0,1222.49,20.0,12713.9,5.0
102961,2025-07-15,Bag,Sports,West,SP046,8.0,434.6,20.0,2781.44,4.0
102962,2025-04-06,Laptop,Home,North,SP016,20.0,378.65,15.0,6437.05,3.0
102963,2025-06-21,Camera,Clothing,North,SP021,6.0,102.47,10.0,553.34,2.0
102964,2025-09-09,Phone,Clothing,South,SP026,17.0,1493.34,20.0,20309.42,1.0
102965,2024-01-31,Watch,Electronics,West,SP026,1.0,1794.13,10.0,1614.72,2.0
102966,2025-09-23,Chair,Electronics,East,SP047,3.0,1913.39,10.0,5166.15,5.0
102967,2024-03-13,Chair,Beauty,West,SP021,7.0,,0.0,4231.78,
102968,2025-10-12,Camera,Beauty,West,SP042,18.0,942.8,0.0,16970.4,3.0
102969,2025-11-18,Shoes,Home,North,SP022,13.0,597.76,25.0,5828.16,5.0
102970,2025-12-27,Chair,Home,South,SP002,5.0,115.94,5.0,550.72,5.0
102971,2025-05-11,Camera,Home,West,SP009,14.0,859.07,0.0,12026.98,5.0
102972,2025-07-12,Headphones,Beauty,South,SP001,2.0,1299.82,10.0,2339.68,1.0
102973,2025-04-30,Bag,Beauty,West,SP027,12.0,495.78,,5949.36,1.0
102974,2025-06-22,Shoes,Books,East,SP001,14.0,1145.88,,13635.97,3.0
102975,2024-09-10,Shoes,Home,South,SP005,,984.05,0.0,9840.5,2.0
102976,2025-05-08,Phone,Electronics,North,SP032,20.0,634.92,15.0,10793.64,4.0
102977,2025-05-22,,Home,North,SP015,7.0,1286.52,0.0,9005.64,4.0
102978,2024-03-29,Laptop,Clothing,East,SP040,19.0,1524.78,5.0,27522.28,5.0
102979,2025-09-03,Bag,Clothing,South,SP030,3.0,1183.62,20.0,2840.69,1.0
102980,2024-07-13,Watch,Home,West,SP019,10.0,1464.87,10.0,13183.83,5.0
102981,2025-09-15,Headphones,Electronics,West,SP048,1.0,1560.56,15.0,1326.48,5.0
102982,2025-03-01,Phone,Electronics,West,SP027,5.0,1550.06,10.0,6975.27,3.0
102983,2024-03-19,Laptop,Books,East,SP006,20.0,147.23,15.0,2502.91,4.0
102984,2025-12-12,Mixer,Beauty,East,SP006,8.0,1922.22,5.0,14608.87,3.0
102985,2024-12-26,Laptop,Beauty,North,SP036,13.0,389.21,10.0,4553.76,3.0
102986,2025-06-05,Phone,Books,North,SP021,1.0,691.9,,553.52,4.0
102987,2024-09-23,Headphones,Books,East,SP016,9.0,1438.03,20.0,10353.82,5.0
102988,2025-11-13,Bag,Sports,North,SP004,4.0,1844.04,0.0,7376.16,3.0
102989,2024-01-12,Watch,Home,East,SP008,19.0,495.43,0.0,9413.17,5.0
102990,2024-10-09,Camera,Books,South,SP012,1.0,1988.95,5.0,1889.5,1.0
102991,2025-07-06,Headphones,Sports,South,SP050,1.0,1363.54,20.0,1090.83,1.0
102992,2024-09-01,Mixer,Sports,East,SP041,17.0,746.63,20.0,10154.17,1.0
102993,2025-11-06,Shoes,Sports,East,SP011,15.0,1070.69,0.0,16060.35,5.0
102994,2025-12-15,Watch,Books,West,SP046,11.0,185.63,15.0,1735.64,5.0
102995,2024-07-30,Headphones,Clothing,South,SP004,7.0,1446.14,10.0,9110.68,2.0
102996,2025-09-11,Mixer,Beauty,North,SP049,15.0,603.46,0.0,9051.9,4.0
102997,2025-05-14,Mixer,Sports,North,SP039,2.0,1013.65,20.0,1621.84,
102998,2024-02-12,Phone,Beauty,East,SP015,4.0,1200.97,20.0,3843.1,1.0
102999,2024-04-04,Headphones,Sports,North,SP007,7.0,1363.1,5.0,9064.61,3.0
103000,2025-07-04,Laptop,Home,South,SP026,9.0,1109.32,20.0,7987.1,2.0
103001,2024-07-09,Headphones,Electronics,East,SP030,4.0,227.32,25.0,681.96,2.0
103002,2024-05-30,Bag,Books,North,SP031,1.0,630.51,20.0,504.41,4.0
103003,2024-10-06,Bag,Books,North,SP035,,,10.0,15376.82,2.0
103004,2025-10-17,Watch,Sports,North,SP040,7.0,164.46,0.0,1151.22,5.0
103005,2024-12-13,Bag,Sports,West,SP009,,1155.28,15.0,7855.9,
103006,2024-07-03,Headphones,Electronics,East,SP015,8.0,,20.0,4203.52,1.0
103007,2024-05-21,Watch,Electronics,South,SP024,,151.98,20.0,1580.59,4.0
103008,2025-07-22,Mixer,Sports,North,SP022,15.0,16.85,15.0,214.84,1.0
103009,2025-02-06,Chair,Sports,North,SP024,8.0,87.85,15.0,597.38,1.0
103010,2024-05-12,,Home,North,SP040,17.0,1774.76,0.0,30170.92,5.0
103011,2025-08-24,Camera,Electronics,North,SP011,4.0,26.84,5.0,101.99,1.0
103012,2024-08-30,Laptop,Beauty,East,SP022,1.0,290.61,5.0,276.08,2.0
103013,2025-12-06,Book,Beauty,West,SP045,7.0,1535.95,15.0,9138.9,5.0
103014,2025-01-10,Shoes,Sports,North,SP004,8.0,1715.65,20.0,10980.16,5.0
103015,2025-06-30,Book,Sports,East,SP043,14.0,90.78,15.0,1080.28,3.0
103016,2024-09-20,Shoes,Electronics,East,SP019,9.0,1963.06,20.0,14134.03,5.0
103017,2025-09-11,Chair,Beauty,North,SP008,10.0,1388.5,10.0,12496.5,5.0
103018,2024-01-17,Camera,Sports,,SP041,18.0,,,3541.68,3.0
103019,2025-06-26,Book,Sports,West,SP011,7.0,570.37,10.0,3593.33,2.0
103020,2025-09-03,Camera,Sports,North,SP021,12.0,303.07,15.0,3091.31,4.0
103021,2025-01-24,Phone,Sports,South,SP020,1.0,473.29,15.0,402.3,5.0
103022,2025-03-09,Bag,Books,South,SP049,1.0,898.05,10.0,808.25,4.0
103023,2025-02-19,Phone,Home,East,SP002,1.0,266.51,10.0,239.86,1.0
103024,2025-01-18,Bag,Clothing,,SP028,7.0,1363.39,,9543.73,4.0
103025,2024-04-06,Mixer,Sports,North,SP024,11.0,,10.0,8408.86,2.0
103026,2024-07-02,Chair,Beauty,,SP020,9.0,607.93,5.0,5197.8,4.0
103027,2025-08-03,Watch,Books,East,SP014,9.0,117.95,15.0,902.32,1.0
103028,2025-11-27,Camera,Electronics,East,SP047,11.0,1390.32,15.0,12999.49,4.0
103029,2024-05-06,Mixer,Books,West,SP028,19.0,1867.48,0.0,35482.12,3.0
103030,2025-02-18,Headphones,Electronics,South,SP013,19.0,433.54,10.0,7413.53,3.0
103031,2025-12-31,Mixer,Sports,West,SP036,20.0,992.32,25.0,14884.8,
103032,2025-01-18,Chair,Books,West,SP031,15.0,103.11,5.0,1469.32,1.0
103033,2025-07-09,Phone,Beauty,South,SP011,9.0,492.5,0.0,4432.5,1.0
103034,2025-09-09,Chair,Clothing,South,SP045,12.0,867.81,5.0,9893.03,5.0
103035,2025-12-16,Shoes,Clothing,West,SP019,16.0,429.34,25.0,5152.08,3.0
103036,2024-02-10,Book,Clothing,South,SP026,6.0,1737.81,5.0,9905.52,4.0
103037,2025-01-20,Shoes,Home,South,SP029,20.0,1719.64,25.0,25794.6,4.0
103038,2024-08-30,Chair,Books,East,SP042,20.0,1866.44,5.0,35462.36,2.0
103039,2024-02-17,Laptop,Beauty,North,SP017,5.0,480.41,5.0,2281.95,1.0
103040,2024-03-07,Shoes,Beauty,East,SP019,14.0,1235.61,5.0,16433.61,2.0
103041,2024-08-05,Camera,Beauty,South,SP039,10.0,991.81,0.0,9918.1,1.0
103042,2025-11-19,Phone,Home,,SP045,16.0,666.14,10.0,9592.42,3.0
103043,2024-05-09,Book,Sports,North,SP013,13.0,119.87,15.0,1324.56,5.0
103044,2024-08-14,Headphones,Home,South,SP014,,,25.0,191.28,
103045,2024-07-07,Shoes,Clothing,West,SP029,14.0,1985.83,25.0,20851.22,
103046,2025-04-23,Headphones,Books,North,SP026,7.0,411.49,0.0,2880.43,4.0
103047,2024-11-01,Laptop,Clothing,East,SP004,16.0,61.41,15.0,835.18,2.0
103048,2025-01-22,Shoes,Beauty,East,SP009,2.0,673.44,10.0,1212.19,3.0
103049,2024-03-27,Watch,Books,North,SP009,2.0,1282.42,25.0,1923.63,
103050,2024-10-03,Bag,Home,,SP028,1.0,1352.42,15.0,1149.56,4.0
103051,2025-03-06,Headphones,Clothing,North,SP003,5.0,745.64,0.0,3728.2,2.0
103052,2025-12-24,,Books,West,SP017,13.0,385.87,20.0,4013.05,4.0
103053,2024-03-13,Book,Beauty,West,SP042,10.0,1149.48,10.0,10345.32,5.0
103054,2024-08-01,,Books,West,SP048,4.0,1047.82,5.0,3981.72,5.0
103055,2025-07-08,Phone,Home,West,SP003,9.0,1685.02,,12132.14,5.0
103056,2025-09-27,Watch,Beauty,South,SP010,11.0,1628.67,0.0,17915.37,
103057,2025-03-22,Chair,Beauty,East,SP025,10.0,436.87,5.0,4150.26,1.0
103058,2024-05-13,Camera,Books,North,SP043,4.0,318.11,20.0,1017.95,1.0
103059,2024-12-03,Chair,Home,North,SP001,20.0,580.19,10.0,10443.42,1.0
103060,2024-07-05,Shoes,Clothing,South,SP038,15.0,876.69,25.0,9862.76,5.0
103061,2025-12-21,Shoes,Books,South,SP022,10.0,1878.4,10.0,16905.6,4.0
103062,2025-04-17,Mixer,Beauty,South,SP009,,1393.69,0.0,23692.73,2.0
103063,2025-04-06,Bag,Electronics,,SP043,17.0,1287.71,25.0,16418.3,5.0
103064,2024-10-24,Headphones,Books,North,SP047,3.0,778.93,0.0,2336.79,2.0
103065,2025-12-15,Headphones,Home,West,SP048,9.0,1153.19,10.0,9340.84,5.0
103066,2025-09-05,Headphones,Electronics,East,SP033,18.0,1945.07,10.0,31510.13,4.0
103067,2025-12-04,Headphones,Clothing,South,SP001,15.0,1248.95,20.0,14987.4,5.0
103068,2025-03-31,Laptop,Beauty,North,SP037,5.0,406.65,0.0,2033.25,2.0
103069,2025-03-03,Laptop,Electronics,West,SP021,3.0,,5.0,2198.66,3.0
103070,2024-11-22,Watch,Home,West,SP043,15.0,1370.35,15.0,17471.96,5.0
103071,2025-02-12,Bag,Home,North,SP012,11.0,658.92,10.0,6523.31,3.0
103072,2025-04-26,Laptop,Sports,West,SP022,14.0,552.82,0.0,7739.48,5.0
103073,2025-02-28,Laptop,Home,North,SP027,17.0,1712.39,10.0,26199.57,
103074,2024-12-27,Shoes,Home,East,SP017,9.0,653.57,5.0,5588.02,1.0
103075,2025-06-08,Laptop,Clothing,South,SP013,19.0,1225.19,10.0,20950.75,5.0
103076,2025-02-20,Mixer,Clothing,East,SP031,18.0,1996.23,0.0,35932.14,1.0
103077,2024-03-06,Headphones,Clothing,North,SP040,15.0,44.66,5.0,636.4,3.0
103078,2024-10-01,Headphones,Electronics,South,SP003,5.0,1833.03,20.0,7332.12,3.0
103079,2024-02-19,Chair,Electronics,East,SP048,18.0,1224.87,,17638.13,1.0
103080,2024-08-05,Camera,Sports,North,SP039,9.0,1337.61,0.0,12038.49,4.0
103081,2025-09-02,Bag,Clothing,East,SP022,16.0,1736.67,20.0,22229.38,2.0
103082,2025-07-22,Headphones,Beauty,East,SP034,9.0,223.48,10.0,1810.19,1.0
103083,2024-11-01,Chair,Home,West,SP049,11.0,1829.17,15.0,17102.74,4.0
103084,2024-11-02,Camera,Home,West,SP041,17.0,1947.5,0.0,33107.5,2.0
103085,2025-08-09,Camera,Books,North,SP009,9.0,1355.28,10.0,10977.77,
103086,2024-01-02,Watch,Clothing,North,SP015,6.0,1435.87,10.0,7753.7,1.0
103087,2024-12-28,Book,Beauty,East,SP040,17.0,1202.93,5.0,19427.32,1.0
103088,2025-04-24,Laptop,Clothing,North,SP037,7.0,1689.55,5.0,11235.51,4.0
103089,2025-11-11,Headphones,Sports,East,SP040,15.0,944.97,20.0,11339.64,3.0
103090,2024-04-26,Watch,Books,South,SP013,10.0,138.05,15.0,1173.42,
103091,2025-05-27,Camera,Home,West,SP045,17.0,1510.46,5.0,24393.93,5.0
103092,2024-10-10,Chair,Books,South,SP011,4.0,1143.25,5.0,4344.35,4.0
103093,2024-02-01,Camera,Home,South,SP030,12.0,1446.53,15.0,14754.61,
103094,2025-05-07,Phone,Sports,South,SP045,,1856.54,5.0,17637.13,1.0
103095,2025-01-28,Chair,Books,,SP024,13.0,367.68,20.0,3823.87,1.0
103096,2025-06-26,Shoes,Home,South,SP025,3.0,940.13,20.0,2256.31,3.0
103097,2024-12-14,Mixer,Beauty,North,SP027,19.0,628.26,20.0,9549.55,2.0
103098,2024-08-29,Chair,Books,West,SP008,5.0,923.04,5.0,4384.44,4.0
103099,2025-10-01,Shoes,Clothing,South,SP031,17.0,1891.95,0.0,32163.15,5.0
103100,2024-02-27,Book,Home,West,SP004,,1418.32,15.0,2411.14,5.0
103101,2024-10-14,Book,Books,East,SP005,15.0,1968.94,20.0,23627.28,4.0
103102,2025-03-06,,Beauty,North,SP035,16.0,631.35,5.0,9596.52,5.0
103103,2025-10-01,Chair,Sports,North,SP023,2.0,1686.77,25.0,2530.15,5.0
103104,2024-03-07,Mixer,Beauty,East,SP024,11.0,990.75,0.0,10898.25,5.0
103105,2025-09-15,Chair,Beauty,East,SP036,13.0,339.46,,3530.38,5.0
103106,2025-03-29,Shoes,Electronics,West,SP026,14.0,414.7,0.0,5805.8,1.0
103107,2024-06-03,Phone,Clothing,North,SP041,8.0,1189.39,25.0,7136.34,5.0
103108,2024-01-29,Mixer,Electronics,South,SP037,11.0,1477.76,20.0,13004.29,5.0
103109,2025-06-19,Mixer,Clothing,North,SP042,13.0,1695.43,0.0,22040.59,4.0
103110,2024-01-08,Laptop,Electronics,North,SP030,13.0,779.11,20.0,8102.74,5.0
103111,2024-05-15,Camera,Beauty,South,SP025,8.0,964.69,5.0,7331.64,5.0
103112,2025-09-13,Mixer,Books,West,SP043,8.0,451.69,25.0,2710.14,3.0
103113,2025-09-14,Book,Electronics,West,SP032,15.0,1843.03,5.0,26263.18,3.0
103114,2025-04-16,Chair,Clothing,East,SP023,17.0,1230.3,20.0,16732.08,
103115,2024-01-14,Phone,Clothing,South,SP007,16.0,887.31,25.0,10647.72,3.0
103116,2024-12-03,Book,Sports,North,SP023,11.0,1266.09,25.0,10445.24,2.0
103117,2025-10-21,Camera,Books,South,SP034,3.0,1051.97,20.0,2524.73,
103118,2025-12-28,Book,Beauty,South,SP007,9.0,530.5,10.0,4297.05,1.0
103119,2024-11-14,Laptop,Books,,SP049,3.0,620.59,15.0,1582.5,2.0
103120,2024-08-20,Headphones,Beauty,West,SP008,11.0,1702.41,5.0,17790.18,3.0
103121,2025-10-04,Camera,Electronics,North,SP038,13.0,1639.18,20.0,17047.47,4.0
103122,2025-04-06,Shoes,Clothing,East,SP050,20.0,895.59,0.0,17911.8,3.0
103123,2024-12-31,,Sports,East,SP002,14.0,1027.19,10.0,12942.59,2.0
103124,2025-03-09,Phone,Sports,South,SP009,14.0,1907.79,0.0,26709.06,5.0
103125,2024-11-22,Mixer,Books,South,SP008,16.0,441.17,15.0,5999.91,3.0
103126,2025-08-19,Shoes,Beauty,,SP043,16.0,735.27,25.0,8823.24,4.0
103127,2024-08-27,Chair,Books,North,SP009,4.0,1020.54,20.0,3265.73,5.0
103128,2024-03-31,,Books,South,SP015,11.0,1120.63,25.0,9245.2,2.0
103129,2024-06-28,Book,Electronics,East,SP041,10.0,,25.0,1391.18,3.0
103130,2025-07-04,Laptop,Sports,South,SP020,8.0,1168.24,15.0,7944.03,3.0
103131,2025-01-28,,Books,North,SP023,16.0,1419.49,15.0,19305.06,5.0
103132,2024-12-31,Bag,Home,North,SP028,18.0,570.45,,10268.1,1.0
103133,2025-03-28,Shoes,Electronics,North,SP026,1.0,676.66,5.0,642.83,5.0
103134,2025-07-19,Phone,Clothing,East,SP018,3.0,1292.83,10.0,3490.64,4.0
103135,2025-01-30,Mixer,Clothing,West,SP029,2.0,1411.94,10.0,2541.49,3.0
103136,2024-01-27,Shoes,Beauty,West,SP019,5.0,1185.03,,4443.86,2.0
103137,2024-07-25,Book,Books,North,SP037,1.0,1624.76,15.0,1381.05,5.0
103138,2025-01-28,Headphones,Sports,West,SP030,6.0,237.57,5.0,1354.15,1.0
103139,2025-09-06,Headphones,Electronics,North,SP009,13.0,1979.95,15.0,21878.45,3.0
103140,2025-02-07,Shoes,Clothing,South,SP044,8.0,559.38,0.0,4475.04,2.0
103141,2024-10-02,,Clothing,West,SP028,20.0,1178.82,0.0,23576.4,5.0
103142,2024-08-14,Laptop,Electronics,West,SP029,14.0,979.0,20.0,10964.8,5.0
103143,2024-03-14,Watch,Sports,North,SP018,11.0,303.69,10.0,3006.53,3.0
103144,2024-01-28,Book,Electronics,West,SP020,20.0,332.59,5.0,6319.21,4.0
103145,2025-01-04,Headphones,Electronics,North,SP036,14.0,1763.96,5.0,23460.67,4.0
103146,2024-09-09,Chair,Electronics,East,SP048,16.0,1504.46,15.0,20460.66,4.0
103147,2025-09-19,Shoes,Sports,West,SP025,11.0,715.25,5.0,7474.36,3.0
103148,2024-04-04,Chair,Beauty,East,SP001,10.0,1217.67,0.0,12176.7,2.0
103149,2024-12-08,Chair,Home,East,SP044,11.0,131.77,25.0,1087.1,3.0
103150,2025-07-16,Mixer,Beauty,South,SP037,13.0,964.82,5.0,11915.53,1.0
103151,2024-11-03,Phone,Home,East,SP018,,1511.28,5.0,22971.46,4.0
103152,2025-12-13,Watch,Beauty,South,SP010,3.0,750.71,15.0,1914.31,
103153,2024-04-05,Bag,Beauty,West,SP038,4.0,525.13,20.0,1680.42,3.0
103154,2024-08-06,Laptop,Home,North,SP038,3.0,272.36,25.0,612.81,3.0
103155,2024-10-19,Headphones,Sports,North,SP033,8.0,884.42,25.0,5306.52,2.0
103156,2024-02-23,Laptop,Electronics,North,SP047,17.0,1609.76,20.0,21892.74,5.0
103157,2025-05-06,Camera,Electronics,East,SP006,8.0,176.12,5.0,1338.51,1.0
103158,2024-09-13,Headphones,Clothing,North,SP001,8.0,869.1,20.0,5562.24,4.0
103159,2025-07-15,Laptop,Beauty,West,SP041,,1099.84,0.0,3299.52,5.0
103160,2024-11-23,Bag,Electronics,West,SP042,14.0,605.88,10.0,7634.09,5.0
103161,2025-10-29,Camera,Books,South,SP016,1.0,289.86,15.0,246.38,
103162,2025-01-16,Chair,Electronics,West,SP003,9.0,362.52,25.0,2447.01,1.0
103163,2024-07-08,Headphones,Home,East,SP045,7.0,113.19,20.0,633.86,
103164,2025-11-22,Shoes,Home,North,SP007,11.0,1831.45,5.0,19138.65,3.0
103165,2024-06-06,,Electronics,East,SP005,1.0,810.41,15.0,688.85,3.0
103166,2024-11-23,Phone,Sports,West,SP016,19.0,1134.95,0.0,21564.05,2.0
103167,2025-06-15,Watch,Electronics,North,SP021,5.0,261.81,5.0,1243.6,2.0
103168,2025-08-24,Laptop,Home,West,SP009,5.0,372.46,5.0,1769.18,1.0
103169,2024-04-07,Phone,Clothing,East,SP035,20.0,1516.23,0.0,30324.6,3.0
103170,2024-08-02,,Books,South,SP024,8.0,1153.87,5.0,8769.41,2.0
103171,2025-06-13,Chair,Clothing,South,SP047,13.0,1910.94,0.0,24842.22,5.0
103172,2024-09-17,Watch,Home,South,SP014,11.0,1665.65,15.0,15573.83,3.0
103173,2024-07-09,Camera,Sports,West,SP001,17.0,802.46,10.0,12277.64,2.0
103174,2024-09-27,Chair,Home,South,SP048,19.0,1026.44,15.0,16577.01,1.0
103175,2025-08-20,Bag,Books,South,SP018,12.0,498.8,15.0,5087.76,5.0
103176,2025-07-17,Chair,Home,West,SP050,12.0,,15.0,3659.86,1.0
103177,2024-12-08,Book,Home,North,SP018,6.0,1994.57,15.0,10172.31,4.0
103178,2025-02-03,Mixer,Electronics,West,SP027,6.0,742.62,5.0,4232.93,3.0
103179,2024-04-17,Chair,Clothing,West,SP038,9.0,948.1,10.0,7679.61,3.0
103180,2024-06-12,Headphones,Sports,East,SP043,10.0,1756.92,10.0,15812.28,2.0
103181,2024-12-12,Headphones,Clothing,East,SP048,7.0,1124.58,25.0,5904.05,
103182,2024-06-06,Headphones,Sports,South,SP020,10.0,409.08,25.0,3068.1,1.0
103183,2024-12-12,Bag,Books,West,SP013,16.0,168.18,25.0,2018.16,5.0
103184,2024-08-17,Watch,Sports,East,SP033,11.0,546.55,25.0,4509.04,
103185,2024-09-09,Headphones,Books,South,SP019,19.0,57.14,0.0,1085.66,5.0
103186,2025-04-26,Camera,Beauty,,SP027,19.0,1279.64,20.0,19450.53,1.0
103187,2024-12-28,Phone,Electronics,West,SP033,8.0,1349.25,20.0,8635.2,2.0
103188,2025-12-12,Laptop,Sports,,SP031,15.0,181.33,5.0,2583.95,2.0
103189,2025-01-23,Laptop,Electronics,,SP035,2.0,945.7,5.0,1796.83,5.0
103190,2025-03-09,Laptop,Beauty,South,SP025,16.0,1918.06,25.0,23016.72,
103191,2025-08-10,Watch,Sports,South,SP038,7.0,240.06,0.0,1680.42,3.0
103192,2025-03-28,Watch,Clothing,South,SP025,13.0,371.97,25.0,3626.71,3.0
103193,2024-12-18,Camera,Electronics,West,SP009,13.0,414.2,5.0,5115.37,5.0
103194,2025-08-25,Camera,Home,North,SP043,10.0,27.64,15.0,234.94,1.0
103195,2024-07-04,Watch,Beauty,West,SP006,14.0,1406.52,15.0,16737.59,5.0
103196,2025-02-23,Headphones,Books,South,SP014,15.0,1979.2,0.0,29688.0,3.0
103197,2024-08-13,Headphones,Electronics,South,SP023,20.0,226.32,0.0,4526.4,5.0
103198,2024-01-29,Chair,Beauty,East,SP047,4.0,805.7,25.0,2417.1,5.0
103199,2024-02-04,Watch,Home,South,SP031,3.0,393.4,5.0,1121.19,4.0
103200,2025-05-08,Mixer,Electronics,East,SP003,7.0,1914.21,10.0,12059.52,5.0
103201,2025-07-12,Phone,Sports,West,SP039,9.0,181.78,0.0,1636.02,
103202,2024-02-08,Phone,Electronics,West,SP001,3.0,1987.98,,4771.15,3.0
103203,2025-08-15,Laptop,Electronics,East,SP042,19.0,1327.52,0.0,25222.88,2.0
103204,2024-02-09,Headphones,Electronics,West,SP035,5.0,1061.63,15.0,4511.93,1.0
103205,2024-03-15,Watch,Clothing,North,SP050,20.0,1206.43,5.0,22922.17,2.0
103206,2024-09-21,Watch,Beauty,East,SP010,,1791.16,,27404.75,1.0
103207,2024-08-02,Laptop,Books,West,SP037,11.0,398.98,15.0,3730.46,1.0
103208,2025-05-12,Headphones,Electronics,North,SP021,19.0,,20.0,3098.98,4.0
103209,2024-04-11,Chair,Clothing,North,SP038,3.0,1582.48,0.0,4747.44,3.0
103210,2024-01-17,,Clothing,North,SP019,5.0,610.39,15.0,2594.16,1.0
103211,2024-05-02,Watch,Home,South,SP032,5.0,,15.0,7146.63,1.0
103212,2025-09-14,Mixer,Home,West,SP025,7.0,1939.66,15.0,11540.98,3.0
103213,2025-03-14,Mixer,Electronics,North,SP041,7.0,1212.37,5.0,8062.26,4.0
103214,2024-11-04,Headphones,Electronics,East,SP011,20.0,1941.4,25.0,29121.0,2.0
103215,2025-10-18,Laptop,Electronics,South,SP006,5.0,242.35,10.0,1090.58,3.0
103216,2024-08-11,Headphones,Books,South,SP025,,107.54,20.0,946.35,1.0
103217,2025-02-20,Book,Clothing,East,SP012,18.0,510.28,10.0,8266.54,4.0
103218,2024-11-15,Book,Home,West,SP047,3.0,9.02,25.0,20.29,1.0
103219,2025-12-25,Camera,Home,East,SP028,15.0,1169.58,20.0,14034.96,4.0
103220,2025-09-11,Chair,Electronics,North,SP024,10.0,1015.83,20.0,8126.64,1.0
103221,2025-08-28,Headphones,Clothing,East,SP024,11.0,868.21,10.0,8595.28,5.0
103222,2024-10-30,Bag,Books,North,SP030,5.0,1704.22,5.0,8095.05,2.0
103223,2025-02-03,Book,Sports,East,SP002,13.0,270.87,25.0,2640.98,3.0
103224,2025-01-26,Laptop,Electronics,East,SP042,1.0,955.44,25.0,716.58,3.0
103225,2024-04-23,,Books,West,SP012,,15.16,15.0,103.09,3.0
103226,2024-02-11,Laptop,Electronics,West,SP027,17.0,,0.0,15179.81,5.0
103227,2025-09-05,Bag,Clothing,South,SP001,,1346.27,0.0,2692.54,4.0
103228,2025-02-21,Phone,Electronics,East,SP043,6.0,388.39,25.0,1747.76,2.0
103229,2024-05-23,Shoes,Clothing,South,SP019,8.0,289.94,5.0,2203.54,
103230,2025-07-02,Mixer,Clothing,East,SP039,9.0,944.73,5.0,8077.44,5.0
103231,2025-09-01,Phone,Electronics,East,SP029,10.0,,10.0,618.66,5.0
103232,2024-04-28,Phone,Clothing,East,SP043,8.0,,0.0,5993.52,1.0
103233,2024-11-17,Shoes,Clothing,South,SP001,7.0,640.78,15.0,3812.64,4.0
103234,2024-10-23,Book,Sports,North,SP039,4.0,1280.92,,3842.76,4.0
103235,2025-06-20,Laptop,Electronics,North,SP020,8.0,63.28,20.0,404.99,1.0
103236,2025-09-28,Book,Clothing,East,SP005,10.0,1820.52,25.0,13653.9,5.0
103237,2024-12-06,Phone,Books,East,SP019,5.0,1574.35,20.0,6297.4,4.0
103238,2025-07-23,,Beauty,North,SP012,14.0,,10.0,20169.32,1.0
103239,2025-10-18,Chair,Electronics,West,SP015,17.0,1349.9,20.0,18358.64,3.0
103240,2025-05-24,Chair,Sports,North,SP043,18.0,1286.74,0.0,23161.32,2.0
103241,2024-04-09,Bag,Home,South,SP047,8.0,1648.7,20.0,10551.68,4.0
103242,2025-09-02,Mixer,Home,East,SP032,,32.41,10.0,554.21,3.0
103243,2025-08-29,Mixer,Home,South,SP037,19.0,615.59,0.0,11696.21,1.0
103244,2025-03-05,Laptop,Books,East,SP023,20.0,1929.67,20.0,30874.72,2.0
103245,2025-06-16,Laptop,Sports,North,SP047,20.0,1603.0,15.0,27251.0,1.0
103246,2025-02-01,Chair,Sports,East,SP024,11.0,843.66,5.0,8816.25,4.0
103247,2024-02-14,Bag,Sports,North,SP015,3.0,801.15,,2283.28,4.0
103248,2025-11-10,Mixer,Electronics,South,SP023,18.0,142.88,20.0,2057.47,2.0
103249,2025-10-12,Bag,Books,West,SP040,1.0,1026.5,5.0,975.17,5.0
103250,2024-06-13,Watch,Home,West,SP050,20.0,1698.51,10.0,30573.18,4.0
103251,2024-07-03,Mixer,Home,South,SP016,11.0,1606.4,0.0,17670.4,2.0
103252,2024-09-13,Laptop,Electronics,East,SP006,6.0,429.12,20.0,2059.78,4.0
103253,2025-12-27,Book,Home,South,SP026,5.0,619.09,25.0,2321.59,5.0
103254,2024-04-20,Bag,Home,North,SP025,11.0,1071.48,10.0,10607.65,2.0
103255,2025-05-25,Shoes,Home,South,SP024,19.0,1618.94,0.0,30759.86,4.0
103256,2024-03-03,Chair,Books,South,SP040,,1993.52,5.0,15150.75,3.0
103257,2025-11-22,Chair,Electronics,East,SP041,20.0,585.78,5.0,11129.82,5.0
103258,2024-05-22,Watch,Electronics,South,SP039,17.0,776.82,0.0,13205.94,4.0
103259,2025-02-05,Camera,Beauty,North,SP029,6.0,1810.12,25.0,8145.54,2.0
103260,2024-04-11,Camera,Clothing,South,SP002,16.0,594.5,5.0,9036.4,3.0
103261,2024-03-30,Phone,Home,South,SP038,14.0,930.7,5.0,12378.31,2.0
103262,2025-02-19,Laptop,Sports,South,SP009,13.0,1210.23,15.0,13373.04,3.0
103263,2024-02-03,Camera,Clothing,North,SP020,7.0,246.61,5.0,1639.96,5.0
103264,2025-01-01,Headphones,Electronics,North,SP007,1.0,373.97,0.0,373.97,
103265,2024-09-02,Chair,Sports,West,SP006,8.0,427.23,20.0,2734.27,5.0
103266,2024-03-04,Shoes,Books,East,SP028,1.0,120.98,0.0,120.98,1.0
103267,2025-01-20,Headphones,Books,East,SP045,5.0,372.49,10.0,1676.21,4.0
103268,2024-03-06,Camera,Home,North,SP047,17.0,1481.22,10.0,22662.67,4.0
103269,2025-08-16,Chair,Electronics,East,SP050,20.0,1624.73,5.0,30869.87,3.0
103270,2024-08-10,Headphones,Books,West,SP030,5.0,1487.09,0.0,7435.45,5.0
103271,2024-03-18,Bag,Books,East,SP016,10.0,666.34,10.0,5997.06,4.0
103272,2024-01-14,,Books,North,SP006,4.0,1231.8,10.0,4434.48,4.0
103273,2025-05-25,Headphones,Home,North,SP023,14.0,1938.55,25.0,20354.78,2.0
103274,2025-11-05,Phone,Clothing,North,SP037,16.0,1297.96,15.0,17652.26,2.0
103275,2025-07-21,Book,Sports,North,SP027,3.0,1643.63,25.0,3698.17,1.0
103276,2025-10-01,Phone,Books,North,SP026,2.0,315.98,5.0,600.36,4.0
103277,2025-10-03,Laptop,Sports,West,SP041,18.0,1361.11,15.0,20824.98,
103278,2024-07-28,Chair,Books,West,SP008,11.0,495.92,5.0,5182.36,5.0
103279,2024-12-30,Headphones,Books,East,SP042,19.0,314.85,5.0,5683.04,5.0
103280,2025-01-11,Phone,Electronics,East,SP010,14.0,445.24,15.0,5298.36,5.0
103281,2024-11-15,Chair,Sports,East,SP050,7.0,48.04,0.0,336.28,2.0
103282,2025-08-06,Shoes,Clothing,North,SP014,18.0,1131.38,25.0,15273.63,2.0
103283,2024-09-22,Mixer,Sports,West,SP040,14.0,692.44,25.0,7270.62,2.0
103284,2024-05-09,,Electronics,West,SP043,16.0,1511.16,20.0,19342.85,5.0
103285,2024-07-25,Phone,Home,South,SP034,16.0,828.41,20.0,10603.65,2.0
103286,2024-02-12,Laptop,Sports,East,SP011,4.0,201.23,10.0,724.43,4.0
103287,2025-02-06,Chair,Home,North,SP010,10.0,372.06,15.0,3162.51,4.0
103288,2024-07-06,Chair,Clothing,West,SP024,9.0,635.27,10.0,5145.69,4.0
103289,2024-11-17,Watch,Beauty,West,SP033,13.0,1229.12,15.0,13581.78,3.0
103290,2025-08-25,Camera,Home,East,SP008,14.0,323.69,10.0,4078.49,1.0
103291,2024-11-10,Laptop,Sports,,SP037,14.0,1252.82,10.0,15785.53,4.0
103292,2024-11-30,Phone,Clothing,North,SP027,13.0,1069.99,10.0,12518.88,2.0
103293,2025-04-03,Camera,Clothing,East,SP045,,1423.37,5.0,18930.82,
103294,2025-09-20,Watch,Books,East,SP009,15.0,1170.69,5.0,16682.33,1.0
103295,2024-05-14,Book,Electronics,South,SP010,,224.94,15.0,3632.78,2.0
103296,2024-10-26,Laptop,Home,East,SP032,16.0,925.63,25.0,11107.56,5.0
103297,2025-04-19,Watch,Books,North,SP030,5.0,750.29,20.0,3001.16,1.0
103298,2024-07-27,Shoes,Electronics,,SP029,8.0,1301.21,20.0,8327.74,5.0
103299,2025-11-27,Bag,Books,South,SP045,5.0,1549.47,5.0,7359.98,1.0
103300,2025-08-04,Headphones,Sports,West,SP050,9.0,636.73,25.0,4297.93,4.0
103301,2024-01-13,Chair,Books,South,SP034,13.0,398.28,25.0,3883.23,4.0
103302,2024-07-24,Shoes,Electronics,North,SP047,1.0,230.08,5.0,218.58,5.0
103303,2024-10-26,Headphones,Home,South,SP014,17.0,1836.62,5.0,29661.41,2.0
103304,2025-03-09,,Beauty,South,SP045,15.0,1353.01,15.0,17250.88,5.0
103305,2025-09-11,Phone,Books,South,SP025,13.0,1000.04,25.0,9750.39,1.0
103306,2024-12-09,Headphones,Beauty,South,SP002,9.0,1215.15,10.0,9842.72,5.0
103307,2025-01-14,Laptop,Electronics,South,SP010,14.0,563.46,25.0,5916.33,3.0
103308,2025-09-28,Camera,Clothing,East,SP004,12.0,1528.38,0.0,18340.56,1.0
103309,2024-03-20,Headphones,Electronics,West,SP023,4.0,,10.0,6474.06,5.0
103310,2025-12-08,Chair,Beauty,North,SP019,2.0,1084.08,0.0,2168.16,3.0
103311,2025-10-15,Watch,Clothing,North,SP023,3.0,127.2,0.0,381.6,4.0
103312,2025-01-29,Chair,Home,,SP034,17.0,683.16,25.0,8710.29,1.0
103313,2024-10-08,Watch,Sports,East,SP023,17.0,1293.22,15.0,18687.03,5.0
103314,2024-02-21,Laptop,Electronics,West,SP034,7.0,88.92,25.0,466.83,
103315,2025-01-25,Bag,Beauty,East,SP003,10.0,897.52,15.0,7628.92,1.0
103316,2025-09-14,Phone,Sports,South,SP031,2.0,313.76,15.0,533.39,1.0
103317,2025-03-22,Headphones,Sports,West,SP008,3.0,217.87,20.0,522.89,1.0
103318,2025-08-05,Bag,Home,South,SP043,19.0,942.7,15.0,15224.6,2.0
103319,2024-06-12,Book,Electronics,East,SP035,14.0,136.02,0.0,1904.28,2.0
103320,2025-01-18,Mixer,Electronics,East,SP028,7.0,514.89,25.0,2703.17,3.0
103321,2025-03-26,Book,Clothing,South,SP038,5.0,1093.14,5.0,5192.42,5.0
103322,2025-06-05,Headphones,Books,South,SP007,6.0,568.17,15.0,2897.67,4.0
103323,2025-12-18,Phone,Books,East,SP035,16.0,673.63,0.0,10778.08,3.0
103324,2025-03-11,Chair,Electronics,South,SP001,14.0,,20.0,12301.74,2.0
103325,2025-06-11,Shoes,Sports,West,SP028,11.0,412.99,15.0,3861.46,5.0
103326,2025-07-27,Book,Books,North,SP011,8.0,,0.0,4110.56,3.0
103327,2024-05-08,Headphones,Electronics,South,SP001,17.0,,10.0,11389.01,5.0
103328,2025-04-23,Mixer,Beauty,West,SP009,7.0,1883.05,0.0,13181.35,1.0
103329,2025-10-16,Mixer,Books,South,SP031,15.0,1532.22,5.0,21834.13,4.0
103330,2025-04-25,Phone,Beauty,East,SP009,15.0,1840.11,0.0,27601.65,
103331,2024-05-11,Chair,Electronics,North,SP001,16.0,1306.68,15.0,17770.85,4.0
103332,2024-03-25,Watch,Clothing,South,SP019,5.0,,5.0,717.25,3.0
103333,2025-05-15,,Books,West,SP045,7.0,1777.45,0.0,12442.15,4.0
103334,2025-04-25,Headphones,Electronics,,SP007,4.0,1516.0,25.0,4548.0,4.0
103335,2025-01-08,Headphones,Sports,West,SP019,20.0,871.83,15.0,14821.11,1.0
103336,2025-09-13,Mixer,Clothing,South,SP019,20.0,1448.24,15.0,24620.08,3.0
103337,2024-01-17,Shoes,Clothing,East,SP009,1.0,1231.91,10.0,1108.72,4.0
103338,2025-11-29,Camera,Clothing,South,SP009,12.0,396.57,15.0,4045.01,1.0
103339,2025-08-16,Camera,Books,North,SP030,3.0,1521.68,5.0,4336.79,1.0
103340,2025-01-05,Headphones,Electronics,North,SP022,10.0,959.09,5.0,9111.35,4.0
103341,2025-10-17,Laptop,Books,North,SP003,19.0,233.01,10.0,3984.47,1.0
103342,2025-02-10,Mixer,Electronics,South,SP026,5.0,841.02,0.0,4205.1,3.0
103343,2025-07-27,Watch,Sports,East,SP039,19.0,1436.95,,20476.54,4.0
103344,2025-07-23,Mixer,Beauty,South,SP023,7.0,445.21,10.0,2804.82,4.0
103345,2024-04-01,Camera,Sports,West,SP037,20.0,377.85,10.0,6801.3,1.0
103346,2024-09-15,Mixer,Sports,West,SP019,13.0,488.72,25.0,4765.02,2.0
103347,2024-06-08,Bag,Books,South,SP043,1.0,1753.81,0.0,1753.81,4.0
103348,2025-03-09,Shoes,Home,,SP035,12.0,296.77,,2848.99,3.0
103349,2024-09-27,Bag,Books,South,SP019,19.0,1803.78,25.0,25703.86,1.0
103350,2024-02-10,Shoes,Electronics,West,SP043,2.0,1379.97,25.0,2069.95,1.0
103351,2024-03-29,Laptop,Home,North,SP038,10.0,1334.75,15.0,11345.38,1.0
103352,2025-07-26,Bag,Electronics,West,SP042,11.0,563.21,5.0,5885.54,2.0
103353,2024-02-28,Headphones,Books,South,SP025,7.0,1976.76,10.0,12453.59,5.0
103354,2025-12-30,Laptop,Electronics,North,SP038,7.0,1624.59,,11372.13,1.0
103355,2025-06-22,Mixer,Sports,North,SP047,20.0,1179.35,0.0,23587.0,1.0
103356,2024-11-13,Mixer,Books,South,SP022,18.0,1934.52,5.0,33080.29,3.0
103357,2024-03-07,Shoes,Beauty,North,SP040,11.0,1089.79,20.0,9590.15,2.0
103358,2024-02-20,Bag,Sports,West,SP006,9.0,1414.02,25.0,9544.64,2.0
103359,2025-03-03,Laptop,Beauty,North,SP009,13.0,344.94,25.0,3363.16,2.0
103360,2025-11-21,Camera,Home,West,SP045,14.0,1042.23,10.0,13132.1,3.0
103361,2025-04-13,Chair,Electronics,North,SP003,1.0,1744.27,25.0,1308.2,3.0
103362,2025-11-28,Chair,Electronics,West,SP032,18.0,1894.02,25.0,25569.27,2.0
103363,2025-09-11,Shoes,Electronics,North,SP048,15.0,1239.37,10.0,16731.49,3.0
103364,2024-05-23,Headphones,Books,,SP042,,1214.78,15.0,14455.88,1.0
103365,2024-04-16,Bag,Books,North,SP033,13.0,1625.53,15.0,17962.11,4.0
103366,2025-05-05,Mixer,Beauty,South,SP027,13.0,1740.12,5.0,21490.48,2.0
103367,2025-03-18,Book,Electronics,North,SP047,,1054.3,25.0,14233.05,
103368,2025-10-17,Shoes,Beauty,South,SP012,6.0,,15.0,4704.65,4.0
103369,2025-03-18,Mixer,Electronics,South,SP029,14.0,890.49,25.0,9350.15,4.0
103370,2024-03-28,Shoes,Clothing,North,SP030,13.0,1979.07,10.0,23155.12,3.0
103371,2025-08-17,Camera,Beauty,North,SP009,19.0,487.47,10.0,8335.74,3.0
103372,2024-12-15,Shoes,Sports,East,SP039,20.0,955.86,,16249.62,4.0
103373,2025-01-24,Mixer,Home,North,SP021,10.0,54.75,5.0,520.12,1.0
103374,2024-03-15,Phone,Sports,East,SP031,10.0,253.97,15.0,2158.74,5.0
103375,2025-08-19,Camera,Home,West,SP023,7.0,1145.46,5.0,7617.31,1.0
103376,2025-07-01,Phone,Home,West,SP003,18.0,885.6,25.0,11955.6,1.0
103377,2025-10-29,Camera,Clothing,East,SP018,12.0,1548.87,0.0,18586.44,5.0
103378,2025-12-21,,Sports,East,SP041,6.0,1048.09,15.0,5345.26,4.0
103379,2024-02-20,Camera,Clothing,North,SP008,8.0,1286.91,5.0,9780.52,1.0
103380,2024-06-02,Mixer,Sports,,SP032,11.0,1269.07,0.0,13959.77,3.0
103381,2024-06-24,Headphones,Books,East,SP010,19.0,1509.7,0.0,28684.3,2.0
103382,2024-06-14,Camera,Clothing,North,SP041,8.0,1702.71,15.0,11578.43,5.0
103383,2024-01-17,Laptop,Sports,South,SP002,13.0,340.46,0.0,4425.98,2.0
103384,2024-09-24,Headphones,Clothing,East,SP045,6.0,1809.87,25.0,8144.41,5.0
103385,2025-04-07,Watch,Electronics,East,SP032,12.0,482.24,25.0,4340.16,
103386,2025-10-19,Camera,Home,West,SP044,9.0,613.63,25.0,4142.0,4.0
103387,2024-09-18,Bag,Clothing,East,SP042,2.0,1442.12,20.0,2307.39,3.0
103388,2024-09-16,Phone,Home,West,SP042,12.0,441.65,10.0,4769.82,4.0
103389,2025-07-16,Book,Beauty,South,SP043,,1327.01,15.0,20303.25,3.0
103390,2025-06-02,Chair,Books,East,SP042,7.0,1574.17,20.0,8815.35,5.0
103391,2025-03-15,Chair,Sports,West,SP020,6.0,1710.08,15.0,8721.41,5.0
103392,2024-11-16,Bag,Sports,East,SP034,8.0,312.74,25.0,1876.44,4.0
103393,2024-01-05,Chair,Clothing,West,SP050,17.0,1802.68,10.0,27581.0,5.0
103394,2025-07-28,Watch,Home,South,SP047,7.0,1315.49,25.0,6906.32,4.0
103395,2025-09-03,Book,Electronics,East,SP021,11.0,1733.71,0.0,19070.81,1.0
103396,2025-01-04,Watch,Sports,West,SP011,2.0,1193.78,20.0,1910.05,1.0
103397,2024-02-22,Camera,Clothing,North,SP045,15.0,398.16,5.0,5673.78,4.0
103398,2025-04-02,Shoes,Beauty,East,SP018,8.0,1829.78,15.0,12442.5,3.0
103399,2025-11-13,Phone,Sports,South,SP022,1.0,487.17,0.0,487.17,5.0
103400,2024-12-25,Shoes,Books,North,SP020,4.0,711.92,25.0,2135.76,3.0
103401,2024-01-24,Watch,Clothing,East,SP015,6.0,1919.05,0.0,11514.3,1.0
103402,2024-05-22,Chair,Clothing,West,SP040,15.0,1195.27,25.0,13446.79,3.0
103403,2024-07-11,Phone,Electronics,South,SP016,3.0,1595.99,25.0,3590.98,3.0
103404,2025-08-12,Headphones,Home,South,SP030,1.0,553.17,5.0,525.51,
103405,2024-06-01,Headphones,Clothing,East,SP008,18.0,871.09,25.0,11759.72,1.0
103406,2025-06-20,Chair,Beauty,East,SP023,12.0,994.34,20.0,9545.66,3.0
103407,2024-12-16,Laptop,Beauty,North,SP038,3.0,522.79,15.0,1333.11,2.0
103408,2024-11-27,Watch,Home,East,SP021,4.0,161.39,25.0,484.17,2.0
103409,2025-12-06,Shoes,Sports,South,SP035,,1398.58,15.0,17831.89,1.0
103410,2025-03-01,Watch,Sports,North,SP009,15.0,403.59,15.0,5145.77,1.0
103411,2025-11-14,Headphones,Books,South,SP049,11.0,1661.76,10.0,16451.42,4.0
103412,2024-09-20,Laptop,Beauty,East,SP034,,351.73,15.0,1195.88,1.0
103413,2025-06-07,Camera,Beauty,North,SP028,15.0,787.55,0.0,11813.25,5.0
103414,2024-08-27,Chair,Electronics,South,SP040,3.0,1209.0,15.0,3082.95,5.0
103415,2024-12-10,Laptop,Home,East,SP003,3.0,874.47,15.0,2229.9,3.0
103416,2025-09-22,Headphones,Sports,South,SP044,19.0,1082.01,5.0,19530.28,1.0
103417,2024-06-26,Mixer,Beauty,North,SP020,7.0,564.39,5.0,3753.19,5.0
103418,2024-12-18,Shoes,Electronics,South,SP024,3.0,1316.85,25.0,2962.91,5.0
103419,2024-09-05,Shoes,Beauty,,SP047,13.0,599.07,0.0,7787.91,2.0
103420,2024-04-19,Book,Home,West,SP025,8.0,514.43,15.0,3498.12,4.0
103421,2024-07-08,Book,Home,North,SP048,20.0,,0.0,24424.4,3.0
103422,2025-10-05,Mixer,Books,South,SP042,,392.19,0.0,3529.71,3.0
103423,2024-09-11,Chair,Electronics,North,SP044,14.0,1766.45,10.0,22257.27,2.0
103424,2025-11-11,Phone,Home,North,SP027,19.0,970.2,0.0,18433.8,
103425,2025-11-30,Bag,Beauty,South,SP025,19.0,233.81,25.0,3331.79,3.0
103426,2024-03-06,Mixer,Electronics,West,SP010,15.0,431.19,5.0,6144.46,5.0
103427,2024-03-26,Chair,Beauty,South,SP011,2.0,1463.65,15.0,2488.2,1.0
103428,2025-08-30,Phone,Home,West,SP014,18.0,496.14,20.0,7144.42,4.0
103429,2025-03-21,Book,Clothing,West,SP032,16.0,232.25,0.0,3716.0,1.0
103430,2025-03-28,Camera,Books,North,SP024,10.0,695.78,20.0,5566.24,
103431,2024-02-27,Laptop,Clothing,North,SP009,9.0,,0.0,4967.64,4.0
103432,2025-06-17,Camera,Electronics,South,SP048,8.0,1123.12,20.0,7187.97,3.0
103433,2025-10-15,Camera,Home,West,SP029,12.0,1761.59,5.0,20082.13,4.0
103434,2024-02-18,Watch,Electronics,South,SP018,8.0,1298.91,0.0,10391.28,4.0
103435,2025-12-02,Phone,Beauty,South,SP016,15.0,1360.44,10.0,18365.94,4.0
103436,2025-07-08,Chair,Beauty,South,SP029,17.0,197.04,0.0,3349.68,2.0
103437,2024-03-14,Phone,Clothing,South,SP018,2.0,1743.34,10.0,3138.01,4.0
103438,2024-03-02,Shoes,Electronics,North,SP016,4.0,1093.26,5.0,4154.39,5.0
103439,2025-11-04,Shoes,Electronics,South,SP044,18.0,342.27,5.0,5852.82,1.0
103440,2025-11-19,Headphones,Clothing,West,SP001,13.0,1048.33,25.0,10221.22,2.0
103441,2025-07-04,Phone,Books,West,SP016,19.0,1355.09,25.0,19310.03,4.0
103442,2025-09-06,Camera,Books,East,SP042,1.0,934.38,20.0,747.5,4.0
103443,2025-03-14,Laptop,Home,South,SP006,16.0,372.45,0.0,5959.2,3.0
103444,2025-12-16,Laptop,Sports,North,SP028,4.0,1562.18,15.0,5311.41,2.0
103445,2024-10-02,Mixer,Beauty,East,SP007,18.0,733.54,0.0,13203.72,2.0
103446,2024-08-09,Phone,Electronics,North,SP040,,17.81,,240.43,3.0
103447,2025-10-20,,Beauty,West,SP010,10.0,726.81,10.0,6541.29,5.0
103448,2025-02-08,Camera,Clothing,West,SP028,,680.17,0.0,8162.04,4.0
103449,2024-03-21,Phone,Books,West,SP049,8.0,881.19,25.0,5287.14,2.0
103450,2025-03-11,Phone,Clothing,West,SP049,8.0,1171.39,15.0,7965.45,4.0
103451,2025-03-27,Book,Home,West,SP014,18.0,441.42,0.0,7945.56,4.0
103452,2024-04-10,Bag,Books,East,SP003,,1091.22,20.0,6110.83,2.0
103453,2024-05-23,Watch,Books,West,SP005,7.0,1376.34,25.0,7225.78,3.0
103454,2024-10-31,Bag,Sports,South,SP047,13.0,1772.06,5.0,21884.94,2.0
103455,2024-01-01,Phone,Sports,West,SP050,10.0,1903.1,0.0,19031.0,1.0
103456,2025-12-01,Phone,Home,South,SP019,10.0,352.36,25.0,2642.7,
103457,2024-08-20,Headphones,Clothing,West,SP017,4.0,1203.93,20.0,3852.58,
103458,2024-01-28,Mixer,Beauty,West,SP038,9.0,779.65,15.0,5964.32,5.0
103459,2025-05-09,Mixer,Clothing,North,SP002,1.0,,20.0,349.46,3.0
103460,2025-07-08,Chair,Sports,South,SP045,8.0,975.41,20.0,6242.62,1.0
103461,2024-12-18,Shoes,Books,North,SP043,19.0,1951.18,25.0,27804.31,
103462,2025-05-09,Chair,Home,North,SP003,2.0,769.69,20.0,1231.5,3.0
103463,2024-02-21,Shoes,Beauty,North,SP006,13.0,1486.94,25.0,14497.67,5.0
103464,2025-04-07,Watch,Sports,North,SP034,6.0,260.92,5.0,1487.24,2.0
103465,2024-01-21,Camera,Sports,North,SP031,3.0,1075.26,15.0,2741.91,3.0
103466,2025-11-24,Mixer,Books,East,SP037,15.0,1054.01,25.0,11857.61,
103467,2024-10-18,Camera,Electronics,East,SP011,19.0,1230.53,20.0,18704.06,2.0
103468,2024-04-19,Mixer,Sports,East,SP027,16.0,252.86,10.0,3641.18,3.0
103469,2025-06-13,Phone,Electronics,West,SP005,4.0,1108.02,20.0,3545.66,4.0
103470,2024-08-04,Phone,Sports,South,SP007,11.0,815.73,5.0,8524.38,2.0
103471,2025-09-02,Book,Sports,South,SP048,15.0,1962.23,10.0,26490.1,4.0
103472,2024-04-15,Headphones,Clothing,,SP036,14.0,1195.38,20.0,13388.26,5.0
103473,2024-03-13,Mixer,Books,North,SP026,3.0,1150.05,5.0,3277.64,5.0
103474,2024-06-19,,Sports,North,SP028,2.0,232.09,5.0,440.97,4.0
103475,2024-12-22,Shoes,Electronics,West,SP015,7.0,1591.71,25.0,8356.48,2.0
103476,2025-03-07,Phone,Sports,East,SP018,4.0,1605.65,5.0,6101.47,5.0
103477,2024-02-07,Laptop,Clothing,West,SP044,2.0,624.39,20.0,999.02,2.0
103478,2025-09-07,Mixer,Home,South,SP022,12.0,1500.72,10.0,16207.78,4.0
103479,2024-08-28,Phone,Clothing,,SP018,20.0,1834.55,20.0,29352.8,2.0
103480,2025-09-10,Book,Electronics,West,SP018,5.0,295.27,10.0,1328.71,
103481,2025-09-06,Watch,Sports,West,SP012,6.0,648.73,0.0,3892.38,1.0
103482,2025-12-21,Laptop,Electronics,West,SP015,6.0,1414.8,15.0,7215.48,5.0
103483,2025-09-04,Chair,Books,East,SP021,9.0,719.22,0.0,6472.98,
103484,2024-04-06,Camera,Clothing,North,SP050,11.0,782.28,0.0,8605.08,4.0
103485,2025-09-04,Book,Beauty,North,SP042,13.0,1045.03,25.0,10189.04,5.0
103486,2025-03-14,Mixer,Sports,South,SP041,10.0,727.91,20.0,5823.28,3.0
103487,2024-02-02,Camera,Clothing,North,SP030,18.0,1970.62,20.0,28376.93,4.0
103488,2025-10-13,Headphones,Sports,North,SP005,7.0,660.6,0.0,4624.2,2.0
103489,2024-08-08,Bag,Electronics,West,SP045,20.0,943.58,15.0,16040.86,2.0
103490,2024-05-03,Watch,Electronics,South,SP020,16.0,1315.44,25.0,15785.28,2.0
103491,2025-10-28,Watch,Electronics,South,SP004,6.0,1294.45,25.0,5825.03,4.0
103492,2025-11-20,Headphones,Home,East,SP001,8.0,373.73,5.0,2840.35,1.0
103493,2025-07-11,Watch,Home,South,SP019,4.0,1299.38,10.0,4677.77,5.0
103494,2024-10-04,Laptop,Clothing,East,SP016,5.0,1340.46,25.0,5026.73,3.0
103495,2024-01-08,Book,Books,North,SP008,20.0,618.76,15.0,10518.92,5.0
103496,2025-03-12,Watch,Electronics,East,SP007,3.0,1959.85,15.0,4997.62,3.0
103497,2025-05-21,Camera,Books,North,SP013,12.0,388.85,20.0,3732.96,4.0
103498,2024-02-09,Shoes,Home,East,SP006,11.0,625.54,25.0,5160.7,5.0
103499,2024-02-27,Headphones,Electronics,North,SP002,17.0,1819.05,5.0,29377.66,2.0
103500,2024-11-21,Shoes,Books,South,SP003,13.0,642.45,10.0,7516.67,2.0
103501,2024-09-04,Headphones,Beauty,,SP039,16.0,767.55,15.0,10438.68,2.0
103502,2024-06-20,Mixer,Sports,North,SP037,19.0,697.21,5.0,12584.64,3.0
103503,2024-04-05,,Beauty,North,SP040,3.0,1252.1,20.0,3005.04,2.0
103504,2024-11-08,Shoes,Home,North,SP025,5.0,564.48,25.0,2116.8,4.0
103505,2025-11-20,Watch,Sports,South,SP013,6.0,1027.21,5.0,5855.1,3.0
103506,2025-11-21,Chair,Home,South,SP031,17.0,1079.9,5.0,17440.39,3.0
103507,2024-04-14,Watch,Books,North,SP033,17.0,,20.0,10412.02,4.0
103508,2025-01-05,Mixer,Clothing,West,SP040,10.0,355.58,5.0,3378.01,2.0
103509,2025-07-21,Watch,Clothing,East,SP002,11.0,690.33,15.0,6454.59,5.0
103510,2024-12-21,Mixer,Beauty,East,SP039,6.0,1948.29,20.0,9351.79,3.0
103511,2025-05-06,Camera,Sports,East,SP021,1.0,501.23,15.0,426.05,2.0
103512,2024-11-26,Headphones,Home,North,SP017,20.0,196.77,15.0,3345.09,4.0
103513,2024-05-07,Laptop,Beauty,East,SP018,18.0,,0.0,18872.1,2.0
103514,2025-07-17,Watch,Home,West,SP043,17.0,,5.0,30674.18,4.0
103515,2025-06-12,Mixer,Beauty,East,SP030,14.0,862.25,20.0,9657.2,
103516,2025-02-22,Laptop,Sports,,SP006,4.0,917.86,25.0,2753.58,3.0
103517,2025-09-28,Laptop,Clothing,,SP046,15.0,1816.83,0.0,27252.45,4.0
103518,2024-04-15,Headphones,Sports,East,SP001,11.0,787.42,10.0,7795.46,3.0
103519,2024-03-19,Laptop,Books,North,SP025,18.0,1457.3,15.0,22296.69,4.0
103520,2025-11-09,Shoes,Clothing,East,SP045,10.0,525.22,25.0,3939.15,2.0
103521,2025-01-11,Camera,Beauty,East,SP002,20.0,1775.75,,30187.75,3.0
103522,2024-11-27,,Books,South,SP032,1.0,1293.2,15.0,1099.22,3.0
103523,2024-11-14,Watch,Clothing,West,SP005,,275.75,25.0,413.62,4.0
103524,2025-12-20,Bag,Electronics,East,SP003,18.0,1177.72,10.0,19079.06,2.0
103525,2024-12-04,Chair,Beauty,East,SP046,,1960.77,25.0,2941.15,4.0
103526,2025-03-14,Mixer,Electronics,West,SP049,6.0,1512.36,,8166.74,2.0
103527,2025-06-13,Headphones,Beauty,,SP043,10.0,1148.08,25.0,8610.6,4.0
103528,2024-07-19,Laptop,Books,North,SP002,11.0,1026.74,5.0,10729.43,1.0
103529,2024-05-24,Camera,Home,North,SP040,15.0,1100.8,15.0,14035.2,2.0
103530,2024-01-02,Book,Clothing,West,SP030,10.0,1287.19,20.0,10297.52,3.0
103531,2025-06-20,Chair,Sports,East,SP027,13.0,1519.18,0.0,19749.34,2.0
103532,2024-02-22,Watch,Home,East,SP014,7.0,1495.98,5.0,9948.27,5.0
103533,2024-09-21,Headphones,Books,South,SP015,13.0,,20.0,10605.92,1.0
103534,2025-07-04,Chair,Clothing,East,SP029,3.0,1350.16,5.0,3847.96,4.0
103535,2024-03-31,Laptop,Sports,South,SP008,16.0,1429.56,25.0,17154.72,4.0
103536,2024-11-04,Bag,Sports,South,SP044,9.0,1733.44,15.0,13260.82,4.0
103537,2024-05-19,Bag,Beauty,East,SP045,13.0,493.78,15.0,5456.27,1.0
103538,2025-06-05,Camera,Sports,West,SP017,20.0,1803.95,20.0,28863.2,4.0
103539,2025-01-18,Chair,Home,East,SP009,20.0,548.87,10.0,9879.66,5.0
103540,2024-12-28,Watch,Electronics,South,SP031,7.0,895.02,15.0,5325.37,4.0
103541,2025-04-21,Laptop,Home,South,SP002,14.0,1117.36,10.0,14078.74,4.0
103542,2025-03-07,Camera,Sports,East,SP013,15.0,712.61,10.0,9620.24,3.0
103543,2024-03-31,Chair,Books,South,SP004,3.0,637.59,15.0,1625.85,5.0
103544,2025-08-25,Laptop,Beauty,East,SP048,2.0,1578.59,25.0,2367.88,1.0
103545,2025-02-22,Mixer,Clothing,South,SP048,12.0,799.86,,7198.74,3.0
103546,2024-09-26,Headphones,Home,South,SP022,11.0,492.11,10.0,4871.89,2.0
103547,2024-07-24,Laptop,Books,North,SP003,5.0,1883.27,15.0,8003.9,3.0
103548,2025-04-22,Phone,Electronics,North,SP048,1.0,1711.66,20.0,1369.33,2.0
103549,2024-11-11,Book,Sports,North,SP006,19.0,1979.25,25.0,28204.31,5.0
103550,2025-12-06,,Home,North,SP006,20.0,1006.22,20.0,16099.52,5.0
103551,2024-04-14,Bag,Home,West,SP028,11.0,1007.25,25.0,8309.81,1.0
103552,2024-11-15,Phone,Beauty,West,SP033,10.0,943.42,,8019.07,4.0
103553,2025-11-15,Camera,Sports,West,SP043,1.0,564.92,15.0,480.18,4.0
103554,2025-07-14,Book,Books,South,SP024,,1417.8,0.0,7089.0,4.0
103555,2024-12-17,Mixer,Books,North,SP018,20.0,1174.4,0.0,23488.0,2.0
103556,2025-12-19,Shoes,Beauty,South,SP032,8.0,1384.85,0.0,11078.8,4.0
103557,2024-10-19,Chair,Beauty,West,SP012,1.0,634.51,15.0,539.33,2.0
103558,2024-03-09,Chair,Electronics,West,SP025,9.0,114.32,0.0,1028.88,1.0
103559,2024-11-11,Chair,Beauty,North,SP017,16.0,618.52,5.0,9401.5,4.0
103560,2025-05-27,,Home,South,SP001,11.0,339.48,15.0,3174.14,2.0
103561,2024-12-01,Laptop,Books,South,SP047,20.0,528.6,0.0,10572.0,2.0
103562,2025-05-31,,Beauty,West,SP027,16.0,1292.05,10.0,18605.52,3.0
103563,2025-05-23,Phone,Clothing,East,SP005,16.0,608.38,5.0,9247.38,5.0
103564,2025-11-21,Mixer,Home,South,SP018,,22.28,10.0,140.36,4.0
103565,2024-11-21,Chair,Beauty,East,SP041,18.0,1630.36,10.0,26411.83,2.0
103566,2025-12-11,Book,Home,North,SP037,4.0,980.47,20.0,3137.5,5.0
103567,2024-11-06,Headphones,Home,East,SP034,3.0,1833.76,20.0,4401.02,
103568,2025-01-20,Shoes,Clothing,South,SP007,15.0,693.6,20.0,8323.2,5.0
103569,2024-08-13,Phone,Beauty,North,SP047,10.0,1067.32,20.0,8538.56,1.0
103570,2024-07-19,Headphones,Clothing,East,SP009,18.0,134.74,10.0,2182.79,5.0
103571,2024-06-26,Camera,Home,West,SP048,,1829.88,0.0,18298.8,2.0
103572,2024-02-23,Shoes,Electronics,East,SP010,19.0,1472.33,0.0,27974.27,4.0
103573,2024-07-16,Watch,Books,West,SP006,10.0,185.9,0.0,1859.0,2.0
103574,2024-09-12,Book,Home,South,SP004,3.0,668.02,25.0,1503.05,1.0
103575,2024-11-24,Watch,Home,North,SP029,8.0,82.79,0.0,662.32,4.0
103576,2025-06-29,Laptop,Beauty,,SP024,3.0,1345.08,0.0,4035.24,5.0
103577,2025-07-16,Book,Sports,,SP048,10.0,1328.97,10.0,11960.73,4.0
103578,2024-08-31,Phone,Beauty,South,SP039,10.0,654.44,10.0,5889.96,5.0
103579,2024-04-10,Camera,Home,East,SP010,5.0,816.19,20.0,3264.76,1.0
103580,2025-03-02,Phone,Electronics,West,SP007,10.0,1370.45,20.0,10963.6,4.0
103581,2025-10-18,Laptop,Electronics,South,SP011,13.0,1381.59,,17960.67,3.0
103582,2024-05-17,Headphones,Beauty,South,SP010,4.0,811.97,5.0,3085.49,
103583,2025-10-10,Headphones,Clothing,West,SP040,16.0,714.9,25.0,8578.8,5.0
103584,2025-01-25,Watch,Sports,North,SP048,5.0,65.8,5.0,312.55,1.0
103585,2024-01-12,Book,Sports,South,SP049,12.0,,5.0,12990.98,2.0
103586,2025-07-18,Shoes,Clothing,North,SP003,15.0,103.07,5.0,1468.75,4.0
103587,2024-09-30,Shoes,Home,South,SP036,18.0,682.5,15.0,10442.25,4.0
103588,2024-05-05,Watch,Home,South,SP046,5.0,1222.07,0.0,6110.35,1.0
103589,2024-12-05,Laptop,Books,South,SP041,17.0,1769.75,25.0,22564.31,5.0
103590,2025-02-13,Watch,Beauty,North,SP012,1.0,1613.0,0.0,1613.0,2.0
103591,2024-09-25,Watch,Sports,East,SP029,1.0,839.93,10.0,755.94,4.0
103592,2025-12-10,Camera,Electronics,East,SP006,20.0,,0.0,38645.0,5.0
103593,2025-08-21,Watch,Clothing,North,SP007,,664.31,15.0,9599.28,4.0
103594,2024-12-03,Chair,Beauty,West,SP034,,865.67,5.0,9868.64,5.0
103595,2025-06-06,Book,Sports,South,SP005,15.0,1457.37,15.0,18581.47,2.0
103596,2025-02-02,Shoes,Beauty,North,SP006,2.0,836.3,5.0,1588.97,1.0
103597,2024-07-17,Bag,Beauty,East,SP043,18.0,767.47,10.0,12433.01,4.0
103598,2024-03-22,Mixer,Electronics,South,SP022,19.0,1232.72,5.0,22250.6,1.0
103599,2024-09-19,Chair,Beauty,,SP046,17.0,1175.79,10.0,17989.59,5.0
103600,2024-10-23,Phone,Home,West,SP037,10.0,151.47,25.0,1136.03,1.0
103601,2025-01-05,Mixer,Clothing,East,SP006,8.0,618.71,5.0,4702.2,4.0
103602,2025-04-30,Book,Books,South,SP009,7.0,1281.01,20.0,7173.66,4.0
103603,2025-05-20,Mixer,Beauty,,SP041,1.0,1616.62,10.0,1454.96,5.0
103604,2025-02-27,Shoes,Beauty,South,SP024,11.0,763.1,25.0,6295.58,5.0
103605,2025-11-10,Mixer,Clothing,North,SP049,6.0,1745.91,5.0,9951.69,1.0
103606,2025-06-23,Chair,Electronics,West,SP033,7.0,312.75,10.0,1970.33,5.0
103607,2024-12-17,Headphones,Sports,West,SP041,14.0,1072.68,,13515.77,4.0
103608,2025-05-29,Watch,Home,South,SP031,1.0,1223.57,15.0,1040.03,3.0
103609,2024-10-14,Bag,Home,South,SP006,19.0,654.28,20.0,9945.06,2.0
103610,2024-12-31,Book,Home,East,SP039,7.0,166.92,15.0,993.17,2.0
103611,2025-05-30,Bag,Home,North,SP044,20.0,,20.0,15674.4,1.0
103612,2025-12-23,,Sports,West,SP021,10.0,1941.61,15.0,16503.68,1.0
103613,2025-10-29,Bag,Sports,,SP022,4.0,1580.87,20.0,5058.78,2.0
103614,2024-10-01,Phone,Home,West,SP020,20.0,815.49,,14678.82,1.0
103615,2025-09-18,Headphones,Clothing,North,SP004,13.0,884.0,20.0,9193.6,5.0
103616,2024-07-30,Laptop,Electronics,West,SP013,12.0,1474.11,5.0,16804.85,1.0
103617,2024-03-28,Shoes,Clothing,East,SP010,11.0,1153.34,25.0,9515.06,2.0
103618,2025-06-20,Chair,Home,South,SP031,9.0,1519.85,25.0,10258.99,4.0
103619,2025-02-24,Mixer,Home,West,SP042,18.0,102.4,25.0,1382.4,1.0
103620,2024-03-25,Laptop,Clothing,South,SP020,17.0,1941.8,,29709.54,5.0
103621,2024-01-06,Chair,Sports,South,SP024,3.0,1677.82,10.0,4530.11,5.0
103622,2025-02-12,Phone,Home,East,SP017,13.0,1973.6,15.0,21808.28,3.0
103623,2025-03-02,Shoes,Sports,North,SP040,1.0,693.38,20.0,554.7,4.0
103624,2025-05-11,Shoes,Sports,South,SP004,9.0,1863.13,15.0,14252.94,3.0
103625,2024-07-30,Camera,Beauty,North,SP007,13.0,1850.73,10.0,21653.54,5.0
103626,2025-12-08,Headphones,Sports,South,SP033,5.0,1422.64,10.0,6401.88,3.0
103627,2024-02-13,Book,Books,South,SP036,6.0,1962.32,10.0,10596.53,2.0
103628,2024-01-21,Mixer,Clothing,North,SP011,16.0,910.71,,13114.22,4.0
103629,2024-07-05,Book,Sports,West,SP042,14.0,523.34,20.0,5861.41,5.0
103630,2024-09-30,Bag,Beauty,North,SP031,10.0,1498.03,0.0,14980.3,3.0
103631,2024-03-25,Camera,Beauty,North,SP030,19.0,1395.45,0.0,26513.55,4.0
103632,2025-01-18,Watch,Home,North,SP020,12.0,141.7,20.0,1360.32,5.0
103633,2024-06-18,Headphones,Home,South,SP034,11.0,415.99,0.0,4575.89,
103634,2025-06-13,Watch,Sports,West,SP028,11.0,1327.61,15.0,12413.15,3.0
103635,2025-01-23,Bag,Electronics,East,SP021,11.0,1166.79,0.0,12834.69,3.0
103636,2025-09-19,Chair,Books,East,SP015,9.0,1299.04,25.0,8768.52,4.0
103637,2025-07-03,Book,Sports,South,SP010,16.0,1316.2,0.0,21059.2,1.0
103638,2025-08-19,Bag,Sports,South,SP020,9.0,1536.53,0.0,13828.77,1.0
103639,2024-12-20,Bag,Electronics,North,SP043,7.0,723.08,15.0,4302.33,1.0
103640,2024-04-22,Watch,Sports,West,SP015,4.0,1899.74,25.0,5699.22,3.0
103641,2025-09-21,Watch,Books,West,SP009,9.0,484.58,0.0,4361.22,2.0
103642,2024-12-26,Book,Sports,East,SP007,12.0,939.26,20.0,9016.9,2.0
103643,2024-12-16,Bag,Home,North,SP026,9.0,1298.07,25.0,8761.97,5.0
103644,2024-12-02,Book,Clothing,South,SP010,12.0,937.85,20.0,9003.36,5.0
103645,2025-01-10,,Home,West,SP048,12.0,702.29,0.0,8427.48,5.0
103646,2024-11-04,Phone,Books,West,SP026,16.0,727.44,20.0,9311.23,1.0
103647,2024-06-08,Phone,Clothing,West,SP011,17.0,1547.96,10.0,23683.79,2.0
103648,2024-08-06,Laptop,Sports,North,SP017,10.0,890.86,,8017.74,4.0
103649,2025-08-30,Watch,Books,West,SP043,15.0,1269.03,0.0,19035.45,5.0
103650,2025-05-15,Mixer,Home,East,SP037,8.0,1948.52,0.0,15588.16,3.0
103651,2024-02-12,Watch,Home,West,SP003,17.0,1427.17,15.0,20622.61,1.0
103652,2025-04-17,Phone,Electronics,North,SP030,1.0,385.97,15.0,328.07,3.0
103653,2025-09-22,,Sports,North,SP025,1.0,1319.81,0.0,1319.81,4.0
103654,2025-08-09,Mixer,Sports,South,SP034,9.0,1151.37,15.0,8807.98,3.0
103655,2024-11-17,Shoes,Electronics,East,SP038,4.0,798.75,25.0,2396.25,2.0
103656,2025-11-11,Headphones,Sports,West,SP044,18.0,1542.45,20.0,22211.28,2.0
103657,2024-12-27,Chair,Home,East,SP046,7.0,1582.22,15.0,9414.21,5.0
103658,2025-08-31,Bag,Clothing,South,SP035,14.0,95.72,0.0,1340.08,5.0
103659,2024-08-07,Chair,Home,North,SP049,9.0,1559.29,5.0,13331.93,2.0
103660,2025-09-18,Laptop,Beauty,West,SP020,1.0,153.45,5.0,145.78,2.0
103661,2025-05-19,Headphones,Sports,South,SP021,10.0,1951.28,5.0,18537.16,4.0
103662,2025-12-30,Watch,Beauty,North,SP013,19.0,831.02,0.0,15789.38,1.0
103663,2025-11-11,Chair,Home,West,SP024,2.0,1828.78,25.0,2743.17,
103664,2024-06-06,Shoes,Home,South,SP043,13.0,1649.6,20.0,17155.84,4.0
103665,2024-08-30,Phone,Clothing,West,SP028,16.0,1620.51,10.0,23335.34,5.0
103666,2024-04-16,,Clothing,,SP005,3.0,1621.44,25.0,3648.24,3.0
103667,2025-10-03,Headphones,Electronics,North,SP038,6.0,647.93,5.0,3693.2,4.0
103668,2025-10-19,Book,Beauty,East,SP026,18.0,1137.38,5.0,19449.2,3.0
103669,2025-04-07,Headphones,Home,South,SP012,9.0,1260.21,10.0,10207.7,3.0
103670,2025-12-03,Phone,Beauty,North,SP050,11.0,563.93,0.0,6203.23,5.0
103671,2025-11-12,Bag,Clothing,North,SP044,11.0,175.23,15.0,1638.4,3.0
103672,2024-05-27,Mixer,Electronics,South,SP029,2.0,416.12,,624.18,
103673,2025-06-09,Watch,Sports,North,SP017,10.0,1561.74,20.0,12493.92,4.0
103674,2025-11-17,Watch,Books,South,SP013,5.0,335.8,0.0,1679.0,2.0
103675,2024-11-27,Phone,Clothing,West,SP011,9.0,1949.68,0.0,17547.12,5.0
103676,2024-07-31,Mixer,Sports,West,SP019,13.0,27.78,0.0,361.14,4.0
103677,2025-05-09,Headphones,Books,West,SP028,2.0,1465.97,0.0,2931.94,1.0
103678,2025-07-10,Shoes,Books,East,SP001,8.0,1552.08,15.0,10554.14,4.0
103679,2025-03-07,Headphones,Clothing,North,SP032,16.0,1379.64,0.0,22074.24,2.0
103680,2024-02-12,Headphones,Beauty,North,SP043,,1093.47,20.0,8747.76,3.0
103681,2024-04-15,Chair,Electronics,South,SP043,17.0,782.91,20.0,10647.58,2.0
103682,2025-01-31,Watch,Beauty,,SP030,10.0,1310.41,15.0,11138.49,3.0
103683,2024-04-21,Laptop,Home,South,SP039,19.0,1227.68,15.0,19827.03,
103684,2025-01-31,Laptop,Beauty,West,SP042,,1593.19,20.0,11470.97,1.0
103685,2024-08-22,Phone,Books,West,SP044,10.0,265.72,25.0,1992.9,1.0
103686,2024-05-06,,Beauty,North,SP013,18.0,142.96,10.0,2315.95,4.0
103687,2025-07-11,Laptop,Sports,East,SP012,5.0,1161.26,15.0,4935.36,1.0
103688,2024-12-06,Headphones,Books,South,SP050,8.0,138.63,5.0,1053.59,3.0
103689,2024-06-24,Shoes,Electronics,West,SP037,13.0,1592.8,5.0,19671.08,1.0
103690,2025-07-17,Mixer,Electronics,,SP039,,913.71,,13979.76,
103691,2024-07-22,Watch,Clothing,North,SP001,12.0,1092.75,20.0,10490.4,4.0
103692,2025-01-05,Phone,Sports,East,SP022,15.0,482.43,10.0,6512.81,3.0
103693,2025-01-21,Book,Electronics,North,SP011,19.0,439.26,25.0,6259.45,1.0
103694,2024-11-07,Shoes,Beauty,South,SP013,2.0,1815.16,0.0,3630.32,1.0
103695,2025-08-08,Camera,Books,West,SP037,11.0,738.45,25.0,6092.21,5.0
103696,2024-01-13,Bag,Electronics,West,SP032,8.0,681.06,20.0,4358.78,1.0
103697,2025-05-12,Headphones,Beauty,West,SP004,1.0,388.53,10.0,349.68,5.0
103698,2024-11-06,Headphones,Electronics,East,SP006,3.0,263.49,25.0,592.85,4.0
103699,2024-09-16,Mixer,Beauty,East,SP014,18.0,1619.26,25.0,21860.01,2.0
103700,2025-04-03,Mixer,Sports,West,SP030,13.0,1119.44,0.0,14552.72,4.0
103701,2025-11-14,Headphones,Home,South,SP020,14.0,1716.13,,24025.82,3.0
103702,2025-11-02,Chair,Electronics,West,SP049,19.0,1599.08,15.0,25825.14,2.0
103703,2024-02-15,Camera,Sports,West,SP022,8.0,455.47,10.0,3279.38,4.0
103704,2024-09-27,Watch,Beauty,East,SP035,11.0,237.04,0.0,2607.44,1.0
103705,2025-08-23,Chair,Electronics,North,SP023,10.0,1403.31,15.0,11928.13,4.0
103706,2024-01-21,Bag,Electronics,West,SP039,,1691.03,5.0,17671.26,5.0
103707,2025-01-03,Bag,Sports,North,SP007,19.0,1437.65,10.0,24583.82,1.0
103708,2024-02-22,Bag,Sports,East,SP029,16.0,1906.96,20.0,24409.09,3.0
103709,2024-10-23,Shoes,Beauty,West,SP010,12.0,839.56,15.0,8563.51,
103710,2025-01-31,,Home,North,SP049,19.0,424.13,20.0,6446.78,2.0
103711,2025-08-16,Headphones,Beauty,East,SP048,1.0,1219.67,10.0,1097.7,4.0
103712,2024-01-12,Camera,Clothing,West,SP005,14.0,761.02,20.0,8523.42,2.0
103713,2025-06-15,Bag,Electronics,West,SP029,5.0,1863.32,20.0,7453.28,4.0
103714,2025-03-25,Chair,Beauty,West,SP010,20.0,752.3,0.0,15046.0,4.0
103715,2024-08-16,Bag,Electronics,North,SP004,16.0,939.53,5.0,14280.86,
103716,2024-09-01,,Sports,South,SP012,12.0,250.79,20.0,2407.58,1.0
103717,2025-02-20,,Home,South,SP011,18.0,1933.84,25.0,26106.84,2.0
103718,2024-07-16,Chair,Beauty,South,SP017,8.0,108.51,5.0,824.68,3.0
103719,2025-01-23,Laptop,Sports,East,SP046,1.0,1576.06,25.0,1182.05,2.0
103720,2025-11-27,Shoes,Clothing,East,SP029,1.0,800.66,10.0,720.59,5.0
103721,2025-02-05,Watch,Electronics,South,SP033,11.0,1558.16,20.0,13711.81,3.0
103722,2024-09-05,Laptop,Sports,,SP017,16.0,1432.23,,22915.68,5.0
103723,2025-07-23,Book,Clothing,North,SP008,11.0,578.1,15.0,5405.24,5.0
103724,2025-10-08,Shoes,Home,East,SP020,17.0,1567.69,,23985.66,2.0
103725,2025-06-26,,Home,South,SP024,1.0,651.35,15.0,553.65,3.0
103726,2024-01-31,Mixer,Beauty,West,SP035,16.0,1116.48,15.0,15184.13,4.0
103727,2024-01-29,Camera,Clothing,South,SP008,6.0,88.88,25.0,399.96,2.0
103728,2024-03-17,Camera,Books,East,SP036,16.0,73.19,0.0,1171.04,4.0
103729,2025-02-28,Shoes,Beauty,,SP037,7.0,1903.08,20.0,10657.25,5.0
103730,2025-05-10,Bag,Clothing,,SP017,,1839.77,20.0,8830.9,2.0
103731,2024-11-13,,Beauty,North,SP031,19.0,727.77,15.0,11753.49,
103732,2025-02-05,Laptop,Clothing,South,SP049,10.0,604.33,15.0,5136.81,2.0
103733,2025-07-08,Laptop,Electronics,East,SP006,18.0,1015.58,15.0,15538.37,1.0
103734,2024-07-02,Phone,Clothing,North,SP010,17.0,977.9,10.0,14961.87,2.0
103735,2025-12-21,Book,Home,East,SP018,1.0,169.13,15.0,143.76,1.0
103736,2025-02-11,Shoes,Books,North,SP004,9.0,1062.01,20.0,7646.47,3.0
103737,2025-02-19,Book,Books,North,SP050,14.0,267.56,15.0,3183.96,1.0
103738,2024-12-30,,Sports,East,SP018,6.0,814.48,25.0,3665.16,2.0
103739,2024-02-22,Laptop,Sports,,SP019,8.0,1736.1,15.0,11805.48,5.0
103740,2024-07-12,Mixer,Sports,South,SP016,7.0,31.73,,199.9,5.0
103741,2024-08-09,Laptop,Sports,North,SP006,13.0,1072.14,25.0,10453.37,3.0
103742,2024-12-09,Chair,Clothing,West,SP032,15.0,1955.76,5.0,27869.58,
103743,2024-10-01,Phone,Beauty,West,SP001,18.0,687.77,25.0,9284.9,1.0
103744,2025-01-08,,Sports,West,SP043,2.0,1446.12,20.0,2313.79,2.0
103745,2024-01-29,Camera,Clothing,North,SP008,20.0,262.61,0.0,5252.2,5.0
103746,2024-06-07,Shoes,Clothing,South,SP046,18.0,1449.03,,23474.29,2.0
103747,2025-08-01,Camera,Books,South,SP049,15.0,1684.35,,22738.73,4.0
103748,2025-08-22,Phone,Home,East,SP021,11.0,1013.51,20.0,8918.89,1.0
103749,2024-03-20,Bag,Electronics,East,SP039,14.0,1685.42,20.0,18876.7,2.0
103750,2024-01-20,Watch,Books,North,SP020,15.0,671.82,15.0,8565.7,2.0
103751,2024-11-02,Camera,Sports,South,SP025,18.0,1622.35,5.0,27742.18,2.0
103752,2024-12-20,Chair,Books,,SP012,20.0,164.06,20.0,2624.96,3.0
103753,2025-10-30,Bag,Clothing,West,SP046,19.0,1905.18,15.0,30768.66,4.0
103754,2025-05-06,Watch,Clothing,East,SP013,6.0,1764.33,10.0,9527.38,3.0
103755,2024-11-07,Bag,Clothing,West,SP024,20.0,1793.99,20.0,28703.84,
103756,2024-04-22,Watch,Clothing,North,SP011,11.0,1808.49,25.0,14920.04,5.0
103757,2025-08-08,Watch,Beauty,North,SP042,2.0,1526.98,5.0,2901.26,3.0
103758,2024-05-08,Laptop,Books,North,SP047,10.0,944.45,,8027.82,1.0
103759,2025-08-04,Headphones,Books,East,SP031,10.0,23.92,0.0,239.2,2.0
103760,2025-05-04,Headphones,Sports,South,SP009,,259.25,5.0,3448.02,3.0
103761,2024-09-24,Chair,Sports,South,SP004,,311.81,0.0,6236.2,
103762,2024-03-27,,Electronics,East,SP010,,1846.29,25.0,12462.46,4.0
103763,2024-09-04,Bag,Clothing,South,SP026,4.0,1888.72,0.0,7554.88,
103764,2024-03-08,Headphones,Beauty,North,SP001,9.0,985.23,10.0,7980.36,
103765,2025-06-18,Chair,Clothing,East,SP040,9.0,256.12,20.0,1844.06,5.0
103766,2024-10-06,Shoes,Beauty,South,SP049,15.0,1603.25,5.0,22846.31,3.0
103767,2025-09-23,Bag,Sports,North,SP023,14.0,1370.36,25.0,14388.78,2.0
103768,2025-09-01,Headphones,Clothing,East,SP030,1.0,,5.0,1501.32,2.0
103769,2025-02-16,Chair,Clothing,North,SP037,11.0,26.14,25.0,215.66,1.0
103770,2025-12-21,Headphones,Electronics,East,SP020,2.0,867.49,15.0,1474.73,2.0
103771,2025-04-07,Book,Home,East,SP043,17.0,980.34,25.0,12499.33,1.0
103772,2024-10-17,Headphones,Beauty,West,SP039,6.0,1284.39,0.0,7706.34,2.0
103773,2025-12-23,Book,Home,South,SP040,2.0,1470.74,15.0,2500.26,2.0
103774,2024-11-09,Camera,Electronics,East,SP021,8.0,1369.4,15.0,9311.92,2.0
103775,2025-11-18,Book,Clothing,West,SP036,19.0,,25.0,24665.75,2.0
103776,2024-12-08,Phone,Clothing,South,SP002,15.0,400.27,20.0,4803.24,4.0
103777,2024-08-26,Chair,Electronics,South,SP015,9.0,684.07,25.0,4617.47,4.0
103778,2024-11-13,Watch,Sports,East,SP002,4.0,1691.04,5.0,6425.95,5.0
103779,2025-07-05,Shoes,Electronics,South,SP015,12.0,385.8,15.0,3935.16,3.0
103780,2024-02-15,Laptop,Clothing,South,SP009,11.0,1832.13,,17130.42,3.0
103781,2024-04-08,Book,Home,East,SP035,1.0,977.51,0.0,977.51,4.0
103782,2024-02-25,Laptop,Home,South,SP010,19.0,1912.26,10.0,32699.65,3.0
103783,2024-12-15,Camera,Beauty,South,SP024,,614.57,0.0,7989.41,3.0
103784,2024-03-30,Laptop,Sports,,SP038,5.0,644.88,20.0,2579.52,1.0
103785,2024-09-12,Chair,Books,East,SP040,12.0,1807.32,10.0,19519.06,3.0
103786,2024-03-11,Phone,Home,West,SP049,20.0,1427.34,15.0,24264.78,3.0
103787,2025-01-01,Headphones,Clothing,South,SP033,16.0,1899.04,15.0,25826.94,2.0
103788,2024-10-11,Phone,Books,West,SP009,14.0,495.83,15.0,5900.38,1.0
103789,2025-11-18,Headphones,Clothing,East,SP009,18.0,1315.98,25.0,17765.73,1.0
103790,2024-01-01,Book,Electronics,East,SP010,15.0,874.46,0.0,13116.9,1.0
103791,2024-11-17,Mixer,Home,West,SP039,20.0,1126.94,15.0,19157.98,
103792,2025-04-16,Chair,Books,West,SP002,3.0,615.61,25.0,1385.12,5.0
103793,2024-02-13,Phone,Home,West,SP047,19.0,80.69,0.0,1533.11,1.0
103794,2024-02-21,Mixer,Beauty,North,SP035,7.0,1201.79,15.0,7150.65,5.0
103795,2024-07-31,Phone,Sports,South,SP036,2.0,565.69,15.0,961.67,5.0
103796,2024-04-26,Mixer,Books,East,SP006,14.0,1933.94,15.0,23013.89,5.0
103797,2025-12-02,Laptop,Home,North,SP043,12.0,1865.53,20.0,17909.09,5.0
103798,2025-01-25,Mixer,Clothing,West,SP031,11.0,1986.56,20.0,17481.73,2.0
103799,2025-06-20,Bag,Clothing,North,SP047,2.0,29.0,5.0,55.1,5.0
103800,2024-04-24,Chair,Sports,South,SP023,10.0,897.62,25.0,6732.15,4.0
103801,2024-10-16,Laptop,Beauty,South,SP004,1.0,934.89,5.0,888.15,4.0
103802,2025-09-10,Camera,Beauty,,SP007,15.0,,20.0,22858.08,3.0
103803,2024-12-20,,Sports,North,SP017,10.0,1217.09,5.0,11562.35,4.0
103804,2025-05-07,Headphones,Beauty,West,SP029,,1130.78,15.0,8650.47,3.0
103805,2024-03-11,Phone,Electronics,West,SP020,18.0,678.56,15.0,10381.97,3.0
103806,2025-03-17,Book,Sports,South,SP020,2.0,705.43,20.0,1128.69,2.0
103807,2024-04-01,Bag,Clothing,South,SP002,17.0,102.38,25.0,1305.35,1.0
103808,2024-05-17,Headphones,Home,South,SP016,12.0,1060.87,10.0,11457.4,4.0
103809,2025-12-21,Laptop,Books,South,SP007,16.0,966.81,5.0,14695.51,4.0
103810,2025-05-22,Shoes,Sports,North,SP024,18.0,964.66,20.0,13891.1,3.0
103811,2025-07-14,Phone,Clothing,East,SP043,16.0,1348.23,0.0,21571.68,1.0
103812,2024-05-21,Book,Home,North,SP043,12.0,1910.83,10.0,20636.96,1.0
103813,2024-12-16,Mixer,Books,,SP043,10.0,1181.76,0.0,11817.6,5.0
103814,2025-08-23,Bag,Sports,West,SP016,18.0,1686.65,20.0,24287.76,
103815,2025-06-06,Phone,Sports,South,SP001,16.0,274.53,15.0,3733.61,
103816,2024-10-15,Laptop,Electronics,North,SP038,,1054.67,25.0,6328.02,1.0
103817,2024-10-25,Watch,Beauty,South,SP002,8.0,629.18,20.0,4026.75,4.0
103818,2025-12-09,Camera,Books,West,SP021,9.0,217.18,20.0,1563.7,3.0
103819,2025-02-27,Bag,Books,South,SP023,13.0,309.44,20.0,3218.18,1.0
103820,2025-06-18,,Home,South,SP029,20.0,1597.9,5.0,30360.1,3.0
103821,2025-10-09,Shoes,Clothing,North,SP009,13.0,116.1,5.0,1433.83,2.0
103822,2024-10-20,Bag,Sports,North,SP012,2.0,747.7,25.0,1121.55,3.0
103823,2024-03-21,,Home,North,SP034,12.0,1039.72,25.0,9357.48,2.0
103824,2025-06-03,Headphones,Sports,North,SP046,1.0,676.94,15.0,575.4,5.0
103825,2024-04-27,Bag,Beauty,East,SP050,6.0,438.93,5.0,2501.9,3.0
103826,2025-05-12,Headphones,Clothing,West,SP006,20.0,72.12,20.0,1153.92,3.0
103827,2024-05-23,Mixer,Home,East,SP020,16.0,784.86,10.0,11301.98,2.0
103828,2024-01-16,Mixer,Clothing,East,SP035,5.0,324.34,10.0,1459.53,5.0
103829,2025-02-06,Bag,Clothing,West,SP005,7.0,1449.75,5.0,9640.84,3.0
103830,2025-01-10,Phone,Beauty,North,SP045,,456.6,0.0,913.2,2.0
103831,2025-01-24,,Electronics,South,SP043,13.0,1264.44,0.0,16437.72,5.0
103832,2025-02-22,Watch,Sports,North,SP033,1.0,769.55,0.0,769.55,5.0
103833,2024-05-07,Shoes,Books,East,SP025,4.0,1630.09,20.0,5216.29,5.0
103834,2024-05-26,Mixer,Beauty,South,SP019,10.0,1453.93,15.0,12358.41,1.0
103835,2024-02-16,Phone,Clothing,North,SP034,8.0,527.36,10.0,3796.99,1.0
103836,2024-04-23,Laptop,Home,North,SP045,18.0,1268.81,10.0,20554.72,2.0
103837,2024-06-09,Camera,Books,North,SP020,,1274.18,15.0,11913.58,3.0
103838,2025-04-06,Laptop,Beauty,East,SP004,2.0,1007.14,15.0,1712.14,4.0
103839,2025-04-09,Bag,Beauty,South,SP005,4.0,595.34,20.0,1905.09,1.0
103840,2024-07-21,Headphones,Home,East,SP031,4.0,529.04,10.0,1904.54,2.0
103841,2024-06-05,Camera,Home,North,SP030,15.0,659.6,15.0,8409.9,3.0
103842,2024-01-28,Watch,Home,West,SP001,8.0,433.52,15.0,2947.94,
103843,2024-08-23,Chair,Sports,East,SP006,8.0,1218.87,25.0,7313.22,2.0
103844,2025-10-07,Laptop,Sports,North,SP015,13.0,1927.13,0.0,25052.69,2.0
103845,2025-03-12,Mixer,Electronics,East,SP032,15.0,704.43,0.0,10566.45,4.0
103846,2024-09-04,Phone,Electronics,West,SP042,3.0,1372.46,0.0,4117.38,3.0
103847,2024-10-29,Book,Clothing,West,SP003,14.0,1574.68,5.0,20943.24,4.0
103848,2024-10-22,Watch,Beauty,West,SP030,1.0,127.56,15.0,108.43,5.0
103849,2024-11-03,Camera,Beauty,East,SP033,18.0,760.25,25.0,10263.38,3.0
103850,2025-06-13,Chair,Sports,North,SP002,3.0,937.26,25.0,2108.84,1.0
103851,2025-04-11,Bag,Sports,South,SP042,15.0,12.84,0.0,192.6,4.0
103852,2024-11-16,Chair,Clothing,,SP029,19.0,1815.37,20.0,27593.62,5.0
103853,2024-04-15,Bag,Electronics,West,SP004,4.0,1863.5,0.0,7454.0,1.0
103854,2024-10-11,Watch,Home,East,SP006,20.0,52.13,0.0,1042.6,3.0
103855,2024-12-08,Chair,Clothing,South,SP043,19.0,,10.0,14511.57,5.0
103856,2024-11-06,Book,Home,South,SP015,,1462.17,25.0,20835.92,5.0
103857,2024-04-21,Chair,Books,South,SP024,16.0,1553.43,0.0,24854.88,2.0
103858,2024-01-02,Camera,Beauty,South,SP025,2.0,625.68,25.0,938.52,4.0
103859,2024-12-22,Phone,Books,West,SP042,7.0,1440.09,25.0,7560.47,4.0
103860,2024-08-29,Camera,Home,West,SP045,4.0,1988.93,5.0,7557.93,2.0
103861,2024-10-06,Shoes,Clothing,,SP034,17.0,993.14,25.0,12662.53,4.0
103862,2024-12-03,Bag,Books,West,SP036,8.0,1672.01,5.0,12707.28,4.0
103863,2025-11-10,Chair,Home,South,SP008,3.0,525.25,0.0,1575.75,
103864,2025-09-15,Headphones,Electronics,East,SP024,,,0.0,11484.72,5.0
103865,2025-10-18,Book,Sports,South,SP008,,957.99,5.0,3640.36,1.0
103866,2025-02-01,Camera,Beauty,South,SP024,5.0,681.31,15.0,2895.57,3.0
103867,2025-02-06,Mixer,Books,West,SP001,10.0,804.29,20.0,6434.32,1.0
103868,2024-10-30,Chair,Beauty,South,SP017,11.0,,0.0,7968.84,2.0
103869,2025-05-01,Headphones,Books,South,SP024,4.0,1449.98,15.0,4929.93,3.0
103870,2024-05-09,Laptop,Home,North,SP040,20.0,1668.33,25.0,25024.95,2.0
103871,2025-02-02,Phone,Electronics,North,SP006,2.0,19.14,25.0,28.71,3.0
103872,2025-03-10,Bag,Clothing,East,SP017,,833.48,20.0,2000.35,5.0
103873,2025-10-03,Chair,Electronics,North,SP044,17.0,168.39,,2862.63,5.0
103874,2025-06-08,Mixer,Home,West,SP037,5.0,1312.02,5.0,6232.1,5.0
103875,2024-02-22,Shoes,Clothing,South,SP005,18.0,1706.13,15.0,26103.79,1.0
103876,2024-09-27,Bag,Books,South,SP041,9.0,1060.8,15.0,8115.12,4.0
103877,2025-01-06,Camera,Clothing,South,SP005,11.0,1450.66,0.0,15957.26,5.0
103878,2025-07-14,Headphones,Clothing,North,SP034,5.0,1758.18,0.0,8790.9,4.0
103879,2024-10-21,Chair,Electronics,South,SP013,4.0,963.98,0.0,3855.92,4.0
103880,2024-09-25,Camera,Clothing,West,SP033,4.0,1382.1,15.0,4699.14,2.0
103881,2024-11-20,Bag,Sports,East,SP001,,,15.0,20130.55,2.0
103882,2024-05-30,Phone,Books,South,SP043,8.0,,25.0,9385.2,2.0
103883,2024-12-17,Shoes,Books,West,SP030,5.0,1577.85,20.0,6311.4,1.0
103884,2024-06-28,Bag,Beauty,East,SP039,13.0,1776.69,,21942.12,5.0
103885,2025-08-04,Shoes,Home,South,SP040,11.0,1692.09,5.0,17682.34,4.0
103886,2024-09-20,Watch,Clothing,West,SP050,,606.06,20.0,4363.63,5.0
103887,2025-03-21,Phone,Home,South,SP015,17.0,230.37,0.0,3916.29,1.0
103888,2025-03-12,Mixer,Electronics,East,SP036,9.0,53.49,25.0,361.06,4.0
103889,2025-05-05,Book,Beauty,North,SP050,3.0,1682.62,10.0,4543.07,4.0
103890,2025-12-16,Bag,Beauty,North,SP011,6.0,1561.1,20.0,7493.28,3.0
103891,2025-08-13,Watch,Sports,,SP030,4.0,1377.75,0.0,5511.0,2.0
103892,2024-04-29,Headphones,Sports,North,SP014,14.0,361.26,25.0,3793.23,2.0
103893,2024-07-13,,Electronics,South,SP040,11.0,1019.9,0.0,11218.9,3.0
103894,2024-12-18,Bag,Clothing,West,SP037,20.0,1180.93,,20075.81,2.0
103895,2025-09-08,Book,Home,,SP037,12.0,,20.0,18754.66,2.0
103896,2024-09-17,Phone,Electronics,West,SP044,15.0,542.52,0.0,8137.8,2.0
103897,2025-02-04,Mixer,Sports,South,SP023,15.0,28.64,25.0,322.2,4.0
103898,2025-10-30,Phone,Clothing,East,SP036,15.0,1726.38,0.0,25895.7,3.0
103899,2024-06-13,,Electronics,East,SP026,,419.95,0.0,2939.65,2.0
103900,2024-02-02,Shoes,Books,,SP041,17.0,1400.35,,19044.76,5.0
103901,2024-05-22,Phone,Electronics,West,SP044,17.0,935.34,5.0,15105.74,
103902,2025-06-21,Bag,Clothing,,SP023,7.0,171.03,25.0,897.91,3.0
103903,2025-07-11,Bag,Clothing,North,SP005,12.0,302.95,0.0,3635.4,5.0
103904,2025-04-04,Mixer,Sports,East,SP044,1.0,1103.07,5.0,1047.92,1.0
103905,2025-03-23,Headphones,Clothing,West,SP021,6.0,982.66,25.0,4421.97,1.0
103906,2024-06-09,Book,Home,North,SP044,20.0,1464.08,10.0,26353.44,1.0
103907,2024-01-19,Mixer,Electronics,East,SP045,12.0,1770.58,0.0,21246.96,5.0
103908,2024-09-19,Chair,Books,North,SP001,5.0,262.0,5.0,1244.5,
103909,2025-03-04,Shoes,Clothing,East,SP003,1.0,1992.08,5.0,1892.48,2.0
103910,2025-10-31,Chair,Books,East,SP044,17.0,465.67,25.0,5937.29,2.0
103911,2025-10-17,Book,Clothing,North,SP028,9.0,399.0,15.0,3052.35,5.0
103912,2024-05-24,Phone,Sports,West,SP015,18.0,65.12,20.0,937.73,1.0
103913,2025-03-08,Bag,Books,East,SP001,14.0,1226.37,20.0,13735.34,2.0
103914,2024-07-30,Watch,Electronics,North,SP025,1.0,512.21,10.0,460.99,1.0
103915,2025-03-22,Laptop,Electronics,East,SP019,13.0,531.49,15.0,5872.96,3.0
103916,2025-07-19,,Sports,West,SP020,1.0,204.21,,153.16,2.0
103917,2025-08-17,Mixer,Electronics,South,SP019,14.0,1661.12,5.0,22092.9,1.0
103918,2024-05-01,Camera,Sports,West,SP007,12.0,17.11,0.0,205.32,2.0
103919,2024-05-05,Book,Home,South,SP045,11.0,1673.73,25.0,13808.27,2.0
103920,2025-12-14,Laptop,Home,South,SP030,6.0,270.65,20.0,1299.12,4.0
103921,2025-10-13,Laptop,Books,East,SP032,10.0,473.85,10.0,4264.65,4.0
103922,2024-06-27,Chair,Beauty,East,SP003,11.0,1493.57,25.0,12321.95,1.0
103923,2024-03-30,Book,Home,West,SP012,4.0,1829.7,5.0,6952.86,4.0
103924,2025-04-01,Headphones,Electronics,South,SP006,,1106.57,5.0,18922.35,4.0
103925,2024-10-09,Laptop,Home,East,SP035,18.0,1177.18,5.0,20129.78,5.0
103926,2024-01-08,Headphones,Electronics,East,SP009,19.0,944.42,20.0,14355.18,2.0
103927,2025-09-15,Book,Books,East,SP043,8.0,739.11,25.0,4434.66,3.0
103928,2025-09-02,Book,Beauty,West,SP029,6.0,95.17,25.0,428.26,3.0
103929,2025-03-31,Phone,Books,South,SP029,16.0,1201.17,0.0,19218.72,5.0
103930,2025-07-15,Book,Sports,West,SP010,8.0,41.55,,299.16,4.0
103931,2024-09-13,Phone,Electronics,West,SP001,11.0,1535.27,25.0,12665.98,5.0
103932,2025-08-06,Bag,Electronics,North,SP023,12.0,,20.0,18586.75,2.0
103933,2024-07-04,Headphones,Books,West,SP004,4.0,1554.29,5.0,5906.3,1.0
103934,2025-06-10,Phone,Clothing,South,SP001,7.0,548.23,15.0,3261.97,4.0
103935,2024-10-14,Phone,Books,South,SP047,13.0,1805.5,25.0,17603.62,5.0
103936,2025-09-10,Shoes,Sports,North,SP041,16.0,1156.75,20.0,14806.4,3.0
103937,2025-12-13,Chair,Beauty,West,SP048,13.0,1870.41,,23099.56,5.0
103938,2025-06-15,Mixer,Home,West,SP033,12.0,1765.62,5.0,20128.07,1.0
103939,2025-07-13,Bag,Sports,South,SP004,9.0,1553.0,20.0,11181.6,5.0
103940,2024-01-09,Camera,Home,East,SP018,1.0,943.18,15.0,801.7,3.0
103941,2025-04-18,Watch,Electronics,North,SP029,9.0,1739.75,10.0,14091.98,4.0
103942,2025-08-18,Headphones,Books,East,SP019,6.0,1488.92,5.0,8486.84,2.0
103943,2024-10-31,Phone,Books,West,SP002,15.0,1661.54,20.0,19938.48,3.0
103944,2024-09-12,,Beauty,,SP041,11.0,1161.58,20.0,10221.9,5.0
103945,2024-02-25,Camera,Sports,East,SP033,15.0,1625.69,25.0,18289.01,3.0
103946,2025-04-06,Bag,Home,West,SP043,17.0,1513.87,25.0,19301.84,5.0
103947,2024-03-14,Chair,Home,North,SP032,13.0,956.52,10.0,11191.28,2.0
103948,2024-02-28,Bag,Sports,West,SP007,15.0,1306.05,0.0,19590.75,2.0
103949,2024-11-19,Bag,Beauty,South,SP025,1.0,1285.63,0.0,1285.63,5.0
103950,2024-06-09,Mixer,Home,East,SP001,5.0,,25.0,1445.78,
103951,2024-07-12,,Clothing,East,SP044,14.0,1165.38,20.0,13052.26,1.0
103952,2024-07-10,Headphones,Home,South,SP011,,178.56,5.0,1357.06,4.0
103953,2024-08-31,Book,Electronics,East,SP040,11.0,1390.24,25.0,11469.48,4.0
103954,2024-06-08,Chair,Clothing,South,SP016,9.0,1190.5,0.0,10714.5,3.0
103955,2025-05-08,Camera,Home,North,SP038,16.0,154.3,15.0,2098.48,2.0
103956,2025-12-28,,Electronics,South,SP003,12.0,631.36,10.0,6818.69,1.0
103957,2025-02-24,Chair,Sports,East,SP017,4.0,943.18,,3772.72,3.0
103958,2025-07-31,Phone,Clothing,North,SP036,9.0,1599.64,15.0,12237.25,
103959,2024-09-12,Shoes,Sports,North,SP027,20.0,191.02,25.0,2865.3,3.0
103960,2024-01-31,Shoes,Clothing,South,SP035,15.0,1471.21,0.0,22068.15,2.0
103961,2025-11-02,Watch,Sports,East,SP016,1.0,732.53,10.0,659.28,1.0
103962,2024-09-19,Camera,Home,North,SP009,,742.59,10.0,8019.97,4.0
103963,2024-08-05,,Sports,East,SP014,11.0,860.26,15.0,8043.43,2.0
103964,2025-10-23,Camera,Books,North,SP017,5.0,978.88,5.0,4649.68,
103965,2024-02-06,Chair,Sports,West,SP047,1.0,1041.5,25.0,781.12,2.0
103966,2025-03-10,Shoes,Clothing,North,SP037,19.0,39.66,25.0,565.15,4.0
103967,2025-01-18,Phone,Sports,North,SP028,11.0,1354.69,15.0,12666.35,4.0
103968,2024-01-25,Phone,Clothing,North,SP004,3.0,,25.0,4303.33,2.0
103969,2025-08-21,Laptop,Sports,West,SP039,7.0,509.44,20.0,2852.86,4.0
103970,2024-06-16,Phone,Beauty,South,SP044,4.0,767.87,25.0,2303.61,2.0
103971,2025-12-03,,Books,South,SP037,8.0,1178.39,25.0,7070.34,4.0
103972,2025-10-26,Book,Clothing,North,SP031,20.0,297.68,0.0,5953.6,1.0
103973,2024-06-12,Laptop,Beauty,South,SP010,6.0,1839.69,0.0,11038.14,5.0
103974,2024-08-26,Shoes,Sports,North,SP021,15.0,891.72,10.0,12038.22,3.0
103975,2025-09-27,Mixer,Beauty,West,SP011,18.0,651.68,25.0,8797.68,5.0
103976,2024-05-28,Shoes,Books,North,SP006,2.0,803.46,5.0,1526.57,2.0
103977,2025-03-07,Watch,Sports,West,SP024,,1109.05,10.0,18964.76,5.0
103978,2025-08-16,Bag,Sports,North,SP037,11.0,279.02,10.0,2762.3,4.0
103979,2025-12-10,Bag,Clothing,East,SP022,1.0,1295.23,10.0,1165.71,2.0
103980,2025-01-05,Bag,Books,East,SP031,15.0,438.95,20.0,5267.4,4.0
103981,2025-07-14,Laptop,Books,East,SP027,18.0,525.44,15.0,8039.23,3.0
103982,2025-05-05,Headphones,Electronics,South,SP040,15.0,919.01,0.0,13785.15,5.0
103983,2025-05-27,Mixer,Home,South,SP026,20.0,910.25,5.0,17294.75,5.0
103984,2024-03-03,Headphones,Books,North,SP046,20.0,276.98,5.0,5262.62,4.0
103985,2024-09-20,Book,Clothing,West,SP005,4.0,877.91,0.0,3511.64,5.0
103986,2025-03-10,Headphones,Beauty,North,SP013,2.0,672.7,25.0,1009.05,1.0
103987,2025-12-07,Camera,Home,North,SP010,13.0,759.11,15.0,8388.17,4.0
103988,2025-08-19,Shoes,Home,South,SP036,17.0,385.86,0.0,6559.62,3.0
103989,2024-08-31,Phone,Sports,North,SP006,12.0,1346.14,10.0,14538.31,5.0
103990,2025-09-10,Watch,Beauty,North,SP034,3.0,1954.32,20.0,4690.37,4.0
103991,2024-01-03,Mixer,Books,West,SP032,4.0,945.21,25.0,2835.63,1.0
103992,2025-01-10,Phone,Books,North,SP031,6.0,,15.0,426.46,3.0
103993,2024-02-29,Mixer,Beauty,East,SP047,10.0,,15.0,3876.42,4.0
103994,2025-09-03,,Sports,North,SP043,13.0,908.76,5.0,11223.19,1.0
103995,2024-12-01,Laptop,Electronics,West,SP004,3.0,187.72,,450.53,
103996,2025-05-23,Shoes,Electronics,East,SP004,18.0,1475.13,0.0,26552.34,2.0
103997,2024-12-22,Chair,Books,South,SP003,10.0,1132.87,5.0,10762.26,1.0
103998,2024-01-13,Book,Beauty,West,SP018,6.0,1242.11,15.0,6334.76,4.0
103999,2025-11-21,Headphones,Home,West,SP048,11.0,1281.81,20.0,11279.93,3.0
104000,2024-09-17,Camera,Books,East,SP043,6.0,696.36,15.0,3551.44,2.0
104001,2024-02-27,Phone,Home,South,SP029,10.0,171.34,10.0,1542.06,3.0
104002,2024-02-10,Chair,Sports,South,SP029,12.0,190.37,5.0,2170.22,4.0
104003,2025-02-08,Camera,Sports,West,SP035,19.0,1544.04,25.0,22002.57,1.0
104004,2025-11-23,Mixer,Home,East,SP032,13.0,1535.41,0.0,19960.33,1.0
104005,2025-04-13,Book,Beauty,East,SP040,,1199.43,0.0,11994.3,4.0
104006,2025-06-12,Camera,Beauty,North,SP033,17.0,162.29,10.0,2483.04,1.0
104007,2024-08-04,Watch,Books,North,SP044,11.0,1009.11,5.0,10545.2,3.0
104008,2025-03-30,Camera,Beauty,West,SP014,9.0,534.74,0.0,4812.66,2.0
104009,2024-09-21,Shoes,Sports,North,SP007,12.0,1530.88,10.0,16533.5,1.0
104010,2024-04-02,Book,Books,North,SP035,2.0,1822.53,20.0,2916.05,3.0
104011,2025-02-24,Mixer,Books,East,SP039,14.0,1794.65,20.0,20100.08,2.0
104012,2024-06-18,,Electronics,South,SP004,3.0,489.31,20.0,1174.34,4.0
104013,2025-12-12,Mixer,Electronics,North,SP010,7.0,1303.41,,6842.9,2.0
104014,2025-11-03,Camera,Sports,South,SP001,14.0,533.07,10.0,6716.68,3.0
104015,2024-12-05,Camera,Beauty,West,SP036,10.0,1095.56,5.0,10407.82,1.0
104016,2025-09-16,Bag,Books,East,SP039,5.0,1936.93,10.0,8716.18,5.0
104017,2024-10-13,Watch,Clothing,South,SP030,,613.57,0.0,9203.55,1.0
104018,2025-05-08,Bag,Clothing,North,SP017,18.0,1838.11,25.0,24814.48,4.0
104019,2024-03-21,Mixer,Electronics,East,SP023,15.0,,10.0,5000.54,2.0
104020,2025-09-28,,Beauty,West,SP038,6.0,850.53,15.0,4337.7,5.0
104021,2025-06-21,Watch,Home,East,SP033,,1881.71,10.0,25403.09,3.0
104022,2025-04-07,Watch,Electronics,North,SP040,10.0,1933.12,5.0,18364.64,2.0
104023,2025-08-18,Book,Beauty,West,SP012,7.0,,0.0,5843.74,4.0
104024,2024-12-06,Chair,Home,West,SP016,3.0,,20.0,4741.92,5.0
104025,2025-09-09,Mixer,Home,East,SP031,1.0,226.21,10.0,203.59,5.0
104026,2024-09-05,Book,Sports,North,SP005,14.0,1438.94,25.0,15108.87,3.0
104027,2025-02-23,Shoes,Books,South,SP004,18.0,1607.62,5.0,27490.3,4.0
104028,2024-01-29,Mixer,Electronics,East,SP015,14.0,673.9,10.0,8491.14,1.0
104029,2025-01-22,Bag,Books,East,SP016,2.0,266.98,5.0,507.26,2.0
104030,2024-02-24,Shoes,Books,West,SP005,7.0,1674.81,25.0,8792.75,5.0
104031,2025-02-27,,Sports,South,SP005,6.0,572.12,15.0,2917.81,1.0
104032,2024-05-13,Laptop,Sports,South,SP036,3.0,423.37,25.0,952.58,4.0
104033,2025-07-06,Phone,Home,East,SP023,2.0,1812.81,15.0,3081.78,5.0
104034,2025-06-06,Chair,Home,West,SP021,11.0,1029.63,15.0,9627.04,3.0
104035,2024-03-22,Mixer,Books,South,SP022,17.0,1860.53,5.0,30047.56,2.0
104036,2024-03-18,Mixer,Sports,West,SP038,6.0,1830.17,20.0,8784.82,1.0
104037,2024-11-19,Camera,Beauty,East,SP012,20.0,548.66,20.0,8778.56,5.0
104038,2025-05-28,Watch,Sports,,SP022,6.0,1987.1,20.0,9538.08,2.0
104039,2024-02-15,Shoes,Beauty,West,SP006,8.0,163.09,5.0,1239.48,2.0
104040,2024-08-02,Headphones,Sports,West,SP019,6.0,1836.34,5.0,10467.14,2.0
104041,2025-03-29,Headphones,Beauty,East,SP012,16.0,1092.55,5.0,16606.76,4.0
104042,2024-05-27,Laptop,Books,South,SP010,17.0,928.22,15.0,13412.78,1.0
104043,2025-06-01,Watch,Sports,North,SP048,16.0,900.43,5.0,13686.54,1.0
104044,2025-02-20,Chair,Home,East,SP049,6.0,1333.35,5.0,7600.09,3.0
104045,2025-05-06,Shoes,Clothing,South,SP029,8.0,687.54,15.0,4675.27,
104046,2025-10-21,Chair,Home,East,SP046,2.0,116.59,10.0,209.86,5.0
104047,2025-04-26,Bag,Clothing,South,SP011,7.0,126.49,5.0,841.16,5.0
104048,2024-12-18,Watch,Books,South,SP017,15.0,1845.95,0.0,27689.25,1.0
104049,2024-06-05,Headphones,Beauty,South,SP038,11.0,687.66,10.0,6807.83,
104050,2025-04-14,Headphones,Sports,North,SP024,2.0,589.88,0.0,1179.76,5.0
104051,2025-03-07,Bag,Clothing,West,SP022,10.0,802.46,25.0,6018.45,4.0
104052,2025-09-15,Mixer,Books,East,SP048,1.0,597.55,10.0,537.79,4.0
104053,2025-05-26,Shoes,Beauty,North,SP045,8.0,418.42,25.0,2510.52,2.0
104054,2024-10-17,Mixer,Sports,West,SP002,18.0,1206.56,10.0,19546.27,1.0
104055,2025-11-06,Camera,Home,East,SP038,,1782.88,5.0,23712.3,5.0
104056,2025-11-24,Watch,Electronics,West,SP027,9.0,1917.98,15.0,14672.55,1.0
104057,2025-10-13,Laptop,Electronics,South,SP046,18.0,1191.31,5.0,20371.4,1.0
104058,2024-08-18,Phone,Clothing,West,SP006,8.0,1153.96,0.0,9231.68,
104059,2024-05-27,Headphones,Beauty,North,SP021,18.0,451.57,10.0,7315.43,5.0
104060,2024-03-18,Phone,Home,South,SP014,2.0,1083.97,0.0,2167.94,4.0
104061,2024-10-13,Laptop,Clothing,West,SP032,7.0,655.52,15.0,3900.34,2.0
104062,2025-06-07,Headphones,Home,West,SP043,15.0,146.4,10.0,1976.4,5.0
104063,2025-01-11,Watch,Home,West,SP022,15.0,1395.19,20.0,16742.28,5.0
104064,2024-12-17,Laptop,Home,East,SP042,20.0,1142.23,10.0,20560.14,2.0
104065,2025-12-05,Phone,Sports,North,SP020,13.0,272.34,25.0,2655.31,5.0
104066,2025-01-08,Chair,Beauty,East,SP011,10.0,1795.65,20.0,14365.2,3.0
104067,2024-05-14,Bag,Books,South,SP050,,291.11,,3493.32,1.0
104068,2025-02-07,Camera,Books,South,SP006,11.0,197.08,0.0,2167.88,3.0
104069,2025-01-18,Book,Clothing,North,SP014,16.0,594.32,10.0,8558.21,1.0
104070,2025-11-11,Camera,Home,West,SP013,5.0,949.8,15.0,4036.65,1.0
104071,2025-06-09,Chair,Books,East,SP044,18.0,287.29,0.0,5171.22,2.0
104072,2024-06-25,Watch,Home,North,SP048,3.0,1572.62,25.0,3538.39,2.0
104073,2025-08-19,Chair,Home,North,SP037,7.0,1997.34,15.0,11884.17,3.0
104074,2024-04-02,,Electronics,East,SP046,6.0,1595.45,0.0,9572.7,
104075,2024-12-28,Camera,Electronics,North,SP019,16.0,1145.49,20.0,14662.27,
104076,2025-09-14,Chair,Clothing,East,SP020,9.0,181.64,,1226.07,4.0
104077,2024-01-09,Phone,Electronics,South,SP020,3.0,1109.61,20.0,2663.06,
104078,2024-09-25,Phone,Clothing,South,SP039,17.0,1421.55,15.0,20541.4,5.0
104079,2025-03-18,Mixer,Sports,North,SP012,6.0,1785.53,15.0,9106.2,4.0
104080,2024-09-01,Phone,Clothing,North,SP050,10.0,1639.68,0.0,16396.8,2.0
104081,2025-09-26,Chair,Beauty,North,SP015,3.0,1766.29,25.0,3974.15,1.0
104082,2024-04-04,Mixer,Electronics,South,SP040,10.0,1186.17,10.0,10675.53,5.0
104083,2025-09-08,Mixer,Books,North,SP038,2.0,1114.34,25.0,1671.51,4.0
104084,2025-11-24,Shoes,Clothing,North,SP037,14.0,607.53,10.0,7654.88,1.0
104085,2025-11-23,Mixer,Clothing,North,SP043,19.0,1738.37,0.0,33029.03,2.0
104086,2024-07-15,Chair,Electronics,West,SP010,11.0,788.15,,6935.72,2.0
104087,2025-03-17,Phone,Sports,North,SP001,13.0,980.67,,11473.84,2.0
104088,2025-12-08,Camera,Electronics,West,SP019,18.0,1804.32,0.0,32477.76,1.0
104089,2024-11-24,Chair,Clothing,North,SP049,1.0,228.47,25.0,171.35,2.0
104090,2024-10-05,Laptop,Sports,North,SP017,9.0,1186.91,15.0,9079.86,5.0
104091,2025-05-01,Bag,Sports,East,SP049,13.0,,25.0,6758.31,2.0
104092,2025-01-01,Headphones,Books,South,SP008,15.0,308.29,0.0,4624.35,4.0
104093,2024-01-27,Mixer,Books,North,SP006,7.0,1325.96,25.0,6961.29,1.0
104094,2024-11-19,Chair,Beauty,West,SP050,15.0,1953.22,0.0,29298.3,2.0
104095,2024-03-02,Laptop,Electronics,East,SP039,14.0,800.88,15.0,9530.47,5.0
104096,2024-10-14,Headphones,Books,South,SP046,13.0,1828.42,15.0,20204.04,
104097,2024-09-10,,Sports,North,SP048,7.0,1381.59,0.0,9671.13,3.0
104098,2025-06-19,Bag,Electronics,East,SP042,1.0,1563.8,20.0,1251.04,1.0
104099,2025-07-26,Chair,Home,South,SP002,14.0,399.81,5.0,5317.47,4.0
104100,2024-12-11,Watch,Books,South,SP040,18.0,1557.74,10.0,25235.39,2.0
104101,2024-09-06,Laptop,Beauty,West,SP012,15.0,673.43,25.0,7576.09,2.0
104102,2025-06-21,,Books,East,SP036,11.0,1827.1,25.0,15073.57,3.0
104103,2024-10-07,Chair,Beauty,North,SP037,12.0,636.15,0.0,7633.8,4.0
104104,2024-01-25,Shoes,Clothing,West,SP032,7.0,1839.08,20.0,10298.85,5.0
104105,2025-07-28,Chair,Sports,South,SP010,7.0,1097.87,15.0,6532.33,2.0
104106,2025-06-28,Chair,Sports,East,SP029,1.0,69.92,25.0,52.44,3.0
104107,2025-06-15,Mixer,Sports,West,SP046,10.0,829.52,10.0,7465.68,3.0
104108,2024-04-10,Shoes,Electronics,West,SP015,13.0,465.62,0.0,6053.06,1.0
104109,2025-04-13,Camera,Sports,West,SP026,11.0,693.69,5.0,7249.06,1.0
104110,2024-05-04,Laptop,Beauty,North,SP008,9.0,719.91,10.0,5831.27,3.0
104111,2024-09-16,Mixer,Electronics,East,SP046,3.0,742.89,5.0,2117.24,2.0
104112,2025-12-20,Headphones,Beauty,West,SP008,13.0,1783.81,0.0,23189.53,1.0
104113,2024-11-10,Headphones,Electronics,North,SP034,13.0,1835.28,5.0,22665.71,5.0
104114,2024-06-19,Book,Home,,SP046,13.0,1498.29,0.0,19477.77,3.0
104115,2025-01-23,Headphones,Beauty,South,SP025,12.0,1819.98,5.0,20747.77,5.0
104116,2024-09-18,Watch,Electronics,South,SP019,8.0,1002.16,0.0,8017.28,3.0
104117,2025-10-09,Camera,Home,West,SP028,11.0,565.22,10.0,5595.68,1.0
104118,2024-01-10,Phone,Beauty,West,SP042,8.0,1984.99,0.0,15879.92,2.0
104119,2024-06-04,Mixer,Sports,West,SP018,16.0,1552.0,5.0,23590.4,2.0
104120,2025-12-08,Bag,Books,South,SP025,4.0,1305.01,25.0,3915.03,5.0
104121,2024-08-25,Camera,Home,West,SP002,18.0,738.46,0.0,13292.28,
104122,2024-07-17,Camera,Beauty,North,SP027,,63.61,25.0,429.37,3.0
104123,2024-02-03,Headphones,Books,East,SP049,18.0,231.44,5.0,3957.62,1.0
104124,2024-09-03,,Beauty,East,SP013,9.0,1633.41,25.0,11025.52,4.0
104125,2025-04-19,Shoes,Sports,East,SP046,2.0,36.11,15.0,61.39,5.0
104126,2024-12-09,Camera,Home,East,SP019,,613.24,5.0,2330.31,5.0
104127,2025-01-31,Shoes,Electronics,West,SP045,14.0,1154.28,10.0,14543.93,3.0
104128,2025-03-21,Mixer,Electronics,North,SP008,5.0,951.93,5.0,4521.67,4.0
104129,2024-03-09,Bag,Beauty,East,SP045,15.0,,10.0,5580.36,3.0
104130,2025-08-22,Phone,Sports,South,SP036,,472.3,25.0,2125.35,2.0
104131,2024-06-15,Mixer,Beauty,West,SP046,14.0,560.6,25.0,5886.3,1.0
104132,2025-12-04,Laptop,Sports,North,SP009,2.0,110.78,15.0,188.33,5.0
104133,2024-10-17,Chair,Electronics,East,SP050,11.0,899.7,0.0,9896.7,5.0
104134,2024-11-04,Watch,Clothing,South,SP021,18.0,567.27,25.0,7658.15,3.0
104135,2024-06-02,Bag,Clothing,West,SP046,18.0,407.98,5.0,6976.46,3.0
104136,2025-02-19,Phone,Books,South,SP004,16.0,1149.69,20.0,14716.03,2.0
104137,2025-02-28,Bag,Books,West,SP007,11.0,759.82,25.0,6268.52,1.0
104138,2024-12-15,Phone,Beauty,West,SP003,17.0,1122.93,,14317.36,5.0
104139,2025-08-31,Laptop,Sports,North,SP008,9.0,150.6,25.0,1016.55,4.0
104140,2024-05-02,Watch,Home,West,SP046,3.0,604.89,15.0,1542.47,1.0
104141,2024-04-15,Laptop,Beauty,West,SP024,19.0,,5.0,30923.98,3.0
104142,2024-06-25,Chair,Books,East,SP046,10.0,1746.96,15.0,14849.16,2.0
104143,2024-09-03,Bag,Home,West,SP030,16.0,,25.0,23999.76,1.0
104144,2024-02-27,Shoes,Home,South,SP012,16.0,1122.83,0.0,17965.28,3.0
104145,2024-04-07,Mixer,Electronics,South,SP049,6.0,177.66,25.0,799.47,2.0
104146,2025-02-19,Laptop,Beauty,West,SP043,16.0,1145.64,20.0,14664.19,4.0
104147,2025-02-25,Book,Books,South,SP036,1.0,301.06,15.0,255.9,2.0
104148,2025-08-07,Watch,Sports,South,SP007,12.0,921.45,15.0,9398.79,1.0
104149,2024-01-15,Bag,Electronics,North,SP029,7.0,,25.0,7178.43,1.0
104150,2024-09-08,Mixer,Books,West,SP046,16.0,1042.77,0.0,16684.32,4.0
104151,2025-08-16,Laptop,Beauty,South,SP018,8.0,332.62,15.0,2261.82,5.0
104152,2024-10-04,Headphones,Sports,East,SP035,20.0,313.33,,4699.95,4.0
104153,2025-02-23,Laptop,Sports,East,SP044,6.0,1233.3,10.0,6659.82,3.0
104154,2024-12-14,Headphones,Sports,West,SP024,13.0,636.74,,7863.74,3.0
104155,2024-04-01,Phone,Sports,East,SP032,20.0,1022.11,20.0,16353.76,4.0
104156,2025-08-14,Chair,Home,East,SP049,12.0,11.97,0.0,143.64,2.0
104157,2024-06-01,Headphones,Beauty,South,SP004,2.0,375.88,5.0,714.17,2.0
104158,2024-05-08,Book,Clothing,East,SP029,13.0,1328.29,10.0,15540.99,2.0
104159,2024-09-04,Laptop,Sports,East,SP050,1.0,1225.52,,919.14,1.0
104160,2025-01-25,Mixer,Home,South,SP042,8.0,673.35,15.0,4578.78,2.0
104161,2024-10-05,Book,Electronics,South,SP022,15.0,802.43,15.0,10230.98,5.0
104162,2024-07-23,,Electronics,North,SP047,16.0,1521.31,20.0,19472.77,3.0
104163,2024-08-02,Camera,Clothing,South,SP009,13.0,1448.04,15.0,16000.84,4.0
104164,2025-03-20,Shoes,Clothing,East,SP045,8.0,438.11,10.0,3154.39,4.0
104165,2024-06-12,Chair,Sports,South,SP012,17.0,465.6,5.0,7519.44,3.0
104166,2025-08-16,Chair,Books,West,SP050,7.0,208.5,5.0,1386.52,1.0
104167,2024-01-08,Shoes,Books,South,SP017,18.0,1387.39,10.0,22475.72,1.0
104168,2024-07-28,Chair,Clothing,South,SP044,15.0,27.23,,388.03,1.0
104169,2025-10-09,Chair,Beauty,East,SP024,18.0,1775.04,20.0,25560.58,4.0
104170,2025-10-11,Bag,Beauty,North,SP018,3.0,260.13,25.0,585.29,4.0
104171,2024-08-12,Book,Books,North,SP031,15.0,206.55,20.0,2478.6,
104172,2025-08-08,Headphones,Home,East,SP046,13.0,1083.01,25.0,10559.35,3.0
104173,2024-11-10,Shoes,Electronics,East,SP032,10.0,1457.17,25.0,10928.78,5.0
104174,2024-08-15,Headphones,Home,North,SP021,15.0,1243.34,5.0,17717.59,2.0
104175,2025-12-31,Chair,Books,West,SP034,5.0,1260.33,15.0,5356.4,5.0
104176,2025-01-06,Shoes,Beauty,South,SP041,20.0,412.34,25.0,6185.1,5.0
104177,2024-02-08,,Sports,South,SP044,8.0,1208.44,20.0,7734.02,2.0
104178,2024-03-23,Phone,Beauty,East,SP049,12.0,50.6,5.0,576.84,5.0
104179,2025-11-21,,Books,North,SP009,14.0,1928.08,10.0,24293.81,3.0
104180,2024-01-12,Mixer,Sports,North,SP026,,874.64,25.0,8527.74,4.0
104181,2024-08-16,Phone,Home,,SP016,10.0,990.95,15.0,8423.07,2.0
104182,2025-07-26,Phone,Books,North,SP015,19.0,719.96,20.0,10943.39,5.0
104183,2024-12-08,Headphones,Clothing,South,SP007,6.0,624.29,15.0,3183.88,3.0
104184,2024-12-26,Bag,Home,South,SP037,19.0,1519.95,5.0,27435.1,4.0
104185,2024-08-21,Book,Beauty,East,SP001,20.0,1209.42,20.0,19350.72,2.0
104186,2025-07-23,Watch,Sports,East,SP028,19.0,698.99,25.0,9960.61,3.0
104187,2024-07-22,Bag,Clothing,North,SP004,3.0,942.51,20.0,2262.02,2.0
104188,2024-04-03,Bag,Clothing,West,SP043,1.0,1326.06,25.0,994.54,4.0
104189,2024-08-14,Bag,Clothing,South,SP011,6.0,705.09,15.0,3595.96,2.0
104190,2024-10-18,Chair,Beauty,North,SP028,17.0,906.78,20.0,12332.21,4.0
104191,2024-01-06,Camera,Electronics,East,SP036,4.0,1162.62,0.0,4650.48,5.0
104192,2025-03-17,Laptop,Books,West,SP014,13.0,1441.39,25.0,14053.55,2.0
104193,2025-02-27,Mixer,Beauty,South,SP043,,611.89,15.0,5201.06,4.0
104194,2025-06-10,Watch,Electronics,West,SP028,12.0,1230.01,25.0,11070.09,1.0
104195,2025-09-23,Phone,Sports,East,SP050,1.0,1200.94,15.0,1020.8,3.0
104196,2025-10-15,Book,Sports,South,SP046,18.0,219.35,,3553.47,3.0
104197,2025-03-04,Watch,Sports,South,SP045,14.0,1922.93,10.0,24228.92,2.0
104198,2025-07-06,Book,Clothing,North,SP043,15.0,1537.39,0.0,23060.85,
104199,2025-02-02,Mixer,Clothing,West,SP035,14.0,692.82,,9699.48,3.0
104200,2025-04-05,Mixer,Beauty,South,SP029,15.0,185.69,20.0,2228.28,3.0
104201,2024-09-08,Headphones,Beauty,East,SP040,9.0,712.75,20.0,5131.8,2.0
104202,2025-05-30,Book,Electronics,South,SP016,2.0,793.17,25.0,1189.75,1.0
104203,2025-06-07,Headphones,Home,West,SP039,19.0,1291.62,25.0,18405.58,2.0
104204,2024-09-28,Book,Home,West,SP039,8.0,599.85,5.0,4558.86,3.0
104205,2024-06-30,,Sports,North,SP016,4.0,377.4,0.0,1509.6,5.0
104206,2025-04-07,Laptop,Clothing,East,SP020,3.0,15.19,20.0,36.46,
104207,2025-09-28,Watch,Beauty,North,SP014,10.0,766.61,0.0,7666.1,4.0
104208,2025-02-16,Headphones,Books,North,SP043,9.0,885.39,15.0,6773.23,1.0
104209,2025-03-12,Book,Electronics,South,SP047,3.0,376.59,0.0,1129.77,
104210,2025-11-27,Mixer,Sports,North,SP041,13.0,1399.01,10.0,16368.42,5.0
104211,2025-10-16,Phone,Home,South,SP014,2.0,89.6,10.0,161.28,2.0
104212,2025-01-16,Headphones,Electronics,North,SP015,5.0,1690.96,15.0,7186.58,5.0
104213,2024-11-17,Shoes,Beauty,East,SP031,11.0,1499.67,0.0,16496.37,2.0
104214,2025-06-15,Phone,Clothing,East,SP023,1.0,216.33,0.0,216.33,4.0
104215,2024-04-06,Mixer,Electronics,West,SP048,18.0,,10.0,3075.08,1.0
104216,2025-09-04,Phone,Clothing,West,SP041,10.0,1217.13,20.0,9737.04,3.0
104217,2024-02-07,Phone,Books,South,SP037,12.0,675.41,20.0,6483.94,4.0
104218,2025-06-29,Bag,Electronics,West,SP001,15.0,167.56,15.0,2136.39,5.0
104219,2024-01-12,Camera,Clothing,South,SP049,10.0,1222.59,5.0,11614.6,5.0
104220,2025-01-09,Phone,Beauty,West,SP006,1.0,983.34,25.0,737.5,2.0
104221,2025-08-28,Phone,Clothing,East,SP037,8.0,419.03,5.0,3184.63,3.0
104222,2024-06-16,Laptop,Books,North,SP014,5.0,88.97,,400.37,4.0
104223,2025-11-23,Bag,Home,East,SP025,3.0,1871.59,15.0,4772.55,2.0
104224,2025-04-04,Headphones,Electronics,,SP045,9.0,1084.1,,8293.36,2.0
104225,2025-02-28,Chair,Electronics,West,SP038,5.0,1443.03,25.0,5411.36,3.0
104226,2024-03-16,Phone,Clothing,North,SP008,14.0,639.41,25.0,6713.81,5.0
104227,2025-03-17,Mixer,Electronics,North,SP043,2.0,1663.77,0.0,3327.54,2.0
104228,2025-11-15,Camera,Clothing,South,SP004,8.0,1750.23,20.0,11201.47,2.0
104229,2024-11-28,Mixer,Sports,South,SP004,12.0,1169.51,25.0,10525.59,4.0
104230,2024-06-03,Book,Beauty,West,SP036,8.0,234.47,10.0,1688.18,5.0
104231,2025-12-18,Laptop,Beauty,West,SP041,20.0,1992.9,0.0,39858.0,1.0
104232,2025-08-07,Watch,Home,North,SP023,13.0,1721.06,0.0,22373.78,2.0
104233,2024-04-01,Chair,Sports,North,SP034,3.0,286.26,0.0,858.78,1.0
104234,2025-02-18,Mixer,Electronics,East,SP017,9.0,1553.07,25.0,10483.22,4.0
104235,2024-02-13,Camera,Sports,North,SP017,18.0,1404.43,25.0,18959.81,1.0
104236,2025-07-19,Book,Home,East,SP037,8.0,549.98,20.0,3519.87,3.0
104237,2024-01-31,Book,Beauty,North,SP027,13.0,28.05,25.0,273.49,2.0
104238,2025-12-09,Headphones,Beauty,South,SP044,15.0,528.24,15.0,6735.06,5.0
104239,2025-10-14,Camera,Books,North,SP032,18.0,1829.53,10.0,29638.39,3.0
104240,2024-05-25,Watch,Clothing,North,SP019,20.0,1965.69,0.0,39313.8,5.0
104241,2025-01-02,Bag,Sports,South,SP021,15.0,1860.18,25.0,20927.03,2.0
104242,2025-11-21,Headphones,Beauty,North,SP039,18.0,578.87,15.0,8856.71,3.0
104243,2024-07-18,Bag,Clothing,,SP008,2.0,195.97,10.0,352.75,4.0
104244,2024-10-27,Camera,Electronics,South,SP044,13.0,1780.82,10.0,20835.59,4.0
104245,2024-05-12,Phone,Electronics,West,SP025,20.0,1614.24,15.0,27442.08,2.0
104246,2025-07-07,Watch,Beauty,South,SP018,13.0,873.6,5.0,10788.96,4.0
104247,2025-07-15,Headphones,Sports,,SP008,20.0,1835.39,25.0,27530.85,4.0
104248,2025-01-13,Bag,Books,East,SP003,13.0,319.02,15.0,3525.17,2.0
104249,2024-03-05,Shoes,Clothing,North,SP046,12.0,1644.61,15.0,16775.02,2.0
104250,2024-11-26,Book,Clothing,East,SP048,5.0,550.67,5.0,2615.68,4.0
104251,2024-02-04,Mixer,Beauty,East,SP039,1.0,1044.39,25.0,783.29,4.0
104252,2024-03-05,Laptop,Home,South,SP001,15.0,363.61,10.0,4908.74,3.0
104253,2024-08-21,Chair,Books,North,SP033,,402.44,0.0,4426.84,3.0
104254,2025-01-15,Camera,Clothing,East,SP043,14.0,38.23,20.0,428.18,2.0
104255,2024-09-05,Phone,Electronics,North,SP010,5.0,258.12,25.0,967.95,5.0
104256,2024-10-04,Phone,Home,,SP018,9.0,1778.77,,15208.48,1.0
104257,2025-07-05,Chair,Books,West,SP031,16.0,1026.43,10.0,14780.59,5.0
104258,2025-07-11,Laptop,Clothing,North,SP008,5.0,1379.9,10.0,6209.55,4.0
104259,2025-06-27,Bag,Beauty,North,SP033,5.0,460.03,5.0,2185.14,1.0
104260,2025-10-30,,Sports,South,SP020,1.0,1920.43,25.0,1440.32,2.0
104261,2025-02-22,,Sports,South,SP044,12.0,1986.79,20.0,19073.18,3.0
104262,2025-01-05,Book,Clothing,West,SP014,,949.58,10.0,14528.57,3.0
104263,2025-05-29,Chair,Books,West,SP041,17.0,1900.95,5.0,30700.34,2.0
104264,2024-11-18,Shoes,Books,East,SP013,10.0,,5.0,5646.61,3.0
104265,2024-04-29,Mixer,Clothing,North,SP022,3.0,,,4316.59,1.0
104266,2024-09-12,Mixer,Books,South,SP033,9.0,676.14,5.0,5781.0,4.0
104267,2024-06-11,Headphones,Sports,West,SP025,1.0,1974.09,15.0,1677.98,4.0
104268,2025-12-26,Mixer,Sports,,SP021,,1066.89,20.0,1707.02,5.0
104269,2025-04-02,Laptop,Books,West,SP021,3.0,1447.3,5.0,4124.8,2.0
104270,2024-03-14,Mixer,Home,South,SP007,7.0,1434.98,15.0,8538.13,3.0
104271,2025-12-27,Laptop,Sports,East,SP046,5.0,795.28,0.0,3976.4,1.0
104272,2024-09-20,Phone,Electronics,West,SP006,9.0,443.64,25.0,2994.57,3.0
104273,2024-10-20,Headphones,Home,East,SP046,12.0,288.96,20.0,2774.02,4.0
104274,2024-11-15,Phone,Beauty,West,SP007,9.0,1863.49,5.0,15932.84,1.0
104275,2025-11-30,Watch,Beauty,West,SP011,12.0,457.43,5.0,5214.7,5.0
104276,2025-03-18,,Electronics,South,SP041,20.0,937.47,0.0,18749.4,3.0
104277,2024-08-19,Bag,Home,East,SP036,10.0,606.55,20.0,4852.4,4.0
104278,2025-10-03,Mixer,Electronics,West,SP033,3.0,1468.66,20.0,3524.78,4.0
104279,2024-02-24,Camera,Clothing,,SP039,5.0,235.63,20.0,942.52,3.0
104280,2024-08-10,Mixer,Clothing,West,SP019,15.0,877.02,5.0,12497.53,5.0
104281,2024-02-16,Shoes,Clothing,South,SP039,7.0,432.7,5.0,2877.45,
104282,2024-09-27,Laptop,Home,West,SP014,18.0,86.71,15.0,1326.66,1.0
104283,2024-11-15,,Sports,East,SP030,17.0,440.59,15.0,6366.53,4.0
104284,2025-05-23,Chair,Sports,West,SP027,9.0,17.72,0.0,159.48,3.0
104285,2025-02-15,Headphones,Books,South,SP011,1.0,12.44,15.0,10.57,5.0
104286,2024-06-07,Mixer,Clothing,North,SP038,4.0,1731.58,5.0,6580.0,2.0
104287,2025-05-30,Shoes,Sports,East,SP049,14.0,1731.1,20.0,19388.32,4.0
104288,2024-05-16,Camera,Clothing,South,SP001,14.0,526.55,5.0,7003.11,3.0
104289,2025-01-03,Camera,Clothing,,SP026,,1996.61,15.0,32245.25,4.0
104290,2025-11-06,Mixer,Home,South,SP007,13.0,,10.0,816.19,2.0
104291,2024-07-26,Chair,Home,East,SP038,9.0,1308.6,10.0,10599.66,5.0
104292,2024-04-03,Watch,Sports,East,SP007,4.0,1933.34,25.0,5800.02,2.0
104293,2024-09-24,Chair,Sports,North,SP031,6.0,,15.0,1229.66,1.0
104294,2024-11-10,Headphones,Home,North,SP006,18.0,1422.09,5.0,24317.74,4.0
104295,2024-12-12,Mixer,Books,East,SP037,19.0,702.48,,12012.41,3.0
104296,2024-06-19,Camera,Clothing,North,SP014,3.0,1247.22,15.0,3180.41,4.0
104297,2024-07-17,Shoes,Sports,,SP030,13.0,676.23,15.0,7472.34,4.0
104298,2025-06-16,Camera,Clothing,East,SP036,16.0,955.1,10.0,13753.44,4.0
104299,2024-03-14,Phone,Sports,East,SP039,7.0,1667.73,10.0,10506.7,1.0
104300,2025-08-21,Laptop,Beauty,East,SP012,12.0,444.02,20.0,4262.59,4.0
104301,2025-05-18,Camera,Electronics,West,SP026,5.0,388.02,20.0,1552.08,1.0
104302,2025-01-07,Phone,Clothing,North,SP022,1.0,71.15,,71.15,3.0
104303,2025-06-22,Chair,Sports,East,SP032,1.0,619.1,5.0,588.14,5.0
104304,2024-06-09,Camera,Electronics,North,SP001,3.0,526.79,20.0,1264.3,5.0
104305,2025-02-07,Watch,Sports,North,SP020,4.0,1601.45,15.0,5444.93,5.0
104306,2025-08-07,Chair,Beauty,North,SP025,3.0,688.54,15.0,1755.78,4.0
104307,2025-09-19,Chair,Sports,West,SP012,19.0,764.88,25.0,10899.54,1.0
104308,2025-08-21,Chair,Sports,South,SP028,13.0,240.75,5.0,2973.26,
104309,2024-08-17,Headphones,Beauty,West,SP011,6.0,118.98,20.0,571.1,3.0
104310,2025-01-06,Book,Home,West,SP040,20.0,1968.44,,39368.8,2.0
104311,2024-06-09,Phone,Books,East,SP020,16.0,936.48,0.0,14983.68,5.0
104312,2024-04-08,Shoes,Books,West,SP001,15.0,,5.0,19287.09,5.0
104313,2025-03-10,Mixer,Books,West,SP049,17.0,683.96,20.0,9301.86,1.0
104314,2024-02-05,Bag,Clothing,East,SP033,17.0,,20.0,9374.89,
104315,2025-05-05,Chair,Sports,East,SP018,19.0,590.22,5.0,10653.47,4.0
104316,2024-02-22,Bag,Sports,West,SP043,6.0,768.44,5.0,4380.11,4.0
104317,2024-12-25,Book,Beauty,West,SP042,20.0,790.45,10.0,14228.1,4.0
104318,2025-01-29,Watch,Sports,North,SP023,20.0,522.27,20.0,8356.32,3.0
104319,2025-10-05,Watch,Home,North,SP046,8.0,553.78,,3765.7,2.0
104320,2024-09-16,Bag,Sports,South,SP039,1.0,1550.43,5.0,1472.91,1.0
104321,2025-07-26,Mixer,Beauty,West,SP021,9.0,1360.06,25.0,9180.4,2.0
104322,2025-10-19,Chair,Sports,,SP018,20.0,521.1,,10422.0,5.0
104323,2024-02-03,Chair,Beauty,South,SP013,16.0,1052.33,10.0,15153.55,5.0
104324,2025-01-15,Camera,Electronics,South,SP027,13.0,,5.0,14360.46,5.0
104325,2025-01-23,Laptop,Books,East,SP050,10.0,1952.16,20.0,15617.28,1.0
104326,2025-05-01,Watch,Electronics,East,SP001,8.0,919.9,0.0,7359.2,4.0
104327,2024-08-11,Watch,Electronics,East,SP007,6.0,1622.54,25.0,7301.43,1.0
104328,2024-05-24,Mixer,Sports,West,SP014,14.0,725.12,5.0,9644.1,2.0
104329,2024-10-25,Headphones,Home,West,SP028,13.0,937.22,25.0,9137.9,1.0
104330,2024-09-10,Bag,Clothing,West,SP017,7.0,1702.28,5.0,11320.16,1.0
104331,2024-12-09,Camera,Home,North,SP004,20.0,297.54,0.0,5950.8,1.0
104332,2024-01-22,Laptop,Sports,North,SP044,6.0,1258.43,15.0,6417.99,5.0
104333,2024-12-01,Watch,Beauty,West,SP031,4.0,786.52,,2516.86,5.0
104334,2025-10-11,Chair,Electronics,West,SP006,16.0,408.36,5.0,6207.07,3.0
104335,2024-09-14,Book,Home,West,SP034,7.0,1779.45,15.0,10587.73,5.0
104336,2024-08-03,Shoes,Sports,North,SP012,11.0,50.74,10.0,502.33,4.0
104337,2024-01-30,Book,Sports,West,SP004,13.0,1722.13,15.0,19029.54,4.0
104338,2024-03-28,Shoes,Beauty,South,SP016,18.0,1362.0,0.0,24516.0,
104339,2024-04-07,Chair,Sports,West,SP017,7.0,1142.12,5.0,7595.1,
104340,2025-09-04,Phone,Books,South,SP016,19.0,1044.23,10.0,17856.33,4.0
104341,2025-02-25,Mixer,Electronics,West,SP038,,894.56,,13686.77,1.0
104342,2024-02-15,Phone,Electronics,West,SP018,13.0,1690.82,10.0,19782.59,1.0
104343,2025-05-22,Chair,Beauty,East,SP029,2.0,1931.41,,3090.26,5.0
104344,2024-10-02,Chair,Home,East,SP030,17.0,1938.13,0.0,32948.21,2.0
104345,2025-03-19,Laptop,Home,East,SP040,11.0,1321.57,25.0,10902.95,2.0
104346,2025-05-05,Laptop,Clothing,North,SP029,6.0,1030.58,20.0,4946.78,5.0
104347,2025-06-02,Watch,Clothing,North,SP028,8.0,1584.76,15.0,10776.37,4.0
104348,2025-06-15,Watch,Home,East,SP003,11.0,1493.49,20.0,13142.71,5.0
104349,2025-07-29,Camera,Clothing,North,SP013,19.0,1802.5,25.0,25685.62,
104350,2025-10-02,Headphones,Electronics,East,SP010,,925.03,10.0,1665.05,4.0
104351,2025-09-26,Book,Clothing,South,SP042,20.0,1563.57,0.0,31271.4,1.0
104352,2024-05-13,Camera,Sports,West,SP013,20.0,1895.42,25.0,28431.3,2.0
104353,2024-01-22,Chair,Home,West,SP023,20.0,1645.93,5.0,31272.67,3.0
104354,2024-01-04,Camera,Electronics,,SP018,8.0,63.56,20.0,406.78,1.0
104355,2024-07-03,Laptop,Electronics,South,SP041,15.0,420.92,5.0,5998.11,5.0
104356,2024-12-31,Laptop,Electronics,East,SP009,7.0,191.37,10.0,1205.63,2.0
104357,2024-03-21,Headphones,Beauty,South,SP004,18.0,284.36,0.0,5118.48,3.0
104358,2025-06-25,Camera,Clothing,North,SP023,4.0,1564.62,0.0,6258.48,3.0
104359,2025-06-27,Mixer,Home,West,SP049,10.0,1419.09,5.0,13481.35,4.0
104360,2025-09-06,Mixer,Books,South,SP018,15.0,1770.53,20.0,21246.36,3.0
104361,2025-10-15,Book,Electronics,South,SP032,11.0,477.22,0.0,5249.42,2.0
104362,2025-11-25,Headphones,Home,South,SP038,7.0,1530.55,5.0,10178.16,3.0
104363,2024-04-10,Book,Books,West,SP044,17.0,689.87,10.0,10555.01,4.0
104364,2025-06-24,Book,Home,North,SP016,17.0,1324.46,0.0,22515.82,1.0
104365,2025-06-09,Camera,Home,East,SP017,4.0,1152.5,25.0,3457.5,
104366,2025-04-09,Laptop,Books,East,SP033,13.0,211.11,10.0,2469.99,5.0
104367,2024-10-15,Book,Books,North,SP033,19.0,,25.0,21092.85,5.0
104368,2024-05-19,Watch,Electronics,South,SP022,9.0,579.77,25.0,3913.45,1.0
104369,2025-03-30,Book,Home,South,SP024,14.0,1193.34,10.0,15036.08,3.0
104370,2025-06-04,Mixer,Books,South,SP043,17.0,160.22,0.0,2723.74,2.0
104371,2025-04-02,,Sports,West,SP032,15.0,1553.05,10.0,20966.17,3.0
104372,2025-01-16,Watch,Books,North,SP009,19.0,1748.39,10.0,29897.47,
104373,2025-06-10,Camera,Clothing,,SP039,15.0,301.03,10.0,4063.9,4.0
104374,2025-09-22,Watch,Home,East,SP039,2.0,38.97,0.0,77.94,3.0
104375,2025-07-14,Headphones,Sports,East,SP047,10.0,1140.54,25.0,8554.05,1.0
104376,2025-03-22,Camera,Home,West,SP043,14.0,269.48,25.0,2829.54,4.0
104377,2024-04-30,Chair,Home,North,SP011,5.0,,20.0,2652.52,4.0
104378,2025-03-17,Laptop,Sports,East,SP008,15.0,530.7,25.0,5970.38,2.0
104379,2024-06-05,Headphones,Home,South,SP005,16.0,299.31,15.0,4070.62,3.0
104380,2025-01-11,Watch,Electronics,West,SP041,,1388.39,5.0,5275.88,1.0
104381,2024-02-27,Book,Beauty,South,SP019,11.0,569.42,,5637.26,3.0
104382,2024-12-30,Headphones,Clothing,North,SP028,20.0,1927.03,10.0,34686.54,5.0
104383,2025-11-10,,Books,West,SP027,7.0,411.06,25.0,2158.07,5.0
104384,2024-02-25,Book,Electronics,East,SP048,18.0,1641.64,20.0,23639.62,5.0
104385,2024-04-03,,Home,South,SP006,1.0,1007.97,25.0,755.98,4.0
104386,2024-03-31,,Beauty,East,SP050,,1821.88,25.0,16396.92,2.0
104387,2024-04-05,Chair,Sports,West,SP003,19.0,916.3,5.0,16539.22,5.0
104388,2025-11-29,Headphones,Electronics,East,SP042,8.0,1741.33,25.0,10447.98,1.0
104389,2024-03-31,Chair,Beauty,North,SP006,2.0,740.26,20.0,1184.42,1.0
104390,2025-01-13,Headphones,Home,North,SP003,7.0,350.56,5.0,2331.22,5.0
104391,2025-12-26,Chair,Books,South,SP037,7.0,1373.51,25.0,7210.93,4.0
104392,2024-09-05,Laptop,Books,South,SP035,16.0,1176.93,5.0,17889.34,5.0
104393,2025-10-13,Phone,Beauty,South,SP034,15.0,1039.93,25.0,11699.21,
104394,2024-10-17,Bag,Sports,West,SP016,15.0,1041.87,15.0,13283.84,3.0
104395,2024-05-18,Mixer,Books,North,SP012,1.0,1089.64,10.0,980.68,3.0
104396,2024-07-09,,Clothing,West,SP020,13.0,872.75,15.0,9643.89,3.0
104397,2024-01-31,Chair,Books,South,SP049,9.0,928.88,20.0,6687.94,4.0
104398,2025-09-05,Camera,Books,East,SP034,14.0,815.9,15.0,9709.21,1.0
104399,2025-11-30,Watch,Beauty,South,SP020,18.0,951.37,10.0,15412.19,4.0
104400,2025-06-23,Watch,Sports,South,SP037,15.0,1329.18,10.0,17943.93,5.0
104401,2025-12-21,Book,Sports,West,SP020,11.0,502.4,10.0,4973.76,2.0
104402,2024-07-19,Headphones,Beauty,North,SP036,20.0,561.9,5.0,10676.1,5.0
104403,2025-01-19,Headphones,Sports,West,SP043,9.0,,20.0,11034.14,5.0
104404,2024-03-06,Shoes,Clothing,South,SP016,4.0,1324.27,20.0,4237.66,2.0
104405,2024-09-29,Shoes,Electronics,South,SP030,,1122.57,,13863.74,2.0
104406,2024-08-23,Laptop,Sports,North,SP014,16.0,1415.47,10.0,20382.77,5.0
104407,2025-02-27,Mixer,Home,West,SP033,16.0,1840.24,25.0,22082.88,2.0
104408,2024-02-22,Camera,Sports,,SP044,9.0,1575.51,10.0,12761.63,4.0
104409,2025-11-09,Book,Sports,West,SP036,13.0,1305.19,25.0,12725.6,1.0
104410,2024-02-25,Shoes,Sports,West,SP042,12.0,677.96,,6101.64,4.0
104411,2024-09-24,Chair,Sports,,SP011,9.0,1881.58,10.0,15240.8,4.0
104412,2024-02-07,Headphones,Home,South,SP017,12.0,825.12,10.0,8911.3,3.0
104413,2024-06-30,Phone,Books,West,SP029,2.0,127.6,5.0,242.44,3.0
104414,2025-04-11,Laptop,Clothing,East,SP006,4.0,1731.59,5.0,6580.04,5.0
104415,2024-04-04,Laptop,Home,West,SP024,19.0,1942.17,10.0,33211.11,1.0
104416,2024-08-29,Book,Electronics,North,SP041,8.0,636.61,20.0,4074.3,3.0
104417,2024-07-11,Camera,Beauty,West,SP028,6.0,1666.75,25.0,7500.38,4.0
104418,2025-12-28,Camera,Books,North,SP050,7.0,376.4,15.0,2239.58,3.0
104419,2024-05-11,Laptop,Sports,North,SP048,7.0,412.89,0.0,2890.23,
104420,2025-09-22,Laptop,Electronics,East,SP010,3.0,1474.67,15.0,3760.41,2.0
104421,2025-09-09,Bag,Books,East,SP038,3.0,1059.85,10.0,2861.59,4.0
104422,2025-01-05,Shoes,Sports,North,SP046,20.0,1199.2,10.0,21585.6,2.0
104423,2024-12-25,Phone,Home,South,SP021,20.0,1242.77,0.0,24855.4,5.0
104424,2024-07-17,Bag,Sports,East,SP008,2.0,627.66,,1255.32,2.0
104425,2024-02-11,Shoes,Clothing,North,SP026,14.0,158.24,20.0,1772.29,5.0
104426,2025-08-24,Bag,Electronics,,SP029,15.0,578.56,5.0,8244.48,2.0
104427,2024-06-07,Camera,Clothing,West,SP019,2.0,570.42,0.0,1140.84,2.0
104428,2024-03-30,Book,Sports,North,SP012,6.0,,15.0,4235.4,2.0
104429,2024-07-25,Book,Home,North,SP027,13.0,177.46,15.0,1960.93,2.0
104430,2024-09-13,Shoes,Sports,West,SP009,15.0,655.1,10.0,8843.85,1.0
104431,2025-11-21,Laptop,Clothing,West,SP047,8.0,813.34,15.0,5530.71,3.0
104432,2024-04-25,Headphones,Beauty,West,SP003,1.0,20.37,10.0,18.33,4.0
104433,2025-08-15,Phone,Clothing,,SP045,1.0,641.82,0.0,641.82,5.0
104434,2024-04-03,Camera,Clothing,South,SP016,13.0,910.01,25.0,8872.6,3.0
104435,2024-07-11,Chair,Electronics,East,SP018,19.0,1607.91,25.0,22912.72,5.0
104436,2024-10-15,Headphones,Home,West,SP004,19.0,1403.22,0.0,26661.18,4.0
104437,2025-08-18,Mixer,Clothing,North,SP010,10.0,380.75,,3807.5,3.0
104438,2024-06-29,Mixer,Home,East,SP048,13.0,1368.39,15.0,15120.71,1.0
104439,2025-08-10,Watch,Electronics,North,SP021,1.0,289.66,0.0,289.66,3.0
104440,2025-07-11,Phone,Electronics,,SP013,17.0,70.39,10.0,1076.97,3.0
104441,2025-02-04,Headphones,Clothing,South,SP001,12.0,1448.19,5.0,16509.37,3.0
104442,2025-05-08,Bag,Books,North,SP001,12.0,1401.31,5.0,15974.93,5.0
104443,2025-07-07,Chair,Sports,West,SP003,10.0,243.44,10.0,2190.96,2.0
104444,2024-04-08,Watch,Sports,North,SP008,15.0,26.39,25.0,296.89,2.0
104445,2024-12-15,Chair,Clothing,West,SP006,20.0,343.39,25.0,5150.85,4.0
104446,2025-10-19,Phone,Sports,West,SP039,18.0,751.35,20.0,10819.44,4.0
104447,2025-01-18,Bag,Books,South,SP045,2.0,712.44,0.0,1424.88,5.0
104448,2024-09-01,Laptop,Books,East,SP047,1.0,1528.13,0.0,1528.13,3.0
104449,2025-08-26,Mixer,Clothing,South,SP046,3.0,1550.03,20.0,3720.07,1.0
104450,2025-05-14,Watch,Books,West,SP002,19.0,427.71,15.0,6907.52,5.0
104451,2025-09-08,Headphones,Home,East,SP023,9.0,1446.75,0.0,13020.75,2.0
104452,2024-12-08,Bag,Electronics,West,SP025,19.0,409.25,10.0,6998.18,3.0
104453,2024-01-07,Laptop,Sports,East,SP028,,525.61,5.0,9487.26,2.0
104454,2025-10-30,Shoes,Sports,North,SP049,6.0,903.08,20.0,4334.78,2.0
104455,2025-10-08,Phone,Beauty,West,SP033,13.0,1576.33,0.0,20492.29,1.0
104456,2024-04-30,Headphones,Electronics,North,SP038,1.0,1979.77,5.0,1880.78,3.0
104457,2025-08-08,Bag,Electronics,North,SP013,1.0,,0.0,1630.09,2.0
104458,2025-05-26,Laptop,Home,West,SP030,13.0,1335.21,20.0,13886.18,4.0
104459,2025-05-22,Camera,Sports,South,SP045,2.0,173.83,25.0,260.75,4.0
104460,2025-06-02,Phone,Beauty,East,SP028,5.0,1762.48,0.0,8812.4,5.0
104461,2025-02-14,Bag,Clothing,East,SP039,10.0,870.86,15.0,7402.31,3.0
104462,2025-02-03,Shoes,Clothing,North,SP023,19.0,1373.26,20.0,20873.55,1.0
104463,2024-07-28,Camera,Books,West,SP019,12.0,805.53,25.0,7249.77,5.0
104464,2025-11-17,Laptop,Sports,East,SP007,20.0,,0.0,7070.8,4.0
104465,2025-04-23,Mixer,Sports,West,SP013,,1759.17,25.0,11874.4,3.0
104466,2025-07-08,Phone,Sports,,SP017,4.0,1104.24,25.0,3312.72,5.0
104467,2025-04-05,Chair,Home,East,SP042,10.0,1000.76,20.0,8006.08,5.0
104468,2024-11-10,Headphones,Beauty,West,SP049,7.0,1076.41,10.0,6781.38,1.0
104469,2024-06-30,Phone,Beauty,South,SP004,12.0,293.47,,3521.64,4.0
104470,2024-09-17,Shoes,Sports,West,SP008,14.0,1282.62,0.0,17956.68,5.0
104471,2024-04-01,Camera,Clothing,South,SP024,19.0,843.36,20.0,12819.07,
104472,2025-11-25,Chair,Beauty,West,SP036,2.0,429.71,0.0,859.42,2.0
104473,2024-02-10,Shoes,Beauty,West,SP024,11.0,1284.58,20.0,11304.3,2.0
104474,2024-08-29,Headphones,Books,South,SP004,11.0,1686.99,5.0,17629.05,2.0
104475,2025-09-04,Watch,Sports,North,SP008,9.0,,15.0,11874.56,2.0
104476,2025-07-25,Camera,Clothing,East,SP048,6.0,,25.0,3642.53,3.0
104477,2024-05-05,Shoes,Clothing,South,SP006,15.0,465.36,5.0,6631.38,4.0
104478,2025-10-22,Laptop,Clothing,East,SP044,15.0,1023.81,10.0,13821.43,4.0
104479,2025-01-17,,Books,West,SP050,2.0,635.95,15.0,1081.12,5.0
104480,2024-03-21,Shoes,Books,East,SP014,15.0,604.81,0.0,9072.15,3.0
104481,2025-10-18,Mixer,Books,North,SP005,11.0,416.76,5.0,4355.14,3.0
104482,2025-05-21,Shoes,Sports,South,SP004,12.0,68.16,20.0,654.34,5.0
104483,2024-10-05,Headphones,Beauty,East,SP029,17.0,74.11,,1196.88,3.0
104484,2025-03-03,Chair,Clothing,North,SP027,6.0,1764.71,10.0,9529.43,5.0
104485,2025-01-21,Mixer,Home,East,SP002,15.0,1953.08,20.0,23436.96,4.0
104486,2025-08-09,Watch,Home,North,SP004,9.0,459.52,20.0,3308.54,1.0
104487,2024-01-17,Camera,Sports,East,SP040,10.0,296.08,15.0,2516.68,2.0
104488,2024-12-23,Phone,Electronics,,SP034,9.0,1683.78,5.0,14396.32,1.0
104489,2025-06-01,Headphones,Beauty,North,SP014,18.0,1755.2,20.0,25274.88,2.0
104490,2025-10-04,Book,Clothing,East,SP033,19.0,494.61,15.0,7987.95,1.0
104491,2024-04-13,Laptop,Clothing,East,SP030,3.0,653.28,15.0,1665.86,3.0
104492,2025-02-09,Watch,Books,South,SP025,2.0,1287.84,15.0,2189.33,2.0
104493,2024-11-05,Headphones,Clothing,North,SP012,11.0,1817.64,10.0,17994.64,1.0
104494,2024-08-24,Camera,Books,South,SP010,11.0,1419.55,15.0,13272.79,2.0
104495,2025-08-06,,Clothing,East,SP015,10.0,12.91,0.0,129.1,3.0
104496,2025-01-29,Book,Home,West,SP044,13.0,1826.57,20.0,18996.33,1.0
104497,2025-11-08,Camera,Beauty,North,SP004,,,5.0,1590.6,4.0
104498,2025-08-14,Book,Clothing,North,SP017,12.0,221.17,5.0,2521.34,1.0
104499,2024-06-30,Watch,Books,North,SP032,1.0,1825.7,5.0,1734.41,3.0
104500,2025-02-12,Camera,Home,West,SP017,3.0,769.02,0.0,2307.06,1.0
104501,2025-06-25,Chair,Books,South,SP028,11.0,543.28,5.0,5677.28,4.0
104502,2025-01-03,Camera,Electronics,East,SP028,,,10.0,256.73,3.0
104503,2025-07-19,Phone,Books,East,SP047,4.0,881.29,20.0,2820.13,4.0
104504,2025-07-15,Book,Clothing,East,SP038,6.0,1133.81,25.0,5102.14,2.0
104505,2024-06-23,Phone,Books,East,SP011,3.0,1629.81,0.0,4889.43,5.0
104506,2025-08-19,Watch,Electronics,East,SP001,20.0,544.32,0.0,10886.4,1.0
104507,2024-08-09,Headphones,Beauty,South,SP038,17.0,1923.15,25.0,24520.16,1.0
104508,2024-10-18,Laptop,Electronics,South,SP046,6.0,827.32,5.0,4715.72,1.0
104509,2024-04-20,Shoes,Electronics,East,SP045,15.0,607.43,,9111.45,3.0
104510,2025-03-22,Mixer,Sports,West,SP024,20.0,1959.49,20.0,31351.84,5.0
104511,2024-10-31,Shoes,Sports,South,SP039,18.0,152.84,20.0,2200.9,1.0
104512,2024-09-10,Book,Beauty,North,SP027,13.0,916.84,25.0,8939.19,3.0
104513,2024-10-06,Chair,Clothing,North,SP036,19.0,251.89,10.0,4307.32,1.0
104514,2024-04-07,Book,Clothing,South,SP007,4.0,385.42,20.0,1233.34,3.0
104515,2025-02-16,Watch,Clothing,East,SP046,18.0,1536.17,5.0,26268.51,1.0
104516,2024-05-08,,Sports,South,SP026,5.0,1763.41,25.0,6612.79,4.0
104517,2024-03-24,Laptop,Clothing,East,SP016,8.0,1998.15,5.0,15185.94,3.0
104518,2024-06-11,Laptop,Sports,West,SP025,8.0,1076.11,15.0,7317.55,1.0
104519,2024-11-14,Chair,Books,West,SP041,5.0,1240.06,25.0,4650.22,4.0
104520,2025-12-26,Laptop,Beauty,West,SP032,13.0,1820.36,10.0,21298.21,2.0
104521,2024-03-17,Shoes,Home,North,SP002,2.0,900.4,10.0,1620.72,2.0
104522,2024-08-11,Phone,Electronics,West,SP010,2.0,1765.53,10.0,3177.95,3.0
104523,2025-04-18,Headphones,Home,East,SP005,5.0,692.61,5.0,3289.9,4.0
104524,2025-11-13,Camera,Clothing,West,SP028,18.0,1187.26,5.0,20302.15,2.0
104525,2025-08-17,Chair,Beauty,North,SP036,18.0,641.53,5.0,10970.16,2.0
104526,2025-06-07,Chair,Books,South,SP050,19.0,385.5,15.0,6225.82,4.0
104527,2025-07-16,Laptop,Home,South,SP042,14.0,1034.37,15.0,12309.0,2.0
104528,2024-12-26,Phone,Beauty,East,SP038,15.0,,5.0,22054.44,2.0
104529,2024-03-13,Camera,Beauty,South,SP044,,1452.31,,3267.7,1.0
104530,2025-10-28,Bag,Books,North,SP023,7.0,640.9,10.0,4037.67,1.0
104531,2025-04-25,Laptop,Books,East,SP037,1.0,993.76,10.0,894.38,3.0
104532,2025-11-05,Chair,Home,West,SP025,19.0,1220.8,15.0,19715.92,5.0
104533,2025-03-02,Chair,Beauty,North,SP021,14.0,254.87,0.0,3568.18,5.0
104534,2025-01-02,Mixer,Home,East,SP018,3.0,1223.72,10.0,3304.04,2.0
104535,2024-06-15,Phone,Clothing,South,SP046,12.0,1167.48,10.0,12608.78,1.0
104536,2024-12-01,Phone,Beauty,West,SP014,20.0,139.31,10.0,2507.58,3.0
104537,2024-04-22,Bag,Home,East,SP007,4.0,56.69,15.0,192.75,2.0
104538,2025-03-15,,Electronics,East,SP047,8.0,806.8,10.0,5808.96,
104539,2024-09-14,Shoes,Clothing,South,SP017,3.0,985.02,15.0,2511.8,2.0
104540,2025-03-05,Laptop,Books,South,SP044,16.0,1687.34,15.0,22947.82,2.0
104541,2024-08-09,Phone,Sports,North,SP034,18.0,228.51,20.0,3290.54,5.0
104542,2025-10-31,Watch,Books,West,SP048,19.0,,10.0,25675.31,3.0
104543,2024-05-22,Bag,Books,East,SP038,4.0,145.86,5.0,554.27,4.0
104544,2024-09-07,Phone,Electronics,East,SP039,16.0,1782.84,5.0,27099.17,2.0
104545,2024-09-01,,Sports,South,SP016,4.0,1795.84,20.0,5746.69,1.0
104546,2025-03-18,Watch,Books,North,SP002,11.0,,20.0,13763.46,2.0
104547,2025-06-29,Chair,Books,West,SP020,4.0,1021.32,0.0,4085.28,5.0
104548,2025-01-16,Shoes,Electronics,South,SP020,3.0,1356.63,0.0,4069.89,1.0
104549,2025-12-24,Bag,Electronics,South,SP034,9.0,52.35,0.0,471.15,3.0
104550,2025-03-08,Bag,Beauty,West,SP042,3.0,852.1,20.0,2045.04,2.0
104551,2024-07-07,Camera,Sports,North,SP014,3.0,566.69,20.0,1360.06,2.0
104552,2024-01-22,Bag,Home,South,SP047,,379.48,10.0,3073.79,2.0
104553,2024-11-10,Headphones,Home,North,SP003,10.0,263.77,0.0,2637.7,1.0
104554,2024-10-28,Watch,Electronics,South,SP008,13.0,8.88,0.0,115.44,2.0
104555,2024-12-10,Bag,Beauty,East,SP009,12.0,671.25,25.0,6041.25,1.0
104556,2025-04-28,Chair,Beauty,East,SP028,5.0,1370.84,5.0,6511.49,4.0
104557,2024-05-13,Mixer,Beauty,West,SP046,,980.8,0.0,2942.4,5.0
104558,2025-04-09,Bag,Home,North,SP014,16.0,849.92,25.0,10199.04,5.0
104559,2025-05-06,Chair,Beauty,North,SP035,15.0,1314.28,5.0,18728.49,5.0
104560,2024-08-16,Shoes,Electronics,East,SP033,20.0,915.66,25.0,13734.9,4.0
104561,2024-08-18,Camera,Home,East,SP022,2.0,553.45,0.0,1106.9,5.0
104562,2025-02-23,Bag,Books,South,SP018,17.0,1617.93,0.0,27504.81,1.0
104563,2025-07-05,Bag,Beauty,West,SP050,18.0,1798.16,0.0,32366.88,3.0
104564,2025-11-24,Phone,Home,West,SP021,2.0,499.71,25.0,749.56,5.0
104565,2024-12-05,Phone,Beauty,East,SP016,20.0,389.45,,6231.2,
104566,2024-05-23,Watch,Beauty,South,SP050,2.0,726.59,10.0,1307.86,2.0
104567,2025-08-20,Camera,Home,East,SP002,6.0,898.88,25.0,4044.96,4.0
104568,2024-08-21,Bag,Electronics,South,SP004,17.0,631.46,15.0,9124.6,4.0
104569,2025-10-12,Bag,Beauty,East,SP012,3.0,1536.62,5.0,4379.37,1.0
104570,2025-12-04,Book,Books,East,SP049,12.0,,25.0,6491.61,2.0
104571,2025-11-20,Bag,Beauty,West,SP030,11.0,537.63,0.0,5913.93,4.0
104572,2025-12-16,Camera,Clothing,South,SP007,17.0,1749.68,20.0,23795.65,1.0
104573,2024-02-09,Laptop,Home,North,SP050,15.0,1560.35,25.0,17553.94,5.0
104574,2024-11-13,Phone,Clothing,East,SP026,16.0,,0.0,24333.28,1.0
104575,2025-12-05,Mixer,Books,North,SP018,15.0,737.29,15.0,9400.45,1.0
104576,2024-01-24,Bag,Electronics,West,SP017,10.0,1106.14,15.0,9402.19,3.0
104577,2024-06-01,Watch,Sports,North,SP045,14.0,256.54,10.0,3232.4,3.0
104578,2025-07-30,Phone,Electronics,North,SP033,18.0,831.78,0.0,14972.04,4.0
104579,2025-04-22,Book,Sports,North,SP045,1.0,465.71,5.0,442.42,3.0
104580,2025-11-06,Bag,Clothing,South,SP020,10.0,452.14,0.0,4521.4,4.0
104581,2025-11-06,Camera,Sports,East,SP039,14.0,1546.49,20.0,17320.69,1.0
104582,2024-08-06,Mixer,Electronics,West,SP029,2.0,525.26,5.0,997.99,5.0
104583,2025-09-01,Shoes,Home,West,SP037,17.0,1867.33,20.0,25395.69,2.0
104584,2024-10-17,Phone,Electronics,South,SP004,15.0,49.55,20.0,594.6,1.0
104585,2025-06-07,Chair,Clothing,South,SP006,14.0,1536.77,10.0,19363.3,3.0
104586,2024-12-31,Mixer,Electronics,South,SP030,13.0,1632.1,0.0,21217.3,3.0
104587,2025-08-31,Laptop,Electronics,South,SP018,,1795.59,15.0,4578.75,2.0
104588,2025-04-16,Book,Sports,West,SP019,9.0,399.63,5.0,3416.84,1.0
104589,2025-12-06,Book,Electronics,South,SP014,11.0,423.92,5.0,4429.96,1.0
104590,2024-03-15,Phone,Electronics,North,SP041,11.0,519.38,25.0,4284.89,2.0
104591,2024-01-29,,Books,West,SP042,13.0,28.1,0.0,365.3,5.0
104592,2024-07-27,Shoes,Clothing,North,SP044,2.0,1569.2,10.0,2824.56,3.0
104593,2024-09-28,Bag,Books,South,SP048,6.0,1295.22,15.0,6605.62,3.0
104594,2024-07-23,Book,Sports,North,SP008,18.0,534.7,5.0,9143.37,4.0
104595,2024-04-21,Camera,Books,,SP018,11.0,1337.81,20.0,11772.73,2.0
104596,2025-02-27,Book,Clothing,West,SP049,,1070.21,10.0,2889.57,3.0
104597,2025-07-02,Camera,Home,North,SP035,5.0,805.94,5.0,3828.22,1.0
104598,2024-10-03,Watch,Electronics,South,SP013,20.0,1163.16,25.0,17447.4,2.0
104599,2024-07-18,Chair,Home,North,SP045,12.0,1112.55,20.0,10680.48,2.0
104600,2025-11-16,Mixer,Beauty,North,SP022,,1752.41,5.0,18312.68,1.0
104601,2025-05-22,Mixer,Electronics,West,SP014,11.0,95.91,15.0,896.76,3.0
104602,2024-09-22,Shoes,Home,West,SP032,10.0,1824.58,10.0,16421.22,4.0
104603,2025-05-09,Camera,Sports,East,SP038,9.0,574.12,10.0,4650.37,2.0
104604,2024-02-04,Laptop,Sports,North,SP025,10.0,857.14,0.0,8571.4,5.0
104605,2025-06-28,Watch,Beauty,West,SP009,17.0,1848.24,15.0,26707.07,4.0
104606,2025-01-07,Bag,Beauty,South,SP036,12.0,1605.64,15.0,16377.53,3.0
104607,2025-10-29,Laptop,Beauty,North,SP009,10.0,1308.18,15.0,11119.53,1.0
104608,2024-01-23,,Home,East,SP047,9.0,53.59,5.0,458.19,2.0
104609,2025-09-09,Laptop,Beauty,South,SP010,14.0,91.83,15.0,1092.78,3.0
104610,2025-04-24,Headphones,Clothing,East,SP043,1.0,883.52,5.0,839.34,1.0
104611,2025-12-24,Headphones,Electronics,South,SP009,16.0,596.81,0.0,9548.96,3.0
104612,2024-03-01,Camera,Home,South,SP044,8.0,1500.29,25.0,9001.74,5.0
104613,2025-06-04,Shoes,Sports,East,SP010,,521.02,10.0,7971.61,2.0
104614,2025-03-13,,Home,West,SP047,3.0,1573.78,15.0,4013.14,3.0
104615,2024-12-10,Book,Books,East,SP030,10.0,1210.97,25.0,9082.28,5.0
104616,2024-04-28,Phone,Sports,East,SP044,6.0,900.01,5.0,5130.06,2.0
104617,2025-03-25,Shoes,Books,,SP002,4.0,1060.52,5.0,4029.98,2.0
104618,2024-08-06,,Sports,West,SP007,20.0,1930.16,15.0,32812.72,4.0
104619,2025-02-22,Watch,Electronics,East,SP047,9.0,1422.43,25.0,9601.4,4.0
104620,2024-12-10,Mixer,Sports,South,SP033,12.0,203.1,5.0,2315.34,1.0
104621,2024-05-05,Shoes,Beauty,South,SP003,1.0,703.68,5.0,668.5,4.0
104622,2025-10-27,Camera,Home,South,SP034,10.0,1359.95,10.0,12239.55,2.0
104623,2025-03-28,Shoes,Clothing,South,SP021,14.0,983.28,10.0,12389.33,3.0
104624,2024-08-10,Chair,Books,,SP046,8.0,1640.74,15.0,11157.03,4.0
104625,2025-06-16,Camera,Clothing,North,SP023,,1217.78,25.0,6393.34,1.0
104626,2024-02-12,Bag,Sports,South,SP005,1.0,280.22,,280.22,3.0
104627,2024-07-17,Mixer,Sports,West,SP022,9.0,1907.75,25.0,12877.31,2.0
104628,2025-05-23,Bag,Clothing,North,SP002,3.0,725.58,10.0,1959.07,3.0
104629,2024-07-04,Chair,Electronics,West,SP015,1.0,1122.83,20.0,898.26,1.0
104630,2025-11-12,Bag,Beauty,South,SP015,,1976.35,0.0,37550.65,4.0
104631,2025-04-05,Camera,Sports,South,SP018,8.0,215.37,5.0,1636.81,1.0
104632,2024-11-14,Bag,Books,East,SP039,17.0,683.07,5.0,11031.58,
104633,2025-06-22,Laptop,Electronics,,SP031,5.0,826.89,25.0,3100.84,2.0
104634,2024-06-25,Bag,Electronics,South,SP049,1.0,1123.75,25.0,842.81,1.0
104635,2025-06-18,Book,Clothing,South,SP039,19.0,1691.31,10.0,28921.4,3.0
104636,2025-08-06,Chair,Clothing,North,SP021,14.0,1545.99,5.0,20561.67,5.0
104637,2025-09-30,Phone,Sports,East,SP029,17.0,1444.55,10.0,22101.61,5.0
104638,2024-01-31,Mixer,Beauty,North,SP028,7.0,338.86,0.0,2372.02,1.0
104639,2025-09-11,Book,Electronics,South,SP047,10.0,1878.22,15.0,15964.87,3.0
104640,2024-05-04,Bag,Beauty,West,SP032,8.0,1865.85,0.0,14926.8,3.0
104641,2025-06-12,Mixer,Home,North,SP038,16.0,652.46,,7829.52,3.0
104642,2025-08-11,Watch,Beauty,West,SP012,4.0,610.8,0.0,2443.2,2.0
104643,2025-02-04,Headphones,Clothing,West,SP012,14.0,1245.94,25.0,13082.37,5.0
104644,2025-03-15,,Books,South,SP003,11.0,213.25,0.0,2345.75,3.0
104645,2024-08-19,Book,Electronics,East,SP026,18.0,544.43,25.0,7349.81,2.0
104646,2024-04-18,Chair,Home,South,SP037,16.0,1754.1,10.0,25259.04,3.0
104647,2024-04-19,Headphones,Sports,East,SP003,,1569.3,25.0,16477.65,4.0
104648,2025-07-23,Headphones,Beauty,,SP035,18.0,1345.67,25.0,18166.55,3.0
104649,2025-04-02,Laptop,Sports,West,SP030,9.0,1243.09,0.0,11187.81,
104650,2025-03-15,Bag,Beauty,South,SP042,10.0,1899.49,20.0,15195.92,5.0
104651,2025-04-05,Chair,Sports,West,SP004,18.0,1224.24,10.0,19832.69,1.0
104652,2024-06-12,Headphones,Books,East,SP023,9.0,1152.11,0.0,10368.99,5.0
104653,2025-06-18,Chair,Sports,North,SP018,5.0,1852.97,10.0,8338.36,4.0
104654,2024-01-03,Camera,Clothing,West,SP023,10.0,83.36,25.0,625.2,1.0
104655,2025-06-05,Shoes,Sports,South,SP049,15.0,749.67,20.0,8996.04,1.0
104656,2024-08-13,,Sports,North,SP010,6.0,941.9,5.0,5368.83,3.0
104657,2025-02-02,Shoes,Clothing,North,SP002,16.0,1980.5,0.0,31688.0,5.0
104658,2024-12-15,Book,Beauty,North,SP024,15.0,1321.16,20.0,15853.92,2.0
104659,2024-05-25,Headphones,Electronics,North,SP038,10.0,,,3122.47,5.0
104660,2024-01-01,Chair,Sports,North,SP045,11.0,1834.16,20.0,16140.61,2.0
104661,2024-02-01,Phone,Clothing,West,SP022,,1804.24,10.0,11366.71,2.0
104662,2024-05-08,Mixer,Home,West,SP047,19.0,1033.59,15.0,16692.48,4.0
104663,2024-01-29,Laptop,Electronics,West,SP018,16.0,,15.0,21808.01,4.0
104664,2024-04-11,Bag,Electronics,North,SP018,9.0,1575.42,5.0,13469.84,5.0
104665,2024-03-22,Chair,Sports,West,SP006,16.0,1983.71,10.0,28565.42,4.0
104666,2024-09-01,Headphones,Clothing,North,SP023,17.0,1821.3,,26317.78,4.0
104667,2025-12-25,Book,Home,East,SP033,16.0,1600.98,0.0,25615.68,4.0
104668,2025-03-15,Mixer,Books,West,SP020,4.0,1049.43,10.0,3777.95,1.0
104669,2024-10-07,Chair,Books,North,SP017,6.0,980.62,10.0,5295.35,1.0
104670,2025-09-10,Headphones,Clothing,East,SP044,17.0,1003.64,5.0,16208.79,5.0
104671,2024-06-25,Chair,Books,South,SP037,3.0,1267.82,5.0,3613.29,5.0
104672,2025-06-20,Laptop,Electronics,West,SP045,6.0,249.73,20.0,1198.7,1.0
104673,2024-08-04,Watch,Books,East,SP033,5.0,,0.0,6626.65,3.0
104674,2024-12-25,Phone,Home,East,SP008,14.0,909.49,15.0,10822.93,4.0
104675,2025-10-27,Book,Sports,,SP037,13.0,784.22,10.0,9175.37,1.0
104676,2024-04-11,Watch,Home,West,SP042,13.0,1372.82,25.0,13384.99,4.0
104677,2025-05-18,Book,Sports,West,SP025,15.0,1504.91,15.0,19187.6,4.0
104678,2024-09-14,Mixer,Home,South,SP001,16.0,1945.47,0.0,31127.52,5.0
104679,2025-11-18,Camera,Sports,East,SP022,11.0,1700.49,5.0,17770.12,3.0
104680,2024-07-08,Watch,Beauty,West,SP034,3.0,984.57,0.0,2953.71,2.0
104681,2025-08-30,Bag,Home,East,SP048,18.0,1005.05,5.0,17186.35,3.0
104682,2024-05-25,Mixer,Home,North,SP027,6.0,14.87,0.0,89.22,5.0
104683,2024-06-23,Chair,Books,West,SP044,20.0,1654.6,15.0,28128.2,
104684,2024-02-05,Shoes,Home,West,SP028,2.0,762.91,15.0,1296.95,2.0
104685,2025-08-21,Watch,Clothing,,SP013,2.0,495.28,0.0,990.56,1.0
104686,2025-07-11,,Electronics,North,SP007,7.0,1999.65,5.0,13297.67,
104687,2025-06-04,Book,Home,East,SP022,9.0,1338.82,15.0,10241.97,5.0
104688,2025-05-25,Watch,Home,South,SP037,11.0,746.2,25.0,6156.15,4.0
104689,2024-04-16,Headphones,Beauty,West,SP017,11.0,154.27,5.0,1612.12,3.0
104690,2025-04-10,Bag,Beauty,South,SP042,17.0,426.19,,7245.23,
104691,2025-04-12,Book,Sports,West,SP040,3.0,1315.18,10.0,3550.99,4.0
104692,2024-09-10,Camera,Home,West,SP043,7.0,1616.73,20.0,9053.69,3.0
104693,2024-03-10,Book,Books,West,SP003,15.0,1308.39,5.0,18644.56,1.0
104694,2025-09-06,Headphones,Clothing,East,SP028,20.0,1501.19,,30023.8,
104695,2024-11-09,Camera,Clothing,West,SP044,16.0,844.71,5.0,12839.59,5.0
104696,2024-10-17,Phone,Sports,West,SP013,5.0,866.07,10.0,3897.32,4.0
104697,2025-05-07,,Electronics,North,SP009,,1455.14,20.0,22118.13,4.0
104698,2024-03-19,Camera,Home,South,SP001,20.0,1519.21,25.0,22788.15,2.0
104699,2025-07-06,Phone,Home,North,SP037,15.0,321.9,5.0,4587.07,1.0
104700,2025-10-11,Headphones,Clothing,,SP047,9.0,,25.0,12140.41,3.0
104701,2025-03-03,Headphones,Home,West,SP027,6.0,305.26,0.0,1831.56,2.0
104702,2025-10-09,Book,Electronics,South,SP019,8.0,1205.24,25.0,7231.44,2.0
104703,2024-05-14,Mixer,Electronics,East,SP001,13.0,260.81,5.0,3221.0,2.0
104704,2024-02-24,Mixer,Home,North,SP044,16.0,631.19,20.0,8079.23,3.0
104705,2024-06-12,Mixer,Home,South,SP049,,286.58,10.0,515.84,3.0
104706,2024-02-20,Camera,Clothing,South,SP012,16.0,563.64,0.0,9018.24,5.0
104707,2024-02-25,Camera,Sports,North,SP009,19.0,1281.1,20.0,19472.72,3.0
104708,2024-10-03,Phone,Electronics,North,SP030,1.0,608.05,5.0,577.65,4.0
104709,2024-04-08,Book,Books,South,SP009,18.0,351.91,25.0,4750.78,4.0
104710,2025-05-01,Book,Home,West,SP026,8.0,981.59,10.0,7067.45,1.0
104711,2025-03-24,Chair,Home,East,SP020,5.0,890.41,15.0,3784.24,5.0
104712,2024-04-19,Shoes,Sports,West,SP028,10.0,938.96,0.0,9389.6,1.0
104713,2024-12-13,Shoes,Beauty,East,SP012,8.0,1162.29,20.0,7438.66,4.0
104714,2025-12-25,Book,Electronics,North,SP014,2.0,1665.38,0.0,3330.76,3.0
104715,2024-08-15,Shoes,Sports,East,SP033,8.0,1140.94,,7758.39,
104716,2024-10-21,Camera,Electronics,South,SP039,15.0,948.94,5.0,13522.4,5.0
104717,2024-02-14,Camera,Electronics,South,SP029,8.0,902.59,,7220.72,3.0
104718,2025-09-05,,Sports,North,SP019,8.0,1136.88,10.0,8185.54,2.0
104719,2024-03-27,,Clothing,North,SP046,3.0,845.74,25.0,1902.92,4.0
104720,2025-10-31,Laptop,Books,East,SP017,,1198.09,0.0,13178.99,2.0
104721,2025-02-07,Watch,Home,East,SP014,9.0,1753.72,15.0,13415.96,2.0
104722,2025-07-30,Shoes,Clothing,North,SP041,14.0,1178.54,10.0,14849.6,1.0
104723,2025-04-19,Headphones,Books,South,SP021,5.0,334.47,15.0,1421.5,2.0
104724,2025-04-17,Mixer,Sports,East,SP043,17.0,98.68,25.0,1258.17,4.0
104725,2024-04-18,Chair,Beauty,East,SP014,2.0,1205.16,5.0,2289.8,1.0
104726,2024-01-15,Headphones,Clothing,South,SP022,,1178.06,0.0,2356.12,5.0
104727,2025-03-10,Watch,Sports,East,SP036,16.0,1864.0,10.0,26841.6,4.0
104728,2024-05-03,Watch,Sports,North,SP016,16.0,335.57,25.0,4026.84,3.0
104729,2024-10-07,Shoes,Books,East,SP025,14.0,1277.26,5.0,16987.56,3.0
104730,2025-10-26,Watch,Electronics,East,SP019,14.0,1712.06,20.0,19175.07,4.0
104731,2024-07-24,Bag,Clothing,East,SP049,11.0,246.57,10.0,2441.04,1.0
104732,2025-06-11,Bag,Sports,West,SP023,12.0,220.91,25.0,1988.19,5.0
104733,2025-01-04,Laptop,Electronics,South,SP046,19.0,819.73,15.0,13238.64,
104734,2025-04-03,Headphones,Books,East,SP034,11.0,311.13,20.0,2737.94,3.0
104735,2025-10-14,Shoes,Clothing,South,SP021,5.0,181.11,20.0,724.44,1.0
104736,2024-09-28,Book,Books,South,SP030,11.0,709.49,20.0,6243.51,2.0
104737,2024-08-23,,Electronics,,SP010,16.0,796.02,0.0,12736.32,
104738,2024-11-10,Bag,Electronics,,SP015,7.0,119.55,20.0,669.48,4.0
104739,2024-06-07,Phone,Electronics,South,SP024,6.0,1182.72,5.0,6741.5,2.0
104740,2024-11-14,Camera,Books,East,SP003,7.0,1214.19,5.0,8074.36,1.0
104741,2025-11-20,Mixer,Home,North,SP030,10.0,1137.69,5.0,10808.06,4.0
104742,2025-11-24,Camera,Electronics,West,SP035,19.0,,5.0,29257.79,
104743,2025-11-06,Bag,Books,North,SP004,10.0,1504.29,15.0,12786.47,4.0
104744,2025-06-01,Headphones,Sports,West,SP039,5.0,624.85,15.0,2655.61,3.0
104745,2025-12-05,Laptop,Books,East,SP014,18.0,447.85,25.0,6045.98,5.0
104746,2025-02-22,Book,Books,North,SP034,17.0,,25.0,4102.18,3.0
104747,2024-12-09,Headphones,Clothing,West,SP012,19.0,365.63,25.0,5210.23,4.0
104748,2025-01-24,Chair,Clothing,East,SP029,19.0,1502.81,5.0,27125.72,2.0
104749,2025-05-14,Headphones,Beauty,South,SP031,8.0,1265.85,10.0,9114.12,1.0
104750,2025-11-29,Chair,Home,East,SP028,9.0,937.71,5.0,8017.42,4.0
104751,2025-02-11,Watch,Beauty,,SP006,4.0,96.72,0.0,386.88,5.0
104752,2024-02-19,Shoes,Beauty,West,SP049,13.0,1740.83,15.0,19236.17,5.0
104753,2025-12-13,Shoes,Home,East,SP039,17.0,1911.68,20.0,25998.85,3.0
104754,2024-01-20,Camera,Home,North,SP034,8.0,1361.96,25.0,8171.76,4.0
104755,2025-09-28,Chair,Books,East,SP018,,837.09,0.0,9207.99,1.0
104756,2025-07-28,Chair,Electronics,South,SP035,18.0,459.58,25.0,6204.33,1.0
104757,2024-05-04,Watch,Sports,West,SP038,13.0,1160.71,5.0,14334.77,1.0
104758,2024-05-18,Camera,Clothing,North,SP006,7.0,990.45,15.0,5893.18,2.0
104759,2024-06-12,Phone,Beauty,East,SP012,1.0,158.17,5.0,150.26,1.0
104760,2024-01-07,Book,Clothing,South,SP005,5.0,,0.0,2423.6,2.0
104761,2024-09-05,Chair,Books,North,SP019,13.0,1276.13,25.0,12442.27,1.0
104762,2025-08-30,Bag,Electronics,South,SP016,18.0,358.98,5.0,6138.56,1.0
104763,2025-07-16,Shoes,Electronics,,SP012,20.0,1830.7,15.0,31121.9,5.0
104764,2024-12-22,Phone,Books,West,SP032,20.0,41.24,,783.56,3.0
104765,2025-02-12,Laptop,Books,North,SP045,19.0,1396.49,0.0,26533.31,1.0
104766,2025-11-02,Phone,Sports,West,SP022,19.0,1279.51,25.0,18233.02,2.0
104767,2024-06-27,Chair,Home,South,SP033,10.0,1700.62,20.0,13604.96,4.0
104768,2024-04-26,Watch,Books,West,SP020,12.0,1826.73,10.0,19728.68,4.0
104769,2025-09-25,Laptop,Books,,SP001,4.0,231.57,25.0,694.71,2.0
104770,2025-05-09,Laptop,Home,North,SP003,5.0,1068.41,,5074.95,5.0
104771,2024-08-31,Chair,Home,North,SP012,17.0,24.29,20.0,330.34,2.0
104772,2024-06-20,Laptop,Electronics,East,SP039,4.0,763.98,25.0,2291.94,2.0
104773,2024-07-01,Chair,Clothing,,SP012,9.0,1397.3,20.0,10060.56,4.0
104774,2025-01-28,Laptop,Clothing,North,SP015,6.0,725.09,25.0,3262.9,1.0
104775,2024-04-11,Watch,Clothing,South,SP011,14.0,937.31,10.0,11810.11,4.0
104776,2025-05-20,Headphones,Sports,North,SP008,1.0,207.52,0.0,207.52,4.0
104777,2025-04-24,Camera,Electronics,South,SP021,18.0,825.81,5.0,14121.35,1.0
104778,2024-12-07,Shoes,Sports,,SP015,7.0,1016.87,10.0,6406.28,1.0
104779,2024-06-23,Watch,Electronics,West,SP044,6.0,86.39,20.0,414.67,3.0
104780,2024-08-01,,Home,South,SP005,1.0,569.41,25.0,427.06,5.0
104781,2025-06-18,Book,Electronics,West,SP021,9.0,1559.72,0.0,14037.48,3.0
104782,2024-01-03,Shoes,Beauty,East,SP027,17.0,522.62,10.0,7996.09,4.0
104783,2025-04-02,Mixer,Home,West,SP029,2.0,469.21,15.0,797.66,5.0
104784,2025-05-18,,Electronics,West,SP026,2.0,1469.0,20.0,2350.4,3.0
104785,2025-11-06,Mixer,Clothing,East,SP021,10.0,,10.0,14961.6,1.0
104786,2024-03-27,Shoes,Sports,West,SP016,16.0,1806.03,15.0,24562.01,2.0
104787,2025-07-15,Mixer,Clothing,South,SP001,6.0,1131.59,0.0,6789.54,3.0
104788,2024-04-20,Chair,Home,North,SP028,3.0,1504.06,0.0,4512.18,2.0
104789,2025-01-27,Camera,Electronics,East,SP002,18.0,66.91,20.0,963.5,2.0
104790,2024-11-06,Phone,Books,West,SP041,2.0,805.45,0.0,1610.9,3.0
104791,2025-05-01,Laptop,Books,West,SP018,3.0,1439.44,15.0,3670.57,5.0
104792,2024-12-26,Mixer,Sports,South,SP041,15.0,1135.65,20.0,13627.8,1.0
104793,2024-06-16,Camera,Electronics,East,SP041,9.0,,15.0,12697.24,3.0
104794,2025-07-10,Mixer,Electronics,North,SP008,3.0,1880.37,20.0,4512.89,1.0
104795,2024-10-07,Headphones,Sports,West,SP027,11.0,,15.0,13079.81,1.0
104796,2025-08-21,Headphones,Books,North,SP007,11.0,262.85,20.0,2313.08,4.0
104797,2024-02-09,Bag,Sports,East,SP022,19.0,,0.0,5905.01,1.0
104798,2025-05-09,Shoes,Clothing,South,SP036,15.0,1517.97,0.0,22769.55,1.0
104799,2024-09-14,Bag,Beauty,,SP029,12.0,1914.72,10.0,20678.98,4.0
104800,2025-11-03,Shoes,Electronics,East,SP041,5.0,648.58,5.0,3080.76,5.0
104801,2025-10-21,Camera,Beauty,West,SP016,6.0,1066.57,20.0,5119.54,3.0
104802,2025-12-26,,Beauty,South,SP014,17.0,1000.21,,14453.03,3.0
104803,2025-12-18,Laptop,Clothing,East,SP002,16.0,1784.04,25.0,21408.48,5.0
104804,2024-09-05,Headphones,Clothing,East,SP050,19.0,1008.54,25.0,14371.69,4.0
104805,2024-10-20,Bag,Clothing,South,SP021,18.0,575.57,5.0,9842.25,4.0
104806,2025-11-24,Camera,Electronics,West,SP043,12.0,266.09,5.0,3033.43,4.0
104807,2025-02-18,Bag,Clothing,East,SP015,6.0,1579.12,5.0,9000.98,2.0
104808,2024-11-15,Shoes,Electronics,North,SP027,1.0,1878.46,25.0,1408.85,4.0
104809,2024-07-18,,Home,South,SP006,8.0,543.99,0.0,4351.92,
104810,2025-02-11,,Clothing,West,SP014,7.0,514.57,25.0,2701.49,4.0
104811,2024-06-24,Chair,Clothing,East,SP030,17.0,1115.43,5.0,18014.19,1.0
104812,2024-10-17,Phone,Books,East,SP014,9.0,,10.0,4344.52,3.0
104813,2024-10-24,Bag,Home,East,SP037,5.0,172.69,0.0,863.45,3.0
104814,2024-10-27,Watch,Clothing,North,SP041,19.0,668.24,25.0,9522.42,5.0
104815,2025-06-28,Watch,Sports,South,SP033,10.0,363.37,25.0,2725.27,1.0
104816,2025-01-10,Phone,Sports,East,SP049,3.0,327.03,0.0,981.09,4.0
104817,2025-10-19,Headphones,Home,South,SP038,20.0,351.41,10.0,6325.38,5.0
104818,2025-05-28,Chair,Home,South,SP042,15.0,351.19,15.0,4477.67,5.0
104819,2025-09-25,,Electronics,East,SP016,17.0,1764.89,10.0,27002.82,1.0
104820,2024-03-03,Watch,Home,North,SP034,15.0,635.59,0.0,9533.85,2.0
104821,2024-10-11,Chair,Electronics,,SP030,16.0,1767.47,5.0,26865.54,5.0
104822,2024-06-24,Phone,Electronics,North,SP009,9.0,651.94,5.0,5574.09,3.0
104823,2025-02-18,Bag,Beauty,West,SP011,10.0,1808.66,5.0,17182.27,3.0
104824,2024-07-29,Phone,Home,West,SP001,2.0,1975.63,25.0,2963.45,
104825,2025-03-06,Laptop,Sports,West,SP016,19.0,781.57,25.0,11137.37,4.0
104826,2024-11-12,Phone,Beauty,West,SP039,,209.37,5.0,3978.03,1.0
104827,2025-01-30,Watch,Sports,North,SP023,11.0,22.86,0.0,251.46,5.0
104828,2024-01-10,Book,Electronics,South,SP047,,219.42,5.0,833.8,2.0
104829,2024-03-24,Laptop,Clothing,West,SP011,14.0,92.98,10.0,1171.55,5.0
104830,2025-09-27,Chair,Books,South,SP008,18.0,834.17,20.0,12012.05,2.0
104831,2024-03-02,Watch,Books,East,SP010,18.0,785.27,,14134.86,3.0
104832,2024-02-07,Camera,Beauty,West,SP033,15.0,1238.86,15.0,15795.46,3.0
104833,2024-06-16,Phone,Home,North,SP018,2.0,1863.21,25.0,2794.82,3.0
104834,2024-05-19,Bag,Clothing,,SP011,9.0,787.55,25.0,5315.96,2.0
104835,2025-12-23,Book,Beauty,East,SP011,18.0,1835.13,0.0,33032.34,5.0
104836,2025-12-22,Camera,Home,West,SP021,11.0,1481.04,25.0,12218.58,4.0
104837,2025-12-15,Camera,Beauty,South,SP038,14.0,430.61,15.0,5124.26,2.0
104838,2024-01-30,Camera,Sports,South,SP025,11.0,632.21,15.0,5911.16,4.0
104839,2025-03-20,Phone,Electronics,East,SP038,1.0,940.75,25.0,705.56,2.0
104840,2025-09-11,Phone,Home,North,SP050,9.0,1460.88,20.0,10518.34,3.0
104841,2024-08-23,Book,Sports,North,SP009,19.0,116.07,5.0,2095.06,5.0
104842,2024-12-30,Headphones,Sports,North,SP040,18.0,1267.18,20.0,18247.39,4.0
104843,2024-08-04,Headphones,Electronics,West,SP021,12.0,,15.0,6303.29,1.0
104844,2024-06-24,Watch,Clothing,West,SP011,3.0,118.6,20.0,284.64,2.0
104845,2025-01-23,Phone,Beauty,North,SP009,10.0,1677.73,10.0,15099.57,
104846,2024-12-19,Book,Beauty,South,SP021,19.0,590.32,20.0,8972.86,4.0
104847,2025-01-17,Chair,Sports,West,SP049,8.0,676.05,10.0,4867.56,5.0
104848,2024-12-04,Headphones,Books,East,SP050,2.0,1646.8,25.0,2470.2,3.0
104849,2025-04-14,Mixer,Books,East,SP047,8.0,974.25,10.0,7014.6,2.0
104850,2024-12-04,Mixer,Home,West,SP030,3.0,345.07,10.0,931.69,5.0
104851,2025-10-17,Book,Clothing,,SP031,2.0,169.17,15.0,287.59,5.0
104852,2025-10-11,Headphones,Home,South,SP014,6.0,1244.23,20.0,5972.3,5.0
104853,2025-02-10,Camera,Beauty,North,SP010,16.0,513.32,20.0,6570.5,1.0
104854,2024-08-17,Bag,Electronics,North,SP036,17.0,682.14,0.0,11596.38,3.0
104855,2024-04-01,Shoes,Home,South,SP027,11.0,1142.85,0.0,12571.35,5.0
104856,2024-11-23,Mixer,Home,North,SP046,16.0,1778.44,5.0,27032.29,2.0
104857,2025-11-22,Chair,Home,South,SP040,20.0,1742.14,15.0,29616.38,3.0
104858,2025-03-03,Headphones,Books,South,SP002,3.0,628.02,25.0,1413.05,3.0
104859,2024-03-01,Headphones,Clothing,South,SP017,17.0,711.56,0.0,12096.52,4.0
104860,2024-03-19,Mixer,Sports,South,SP029,3.0,1056.78,15.0,2694.79,2.0
104861,2025-06-17,Camera,Clothing,South,SP045,6.0,1303.16,10.0,7037.06,5.0
104862,2024-02-12,Phone,Sports,North,SP025,10.0,209.31,20.0,1674.48,1.0
104863,2024-09-08,Chair,Electronics,East,SP019,7.0,1970.9,25.0,10347.23,3.0
104864,2024-03-29,Headphones,Books,West,SP004,17.0,1301.96,5.0,21026.65,2.0
104865,2025-11-24,,Clothing,West,SP036,1.0,1262.77,5.0,1199.63,5.0
104866,2024-02-19,Laptop,Beauty,South,SP027,6.0,1369.89,0.0,8219.34,4.0
104867,2025-02-27,Bag,Clothing,West,SP022,16.0,1879.39,15.0,25559.7,4.0
104868,2025-01-21,Book,Beauty,North,SP014,,717.38,10.0,6456.42,3.0
104869,2025-05-31,Watch,Clothing,East,SP050,4.0,1228.69,25.0,3686.07,1.0
104870,2024-04-20,Chair,Beauty,East,SP024,2.0,283.72,20.0,453.95,2.0
104871,2024-08-28,Shoes,Clothing,South,SP013,2.0,1077.03,25.0,1615.55,1.0
104872,2024-07-29,Watch,Books,East,SP022,12.0,1359.04,0.0,16308.48,1.0
104873,2025-04-20,Laptop,Sports,South,SP028,1.0,290.8,10.0,261.72,1.0
104874,2025-01-29,Book,Books,North,SP048,15.0,566.47,0.0,8497.05,3.0
104875,2024-11-09,Phone,Sports,East,SP036,17.0,957.64,5.0,15465.89,2.0
104876,2024-09-18,Bag,Clothing,North,SP012,5.0,909.07,20.0,3636.28,
104877,2024-10-15,Bag,Clothing,East,SP011,2.0,876.38,10.0,1577.48,1.0
104878,2024-06-10,Mixer,Beauty,South,SP030,8.0,1482.35,10.0,10672.92,4.0
104879,2024-04-24,Mixer,Home,North,SP038,6.0,751.61,5.0,4284.18,5.0
104880,2024-11-03,Headphones,Books,East,SP040,20.0,719.68,0.0,14393.6,5.0
104881,2024-03-09,Watch,Home,West,SP017,19.0,556.22,15.0,8982.95,3.0
104882,2024-05-27,Laptop,Home,North,SP024,8.0,1650.21,0.0,13201.68,2.0
104883,2024-11-06,Mixer,Sports,West,SP035,5.0,1956.69,25.0,7337.59,3.0
104884,2024-12-04,Phone,Beauty,West,SP049,9.0,989.95,0.0,8909.55,4.0
104885,2025-09-05,Watch,Sports,West,SP003,12.0,1530.17,0.0,18362.04,5.0
104886,2025-11-26,Book,Electronics,South,SP033,8.0,849.92,5.0,6459.39,1.0
104887,2024-02-28,Bag,Books,North,SP041,10.0,1333.73,15.0,11336.7,4.0
104888,2024-09-04,Laptop,Books,South,SP007,9.0,1403.6,15.0,10737.54,4.0
104889,2024-04-10,Bag,Beauty,South,SP044,8.0,1328.93,0.0,10631.44,1.0
104890,2025-01-29,,Sports,East,SP019,9.0,703.35,10.0,5697.14,2.0
104891,2025-05-29,Headphones,Sports,East,SP006,7.0,1739.06,20.0,9738.74,3.0
104892,2025-11-27,Mixer,Beauty,North,SP023,2.0,848.7,15.0,1442.79,3.0
104893,2025-04-24,Headphones,Books,West,SP006,4.0,1386.67,10.0,4992.01,4.0
104894,2025-02-28,Laptop,Beauty,South,SP027,18.0,1971.6,10.0,31939.92,2.0
104895,2025-02-01,Book,Beauty,East,SP021,9.0,817.63,0.0,7358.67,1.0
104896,2025-12-13,Chair,Clothing,East,SP027,14.0,237.55,0.0,3325.7,2.0
104897,2024-07-10,Phone,Beauty,South,SP024,5.0,525.29,10.0,2363.8,4.0
104898,2025-09-13,Phone,Clothing,West,SP037,13.0,139.42,5.0,1721.84,4.0
104899,2024-11-15,Headphones,Beauty,West,SP036,18.0,1679.82,25.0,22677.57,3.0
104900,2025-06-22,Camera,Sports,South,SP006,16.0,1144.28,20.0,14646.78,5.0
104901,2025-03-11,Bag,Books,North,SP017,8.0,121.62,5.0,924.31,2.0
104902,2025-02-02,Shoes,Home,North,SP028,19.0,1750.73,,31600.68,3.0
104903,2024-05-16,,Sports,East,SP026,8.0,13.63,0.0,109.04,5.0
104904,2024-01-11,,Beauty,North,SP037,4.0,978.28,5.0,3717.46,5.0
104905,2025-03-11,Laptop,Beauty,East,SP043,8.0,936.05,25.0,5616.3,3.0
104906,2024-08-19,Shoes,Clothing,North,SP027,13.0,13.84,5.0,170.92,2.0
104907,2024-12-22,Book,Sports,West,SP024,14.0,943.55,25.0,9907.27,4.0
104908,2025-09-27,Mixer,Home,North,SP001,10.0,336.57,,2692.56,3.0
104909,2024-01-09,Shoes,Sports,South,SP002,2.0,438.09,25.0,657.13,2.0
104910,2024-05-10,Bag,Home,West,SP014,10.0,1535.14,5.0,14583.83,3.0
104911,2024-05-10,Phone,Electronics,South,SP001,8.0,1575.16,15.0,10711.09,2.0
104912,2025-07-07,Camera,Home,West,SP009,,1375.03,15.0,1168.78,1.0
104913,2025-07-29,Phone,Books,North,SP007,11.0,403.74,25.0,3330.86,2.0
104914,2025-05-29,Laptop,Clothing,West,SP028,3.0,935.93,20.0,2246.23,4.0
104915,2025-02-06,Camera,Home,West,SP012,8.0,787.6,25.0,4725.6,5.0
104916,2024-03-16,Camera,Beauty,East,SP022,8.0,320.94,10.0,2310.77,1.0
104917,2024-07-16,Camera,Electronics,South,SP043,7.0,1954.47,15.0,11629.1,5.0
104918,2024-10-11,Book,Clothing,East,SP041,1.0,1666.04,15.0,1416.13,2.0
104919,2025-11-13,Watch,Books,East,SP009,4.0,1322.0,5.0,5023.6,4.0
104920,2025-12-06,Camera,Books,East,SP004,11.0,832.03,0.0,9152.33,2.0
104921,2024-02-25,Mixer,Electronics,West,SP005,12.0,808.6,15.0,8247.72,2.0
104922,2025-12-18,Camera,Home,North,SP033,13.0,662.88,10.0,7755.7,3.0
104923,2024-06-12,Mixer,Beauty,South,SP001,20.0,1912.62,5.0,36339.78,1.0
104924,2024-12-01,Bag,Sports,West,SP018,4.0,556.69,15.0,1892.75,
104925,2024-04-01,Headphones,Home,West,SP027,8.0,802.92,0.0,6423.36,3.0
104926,2024-05-20,Shoes,Books,West,SP007,17.0,1804.94,5.0,29149.78,5.0
104927,2025-11-02,Camera,Books,North,SP009,11.0,1314.82,25.0,10847.26,5.0
104928,2024-11-08,Watch,Clothing,East,SP048,18.0,1712.42,20.0,24658.85,3.0
104929,2025-04-14,Headphones,Electronics,South,SP035,16.0,1668.14,15.0,22686.7,5.0
104930,2025-03-23,Laptop,Books,North,SP045,11.0,1252.54,0.0,13777.94,3.0
104931,2025-08-31,Bag,Beauty,South,SP010,,1441.92,25.0,12977.28,2.0
104932,2025-07-31,Chair,Sports,,SP008,12.0,1918.75,20.0,18420.0,5.0
104933,2024-10-18,Laptop,Sports,West,SP007,3.0,312.7,15.0,797.38,5.0
104934,2024-12-01,Mixer,Sports,North,SP029,8.0,,25.0,4934.88,2.0
104935,2024-01-01,Chair,Beauty,North,SP005,5.0,62.99,5.0,299.2,2.0
104936,2024-01-12,Bag,Sports,South,SP029,19.0,1237.52,15.0,19985.95,2.0
104937,2024-01-18,Watch,Home,South,SP025,7.0,1295.5,,8615.07,3.0
104938,2025-03-06,Phone,Beauty,North,SP023,16.0,6.92,,83.04,4.0
104939,2025-11-06,Chair,Beauty,West,SP032,11.0,983.32,10.0,9734.87,4.0
104940,2024-02-04,Chair,Beauty,South,SP005,11.0,524.98,15.0,4908.56,4.0
104941,2024-09-14,Book,Home,West,SP036,20.0,16.25,25.0,243.75,5.0
104942,2025-05-22,Book,Beauty,West,SP035,8.0,1438.77,0.0,11510.16,1.0
104943,2024-02-29,Shoes,Beauty,South,SP028,6.0,664.38,0.0,3986.28,4.0
104944,2024-05-10,Mixer,Electronics,North,SP037,11.0,547.88,15.0,5122.68,3.0
104945,2025-06-12,Watch,Sports,North,SP021,2.0,615.18,0.0,1230.36,5.0
104946,2025-04-23,Camera,Books,North,SP003,1.0,86.57,0.0,86.57,4.0
104947,2024-08-02,Watch,Sports,West,SP049,17.0,1015.4,10.0,15535.62,2.0
104948,2025-10-07,Chair,Sports,South,SP037,10.0,1458.29,10.0,13124.61,
104949,2025-07-21,Phone,Beauty,East,SP037,20.0,556.21,5.0,10567.99,4.0
104950,2025-05-24,Phone,Clothing,North,SP023,3.0,1049.73,5.0,2991.73,3.0
104951,2024-05-08,Shoes,Home,North,SP007,18.0,1276.62,25.0,17234.37,1.0
104952,2025-08-19,,Home,North,SP037,2.0,396.66,10.0,713.99,3.0
104953,2024-06-19,Book,Beauty,West,SP040,19.0,568.96,5.0,10269.73,5.0
104954,2025-08-26,Shoes,Clothing,West,SP044,2.0,1458.75,5.0,2771.62,4.0
104955,2025-04-24,Headphones,Clothing,East,SP005,13.0,1705.91,0.0,22176.83,2.0
104956,2024-11-13,Camera,Sports,South,SP035,1.0,1297.09,20.0,1037.67,4.0
104957,2024-10-20,Chair,Electronics,North,SP033,10.0,1339.9,25.0,10049.25,2.0
104958,2025-02-21,Chair,Books,West,SP046,,326.35,20.0,2088.64,1.0
104959,2024-07-03,Mixer,Clothing,,SP031,13.0,1505.46,5.0,18592.43,1.0
104960,2024-12-22,,Electronics,South,SP015,10.0,1120.68,20.0,8965.44,1.0
104961,2024-03-20,Book,Sports,West,SP026,16.0,1021.16,0.0,16338.56,4.0
104962,2025-05-20,Mixer,Beauty,South,SP049,3.0,1187.87,25.0,2672.71,1.0
104963,2024-08-21,Bag,Home,West,SP018,2.0,1844.13,20.0,2950.61,1.0
104964,2025-01-01,Chair,Books,North,SP014,17.0,1250.37,5.0,20193.48,4.0
104965,2024-01-14,Bag,Electronics,South,SP018,,878.62,20.0,9137.65,5.0
104966,2025-04-28,Bag,Electronics,South,SP026,6.0,759.12,10.0,4099.25,3.0
104967,2025-08-13,Book,Electronics,East,SP021,14.0,955.87,10.0,12043.96,2.0
104968,2025-04-08,Bag,Books,East,SP020,12.0,1532.21,10.0,16547.87,5.0
104969,2025-06-28,Shoes,Books,West,SP042,5.0,1966.28,10.0,8848.26,5.0
104970,2025-08-10,Book,Electronics,North,SP008,2.0,1415.86,20.0,2265.38,3.0
104971,2025-03-19,Mixer,Home,North,SP021,16.0,1786.84,5.0,27159.97,4.0
104972,2025-03-14,Laptop,Books,East,SP004,10.0,1473.38,15.0,12523.73,4.0
104973,2025-06-28,Chair,Beauty,South,SP005,1.0,1941.26,20.0,1553.01,5.0
104974,2024-08-16,Laptop,Clothing,West,SP021,9.0,,25.0,5877.02,5.0
104975,2025-03-14,Watch,Books,East,SP025,2.0,501.01,25.0,751.51,
104976,2025-12-05,Camera,Clothing,South,SP020,8.0,1708.95,20.0,10937.28,5.0
104977,2025-01-03,Bag,Electronics,East,SP005,5.0,561.4,10.0,2526.3,3.0
104978,2024-12-11,Shoes,Sports,South,SP035,16.0,1707.19,,20486.28,5.0
104979,2024-01-08,Shoes,Sports,North,SP025,7.0,1609.18,10.0,10137.83,1.0
104980,2025-11-12,Shoes,Books,West,SP038,17.0,1496.14,15.0,21619.22,4.0
104981,2024-09-13,Chair,Books,West,SP002,16.0,838.84,5.0,12750.37,2.0
104982,2025-12-01,Bag,Beauty,West,SP049,18.0,692.36,,11216.23,2.0
104983,2025-02-27,Phone,Beauty,South,SP012,17.0,196.49,5.0,3173.31,5.0
104984,2024-10-14,Shoes,Books,South,SP009,3.0,1544.93,25.0,3476.09,5.0
104985,2025-12-14,Shoes,Home,South,SP044,1.0,1734.75,15.0,1474.54,5.0
104986,2024-09-13,Watch,Home,East,SP018,4.0,1823.31,10.0,6563.92,1.0
104987,2025-07-06,,Clothing,North,SP017,20.0,332.55,20.0,5320.8,1.0
104988,2024-02-22,Laptop,Clothing,South,SP033,8.0,697.58,5.0,5301.61,
104989,2025-03-17,Watch,Beauty,North,SP020,16.0,,25.0,4627.32,4.0
104990,2025-08-16,,Electronics,West,SP033,18.0,1902.69,10.0,30823.58,5.0
104991,2025-12-31,Chair,Clothing,East,SP004,14.0,1310.22,0.0,18343.08,5.0
104992,2025-03-03,Mixer,Home,West,SP019,6.0,1701.62,15.0,8678.26,2.0
104993,2024-11-01,Mixer,Beauty,,SP014,15.0,776.27,25.0,8733.04,1.0
104994,2025-08-13,Bag,Clothing,East,SP026,6.0,1702.82,20.0,8173.54,4.0
104995,2025-11-11,,Clothing,South,SP002,7.0,788.9,0.0,5522.3,5.0
104996,2024-10-27,Shoes,Books,,SP010,13.0,88.55,15.0,978.48,5.0
104997,2024-01-15,Headphones,Home,North,SP033,8.0,1889.64,25.0,11337.84,3.0
104998,2025-11-14,Phone,Sports,South,SP017,16.0,566.17,0.0,9058.72,2.0
104999,2025-11-27,Laptop,Books,North,SP025,2.0,461.33,0.0,922.66,4.0
105000,2024-08-28,Mixer,Home,East,SP021,13.0,865.91,,10693.99,3.0
