ExpenseID,Date,Category,Amount,Quantity,MonthlyBudget,PaymentMethod,Description,Merchant,City
1,2025-05-21,Health,,15.0,49566.0,Debit Card,Expense 1,Flipkart,Rajkot
2,2025-11-07,Fuel,4775.0,13.0,55471.0,Wallet,Expense 2,Amazon,Vadodara
3,2025-10-13,Transport,1731.0,14.0,37066.0,Debit Card,Expense 3,DMart,Ahmedabad
4,2025-04-14,Food,16883.0,1.0,16707.0,UPI,Expense 4,Uber,Surat
5,2025-12-26,Bills,8567.0,7.0,10349.0,Cash,Expense 5,Amazon,Bangalore
6,2025-08-15,Fuel,2752.0,12.0,,Cash,Expense 6,DMart,Mumbai
7,2025-01-27,Travel,9609.0,6.0,23505.0,Net Banking,Expense 7,Reliance Fresh,Hyderabad
8,2025-07-22,Rent,3149.0,6.0,42733.0,Cash,Expense 8,DMart,Pune
9,2025-11-19,Bills,18955.0,12.0,43071.0,Wallet,Expense 9,Flipkart,Bangalore
10,2025-12-25,Shopping,13948.0,5.0,,Debit Card,Expense 10,Amazon,Vadodara
11,2025-11-20,Groceries,11596.0,1.0,57012.0,UPI,Expense 11,Swiggy,Delhi
12,2025-09-13,Food,3432.0,3.0,52124.0,Wallet,Expense 12,Swiggy,Hyderabad
13,2025-02-15,Groceries,19928.0,,31059.0,Net Banking,Expense 13,,Ahmedabad
14,2025-01-01,Education,4681.0,4.0,59571.0,Credit Card,Expense 14,Uber,Mumbai
15,2025-07-20,Entertainment,8819.0,9.0,49244.0,Net Banking,Expense 15,,Delhi
16,2025-09-19,Food,5736.0,7.0,6674.0,Net Banking,Expense 16,Uber,Jaipur
17,2025-11-04,Travel,2465.0,14.0,52883.0,Debit Card,Expense 17,Reliance Fresh,Rajkot
18,2025-01-08,Transport,13426.0,7.0,8475.0,Debit Card,Expense 18,Uber,Rajkot
19,2025-01-02,Transport,16449.0,1.0,57334.0,Cash,Expense 19,Amazon,Ahmedabad
20,2025-06-04,Food,14807.0,10.0,26034.0,Net Banking,Expense 20,Zomato,Delhi
21,2025-10-28,Transport,10041.0,9.0,49935.0,Debit Card,Expense 21,Flipkart,Vadodara
22,2025-01-16,Health,16156.0,13.0,22390.0,Debit Card,Expense 22,Big Bazaar,Pune
23,2025-05-28,Education,19369.0,12.0,18747.0,Net Banking,Expense 23,Reliance Fresh,Ahmedabad
24,2025-09-17,Bills,15411.0,14.0,22517.0,Credit Card,Expense 24,Ola,Hyderabad
25,2025-04-20,Rent,2828.0,11.0,54726.0,Cash,Expense 25,Big Bazaar,Jaipur
26,2025-09-22,Bills,12501.0,13.0,59077.0,UPI,Expense 26,DMart,Jaipur
27,2025-12-14,Rent,15028.0,11.0,50577.0,Net Banking,Expense 27,Medical Store,Surat
28,2025-08-25,Shopping,18560.0,15.0,52005.0,UPI,Expense 28,Big Bazaar,Surat
29,2025-02-21,Groceries,706.0,8.0,16181.0,Cash,Expense 29,Amazon,Mumbai
30,2025-03-02,Transport,16235.0,1.0,17105.0,Cash,Expense 30,Uber,Hyderabad
31,2025-12-18,Travel,1430.0,11.0,38093.0,Cash,Expense 31,Reliance Fresh,Ahmedabad
32,2025-08-18,Bills,4594.0,11.0,59844.0,Debit Card,Expense 32,Medical Store,Hyderabad
33,2025-05-16,Bills,5390.0,15.0,37985.0,Cash,Expense 33,Ola,Ahmedabad
34,2025-06-02,Groceries,4331.0,4.0,20172.0,UPI,Expense 34,,Pune
35,2025-05-14,Health,633.0,10.0,24285.0,Credit Card,Expense 35,Uber,Ahmedabad
36,2025-09-07,Rent,6105.0,2.0,21487.0,Credit Card,Expense 36,Amazon,Vadodara
37,2025-07-21,Bills,8470.0,13.0,25450.0,UPI,Expense 37,Medical Store,Ahmedabad
38,2025-07-23,Groceries,14038.0,14.0,31809.0,Cash,Expense 38,Reliance Fresh,Rajkot
39,2025-08-06,Transport,4237.0,1.0,23056.0,UPI,Expense 39,Swiggy,Ahmedabad
40,2025-06-18,Transport,6238.0,3.0,28246.0,Credit Card,Expense 40,DMart,Ahmedabad
41,2025-06-08,Transport,15967.0,13.0,,UPI,,Zomato,Vadodara
42,2025-08-25,Entertainment,15464.0,11.0,10376.0,Wallet,Expense 42,DMart,Hyderabad
43,2025-09-26,Entertainment,1875.0,9.0,15875.0,Wallet,Expense 43,Big Bazaar,Surat
44,2025-08-02,Bills,14834.0,8.0,9918.0,Credit Card,Expense 44,Medical Store,Pune
45,2025-06-09,Entertainment,14161.0,5.0,9077.0,Net Banking,Expense 45,Swiggy,Rajkot
46,2025-05-05,Health,8117.0,11.0,9578.0,UPI,Expense 46,Zomato,Ahmedabad
47,2025-05-10,Rent,19548.0,5.0,55404.0,Net Banking,Expense 47,Medical Store,Delhi
48,2025-05-17,Bills,12368.0,12.0,33320.0,Cash,Expense 48,Big Bazaar,Hyderabad
49,2025-12-19,Shopping,18236.0,15.0,15234.0,Wallet,Expense 49,Medical Store,Mumbai
50,2025-08-17,Medical,15835.0,13.0,46689.0,Credit Card,Expense 50,Flipkart,Ahmedabad
51,2025-11-05,Travel,4394.0,6.0,16807.0,UPI,Expense 51,Amazon,Ahmedabad
52,2025-07-18,Food,13042.0,2.0,48346.0,UPI,Expense 52,DMart,Vadodara
53,2025-06-21,Transport,16819.0,7.0,57819.0,Wallet,Expense 53,Swiggy,Rajkot
54,2025-10-15,Health,17637.0,15.0,26179.0,UPI,Expense 54,Flipkart,Hyderabad
55,2025-03-13,Bills,9950.0,7.0,29072.0,Debit Card,Expense 55,Big Bazaar,Vadodara
56,2025-05-15,Fuel,7191.0,15.0,17510.0,Credit Card,Expense 56,DMart,Vadodara
57,2025-10-20,Bills,14028.0,11.0,15738.0,Cash,Expense 57,Ola,Mumbai
58,2025-10-06,Medical,8702.0,14.0,19892.0,Credit Card,Expense 58,Ola,Bangalore
59,2025-04-25,Fuel,14663.0,6.0,35523.0,Credit Card,Expense 59,DMart,Pune
60,2025-07-21,Entertainment,7702.0,,12077.0,UPI,Expense 60,Amazon,Hyderabad
61,2025-11-16,Transport,5033.0,5.0,12794.0,Wallet,Expense 61,Medical Store,Bangalore
62,2025-03-21,Medical,13359.0,5.0,36508.0,Net Banking,Expense 62,,Ahmedabad
63,2025-04-13,Transport,9638.0,7.0,41144.0,Credit Card,Expense 63,Reliance Fresh,Ahmedabad
64,2025-05-12,Transport,15572.0,12.0,11995.0,Debit Card,Expense 64,Reliance Fresh,Pune
65,2025-08-06,Rent,2241.0,11.0,59172.0,Net Banking,Expense 65,Ola,Delhi
66,2025-10-15,Fuel,11630.0,5.0,35674.0,Debit Card,Expense 66,Big Bazaar,Pune
67,2025-05-25,Health,5842.0,4.0,17314.0,Debit Card,Expense 67,Swiggy,Jaipur
68,2025-12-05,Transport,,13.0,31610.0,Credit Card,Expense 68,DMart,Ahmedabad
69,2025-11-13,Medical,14422.0,,19672.0,Credit Card,Expense 69,Ola,Delhi
70,2025-04-21,Food,19080.0,1.0,18404.0,Debit Card,Expense 70,Reliance Fresh,Bangalore
71,2025-11-23,Education,10876.0,1.0,54177.0,UPI,Expense 71,Zomato,Delhi
72,2025-01-22,Fuel,5407.0,15.0,30950.0,Debit Card,Expense 72,Amazon,Jaipur
73,2025-04-01,Shopping,701.0,,36359.0,Wallet,Expense 73,Uber,Surat
74,2025-05-28,Fuel,17441.0,8.0,20548.0,Cash,,Swiggy,Ahmedabad
75,2025-11-12,Shopping,19309.0,11.0,,Credit Card,Expense 75,Big Bazaar,Vadodara
76,2025-01-10,Travel,14046.0,3.0,,Net Banking,Expense 76,Zomato,Mumbai
77,2025-06-25,Fuel,4060.0,1.0,46710.0,Debit Card,Expense 77,,Mumbai
78,2025-01-17,Medical,13059.0,15.0,41952.0,Credit Card,Expense 78,Zomato,Ahmedabad
79,2025-05-05,Fuel,9319.0,4.0,46177.0,Wallet,Expense 79,Uber,Rajkot
80,2025-11-11,Bills,,13.0,14320.0,Cash,Expense 80,DMart,Ahmedabad
81,2025-03-21,Health,13451.0,5.0,22253.0,Wallet,Expense 81,Zomato,Delhi
82,2025-06-04,Fuel,10309.0,6.0,48876.0,Net Banking,Expense 82,Ola,Mumbai
83,2025-07-22,Food,19014.0,13.0,35842.0,Debit Card,Expense 83,Zomato,Vadodara
84,2025-03-07,Travel,12143.0,3.0,33972.0,Debit Card,Expense 84,Flipkart,Jaipur
85,2025-01-20,Entertainment,3477.0,15.0,40786.0,Cash,Expense 85,,Pune
86,2025-07-14,Entertainment,9874.0,14.0,46090.0,Credit Card,Expense 86,Ola,Mumbai
87,2025-04-03,Travel,10190.0,7.0,6256.0,Cash,,Zomato,Delhi
88,2025-06-28,Education,3321.0,,51099.0,Net Banking,Expense 88,Uber,Rajkot
89,2025-02-12,Health,3683.0,13.0,,Debit Card,Expense 89,Ola,Jaipur
90,2025-10-08,Health,9187.0,9.0,18864.0,UPI,Expense 90,Ola,Mumbai
91,2025-01-17,Entertainment,2839.0,14.0,23676.0,Net Banking,Expense 91,Reliance Fresh,Jaipur
92,2025-01-18,Education,9976.0,12.0,,Cash,Expense 92,Ola,Pune
93,2025-03-01,Medical,19672.0,4.0,,Credit Card,Expense 93,Reliance Fresh,Vadodara
94,2025-11-26,Groceries,,14.0,45706.0,Debit Card,Expense 94,Zomato,Vadodara
95,2025-08-10,Education,18768.0,12.0,17261.0,UPI,Expense 95,Amazon,Surat
96,2025-08-20,Entertainment,19280.0,,,Cash,Expense 96,,Vadodara
97,2025-05-21,Transport,3395.0,7.0,6986.0,UPI,Expense 97,Big Bazaar,Bangalore
98,2025-11-23,Education,17955.0,10.0,19120.0,Net Banking,Expense 98,Flipkart,Hyderabad
99,2025-09-21,Education,13748.0,3.0,37268.0,Cash,Expense 99,Amazon,Delhi
100,2025-04-25,Travel,3592.0,12.0,45515.0,Debit Card,Expense 100,DMart,Jaipur
101,2025-01-17,Transport,12158.0,11.0,54673.0,Cash,Expense 101,DMart,Mumbai
102,2025-08-13,Rent,9915.0,8.0,19607.0,Debit Card,Expense 102,Reliance Fresh,Vadodara
103,2025-07-09,Bills,18849.0,3.0,34100.0,Cash,Expense 103,Reliance Fresh,Surat
104,2025-09-08,Rent,12395.0,5.0,22707.0,Cash,Expense 104,Amazon,Hyderabad
105,2025-05-25,Transport,15606.0,10.0,31942.0,UPI,Expense 105,Medical Store,Mumbai
106,2025-05-21,Bills,9111.0,15.0,28744.0,Debit Card,Expense 106,Reliance Fresh,Jaipur
107,2025-01-05,Fuel,506.0,15.0,25743.0,Cash,Expense 107,Big Bazaar,Vadodara
108,2025-07-11,Groceries,5308.0,3.0,5047.0,UPI,Expense 108,Medical Store,Rajkot
109,2025-05-24,Medical,14403.0,2.0,32508.0,Cash,Expense 109,Medical Store,Ahmedabad
110,2025-09-07,Medical,4385.0,1.0,43146.0,Cash,Expense 110,Swiggy,Vadodara
111,2025-12-02,Food,7443.0,13.0,38786.0,Net Banking,Expense 111,DMart,Pune
112,2025-02-14,Education,8328.0,9.0,18175.0,Cash,Expense 112,Amazon,Vadodara
113,2025-10-02,Fuel,6601.0,4.0,34349.0,Wallet,Expense 113,Big Bazaar,Pune
114,2025-08-14,Fuel,19028.0,5.0,8695.0,Debit Card,Expense 114,Zomato,Rajkot
115,2025-07-27,Travel,13407.0,2.0,20081.0,Net Banking,Expense 115,Swiggy,Surat
116,2025-10-24,Groceries,3648.0,3.0,21245.0,Cash,Expense 116,Uber,Hyderabad
117,2025-05-13,Fuel,8141.0,8.0,37089.0,Wallet,Expense 117,Ola,Vadodara
118,2025-03-17,Fuel,6690.0,1.0,26462.0,Wallet,Expense 118,Ola,Pune
119,2025-01-21,Shopping,9197.0,2.0,37353.0,Wallet,Expense 119,Flipkart,Ahmedabad
120,2025-05-28,Education,11946.0,13.0,22697.0,Net Banking,Expense 120,Swiggy,Ahmedabad
121,2025-07-14,Bills,453.0,13.0,38575.0,Net Banking,Expense 121,Medical Store,Mumbai
122,2025-03-19,Food,4478.0,12.0,28040.0,Net Banking,Expense 122,Zomato,Pune
123,2025-08-21,Fuel,12650.0,8.0,28787.0,Cash,Expense 123,Swiggy,Rajkot
124,2025-02-12,Travel,6294.0,1.0,31851.0,Wallet,Expense 124,Medical Store,Bangalore
125,2025-11-06,Groceries,17580.0,9.0,56928.0,Credit Card,Expense 125,,Hyderabad
126,2025-04-02,Entertainment,11738.0,9.0,17972.0,Net Banking,Expense 126,Medical Store,Rajkot
127,2025-11-12,Transport,10622.0,15.0,46640.0,Wallet,Expense 127,Medical Store,Jaipur
128,2025-09-09,Fuel,2930.0,14.0,57182.0,Cash,Expense 128,Uber,Rajkot
129,2025-09-25,Fuel,11782.0,1.0,6323.0,Wallet,Expense 129,DMart,Vadodara
130,2025-05-22,Fuel,15493.0,3.0,7240.0,Credit Card,Expense 130,Ola,Bangalore
131,2025-12-21,Bills,4167.0,9.0,42713.0,Net Banking,Expense 131,Swiggy,Bangalore
132,2025-08-03,Travel,13352.0,9.0,16384.0,Cash,Expense 132,Uber,Ahmedabad
133,2025-03-26,Travel,13954.0,7.0,,Credit Card,Expense 133,Uber,Ahmedabad
134,2025-01-21,Groceries,6271.0,6.0,42272.0,Cash,Expense 134,Swiggy,Surat
135,2025-09-21,Transport,3250.0,8.0,47477.0,Credit Card,Expense 135,Reliance Fresh,Bangalore
136,2025-07-27,Health,7703.0,11.0,57857.0,Cash,Expense 136,Ola,Delhi
137,2025-02-04,Medical,12427.0,,39736.0,UPI,Expense 137,Zomato,Rajkot
138,2025-02-13,Bills,16676.0,8.0,9802.0,UPI,Expense 138,DMart,Ahmedabad
139,2025-10-28,Shopping,14597.0,5.0,43912.0,UPI,Expense 139,Medical Store,Delhi
140,2025-04-18,Entertainment,15929.0,8.0,,Cash,Expense 140,Zomato,Rajkot
141,2025-01-27,Entertainment,2186.0,10.0,8346.0,Wallet,Expense 141,,Rajkot
142,2025-09-15,Entertainment,5594.0,3.0,,Net Banking,,DMart,Ahmedabad
143,2025-04-03,Bills,2449.0,2.0,8465.0,Wallet,Expense 143,Big Bazaar,Ahmedabad
144,2025-02-08,Rent,7516.0,7.0,27034.0,Net Banking,Expense 144,,Surat
145,2025-07-13,Fuel,5539.0,4.0,20720.0,UPI,Expense 145,Flipkart,Jaipur
146,2025-08-26,Groceries,18760.0,11.0,54154.0,Net Banking,Expense 146,Ola,Delhi
147,2025-06-08,Shopping,13573.0,6.0,34193.0,Debit Card,Expense 147,Medical Store,Rajkot
148,2025-04-20,Travel,1578.0,15.0,,Cash,Expense 148,Swiggy,Pune
149,2025-01-16,Medical,5054.0,13.0,40683.0,Net Banking,Expense 149,Big Bazaar,Surat
150,2025-02-25,Transport,15735.0,8.0,38244.0,Wallet,Expense 150,Big Bazaar,Delhi
151,2025-07-18,Shopping,9892.0,1.0,8188.0,Credit Card,Expense 151,Amazon,Ahmedabad
152,2025-05-09,Food,19568.0,2.0,6256.0,UPI,Expense 152,Ola,Jaipur
153,2025-03-22,Bills,13195.0,15.0,51006.0,Credit Card,Expense 153,Medical Store,Surat
154,2025-08-20,Rent,19868.0,10.0,30115.0,Debit Card,Expense 154,Amazon,Vadodara
155,2025-07-28,Entertainment,15265.0,7.0,42890.0,UPI,Expense 155,Amazon,Mumbai
156,2025-06-07,Transport,8566.0,6.0,48169.0,Wallet,Expense 156,,Bangalore
157,2025-01-28,Medical,17414.0,11.0,17429.0,Debit Card,Expense 157,Zomato,Delhi
158,2025-10-02,Medical,14521.0,1.0,32943.0,Debit Card,Expense 158,Flipkart,Rajkot
159,2025-01-26,Education,2004.0,8.0,28263.0,Wallet,Expense 159,Flipkart,Mumbai
160,2025-02-17,Shopping,7304.0,3.0,43935.0,UPI,Expense 160,Big Bazaar,Mumbai
161,2025-02-22,Education,12153.0,3.0,53737.0,Debit Card,Expense 161,Big Bazaar,Surat
162,2025-02-01,Shopping,13601.0,8.0,14735.0,Cash,Expense 162,DMart,Ahmedabad
163,2025-05-16,Food,10550.0,8.0,,Credit Card,Expense 163,Zomato,Bangalore
164,2025-06-13,Entertainment,18962.0,8.0,16881.0,Credit Card,Expense 164,DMart,Mumbai
165,2025-09-24,Shopping,15597.0,2.0,9091.0,Debit Card,Expense 165,Ola,Delhi
166,2025-10-18,Fuel,7293.0,2.0,27186.0,Debit Card,Expense 166,Reliance Fresh,Mumbai
167,2025-08-07,Medical,19811.0,12.0,47433.0,Net Banking,Expense 167,DMart,Mumbai
168,2025-06-05,Shopping,13392.0,9.0,44804.0,Wallet,Expense 168,Reliance Fresh,Rajkot
169,2025-03-07,Food,6675.0,2.0,6869.0,Credit Card,Expense 169,Swiggy,Rajkot
170,2025-03-11,Entertainment,15938.0,13.0,59387.0,Credit Card,Expense 170,Big Bazaar,Mumbai
171,2025-10-22,Shopping,153.0,11.0,34753.0,Wallet,Expense 171,Ola,Delhi
172,2025-01-08,Rent,18827.0,4.0,9227.0,Debit Card,,Uber,Mumbai
173,2025-08-08,Fuel,17000.0,12.0,5788.0,UPI,Expense 173,Amazon,Vadodara
174,2025-06-10,Education,17292.0,9.0,21065.0,Cash,Expense 174,Zomato,Delhi
175,2025-03-28,Shopping,16879.0,6.0,44700.0,Credit Card,Expense 175,Uber,Jaipur
176,2025-05-07,Transport,9555.0,4.0,28151.0,Cash,Expense 176,Uber,Ahmedabad
177,2025-12-28,Education,8739.0,15.0,35254.0,Cash,Expense 177,Reliance Fresh,Vadodara
178,2025-09-28,Food,3771.0,10.0,15020.0,Credit Card,Expense 178,Zomato,Surat
179,2025-08-26,Entertainment,3195.0,5.0,28469.0,Wallet,Expense 179,Zomato,Pune
180,2025-01-26,Food,16434.0,1.0,37164.0,Debit Card,Expense 180,DMart,Ahmedabad
181,2025-04-08,Transport,7542.0,2.0,19992.0,Debit Card,Expense 181,Ola,Ahmedabad
182,2025-01-10,Health,5700.0,4.0,48435.0,Cash,Expense 182,Big Bazaar,Pune
183,2025-05-22,Bills,12968.0,5.0,40464.0,UPI,Expense 183,Ola,Hyderabad
184,2025-05-09,Travel,12785.0,7.0,,Net Banking,Expense 184,Flipkart,Hyderabad
185,2025-12-02,Fuel,8522.0,15.0,36663.0,Credit Card,Expense 185,,Delhi
186,2025-12-25,Education,7320.0,8.0,,Cash,Expense 186,,Pune
187,2025-07-03,Groceries,15523.0,9.0,7660.0,Credit Card,Expense 187,Big Bazaar,Bangalore
188,2025-12-14,Rent,7756.0,11.0,41199.0,Wallet,Expense 188,Amazon,Ahmedabad
189,2025-11-16,Travel,2848.0,10.0,57402.0,Cash,Expense 189,Uber,Rajkot
190,2025-10-22,Shopping,880.0,1.0,49239.0,Net Banking,Expense 190,Amazon,Mumbai
191,2025-12-02,Rent,15571.0,11.0,11938.0,Net Banking,Expense 191,Ola,Ahmedabad
192,2025-01-22,Groceries,11955.0,5.0,34419.0,Wallet,Expense 192,Flipkart,Surat
193,2025-03-20,Fuel,4902.0,2.0,43301.0,Cash,Expense 193,,Pune
194,2025-06-23,Entertainment,2886.0,8.0,,Wallet,,Zomato,Mumbai
195,2025-06-03,Rent,14924.0,9.0,6110.0,UPI,Expense 195,Ola,Surat
196,2025-10-19,Transport,3998.0,4.0,52675.0,UPI,Expense 196,Uber,Delhi
197,2025-07-26,Health,16869.0,4.0,12465.0,Debit Card,Expense 197,Amazon,Rajkot
198,2025-11-22,Bills,6660.0,1.0,23947.0,Wallet,Expense 198,DMart,Vadodara
199,2025-01-20,Medical,15786.0,,40389.0,Wallet,Expense 199,Reliance Fresh,Mumbai
200,2025-08-23,Shopping,1188.0,13.0,43210.0,Debit Card,Expense 200,Zomato,Jaipur
201,2025-02-21,Transport,8591.0,8.0,47301.0,UPI,Expense 201,Reliance Fresh,Ahmedabad
202,2025-08-10,Groceries,5153.0,13.0,22820.0,Wallet,Expense 202,Uber,Surat
203,2025-01-07,Fuel,12113.0,14.0,,UPI,Expense 203,Uber,Pune
204,2025-09-28,Medical,16445.0,6.0,38964.0,Credit Card,Expense 204,Amazon,Mumbai
205,2025-11-21,Shopping,6463.0,6.0,24611.0,Wallet,Expense 205,Uber,Bangalore
206,2025-09-07,Rent,2041.0,9.0,36502.0,Credit Card,Expense 206,Big Bazaar,Vadodara
207,2025-12-25,Bills,2329.0,15.0,34070.0,Debit Card,Expense 207,Medical Store,Hyderabad
208,2025-05-15,Food,2585.0,,31268.0,Wallet,Expense 208,Big Bazaar,Ahmedabad
209,2025-06-18,Medical,10988.0,2.0,19646.0,UPI,,Big Bazaar,Rajkot
210,2025-11-03,Rent,7542.0,8.0,10299.0,Credit Card,Expense 210,Ola,Surat
211,2025-01-27,Food,608.0,5.0,56658.0,Wallet,Expense 211,Amazon,Mumbai
212,2025-04-21,Transport,12235.0,1.0,13966.0,Net Banking,Expense 212,Zomato,Rajkot
213,2025-01-25,Medical,15859.0,4.0,20639.0,Cash,Expense 213,Amazon,Surat
214,2025-05-19,Health,16722.0,8.0,31134.0,Credit Card,Expense 214,Medical Store,Ahmedabad
215,2025-10-03,Education,6560.0,1.0,25607.0,Cash,Expense 215,DMart,Jaipur
216,2025-02-18,Medical,4681.0,11.0,10967.0,Credit Card,Expense 216,Zomato,Ahmedabad
217,2025-05-12,Shopping,12770.0,15.0,45499.0,Cash,,DMart,Bangalore
218,2025-03-05,Health,7313.0,8.0,14378.0,Credit Card,Expense 218,Reliance Fresh,Jaipur
219,2025-11-17,Health,9540.0,10.0,40153.0,Credit Card,Expense 219,DMart,Vadodara
220,2025-08-12,Entertainment,10654.0,14.0,22300.0,Wallet,Expense 220,DMart,Mumbai
221,2025-06-28,Transport,858.0,9.0,33737.0,UPI,Expense 221,Reliance Fresh,Vadodara
222,2025-07-03,Medical,,5.0,,Cash,Expense 222,Amazon,Vadodara
223,2025-11-09,Shopping,9863.0,7.0,38532.0,Credit Card,Expense 223,Ola,Delhi
224,2025-03-11,Groceries,14339.0,4.0,30193.0,Credit Card,Expense 224,Ola,Vadodara
225,2025-07-04,Groceries,8043.0,4.0,46508.0,Cash,Expense 225,Swiggy,Hyderabad
226,2025-04-11,Food,5571.0,11.0,45134.0,Wallet,Expense 226,Uber,Mumbai
227,2025-02-15,Groceries,9001.0,5.0,37697.0,Wallet,Expense 227,Reliance Fresh,Rajkot
228,2025-05-15,Travel,12265.0,1.0,29529.0,Wallet,Expense 228,Reliance Fresh,Rajkot
229,2025-03-14,Rent,9616.0,9.0,26095.0,UPI,Expense 229,Amazon,Surat
230,2025-10-19,Groceries,8870.0,8.0,50509.0,Debit Card,Expense 230,Zomato,Jaipur
231,2025-12-11,Bills,19906.0,12.0,57473.0,Debit Card,Expense 231,Amazon,Ahmedabad
232,2025-06-24,Shopping,5873.0,13.0,33818.0,Debit Card,Expense 232,Big Bazaar,Jaipur
233,2025-07-14,Rent,12883.0,15.0,32897.0,Cash,Expense 233,Big Bazaar,Rajkot
234,2025-10-17,Travel,4067.0,3.0,11509.0,Wallet,Expense 234,Big Bazaar,Delhi
235,2025-01-16,Travel,14083.0,7.0,34276.0,Net Banking,Expense 235,Ola,Ahmedabad
236,2025-06-16,Fuel,7735.0,12.0,18763.0,Wallet,Expense 236,Ola,Delhi
237,2025-06-19,Bills,18951.0,2.0,40800.0,Cash,Expense 237,Flipkart,Hyderabad
238,2025-08-04,Bills,12477.0,,,Wallet,,Ola,Rajkot
239,2025-01-04,Bills,2050.0,7.0,37429.0,UPI,Expense 239,Swiggy,Vadodara
240,2025-12-27,Fuel,6898.0,13.0,42228.0,UPI,Expense 240,Zomato,Mumbai
241,2025-01-28,Travel,590.0,10.0,52693.0,Wallet,Expense 241,Amazon,Mumbai
242,2025-03-21,Fuel,14581.0,12.0,37272.0,UPI,Expense 242,Flipkart,Pune
243,2025-07-10,Rent,4267.0,1.0,38617.0,Credit Card,Expense 243,DMart,Surat
244,2025-04-23,Medical,14127.0,1.0,56680.0,UPI,Expense 244,Flipkart,Jaipur
245,2025-08-25,Travel,3559.0,3.0,56368.0,Wallet,,DMart,Rajkot
246,2025-04-15,Fuel,15517.0,12.0,48669.0,Wallet,Expense 246,Reliance Fresh,Jaipur
247,2025-08-24,Health,77.0,14.0,10305.0,UPI,Expense 247,Zomato,Hyderabad
248,2025-11-17,Education,1403.0,1.0,30720.0,Credit Card,Expense 248,Uber,Mumbai
249,2025-03-19,Travel,13590.0,10.0,47076.0,Wallet,Expense 249,Amazon,Jaipur
250,2025-07-08,Bills,10174.0,3.0,37472.0,Net Banking,Expense 250,Ola,Bangalore
251,2025-11-06,Medical,,2.0,58054.0,UPI,,Reliance Fresh,Vadodara
252,2025-06-01,Health,11769.0,5.0,5755.0,Cash,Expense 252,Swiggy,Vadodara
253,2025-05-14,Fuel,5686.0,4.0,18767.0,Cash,Expense 253,Big Bazaar,Rajkot
254,2025-04-27,Health,15191.0,14.0,53546.0,Net Banking,Expense 254,Ola,Delhi
255,2025-05-12,Rent,5905.0,6.0,17746.0,Wallet,Expense 255,Ola,Pune
256,2025-11-28,Entertainment,1035.0,3.0,54239.0,Credit Card,Expense 256,Amazon,Rajkot
257,2025-07-10,Fuel,15559.0,4.0,19133.0,Net Banking,Expense 257,Flipkart,Hyderabad
258,2025-03-12,Food,19161.0,12.0,42448.0,Credit Card,Expense 258,Big Bazaar,Rajkot
259,2025-11-08,Health,14291.0,,43474.0,Credit Card,Expense 259,Flipkart,Bangalore
260,2025-06-07,Groceries,8191.0,13.0,28639.0,Net Banking,Expense 260,DMart,Vadodara
261,2025-01-24,Health,3297.0,10.0,18724.0,Credit Card,Expense 261,Zomato,Mumbai
262,2025-01-22,Medical,13481.0,1.0,42025.0,Credit Card,Expense 262,Flipkart,Vadodara
263,2025-08-13,Medical,18646.0,1.0,35239.0,Wallet,Expense 263,Amazon,Ahmedabad
264,2025-11-04,Rent,16785.0,2.0,23957.0,Debit Card,Expense 264,DMart,Vadodara
265,2025-11-08,Health,12734.0,,29847.0,Wallet,Expense 265,DMart,Jaipur
266,2025-04-28,Travel,3322.0,12.0,55639.0,UPI,Expense 266,,Mumbai
267,2025-04-22,Bills,12465.0,6.0,39386.0,Net Banking,Expense 267,Medical Store,Mumbai
268,2025-09-13,Rent,10542.0,7.0,22426.0,Wallet,Expense 268,Uber,Vadodara
269,2025-05-10,Fuel,3012.0,7.0,43534.0,Wallet,Expense 269,Swiggy,Hyderabad
270,2025-02-05,Bills,16687.0,8.0,54549.0,Wallet,Expense 270,Flipkart,Pune
271,2025-02-05,Transport,18555.0,4.0,26488.0,Cash,Expense 271,Uber,Mumbai
272,2025-10-20,Entertainment,5975.0,15.0,50732.0,Net Banking,Expense 272,Big Bazaar,Ahmedabad
273,2025-09-22,Education,18571.0,13.0,20875.0,Credit Card,Expense 273,Swiggy,Ahmedabad
274,2025-01-09,Entertainment,6943.0,3.0,15749.0,Debit Card,Expense 274,Reliance Fresh,Mumbai
275,2025-06-07,Health,6759.0,7.0,45887.0,UPI,Expense 275,Ola,Bangalore
276,2025-04-20,Health,187.0,6.0,33022.0,Debit Card,Expense 276,Amazon,Bangalore
277,2025-01-22,Fuel,15393.0,2.0,8439.0,Wallet,Expense 277,Flipkart,Rajkot
278,2025-01-13,Transport,15126.0,11.0,43911.0,Net Banking,Expense 278,Swiggy,Surat
279,2025-08-19,Shopping,,4.0,59376.0,Wallet,,Uber,Vadodara
280,2025-08-22,Shopping,9725.0,8.0,29784.0,Credit Card,Expense 280,Ola,Bangalore
281,2025-08-01,Education,7517.0,12.0,47026.0,UPI,Expense 281,Uber,Surat
282,2025-03-06,Travel,9702.0,1.0,12147.0,Cash,Expense 282,Reliance Fresh,Vadodara
283,2025-07-26,Education,1823.0,9.0,,UPI,Expense 283,Reliance Fresh,Pune
284,2025-05-02,Shopping,3159.0,5.0,32305.0,Wallet,Expense 284,Medical Store,Surat
285,2025-11-01,Education,9845.0,4.0,23815.0,Net Banking,Expense 285,Swiggy,Pune
286,2025-07-08,Fuel,2485.0,6.0,42978.0,Cash,Expense 286,Flipkart,Rajkot
287,2025-10-24,Transport,8312.0,,17664.0,Cash,Expense 287,Amazon,Surat
288,2025-12-16,Rent,13842.0,3.0,50127.0,Credit Card,Expense 288,Amazon,Mumbai
289,2025-02-08,Shopping,3990.0,2.0,56614.0,UPI,Expense 289,Swiggy,Mumbai
290,2025-01-03,Bills,18540.0,8.0,49734.0,Net Banking,Expense 290,Medical Store,Hyderabad
291,2025-03-07,Fuel,5896.0,9.0,54721.0,Net Banking,Expense 291,Swiggy,Ahmedabad
292,2025-09-02,Transport,10915.0,11.0,13507.0,Cash,Expense 292,Ola,Ahmedabad
293,2025-06-10,Health,14074.0,12.0,8133.0,Wallet,Expense 293,Ola,Rajkot
294,2025-02-25,Travel,9091.0,,7770.0,UPI,Expense 294,Flipkart,Rajkot
295,2025-01-16,Transport,12422.0,4.0,57142.0,Credit Card,Expense 295,Medical Store,Jaipur
296,2025-09-09,Rent,16412.0,15.0,24879.0,Wallet,Expense 296,DMart,Bangalore
297,2025-04-22,Medical,14298.0,12.0,52573.0,Cash,Expense 297,Flipkart,Mumbai
298,2025-07-26,Bills,15193.0,8.0,25893.0,Cash,Expense 298,Medical Store,Vadodara
299,2025-07-17,Medical,16456.0,2.0,15002.0,Cash,Expense 299,DMart,Hyderabad
300,2025-01-23,Food,19507.0,1.0,16455.0,UPI,Expense 300,Uber,Mumbai
301,2025-02-07,Entertainment,17779.0,13.0,39641.0,Credit Card,Expense 301,Swiggy,Ahmedabad
302,2025-03-23,Education,11811.0,15.0,37361.0,Debit Card,Expense 302,Amazon,Delhi
303,2025-06-19,Transport,,13.0,31001.0,Net Banking,Expense 303,Uber,Mumbai
304,2025-08-07,Transport,15545.0,14.0,38972.0,Cash,Expense 304,,Ahmedabad
305,2025-06-15,Bills,1168.0,15.0,55902.0,Credit Card,Expense 305,Amazon,Jaipur
306,2025-06-04,Groceries,1515.0,4.0,44712.0,Net Banking,Expense 306,Uber,Ahmedabad
307,2025-09-16,Health,15406.0,5.0,,Wallet,Expense 307,Ola,Rajkot
308,2025-05-15,Transport,19675.0,13.0,30989.0,Cash,Expense 308,DMart,Bangalore
309,2025-04-10,Shopping,15145.0,,22953.0,Cash,Expense 309,DMart,Rajkot
310,2025-05-02,Medical,4437.0,8.0,53495.0,UPI,Expense 310,Ola,Hyderabad
311,2025-08-19,Shopping,5741.0,11.0,28298.0,Debit Card,Expense 311,Ola,Mumbai
312,2025-08-17,Groceries,4676.0,5.0,51689.0,UPI,Expense 312,Uber,Bangalore
313,2025-03-25,Transport,8137.0,7.0,11525.0,Net Banking,Expense 313,Amazon,Vadodara
314,2025-05-19,Groceries,728.0,2.0,50350.0,Cash,Expense 314,Amazon,Delhi
315,2025-03-02,Health,6636.0,15.0,10280.0,Credit Card,Expense 315,Big Bazaar,Jaipur
316,2025-06-15,Groceries,4266.0,15.0,55373.0,Net Banking,Expense 316,Ola,Pune
317,2025-07-14,Shopping,16151.0,11.0,42595.0,Debit Card,Expense 317,Big Bazaar,Jaipur
318,2025-09-18,Entertainment,13751.0,15.0,54958.0,Credit Card,Expense 318,Swiggy,Jaipur
319,2025-01-28,Fuel,13044.0,9.0,38434.0,Cash,Expense 319,DMart,Jaipur
320,2025-02-14,Groceries,11324.0,2.0,7408.0,Debit Card,Expense 320,,Ahmedabad
321,2025-01-08,Shopping,9102.0,13.0,43123.0,Debit Card,Expense 321,Zomato,Delhi
322,2025-01-09,Travel,11583.0,4.0,,Net Banking,Expense 322,Medical Store,Rajkot
323,2025-03-20,Food,9714.0,9.0,46427.0,Net Banking,Expense 323,,Jaipur
324,2025-06-23,Shopping,10785.0,7.0,39855.0,Net Banking,Expense 324,Ola,Hyderabad
325,2025-04-08,Rent,9595.0,9.0,39402.0,Cash,Expense 325,Big Bazaar,Mumbai
326,2025-06-18,Entertainment,18718.0,3.0,20919.0,Wallet,Expense 326,Swiggy,Pune
327,2025-04-07,Groceries,14974.0,10.0,56283.0,Credit Card,Expense 327,Medical Store,Vadodara
328,2025-04-12,Food,16505.0,10.0,47638.0,Credit Card,Expense 328,Ola,Mumbai
329,2025-11-21,Transport,506.0,11.0,44247.0,Net Banking,Expense 329,Flipkart,Mumbai
330,2025-06-14,Rent,9304.0,11.0,58676.0,Debit Card,Expense 330,,Ahmedabad
331,2025-05-18,Bills,14253.0,9.0,7311.0,Net Banking,Expense 331,Flipkart,Surat
332,2025-08-01,Fuel,9246.0,6.0,,Credit Card,Expense 332,Ola,Jaipur
333,2025-05-26,Shopping,95.0,14.0,31967.0,Cash,Expense 333,Amazon,Bangalore
334,2025-11-24,Medical,9347.0,15.0,24117.0,Cash,Expense 334,Big Bazaar,Delhi
335,2025-09-17,Shopping,1713.0,11.0,48803.0,Credit Card,Expense 335,DMart,Jaipur
336,2025-02-28,Shopping,10887.0,3.0,44914.0,Wallet,Expense 336,Zomato,Hyderabad
337,2025-09-05,Groceries,3031.0,10.0,35198.0,Cash,Expense 337,Zomato,Jaipur
338,2025-01-26,Groceries,12903.0,1.0,13284.0,UPI,Expense 338,Uber,Mumbai
339,2025-08-18,Health,8242.0,6.0,30612.0,Credit Card,Expense 339,Amazon,Vadodara
340,2025-04-05,Groceries,18630.0,12.0,23120.0,Debit Card,Expense 340,Ola,Vadodara
341,2025-07-24,Fuel,1703.0,15.0,44240.0,Credit Card,Expense 341,Amazon,Jaipur
342,2025-08-17,Fuel,11200.0,3.0,16544.0,Debit Card,Expense 342,Medical Store,Pune
343,2025-03-12,Food,,15.0,19410.0,Wallet,Expense 343,Flipkart,Hyderabad
344,2025-06-13,Food,2045.0,11.0,12938.0,Net Banking,Expense 344,Flipkart,Hyderabad
345,2025-02-19,Transport,9656.0,1.0,9801.0,Cash,Expense 345,Zomato,Mumbai
346,2025-12-08,Health,12359.0,9.0,5863.0,Debit Card,Expense 346,Zomato,Vadodara
347,2025-03-21,Education,17316.0,11.0,21793.0,Cash,Expense 347,Flipkart,Delhi
348,2025-01-11,Bills,12996.0,14.0,31785.0,Net Banking,Expense 348,,Rajkot
349,2025-04-05,Entertainment,4433.0,12.0,22365.0,Net Banking,Expense 349,Medical Store,Jaipur
350,2025-10-01,Fuel,13867.0,11.0,33124.0,Wallet,Expense 350,Reliance Fresh,Delhi
351,2025-02-28,Education,18124.0,4.0,39441.0,UPI,Expense 351,Medical Store,Mumbai
352,2025-02-02,Groceries,17284.0,4.0,19794.0,UPI,Expense 352,DMart,Ahmedabad
353,2025-02-05,Food,17628.0,13.0,27875.0,Cash,Expense 353,Medical Store,Surat
354,2025-02-23,Entertainment,15419.0,2.0,5086.0,Net Banking,Expense 354,Medical Store,Jaipur
355,2025-07-04,Food,3235.0,15.0,42244.0,Cash,Expense 355,Reliance Fresh,Bangalore
356,2025-07-08,Food,8158.0,1.0,50993.0,Debit Card,Expense 356,Big Bazaar,Delhi
357,2025-12-17,Travel,5403.0,6.0,50882.0,Credit Card,Expense 357,Medical Store,Jaipur
358,2025-06-18,Rent,18429.0,11.0,39874.0,UPI,Expense 358,Ola,Hyderabad
359,2025-02-02,Entertainment,4079.0,6.0,37837.0,Debit Card,Expense 359,Amazon,Surat
360,2025-04-26,Rent,191.0,11.0,37657.0,Net Banking,Expense 360,Reliance Fresh,Jaipur
361,2025-09-07,Travel,13599.0,9.0,8507.0,UPI,Expense 361,Amazon,Ahmedabad
362,2025-10-22,Travel,9267.0,15.0,51487.0,UPI,Expense 362,Uber,Mumbai
363,2025-07-02,Entertainment,19509.0,4.0,30428.0,Credit Card,Expense 363,Swiggy,Surat
364,2025-07-17,Travel,16265.0,10.0,40448.0,Credit Card,Expense 364,Flipkart,Ahmedabad
365,2025-01-10,Groceries,7105.0,14.0,39128.0,Wallet,Expense 365,Medical Store,Delhi
366,2025-10-06,Fuel,16305.0,8.0,42432.0,Net Banking,Expense 366,Swiggy,Vadodara
367,2025-05-23,Transport,19291.0,,44073.0,Credit Card,Expense 367,Big Bazaar,Surat
368,2025-02-23,Fuel,5652.0,8.0,,Cash,Expense 368,Big Bazaar,Bangalore
369,2025-06-25,Fuel,10491.0,14.0,14836.0,UPI,Expense 369,Amazon,Surat
370,2025-12-15,Fuel,8744.0,6.0,,Debit Card,Expense 370,Ola,Ahmedabad
371,2025-01-25,Food,19151.0,1.0,14570.0,Wallet,Expense 371,Zomato,Bangalore
372,2025-08-19,Health,7042.0,4.0,31471.0,Credit Card,,Uber,Rajkot
373,2025-11-15,Rent,12807.0,12.0,40800.0,Net Banking,Expense 373,Uber,Delhi
374,2025-07-17,Education,15533.0,2.0,16553.0,Wallet,Expense 374,Swiggy,Ahmedabad
375,2025-03-17,Entertainment,10652.0,6.0,26604.0,Credit Card,Expense 375,Big Bazaar,Vadodara
376,2025-04-10,Medical,15653.0,6.0,,UPI,Expense 376,Swiggy,Mumbai
377,2025-04-21,Transport,2544.0,12.0,32851.0,Wallet,Expense 377,DMart,Rajkot
378,2025-12-12,Food,,10.0,28422.0,Cash,Expense 378,Big Bazaar,Pune
379,2025-05-11,Entertainment,1875.0,7.0,38138.0,Cash,Expense 379,Reliance Fresh,Ahmedabad
380,2025-06-03,Shopping,15167.0,11.0,18305.0,Credit Card,Expense 380,Ola,Bangalore
381,2025-08-26,Transport,9832.0,4.0,,Credit Card,Expense 381,Amazon,Bangalore
382,2025-06-12,Entertainment,8135.0,,17251.0,UPI,Expense 382,Big Bazaar,Vadodara
383,2025-12-11,Food,5371.0,2.0,17525.0,Debit Card,Expense 383,,Vadodara
384,2025-10-19,Medical,15005.0,5.0,16844.0,Credit Card,Expense 384,Reliance Fresh,Surat
385,2025-02-07,Rent,14880.0,14.0,40250.0,Wallet,Expense 385,Zomato,Ahmedabad
386,2025-01-06,Rent,,8.0,22763.0,Debit Card,Expense 386,Reliance Fresh,Hyderabad
387,2025-01-10,Transport,11812.0,7.0,5128.0,Debit Card,Expense 387,Flipkart,Bangalore
388,2025-07-21,Shopping,9547.0,8.0,40421.0,Wallet,Expense 388,Uber,Bangalore
389,2025-10-13,Fuel,9997.0,9.0,24478.0,Net Banking,Expense 389,Uber,Delhi
390,2025-10-19,Fuel,15608.0,4.0,14398.0,Cash,Expense 390,,Mumbai
391,2025-04-27,Transport,15023.0,11.0,42658.0,UPI,Expense 391,Flipkart,Bangalore
392,2025-09-24,Education,2090.0,1.0,51309.0,Credit Card,Expense 392,Zomato,Vadodara
393,2025-12-08,Education,18509.0,13.0,52741.0,Credit Card,Expense 393,Zomato,Delhi
394,2025-04-12,Travel,6983.0,13.0,18641.0,Wallet,Expense 394,,Jaipur
395,2025-09-19,Education,16149.0,6.0,27232.0,Wallet,Expense 395,Ola,Hyderabad
396,2025-12-27,Food,3229.0,2.0,36020.0,Credit Card,Expense 396,Swiggy,Mumbai
397,2025-05-21,Medical,11248.0,14.0,14253.0,Cash,Expense 397,Flipkart,Ahmedabad
398,2025-06-03,Groceries,18543.0,4.0,35526.0,Net Banking,Expense 398,Reliance Fresh,Bangalore
399,2025-06-05,Travel,18615.0,10.0,6431.0,Net Banking,Expense 399,Reliance Fresh,Delhi
400,2025-04-20,Groceries,3569.0,4.0,15850.0,Wallet,Expense 400,Reliance Fresh,Pune
401,2025-03-04,Education,7908.0,7.0,55972.0,Net Banking,,Flipkart,Ahmedabad
402,2025-02-02,Transport,11595.0,10.0,12477.0,Debit Card,Expense 402,Uber,Jaipur
403,2025-02-19,Entertainment,1647.0,7.0,7992.0,Wallet,Expense 403,DMart,Surat
404,2025-05-07,Medical,1426.0,9.0,,Debit Card,Expense 404,Flipkart,Ahmedabad
405,2025-05-26,Shopping,3736.0,4.0,46979.0,Wallet,Expense 405,Medical Store,Vadodara
406,2025-10-14,Groceries,15300.0,3.0,30043.0,Wallet,Expense 406,Medical Store,Surat
407,2025-08-06,Rent,7666.0,7.0,53621.0,UPI,Expense 407,Swiggy,Delhi
408,2025-06-04,Transport,18355.0,,36524.0,Cash,Expense 408,Zomato,Pune
409,2025-04-15,Bills,2588.0,6.0,,Credit Card,Expense 409,Zomato,Jaipur
410,2025-03-26,Entertainment,19713.0,13.0,33714.0,Cash,Expense 410,Swiggy,Surat
411,2025-02-19,Groceries,5377.0,9.0,18877.0,Net Banking,Expense 411,Swiggy,Ahmedabad
412,2025-07-12,Travel,19831.0,8.0,50619.0,Cash,Expense 412,Amazon,Bangalore
413,2025-08-09,Education,3809.0,3.0,22242.0,Net Banking,Expense 413,Amazon,Mumbai
414,2025-11-22,Transport,6269.0,7.0,18240.0,Debit Card,Expense 414,Medical Store,Ahmedabad
415,2025-12-08,Food,1848.0,3.0,13977.0,Wallet,Expense 415,Amazon,Rajkot
416,2025-08-28,Shopping,,4.0,21835.0,Wallet,Expense 416,,Surat
417,2025-07-13,Entertainment,11230.0,8.0,44277.0,Credit Card,Expense 417,Medical Store,Hyderabad
418,2025-12-08,Shopping,,10.0,,Debit Card,Expense 418,Ola,Jaipur
419,2025-11-06,Entertainment,19673.0,12.0,56633.0,UPI,Expense 419,Amazon,Vadodara
420,2025-11-02,Medical,14466.0,13.0,26147.0,Credit Card,Expense 420,Swiggy,Delhi
421,2025-05-04,Bills,12524.0,7.0,5268.0,Net Banking,Expense 421,,Bangalore
422,2025-05-11,Entertainment,13921.0,10.0,8300.0,Wallet,Expense 422,Big Bazaar,Mumbai
423,2025-06-16,Transport,11657.0,,36152.0,Wallet,Expense 423,Medical Store,Vadodara
424,2025-03-11,Travel,576.0,6.0,16056.0,Cash,Expense 424,Ola,Jaipur
425,2025-07-12,Travel,15509.0,14.0,23157.0,UPI,,,Surat
426,2025-08-04,Travel,11362.0,4.0,59926.0,Cash,Expense 426,Ola,Bangalore
427,2025-02-13,Transport,,12.0,30672.0,Wallet,Expense 427,Swiggy,Pune
428,2025-01-03,Health,6039.0,6.0,16086.0,Net Banking,Expense 428,DMart,Delhi
429,2025-06-15,Travel,10319.0,15.0,33139.0,Credit Card,Expense 429,DMart,Bangalore
430,2025-08-01,Medical,12522.0,9.0,49335.0,Wallet,Expense 430,Big Bazaar,Delhi
431,2025-11-16,Food,15546.0,10.0,44924.0,Net Banking,Expense 431,Amazon,Surat
432,2025-09-19,Transport,7722.0,,5001.0,Wallet,Expense 432,Big Bazaar,Mumbai
433,2025-08-17,Fuel,3492.0,12.0,46578.0,UPI,Expense 433,Ola,Surat
434,2025-07-01,Medical,1776.0,9.0,12143.0,Cash,Expense 434,Amazon,Mumbai
435,2025-10-14,Groceries,18570.0,7.0,30624.0,UPI,Expense 435,Swiggy,Mumbai
436,2025-07-25,Health,11380.0,7.0,29379.0,Wallet,,Ola,Mumbai
437,2025-06-20,Medical,13689.0,10.0,16590.0,Net Banking,Expense 437,Zomato,Ahmedabad
438,2025-11-28,Fuel,15146.0,15.0,39179.0,Cash,Expense 438,Big Bazaar,Pune
439,2025-07-05,Bills,2198.0,11.0,23577.0,Credit Card,Expense 439,Amazon,Surat
440,2025-01-07,Medical,4247.0,5.0,,UPI,Expense 440,Swiggy,Pune
441,2025-02-05,Shopping,19347.0,5.0,17367.0,Net Banking,Expense 441,Flipkart,Surat
442,2025-09-06,Groceries,14280.0,14.0,42685.0,Cash,Expense 442,Big Bazaar,Jaipur
443,2025-01-10,Food,19602.0,8.0,39474.0,Wallet,Expense 443,Ola,Delhi
444,2025-09-27,Health,5284.0,13.0,25591.0,Debit Card,Expense 444,Reliance Fresh,Hyderabad
445,2025-12-10,Travel,19303.0,15.0,47929.0,Debit Card,Expense 445,Reliance Fresh,Pune
446,2025-05-08,Medical,6905.0,3.0,55881.0,Credit Card,Expense 446,Ola,Hyderabad
447,2025-09-20,Entertainment,621.0,6.0,42625.0,Credit Card,Expense 447,Zomato,Ahmedabad
448,2025-08-05,Medical,13715.0,3.0,,Credit Card,Expense 448,Swiggy,Mumbai
449,2025-11-17,Education,,3.0,36478.0,Credit Card,Expense 449,Ola,Vadodara
450,2025-07-23,Travel,8317.0,13.0,23071.0,Wallet,Expense 450,Big Bazaar,Rajkot
451,2025-11-22,Medical,2830.0,14.0,38918.0,Cash,Expense 451,Swiggy,Jaipur
452,2025-08-06,Entertainment,2943.0,10.0,48122.0,Debit Card,Expense 452,Zomato,Jaipur
453,2025-01-12,Medical,4849.0,3.0,33067.0,Debit Card,Expense 453,DMart,Vadodara
454,2025-01-26,Transport,17276.0,3.0,37081.0,Net Banking,Expense 454,Ola,Ahmedabad
455,2025-08-18,Transport,1525.0,10.0,56835.0,Debit Card,Expense 455,Amazon,Ahmedabad
456,2025-04-06,Food,199.0,5.0,14499.0,Wallet,Expense 456,,Vadodara
457,2025-06-06,Rent,13353.0,5.0,,UPI,Expense 457,Ola,Pune
458,2025-03-02,Shopping,17262.0,9.0,,Credit Card,Expense 458,DMart,Jaipur
459,2025-08-20,Medical,5109.0,15.0,16907.0,Wallet,Expense 459,Big Bazaar,Pune
460,2025-12-22,Education,11289.0,1.0,45989.0,Debit Card,Expense 460,DMart,Ahmedabad
461,2025-02-08,Health,5501.0,2.0,57554.0,Debit Card,Expense 461,,Hyderabad
462,2025-06-04,Health,14298.0,13.0,17592.0,Debit Card,Expense 462,Swiggy,Rajkot
463,2025-10-09,Bills,4418.0,2.0,47332.0,Net Banking,Expense 463,Medical Store,Ahmedabad
464,2025-06-03,Medical,13937.0,12.0,7302.0,Debit Card,Expense 464,Reliance Fresh,Jaipur
465,2025-10-26,Fuel,,5.0,42540.0,Debit Card,,Big Bazaar,Pune
466,2025-12-22,Travel,,13.0,8517.0,Credit Card,Expense 466,DMart,Bangalore
467,2025-05-06,Entertainment,10451.0,1.0,,Debit Card,Expense 467,Ola,Mumbai
468,2025-10-10,Health,18385.0,10.0,,Cash,Expense 468,Swiggy,Delhi
469,2025-12-23,Shopping,,5.0,45735.0,Debit Card,Expense 469,Swiggy,Delhi
470,2025-03-24,Bills,13217.0,6.0,29413.0,UPI,Expense 470,Big Bazaar,Jaipur
471,2025-03-04,Rent,4753.0,7.0,35574.0,UPI,Expense 471,Reliance Fresh,Bangalore
472,2025-09-26,Health,16961.0,5.0,45234.0,Debit Card,Expense 472,Flipkart,Mumbai
473,2025-10-02,Fuel,10503.0,6.0,5174.0,Debit Card,Expense 473,Swiggy,Vadodara
474,2025-11-03,Entertainment,10691.0,5.0,39776.0,Debit Card,Expense 474,Ola,Rajkot
475,2025-01-27,Fuel,539.0,8.0,8305.0,Credit Card,Expense 475,Medical Store,Pune
476,2025-03-26,Education,7544.0,,50968.0,Debit Card,Expense 476,Reliance Fresh,Pune
477,2025-02-28,Education,2597.0,8.0,5353.0,Debit Card,Expense 477,Swiggy,Pune
478,2025-12-20,Transport,9307.0,7.0,20417.0,Debit Card,Expense 478,Swiggy,Jaipur
479,2025-03-15,Groceries,14567.0,6.0,55709.0,UPI,Expense 479,Reliance Fresh,Vadodara
480,2025-10-04,Fuel,19211.0,1.0,34489.0,Wallet,Expense 480,Reliance Fresh,Mumbai
481,2025-05-05,Health,1191.0,7.0,10402.0,Debit Card,Expense 481,Swiggy,Delhi
482,2025-09-26,Shopping,11709.0,12.0,20795.0,Debit Card,Expense 482,Swiggy,Hyderabad
483,2025-09-12,Health,19185.0,1.0,44595.0,Wallet,Expense 483,DMart,Pune
484,2025-02-26,Fuel,10862.0,1.0,12327.0,Wallet,Expense 484,,Vadodara
485,2025-12-13,Transport,12618.0,4.0,19990.0,Net Banking,Expense 485,Flipkart,Rajkot
486,2025-12-07,Travel,1020.0,10.0,30231.0,Credit Card,Expense 486,Medical Store,Mumbai
487,2025-06-20,Health,18679.0,10.0,18226.0,Net Banking,Expense 487,Amazon,Ahmedabad
488,2025-01-14,Health,8399.0,12.0,9367.0,Net Banking,Expense 488,,Jaipur
489,2025-05-02,Education,1263.0,15.0,56583.0,Net Banking,Expense 489,Reliance Fresh,Ahmedabad
490,2025-03-25,Fuel,17482.0,3.0,,Credit Card,Expense 490,Flipkart,Rajkot
491,2025-04-23,Rent,,2.0,25320.0,Net Banking,Expense 491,Ola,Delhi
492,2025-11-09,Food,15074.0,,24101.0,Debit Card,Expense 492,DMart,Pune
493,2025-10-06,Groceries,16025.0,6.0,23418.0,Credit Card,Expense 493,Big Bazaar,Bangalore
494,2025-04-05,Bills,11543.0,,21236.0,Cash,Expense 494,Big Bazaar,Mumbai
495,2025-08-19,Medical,799.0,14.0,44674.0,Credit Card,Expense 495,Big Bazaar,Hyderabad
496,2025-06-20,Travel,1393.0,13.0,22885.0,Net Banking,Expense 496,DMart,Delhi
497,2025-06-28,Food,12020.0,3.0,18957.0,Credit Card,Expense 497,Zomato,Vadodara
498,2025-07-11,Medical,6239.0,5.0,34402.0,Cash,Expense 498,Big Bazaar,Rajkot
499,2025-06-15,Education,14799.0,12.0,57970.0,Cash,Expense 499,Reliance Fresh,Hyderabad
500,2025-10-20,Education,3001.0,2.0,53925.0,Cash,Expense 500,Big Bazaar,Vadodara
501,2025-03-18,Education,3767.0,4.0,42525.0,Cash,Expense 501,Flipkart,Jaipur
502,2025-05-25,Travel,6791.0,14.0,59076.0,Wallet,Expense 502,Medical Store,Bangalore
503,2025-08-01,Education,13916.0,13.0,48977.0,Debit Card,Expense 503,Medical Store,Mumbai
504,2025-06-26,Health,,15.0,54246.0,Cash,Expense 504,Reliance Fresh,Mumbai
505,2025-02-08,Transport,17548.0,3.0,30237.0,Net Banking,Expense 505,Uber,Bangalore
506,2025-09-03,Medical,4170.0,1.0,26570.0,Debit Card,,Ola,Mumbai
507,2025-08-21,Fuel,12139.0,14.0,55612.0,Cash,Expense 507,Medical Store,Bangalore
508,2025-02-12,Education,10178.0,2.0,15278.0,Cash,,Amazon,Pune
509,2025-09-25,Medical,7895.0,1.0,49684.0,UPI,,Zomato,Rajkot
510,2025-11-09,Shopping,3778.0,1.0,55696.0,Cash,Expense 510,Ola,Hyderabad
511,2025-09-13,Bills,5011.0,15.0,40640.0,Credit Card,Expense 511,Medical Store,Rajkot
512,2025-05-06,Shopping,8923.0,6.0,44950.0,Credit Card,Expense 512,Reliance Fresh,Pune
513,2025-12-07,Shopping,866.0,10.0,27924.0,Wallet,Expense 513,Medical Store,Hyderabad
514,2025-07-15,Entertainment,18732.0,1.0,19804.0,UPI,Expense 514,Medical Store,Bangalore
515,2025-12-27,Rent,1397.0,15.0,43246.0,Debit Card,Expense 515,Reliance Fresh,Mumbai
516,2025-10-09,Entertainment,14754.0,8.0,11246.0,UPI,Expense 516,Reliance Fresh,Rajkot
517,2025-08-13,Education,13969.0,12.0,21400.0,Credit Card,Expense 517,Zomato,Bangalore
518,2025-03-18,Rent,10496.0,2.0,40058.0,Credit Card,Expense 518,Flipkart,Ahmedabad
519,2025-02-10,Bills,4271.0,5.0,57060.0,Credit Card,Expense 519,Uber,Hyderabad
520,2025-08-26,Fuel,,,,Net Banking,Expense 520,Uber,Rajkot
521,2025-10-14,Entertainment,13987.0,4.0,58540.0,Wallet,Expense 521,Uber,Pune
522,2025-09-12,Entertainment,2814.0,4.0,57560.0,UPI,Expense 522,,Hyderabad
523,2025-12-17,Shopping,11359.0,13.0,20533.0,Cash,Expense 523,Uber,Mumbai
524,2025-08-13,Transport,1678.0,12.0,47619.0,UPI,Expense 524,,Vadodara
525,2025-01-15,Health,9913.0,6.0,16509.0,UPI,Expense 525,Medical Store,Delhi
526,2025-09-18,Medical,4856.0,10.0,33459.0,Credit Card,Expense 526,Flipkart,Rajkot
527,2025-06-26,Education,5722.0,9.0,57018.0,UPI,Expense 527,Swiggy,Pune
528,2025-04-13,Food,467.0,5.0,38181.0,Wallet,Expense 528,Flipkart,Vadodara
529,2025-03-28,Transport,16827.0,6.0,26104.0,Wallet,,DMart,Delhi
530,2025-07-17,Fuel,13696.0,3.0,43720.0,Credit Card,Expense 530,Medical Store,Pune
531,2025-02-16,Transport,10573.0,11.0,31720.0,Cash,,Amazon,Vadodara
532,2025-11-11,Food,2833.0,12.0,52334.0,Debit Card,Expense 532,Uber,Surat
533,2025-07-23,Fuel,286.0,7.0,31446.0,Credit Card,Expense 533,Amazon,Rajkot
534,2025-03-23,Fuel,10350.0,8.0,,Credit Card,Expense 534,DMart,Mumbai
535,2025-07-03,Health,11902.0,2.0,9326.0,Credit Card,Expense 535,Ola,Pune
536,2025-10-11,Food,13664.0,12.0,7610.0,Debit Card,Expense 536,Uber,Surat
537,2025-06-17,Health,,8.0,20636.0,UPI,Expense 537,Ola,Rajkot
538,2025-12-03,Medical,1114.0,2.0,9498.0,Credit Card,Expense 538,Reliance Fresh,Hyderabad
539,2025-04-04,Education,18714.0,10.0,17111.0,Wallet,Expense 539,Reliance Fresh,Pune
540,2025-03-03,Fuel,5138.0,15.0,5743.0,Net Banking,Expense 540,Medical Store,Bangalore
541,2025-01-20,Entertainment,16664.0,12.0,59360.0,Wallet,Expense 541,Flipkart,Pune
542,2025-08-24,Education,11496.0,13.0,,Debit Card,Expense 542,Uber,Surat
543,2025-05-02,Travel,19996.0,15.0,48480.0,Wallet,Expense 543,Reliance Fresh,Bangalore
544,2025-08-21,Travel,6760.0,7.0,7909.0,Credit Card,Expense 544,Uber,Jaipur
545,2025-06-15,Shopping,275.0,4.0,8025.0,Debit Card,Expense 545,Flipkart,Jaipur
546,2025-08-03,Education,14133.0,5.0,5098.0,Cash,Expense 546,Swiggy,Pune
547,2025-12-14,Rent,3902.0,12.0,53377.0,Net Banking,Expense 547,Medical Store,Vadodara
548,2025-07-03,Travel,12942.0,13.0,52582.0,Cash,Expense 548,Flipkart,Pune
549,2025-09-03,Fuel,9301.0,4.0,40669.0,Debit Card,Expense 549,Reliance Fresh,Bangalore
550,2025-09-27,Entertainment,13145.0,1.0,27326.0,Wallet,Expense 550,Big Bazaar,Pune
551,2025-03-19,Education,17316.0,2.0,10392.0,Credit Card,Expense 551,Zomato,Delhi
552,2025-08-23,Fuel,986.0,4.0,26636.0,Debit Card,Expense 552,Ola,Ahmedabad
553,2025-01-02,Rent,2276.0,8.0,11584.0,Net Banking,Expense 553,Uber,Ahmedabad
554,2025-01-04,Travel,19954.0,3.0,34444.0,Wallet,Expense 554,Reliance Fresh,Mumbai
555,2025-09-08,Education,972.0,3.0,9847.0,Credit Card,Expense 555,Big Bazaar,Pune
556,2025-04-10,Shopping,19424.0,1.0,20512.0,UPI,Expense 556,Medical Store,Pune
557,2025-08-07,Fuel,5529.0,7.0,8420.0,Credit Card,Expense 557,Ola,Bangalore
558,2025-12-28,Transport,8236.0,8.0,36125.0,Cash,Expense 558,,Rajkot
559,2025-12-18,Travel,383.0,12.0,7986.0,UPI,Expense 559,Zomato,Mumbai
560,2025-02-18,Education,1052.0,9.0,43172.0,Net Banking,Expense 560,Flipkart,Pune
561,2025-08-24,Rent,18240.0,2.0,12351.0,UPI,Expense 561,Amazon,Mumbai
562,2025-01-07,Travel,5428.0,7.0,43881.0,Wallet,Expense 562,Swiggy,Delhi
563,2025-05-06,Shopping,10397.0,10.0,27061.0,Wallet,Expense 563,Amazon,Mumbai
564,2025-07-24,Fuel,9766.0,8.0,54006.0,Debit Card,Expense 564,Medical Store,Delhi
565,2025-01-14,Travel,9010.0,1.0,50879.0,Wallet,Expense 565,Uber,Ahmedabad
566,2025-01-27,Rent,9295.0,11.0,29931.0,Cash,Expense 566,DMart,Hyderabad
567,2025-04-03,Rent,842.0,15.0,5787.0,UPI,Expense 567,Flipkart,Bangalore
568,2025-02-12,Entertainment,7628.0,12.0,49834.0,Net Banking,Expense 568,,Pune
569,2025-08-13,Shopping,15526.0,14.0,18419.0,Wallet,Expense 569,Amazon,Pune
570,2025-10-18,Medical,1997.0,1.0,28894.0,UPI,Expense 570,Ola,Surat
571,2025-11-09,Fuel,18607.0,3.0,45176.0,Net Banking,Expense 571,Big Bazaar,Surat
572,2025-11-12,Rent,12488.0,2.0,12446.0,Net Banking,Expense 572,Reliance Fresh,Surat
573,2025-08-13,Transport,7591.0,1.0,16144.0,Net Banking,Expense 573,Amazon,Delhi
574,2025-09-23,Rent,16338.0,2.0,55939.0,Wallet,Expense 574,Medical Store,Vadodara
575,2025-09-07,Entertainment,5511.0,10.0,51480.0,Wallet,Expense 575,DMart,Vadodara
576,2025-06-08,Entertainment,14105.0,12.0,5273.0,Credit Card,Expense 576,DMart,Delhi
577,2025-05-08,Medical,8892.0,5.0,59079.0,Cash,Expense 577,Flipkart,Pune
578,2025-02-07,Shopping,19016.0,12.0,16841.0,Net Banking,Expense 578,Medical Store,Vadodara
579,2025-05-09,Entertainment,18955.0,4.0,17226.0,Credit Card,Expense 579,Uber,Delhi
580,2025-06-13,Medical,11994.0,3.0,9689.0,Debit Card,Expense 580,Flipkart,Pune
581,2025-10-20,Groceries,16146.0,11.0,40777.0,Credit Card,Expense 581,Uber,Delhi
582,2025-11-17,Education,2185.0,12.0,54142.0,Cash,,Reliance Fresh,Hyderabad
583,2025-01-02,Medical,15036.0,6.0,26063.0,Wallet,Expense 583,Ola,Surat
584,2025-08-07,Transport,18798.0,12.0,9861.0,Wallet,Expense 584,Ola,Delhi
585,2025-09-19,Education,18163.0,14.0,9082.0,UPI,Expense 585,Reliance Fresh,Surat
586,2025-07-03,Medical,,6.0,13766.0,Cash,,,Hyderabad
587,2025-08-20,Shopping,17910.0,14.0,6649.0,UPI,Expense 587,Uber,Rajkot
588,2025-06-07,Shopping,16913.0,10.0,40605.0,Net Banking,Expense 588,Swiggy,Mumbai
589,2025-11-05,Groceries,3241.0,4.0,38232.0,Wallet,Expense 589,Zomato,Vadodara
590,2025-05-11,Shopping,10949.0,11.0,35824.0,Credit Card,Expense 590,Medical Store,Ahmedabad
591,2025-07-01,Bills,14980.0,13.0,38816.0,Net Banking,Expense 591,Amazon,Mumbai
592,2025-10-28,Medical,9385.0,14.0,31956.0,Wallet,Expense 592,Swiggy,Pune
593,2025-10-10,Fuel,1119.0,2.0,45499.0,Cash,Expense 593,,Mumbai
594,2025-11-06,Rent,19899.0,10.0,55861.0,Cash,Expense 594,Medical Store,Jaipur
595,2025-09-26,Entertainment,1873.0,15.0,46525.0,Net Banking,Expense 595,Zomato,Mumbai
596,2025-10-26,Medical,15263.0,15.0,38500.0,Cash,,Amazon,Delhi
597,2025-07-14,Education,11312.0,12.0,42023.0,UPI,Expense 597,Swiggy,Jaipur
598,2025-08-27,Fuel,6449.0,1.0,31938.0,UPI,Expense 598,Uber,Mumbai
599,2025-05-05,Shopping,15355.0,3.0,41369.0,Debit Card,Expense 599,Flipkart,Bangalore
600,2025-02-01,Transport,7844.0,2.0,42050.0,Cash,Expense 600,DMart,Delhi
601,2025-12-10,Fuel,3484.0,1.0,46592.0,Wallet,Expense 601,Reliance Fresh,Mumbai
602,2025-03-15,Groceries,4351.0,2.0,6477.0,Debit Card,Expense 602,Flipkart,Delhi
603,2025-06-23,Rent,,4.0,14590.0,Wallet,Expense 603,Flipkart,Jaipur
604,2025-02-25,Health,1415.0,4.0,19703.0,Cash,Expense 604,DMart,Surat
605,2025-02-01,Transport,12049.0,5.0,23444.0,Credit Card,Expense 605,,Hyderabad
606,2025-09-14,Fuel,13037.0,14.0,50798.0,Cash,Expense 606,Ola,Bangalore
607,2025-07-18,Transport,13040.0,5.0,48858.0,Net Banking,Expense 607,Swiggy,Delhi
608,2025-02-18,Rent,18087.0,13.0,39991.0,Credit Card,Expense 608,DMart,Hyderabad
609,2025-01-11,Fuel,8484.0,4.0,14721.0,Net Banking,Expense 609,Medical Store,Jaipur
610,2025-06-27,Education,11460.0,9.0,25839.0,Credit Card,Expense 610,,Vadodara
611,2025-12-08,Medical,13654.0,,27680.0,Debit Card,Expense 611,Ola,Ahmedabad
612,2025-06-12,Transport,17997.0,12.0,19651.0,Debit Card,Expense 612,Swiggy,Ahmedabad
613,2025-12-04,Rent,19208.0,5.0,39825.0,Credit Card,Expense 613,Flipkart,Hyderabad
614,2025-11-24,Food,19205.0,12.0,59799.0,Credit Card,Expense 614,Amazon,Delhi
615,2025-09-27,Medical,15107.0,14.0,51685.0,Wallet,Expense 615,Ola,Jaipur
616,2025-01-28,Food,15880.0,12.0,40610.0,UPI,Expense 616,Uber,Vadodara
617,2025-11-15,Bills,19982.0,6.0,43898.0,Net Banking,Expense 617,Flipkart,Pune
618,2025-06-11,Fuel,11472.0,6.0,41346.0,UPI,Expense 618,Big Bazaar,Jaipur
619,2025-02-05,Fuel,15332.0,3.0,57074.0,Credit Card,,Swiggy,Bangalore
620,2025-08-16,Transport,10810.0,6.0,22631.0,Cash,Expense 620,Zomato,Pune
621,2025-08-08,Food,17695.0,11.0,6894.0,Debit Card,Expense 621,Ola,Pune
622,2025-05-14,Entertainment,6946.0,11.0,32544.0,Cash,Expense 622,Flipkart,Bangalore
623,2025-09-04,Travel,19576.0,7.0,16446.0,Wallet,Expense 623,Zomato,Delhi
624,2025-08-14,Bills,16980.0,1.0,8758.0,Debit Card,Expense 624,Ola,Ahmedabad
625,2025-08-05,Groceries,5779.0,1.0,38778.0,Cash,Expense 625,Medical Store,Jaipur
626,2025-04-07,Food,18558.0,8.0,7791.0,Debit Card,Expense 626,Flipkart,Vadodara
627,2025-11-24,Fuel,10131.0,10.0,26969.0,Debit Card,Expense 627,Ola,Delhi
628,2025-12-28,Groceries,9458.0,5.0,9853.0,Wallet,Expense 628,Amazon,Vadodara
629,2025-11-14,Education,18058.0,15.0,43168.0,Wallet,Expense 629,Medical Store,Hyderabad
630,2025-07-14,Travel,4627.0,11.0,,Wallet,Expense 630,,Pune
631,2025-02-07,Groceries,17128.0,3.0,34900.0,Wallet,Expense 631,DMart,Hyderabad
632,2025-06-20,Health,2541.0,2.0,27935.0,Credit Card,Expense 632,Amazon,Hyderabad
633,2025-06-19,Groceries,10493.0,13.0,59695.0,UPI,Expense 633,Ola,Pune
634,2025-01-08,Shopping,12396.0,7.0,6191.0,Cash,Expense 634,Big Bazaar,Ahmedabad
635,2025-10-16,Medical,15207.0,15.0,26045.0,Debit Card,Expense 635,Ola,Bangalore
636,2025-11-17,Health,2144.0,1.0,40924.0,Debit Card,Expense 636,Swiggy,Jaipur
637,2025-12-14,Entertainment,17529.0,10.0,40587.0,UPI,Expense 637,Swiggy,Hyderabad
638,2025-03-03,Rent,9605.0,5.0,,Cash,Expense 638,Flipkart,Rajkot
639,2025-10-12,Fuel,,4.0,53137.0,Debit Card,Expense 639,Big Bazaar,Rajkot
640,2025-08-01,Entertainment,9551.0,6.0,29665.0,Net Banking,Expense 640,Zomato,Rajkot
641,2025-05-20,Bills,18824.0,5.0,53879.0,Credit Card,Expense 641,Reliance Fresh,Bangalore
642,2025-06-10,Health,12806.0,,54390.0,Wallet,Expense 642,Big Bazaar,Delhi
643,2025-02-28,Shopping,1989.0,1.0,53069.0,UPI,,,Bangalore
644,2025-09-16,Food,2233.0,14.0,58386.0,Wallet,Expense 644,Reliance Fresh,Jaipur
645,2025-08-12,Travel,4296.0,15.0,35551.0,Credit Card,Expense 645,Big Bazaar,Ahmedabad
646,2025-11-21,Groceries,7518.0,2.0,33915.0,Net Banking,Expense 646,,Bangalore
647,2025-06-17,Rent,10171.0,8.0,45067.0,UPI,Expense 647,Swiggy,Rajkot
648,2025-10-24,Travel,17300.0,,35937.0,Credit Card,Expense 648,Big Bazaar,Mumbai
649,2025-09-03,Bills,783.0,15.0,55419.0,Net Banking,,Medical Store,Surat
650,2025-08-04,Travel,8913.0,3.0,16728.0,Cash,,Zomato,Ahmedabad
651,2025-01-11,Groceries,15573.0,14.0,41181.0,UPI,Expense 651,Swiggy,Hyderabad
652,2025-02-15,Health,14469.0,5.0,21996.0,Wallet,Expense 652,Flipkart,Bangalore
653,2025-04-21,Groceries,17017.0,8.0,36009.0,Debit Card,Expense 653,Medical Store,Jaipur
654,2025-09-02,Entertainment,5881.0,14.0,38805.0,Credit Card,Expense 654,Big Bazaar,Ahmedabad
655,2025-08-26,Rent,2492.0,9.0,18833.0,Credit Card,Expense 655,Swiggy,Ahmedabad
656,2025-04-02,Food,13707.0,13.0,20711.0,Cash,Expense 656,DMart,Bangalore
657,2025-09-06,Entertainment,14027.0,7.0,9610.0,Debit Card,,Flipkart,Rajkot
658,2025-06-15,Health,2494.0,1.0,25426.0,Debit Card,Expense 658,Ola,Rajkot
659,2025-07-06,Education,18121.0,8.0,21227.0,Debit Card,Expense 659,Zomato,Mumbai
660,2025-11-16,Bills,19451.0,14.0,39522.0,Credit Card,Expense 660,Zomato,Mumbai
661,2025-05-22,Travel,9372.0,,55884.0,Net Banking,Expense 661,Uber,Pune
662,2025-09-25,Fuel,757.0,14.0,55645.0,Cash,Expense 662,Uber,Rajkot
663,2025-12-20,Entertainment,8582.0,4.0,26787.0,UPI,Expense 663,Amazon,Ahmedabad
664,2025-07-06,Fuel,12184.0,11.0,27211.0,UPI,Expense 664,Uber,Pune
665,2025-12-11,Medical,18839.0,3.0,34723.0,Net Banking,Expense 665,Uber,Pune
666,2025-05-15,Fuel,1618.0,15.0,45373.0,Net Banking,Expense 666,Reliance Fresh,Hyderabad
667,2025-04-18,Rent,12406.0,4.0,37951.0,Wallet,Expense 667,Ola,Hyderabad
668,2025-09-22,Fuel,12003.0,7.0,11141.0,UPI,Expense 668,Flipkart,Rajkot
669,2025-04-05,Bills,2435.0,8.0,15206.0,Net Banking,Expense 669,Amazon,Jaipur
670,2025-05-21,Bills,8711.0,4.0,18410.0,Credit Card,Expense 670,Ola,Jaipur
671,2025-06-16,Shopping,2807.0,6.0,16053.0,Cash,Expense 671,Ola,Surat
672,2025-05-04,Bills,4042.0,9.0,41603.0,Net Banking,Expense 672,Amazon,Jaipur
673,2025-07-26,Education,,8.0,25162.0,Cash,Expense 673,Uber,Jaipur
674,2025-10-18,Transport,19479.0,12.0,28492.0,UPI,Expense 674,Zomato,Mumbai
675,2025-06-15,Travel,13622.0,3.0,14821.0,Wallet,Expense 675,Flipkart,Pune
676,2025-04-16,Entertainment,15961.0,13.0,13729.0,Credit Card,Expense 676,DMart,Vadodara
677,2025-03-04,Shopping,14232.0,10.0,33967.0,Credit Card,Expense 677,Amazon,Jaipur
678,2025-12-23,Rent,607.0,7.0,,Debit Card,Expense 678,Big Bazaar,Vadodara
679,2025-01-25,Medical,,6.0,6056.0,Net Banking,Expense 679,,Ahmedabad
680,2025-09-17,Education,8151.0,15.0,49034.0,Net Banking,Expense 680,Swiggy,Vadodara
681,2025-04-25,Shopping,19344.0,12.0,32125.0,Credit Card,Expense 681,Medical Store,Bangalore
682,2025-10-06,Entertainment,776.0,4.0,10743.0,Net Banking,Expense 682,Ola,Rajkot
683,2025-03-04,Medical,6051.0,5.0,47393.0,Wallet,,Flipkart,Ahmedabad
684,2025-10-09,Medical,11661.0,13.0,,Wallet,Expense 684,Medical Store,Rajkot
685,2025-03-08,Travel,8165.0,9.0,36814.0,Debit Card,Expense 685,Zomato,Mumbai
686,2025-07-09,Groceries,13364.0,9.0,23778.0,Credit Card,Expense 686,Big Bazaar,Hyderabad
687,2025-02-17,Health,6422.0,,19302.0,Debit Card,Expense 687,Flipkart,Ahmedabad
688,2025-09-27,Groceries,1364.0,11.0,51074.0,Credit Card,Expense 688,DMart,Ahmedabad
689,2025-05-25,Rent,8672.0,15.0,18751.0,Debit Card,Expense 689,Swiggy,Surat
690,2025-04-24,Fuel,5201.0,9.0,5196.0,UPI,Expense 690,,Delhi
691,2025-11-09,Transport,13630.0,9.0,36188.0,Credit Card,Expense 691,Zomato,Hyderabad
692,2025-01-23,Bills,19573.0,13.0,45719.0,Credit Card,Expense 692,Amazon,Surat
693,2025-04-10,Transport,4021.0,6.0,20096.0,Debit Card,Expense 693,Medical Store,Mumbai
694,2025-05-16,Rent,1299.0,8.0,47371.0,Debit Card,Expense 694,Amazon,Ahmedabad
695,2025-04-26,Food,12031.0,6.0,13700.0,Cash,,Medical Store,Hyderabad
696,2025-07-14,Rent,10418.0,6.0,30834.0,Wallet,Expense 696,DMart,Hyderabad
697,2025-02-13,Groceries,16177.0,11.0,29943.0,Credit Card,Expense 697,Amazon,Ahmedabad
698,2025-11-23,Groceries,4440.0,7.0,40002.0,Debit Card,Expense 698,Swiggy,Pune
699,2025-09-05,Transport,14384.0,12.0,59330.0,UPI,Expense 699,Zomato,Rajkot
700,2025-11-12,Health,19852.0,12.0,36404.0,Debit Card,Expense 700,Uber,Bangalore
701,2025-02-14,Groceries,12962.0,7.0,33527.0,Net Banking,,Uber,Rajkot
702,2025-05-22,Bills,15028.0,4.0,12651.0,Credit Card,,Uber,Pune
703,2025-08-22,Medical,7897.0,,16739.0,UPI,Expense 703,DMart,Jaipur
704,2025-01-21,Food,15063.0,7.0,17869.0,Wallet,Expense 704,Swiggy,Mumbai
705,2025-06-17,Food,18780.0,1.0,48263.0,Debit Card,Expense 705,Uber,Mumbai
706,2025-01-01,Shopping,11794.0,8.0,31979.0,UPI,Expense 706,Uber,Mumbai
707,2025-03-11,Travel,4672.0,1.0,41818.0,Wallet,Expense 707,Medical Store,Mumbai
708,2025-02-05,Bills,19832.0,10.0,59677.0,UPI,Expense 708,DMart,Hyderabad
709,2025-03-08,Medical,6692.0,1.0,14834.0,UPI,Expense 709,Swiggy,Mumbai
710,2025-06-02,Travel,8899.0,4.0,13731.0,Debit Card,Expense 710,Medical Store,Bangalore
711,2025-12-25,Medical,13432.0,1.0,47416.0,Net Banking,Expense 711,DMart,Vadodara
712,2025-09-17,Education,14517.0,10.0,9979.0,Credit Card,Expense 712,Big Bazaar,Bangalore
713,2025-09-04,Bills,17233.0,11.0,34572.0,Net Banking,Expense 713,Medical Store,Jaipur
714,2025-06-27,Bills,15179.0,7.0,59094.0,UPI,Expense 714,Amazon,Pune
715,2025-10-03,Medical,18426.0,10.0,58283.0,Wallet,Expense 715,Medical Store,Vadodara
716,2025-10-17,Entertainment,14508.0,6.0,34229.0,Cash,Expense 716,Amazon,Rajkot
717,2025-10-06,Education,2504.0,13.0,42795.0,Debit Card,Expense 717,Medical Store,Rajkot
718,2025-08-04,Fuel,17894.0,3.0,42069.0,Cash,Expense 718,Swiggy,Pune
719,2025-11-03,Entertainment,14945.0,,58728.0,UPI,Expense 719,Medical Store,Delhi
720,2025-07-17,Education,800.0,7.0,50587.0,Cash,Expense 720,Medical Store,Delhi
721,2025-12-26,Medical,5957.0,15.0,7616.0,Wallet,Expense 721,Reliance Fresh,Delhi
722,2025-07-16,Transport,549.0,8.0,13941.0,UPI,Expense 722,Uber,Mumbai
723,2025-01-04,Medical,11461.0,6.0,9044.0,UPI,Expense 723,Uber,Bangalore
724,2025-01-12,Fuel,9331.0,8.0,56678.0,Net Banking,Expense 724,Flipkart,Delhi
725,2025-08-08,Medical,17923.0,7.0,7580.0,Debit Card,Expense 725,Flipkart,Rajkot
726,2025-01-04,Health,6938.0,7.0,51741.0,Net Banking,,Swiggy,Ahmedabad
727,2025-03-24,Health,17917.0,1.0,48725.0,Debit Card,Expense 727,Medical Store,Hyderabad
728,2025-02-09,Groceries,13006.0,3.0,34588.0,Cash,Expense 728,Swiggy,Pune
729,2025-03-10,Medical,16921.0,7.0,9142.0,Credit Card,Expense 729,Medical Store,Mumbai
730,2025-07-23,Groceries,13816.0,6.0,13623.0,Wallet,Expense 730,Amazon,Vadodara
731,2025-11-08,Education,7621.0,,,Wallet,Expense 731,Medical Store,Ahmedabad
732,2025-11-04,Shopping,,9.0,13168.0,Debit Card,Expense 732,Reliance Fresh,Delhi
733,2025-02-04,Health,6135.0,1.0,8319.0,Wallet,Expense 733,Ola,Rajkot
734,2025-05-01,Food,468.0,9.0,18380.0,Credit Card,Expense 734,Zomato,Jaipur
735,2025-01-04,Education,17411.0,10.0,,Credit Card,Expense 735,Amazon,Pune
736,2025-02-12,Fuel,16224.0,5.0,33245.0,Net Banking,,Flipkart,Bangalore
737,2025-08-11,Health,,,34752.0,Debit Card,Expense 737,Reliance Fresh,Bangalore
738,2025-09-12,Rent,12284.0,7.0,12984.0,Debit Card,Expense 738,DMart,Jaipur
739,2025-10-13,Groceries,3461.0,13.0,41835.0,Wallet,Expense 739,Medical Store,Delhi
740,2025-03-26,Medical,9601.0,,25463.0,Net Banking,Expense 740,,Rajkot
741,2025-02-17,Entertainment,,5.0,9853.0,Debit Card,Expense 741,Big Bazaar,Jaipur
742,2025-04-04,Transport,9098.0,3.0,47839.0,Debit Card,Expense 742,DMart,Hyderabad
743,2025-12-09,Food,13862.0,15.0,16439.0,Credit Card,Expense 743,Big Bazaar,Jaipur
744,2025-07-10,Shopping,14431.0,13.0,55111.0,Debit Card,Expense 744,,Hyderabad
745,2025-03-03,Shopping,5073.0,9.0,29681.0,Net Banking,Expense 745,Zomato,Ahmedabad
746,2025-09-16,Rent,12502.0,7.0,19549.0,Credit Card,Expense 746,,Jaipur
747,2025-08-22,Entertainment,11990.0,13.0,38635.0,Credit Card,Expense 747,Zomato,Ahmedabad
748,2025-08-13,Shopping,15318.0,14.0,51372.0,Net Banking,,Amazon,Mumbai
749,2025-01-25,Medical,18418.0,12.0,54505.0,Net Banking,Expense 749,Uber,Vadodara
750,2025-08-04,Rent,3520.0,7.0,29101.0,UPI,Expense 750,Uber,Hyderabad
751,2025-12-22,Education,14719.0,4.0,28358.0,Cash,Expense 751,DMart,Pune
752,2025-11-03,Health,11098.0,7.0,41935.0,UPI,Expense 752,,Vadodara
753,2025-03-25,Rent,3161.0,7.0,,Cash,,Ola,Mumbai
754,2025-11-01,Entertainment,12759.0,9.0,16994.0,Debit Card,Expense 754,Zomato,Pune
755,2025-05-17,Fuel,13889.0,8.0,11342.0,Credit Card,Expense 755,Zomato,Jaipur
756,2025-10-06,Bills,3779.0,6.0,25339.0,Debit Card,Expense 756,Flipkart,Pune
757,2025-08-09,Education,2275.0,2.0,36485.0,Net Banking,Expense 757,Flipkart,Ahmedabad
758,2025-07-11,Groceries,2902.0,6.0,45384.0,Debit Card,Expense 758,DMart,Surat
759,2025-01-20,Transport,999.0,11.0,51740.0,UPI,Expense 759,Medical Store,Ahmedabad
760,2025-05-25,Fuel,19616.0,15.0,39681.0,Debit Card,Expense 760,Zomato,Delhi
761,2025-01-20,Bills,9689.0,3.0,37468.0,Debit Card,Expense 761,,Pune
762,2025-07-07,Education,6521.0,14.0,38000.0,Net Banking,Expense 762,DMart,Vadodara
763,2025-07-07,Shopping,19543.0,4.0,8255.0,Debit Card,Expense 763,Reliance Fresh,Delhi
764,2025-02-12,Travel,13864.0,5.0,16144.0,Cash,Expense 764,DMart,Ahmedabad
765,2025-01-17,Health,16770.0,,15000.0,Net Banking,Expense 765,,Pune
766,2025-06-13,Health,13115.0,15.0,48257.0,Cash,Expense 766,DMart,Ahmedabad
767,2025-10-19,Bills,16817.0,2.0,11289.0,Debit Card,Expense 767,Zomato,Mumbai
768,2025-12-10,Travel,,7.0,44357.0,Cash,Expense 768,Big Bazaar,Jaipur
769,2025-07-28,Shopping,10494.0,8.0,,Debit Card,Expense 769,Big Bazaar,Vadodara
770,2025-12-06,Transport,927.0,12.0,20805.0,UPI,Expense 770,,Ahmedabad
771,2025-01-15,Health,10027.0,6.0,17554.0,Debit Card,Expense 771,,Vadodara
772,2025-04-12,Shopping,16914.0,11.0,51144.0,UPI,Expense 772,Reliance Fresh,Rajkot
773,2025-11-16,Entertainment,,3.0,8288.0,Wallet,Expense 773,Flipkart,Rajkot
774,2025-01-24,Bills,325.0,14.0,43910.0,Debit Card,Expense 774,Big Bazaar,Bangalore
775,2025-04-01,Shopping,8127.0,6.0,35490.0,Debit Card,Expense 775,,Delhi
776,2025-01-13,Education,18763.0,12.0,55685.0,Debit Card,Expense 776,Uber,Ahmedabad
777,2025-03-02,Health,9407.0,13.0,15244.0,Cash,Expense 777,Ola,Bangalore
778,2025-02-18,Transport,6386.0,14.0,32904.0,UPI,Expense 778,Flipkart,Rajkot
779,2025-01-20,Groceries,9765.0,12.0,31370.0,UPI,Expense 779,DMart,Bangalore
780,2025-12-09,Food,68.0,8.0,10268.0,UPI,Expense 780,Reliance Fresh,Jaipur
781,2025-08-14,Groceries,6326.0,15.0,7343.0,Net Banking,Expense 781,Flipkart,Surat
782,2025-01-03,Rent,,12.0,18488.0,Debit Card,,DMart,Surat
783,2025-03-02,Fuel,11062.0,,53205.0,Net Banking,Expense 783,DMart,Surat
784,2025-05-07,Health,2989.0,1.0,44806.0,Debit Card,Expense 784,,Jaipur
785,2025-01-03,Fuel,10386.0,15.0,29553.0,Debit Card,Expense 785,Ola,Jaipur
786,2025-05-26,Groceries,10812.0,11.0,27276.0,Cash,Expense 786,Swiggy,Rajkot
787,2025-08-23,Travel,17562.0,12.0,21830.0,Cash,Expense 787,Zomato,Ahmedabad
788,2025-12-24,Bills,17249.0,10.0,51530.0,Wallet,Expense 788,Flipkart,Hyderabad
789,2025-12-22,Rent,17233.0,5.0,17264.0,UPI,Expense 789,Medical Store,Surat
790,2025-10-22,Education,4656.0,13.0,51849.0,Debit Card,Expense 790,Swiggy,Rajkot
791,2025-01-07,Rent,12338.0,13.0,47473.0,Cash,Expense 791,Medical Store,Bangalore
792,2025-01-24,Entertainment,6487.0,3.0,55854.0,Cash,Expense 792,Swiggy,Pune
793,2025-01-03,Health,18034.0,1.0,37917.0,Wallet,Expense 793,DMart,Pune
794,2025-11-09,Groceries,11818.0,1.0,31974.0,Net Banking,Expense 794,Amazon,Delhi
795,2025-06-17,Bills,2788.0,6.0,33802.0,Credit Card,Expense 795,Zomato,Mumbai
796,2025-05-09,Fuel,2097.0,4.0,14768.0,UPI,Expense 796,Reliance Fresh,Pune
797,2025-10-19,Medical,19362.0,13.0,20533.0,Wallet,Expense 797,Uber,Pune
798,2025-01-13,Travel,128.0,14.0,15282.0,UPI,Expense 798,Big Bazaar,Bangalore
799,2025-03-12,Rent,8086.0,14.0,16719.0,Debit Card,Expense 799,Ola,Delhi
800,2025-06-28,Education,9389.0,2.0,24447.0,Debit Card,Expense 800,Flipkart,Delhi
801,2025-01-09,Travel,14140.0,14.0,12867.0,Net Banking,Expense 801,Ola,Rajkot
802,2025-04-23,Food,5443.0,12.0,56681.0,Wallet,Expense 802,Big Bazaar,Delhi
803,2025-07-06,Transport,11551.0,12.0,19199.0,Wallet,,Swiggy,Surat
804,2025-08-01,Bills,3888.0,15.0,34683.0,Debit Card,Expense 804,Flipkart,Mumbai
805,2025-03-07,Entertainment,987.0,14.0,47828.0,Cash,Expense 805,Medical Store,Delhi
806,2025-10-24,Shopping,19355.0,12.0,24349.0,UPI,Expense 806,Reliance Fresh,Bangalore
807,2025-09-11,Shopping,12664.0,10.0,32681.0,Wallet,Expense 807,Zomato,Rajkot
808,2025-04-09,Fuel,10977.0,10.0,46373.0,UPI,Expense 808,Amazon,Rajkot
809,2025-05-24,Medical,6903.0,14.0,49958.0,UPI,Expense 809,Reliance Fresh,Rajkot
810,2025-12-12,Bills,11273.0,8.0,56374.0,Debit Card,Expense 810,Uber,Vadodara
811,2025-10-15,Fuel,1770.0,14.0,36933.0,Debit Card,Expense 811,Flipkart,Hyderabad
812,2025-02-06,Groceries,13282.0,3.0,44093.0,Net Banking,Expense 812,,Delhi
813,2025-03-21,Entertainment,10764.0,1.0,24467.0,Wallet,Expense 813,Zomato,Mumbai
814,2025-07-10,Bills,11209.0,7.0,26079.0,Net Banking,Expense 814,Uber,Bangalore
815,2025-10-20,Bills,4551.0,,44043.0,Net Banking,Expense 815,,Jaipur
816,2025-03-19,Health,11639.0,15.0,11320.0,Net Banking,Expense 816,Medical Store,Hyderabad
817,2025-08-08,Education,19799.0,4.0,13373.0,Wallet,Expense 817,Zomato,Mumbai
818,2025-03-22,Shopping,15451.0,4.0,50498.0,UPI,Expense 818,Flipkart,Mumbai
819,2025-05-24,Transport,4404.0,6.0,11320.0,Credit Card,Expense 819,Uber,Bangalore
820,2025-02-21,Medical,15629.0,7.0,27532.0,Cash,Expense 820,Swiggy,Surat
821,2025-01-22,Travel,15533.0,,36681.0,Net Banking,,,Jaipur
822,2025-04-14,Rent,14321.0,8.0,49587.0,Debit Card,Expense 822,Uber,Mumbai
823,2025-12-13,Travel,7166.0,12.0,27402.0,Debit Card,Expense 823,Big Bazaar,Surat
824,2025-12-04,Fuel,12555.0,2.0,15033.0,UPI,Expense 824,Ola,Jaipur
825,2025-03-15,Rent,8428.0,13.0,21687.0,UPI,Expense 825,DMart,Bangalore
826,2025-07-20,Shopping,15493.0,8.0,25066.0,Credit Card,Expense 826,Reliance Fresh,Pune
827,2025-05-27,Health,6820.0,6.0,20695.0,Net Banking,Expense 827,Ola,Bangalore
828,2025-07-26,Entertainment,3677.0,15.0,14017.0,Credit Card,Expense 828,Swiggy,Surat
829,2025-05-23,Bills,11106.0,7.0,14314.0,Net Banking,Expense 829,Big Bazaar,Pune
830,2025-04-20,Rent,11787.0,6.0,48371.0,UPI,,Reliance Fresh,Jaipur
831,2025-06-11,Fuel,17001.0,,22638.0,Cash,Expense 831,Ola,Surat
832,2025-02-11,Transport,13362.0,11.0,45980.0,Net Banking,Expense 832,Swiggy,Bangalore
833,2025-06-25,Groceries,1269.0,14.0,,Debit Card,Expense 833,Swiggy,Pune
834,2025-02-19,Rent,19604.0,5.0,32845.0,Credit Card,Expense 834,,Ahmedabad
835,2025-04-03,Education,,1.0,12503.0,Wallet,Expense 835,,Vadodara
836,2025-03-27,Bills,13544.0,7.0,23573.0,Cash,Expense 836,Zomato,Jaipur
837,2025-09-06,Food,1698.0,11.0,,Debit Card,Expense 837,Flipkart,Bangalore
838,2025-08-10,Education,9413.0,13.0,6183.0,Net Banking,Expense 838,Swiggy,Hyderabad
839,2025-10-10,Shopping,14697.0,6.0,,UPI,Expense 839,Medical Store,Bangalore
840,2025-02-13,Entertainment,19407.0,12.0,6754.0,Debit Card,Expense 840,Swiggy,Surat
841,2025-02-22,Bills,4317.0,10.0,20397.0,Wallet,Expense 841,Flipkart,Rajkot
842,2025-04-17,Travel,13626.0,13.0,19205.0,Cash,Expense 842,Reliance Fresh,Bangalore
843,2025-10-21,Groceries,17185.0,6.0,6368.0,UPI,Expense 843,Medical Store,Hyderabad
844,2025-10-18,Groceries,12407.0,4.0,11037.0,Debit Card,Expense 844,Uber,Bangalore
845,2025-09-11,Groceries,10276.0,6.0,16781.0,Wallet,Expense 845,Big Bazaar,Vadodara
846,2025-03-26,Medical,10036.0,14.0,5672.0,Debit Card,Expense 846,Amazon,Vadodara
847,2025-08-25,Bills,,4.0,30133.0,Credit Card,,Swiggy,Delhi
848,2025-09-17,Groceries,14635.0,6.0,42644.0,Credit Card,Expense 848,Ola,Rajkot
849,2025-11-24,Entertainment,19894.0,8.0,54553.0,Debit Card,Expense 849,Medical Store,Surat
850,2025-05-19,Education,1445.0,2.0,35662.0,Cash,Expense 850,DMart,Mumbai
851,2025-06-06,Food,17639.0,15.0,8351.0,Debit Card,Expense 851,Amazon,Bangalore
852,2025-10-10,Bills,12458.0,13.0,15469.0,Credit Card,Expense 852,Flipkart,Pune
853,2025-06-26,Education,14345.0,4.0,20830.0,Net Banking,Expense 853,Big Bazaar,Rajkot
854,2025-01-21,Rent,18867.0,5.0,11072.0,UPI,Expense 854,Uber,Rajkot
855,2025-02-08,Rent,4269.0,11.0,27981.0,Cash,Expense 855,Big Bazaar,Jaipur
856,2025-02-17,Medical,13069.0,12.0,20262.0,Wallet,Expense 856,Swiggy,Hyderabad
857,2025-06-09,Entertainment,13561.0,14.0,56310.0,Debit Card,Expense 857,,Jaipur
858,2025-07-27,Bills,7262.0,8.0,38731.0,Net Banking,Expense 858,Big Bazaar,Bangalore
859,2025-05-02,Education,11357.0,4.0,44641.0,UPI,Expense 859,Zomato,Rajkot
860,2025-06-25,Shopping,15694.0,5.0,30195.0,Credit Card,Expense 860,,Bangalore
861,2025-07-26,Food,18544.0,,49104.0,Debit Card,Expense 861,Ola,Vadodara
862,2025-02-15,Fuel,15676.0,3.0,31370.0,Wallet,Expense 862,,Bangalore
863,2025-02-17,Transport,9926.0,9.0,39042.0,Debit Card,Expense 863,,Pune
864,2025-09-11,Entertainment,8885.0,1.0,56643.0,Wallet,Expense 864,Uber,Pune
865,2025-05-12,Health,14057.0,10.0,22506.0,Wallet,Expense 865,,Pune
866,2025-03-16,Groceries,13000.0,4.0,50739.0,Debit Card,Expense 866,Flipkart,Delhi
867,2025-10-04,Bills,3416.0,8.0,49386.0,Credit Card,,Flipkart,Mumbai
868,2025-04-19,Rent,9311.0,11.0,36189.0,Wallet,Expense 868,Ola,Mumbai
869,2025-06-28,Medical,14424.0,7.0,33407.0,Wallet,Expense 869,Zomato,Vadodara
870,2025-03-03,Medical,18003.0,6.0,53171.0,Net Banking,Expense 870,Reliance Fresh,Vadodara
871,2025-07-08,Groceries,15172.0,2.0,22795.0,Cash,Expense 871,Flipkart,Surat
872,2025-04-14,Medical,1588.0,15.0,47876.0,Credit Card,Expense 872,Uber,Mumbai
873,2025-03-11,Transport,14572.0,5.0,24369.0,Wallet,Expense 873,DMart,Pune
874,2025-10-28,Bills,15035.0,14.0,24734.0,Credit Card,Expense 874,Reliance Fresh,Mumbai
875,2025-04-12,Entertainment,10928.0,6.0,53639.0,Credit Card,Expense 875,Medical Store,Hyderabad
876,2025-04-24,Rent,16406.0,13.0,25130.0,Wallet,Expense 876,Ola,Ahmedabad
877,2025-10-02,Rent,5332.0,15.0,57515.0,Net Banking,Expense 877,Swiggy,Vadodara
878,2025-06-06,Medical,9884.0,4.0,58693.0,Credit Card,Expense 878,DMart,Ahmedabad
879,2025-08-10,Groceries,4049.0,10.0,50186.0,Cash,Expense 879,Zomato,Mumbai
880,2025-02-04,Transport,12981.0,2.0,45637.0,Credit Card,Expense 880,DMart,Jaipur
881,2025-08-14,Entertainment,13256.0,12.0,23107.0,Cash,Expense 881,DMart,Hyderabad
882,2025-03-07,Transport,3317.0,1.0,17241.0,UPI,Expense 882,Medical Store,Ahmedabad
883,2025-09-05,Health,10421.0,5.0,18987.0,Wallet,Expense 883,Swiggy,Ahmedabad
884,2025-12-08,Health,5432.0,7.0,57281.0,Debit Card,Expense 884,Medical Store,Bangalore
885,2025-06-23,Transport,8051.0,14.0,53534.0,Credit Card,Expense 885,Big Bazaar,Jaipur
886,2025-06-24,Groceries,15655.0,1.0,57341.0,Net Banking,Expense 886,Ola,Jaipur
887,2025-12-19,Entertainment,4981.0,10.0,5179.0,Debit Card,Expense 887,Zomato,Jaipur
888,2025-07-15,Shopping,11520.0,2.0,28566.0,Debit Card,Expense 888,Big Bazaar,Ahmedabad
889,2025-07-25,Health,14319.0,2.0,8524.0,UPI,Expense 889,Ola,Jaipur
890,2025-03-25,Groceries,2331.0,4.0,18209.0,Wallet,Expense 890,Zomato,Jaipur
891,2025-05-18,Food,9621.0,7.0,36044.0,Credit Card,Expense 891,Zomato,Bangalore
892,2025-02-12,Medical,18573.0,5.0,37871.0,Credit Card,Expense 892,Reliance Fresh,Bangalore
893,2025-04-01,Groceries,7105.0,5.0,10197.0,Net Banking,,Ola,Jaipur
894,2025-05-27,Groceries,16201.0,4.0,39747.0,UPI,Expense 894,Swiggy,Hyderabad
895,2025-11-18,Shopping,4185.0,8.0,12224.0,Net Banking,Expense 895,Amazon,Rajkot
896,2025-01-26,Bills,17102.0,12.0,25874.0,Wallet,Expense 896,,Jaipur
897,2025-05-26,Rent,18982.0,14.0,30715.0,Wallet,Expense 897,Big Bazaar,Pune
898,2025-04-07,Rent,783.0,1.0,53549.0,Wallet,Expense 898,,Mumbai
899,2025-09-16,Fuel,16160.0,10.0,58244.0,Wallet,Expense 899,Uber,Ahmedabad
900,2025-12-25,Fuel,7609.0,14.0,38636.0,Wallet,,Flipkart,Pune
901,2025-12-01,Entertainment,19058.0,3.0,11644.0,Cash,Expense 901,Flipkart,Surat
902,2025-05-23,Bills,15695.0,13.0,11297.0,Credit Card,Expense 902,Zomato,Ahmedabad
903,2025-05-24,Rent,3026.0,10.0,40259.0,UPI,Expense 903,Zomato,Jaipur
904,2025-01-21,Shopping,17374.0,6.0,50636.0,Debit Card,Expense 904,Uber,Vadodara
905,2025-03-24,Travel,18742.0,14.0,35555.0,Credit Card,Expense 905,Medical Store,Vadodara
906,2025-10-10,Groceries,1440.0,6.0,11133.0,Cash,Expense 906,,Hyderabad
907,2025-07-06,Bills,6947.0,9.0,49935.0,Cash,Expense 907,Flipkart,Rajkot
908,2025-10-26,Health,14941.0,13.0,55567.0,Cash,Expense 908,Big Bazaar,Mumbai
909,2025-07-21,Bills,18825.0,7.0,18607.0,UPI,Expense 909,Flipkart,Jaipur
910,2025-05-06,Fuel,17029.0,6.0,6977.0,Cash,Expense 910,Zomato,Rajkot
911,2025-07-10,Shopping,15632.0,15.0,30200.0,Net Banking,Expense 911,Zomato,Vadodara
912,2025-01-22,Health,3863.0,11.0,35262.0,Credit Card,Expense 912,Ola,Vadodara
913,2025-12-09,Education,19949.0,9.0,33641.0,Debit Card,Expense 913,Amazon,Jaipur
914,2025-04-25,Health,3071.0,11.0,37437.0,Cash,Expense 914,Zomato,Bangalore
915,2025-06-03,Transport,18811.0,13.0,31984.0,Cash,Expense 915,Amazon,Jaipur
916,2025-01-19,Groceries,13064.0,9.0,13779.0,Wallet,Expense 916,Flipkart,Delhi
917,2025-10-01,Shopping,10060.0,2.0,29196.0,Net Banking,Expense 917,Flipkart,Pune
918,2025-11-22,Health,15161.0,13.0,21865.0,Wallet,Expense 918,Zomato,Vadodara
919,2025-11-18,Medical,19289.0,9.0,45458.0,UPI,Expense 919,Swiggy,Ahmedabad
920,2025-10-14,Health,,1.0,58332.0,Net Banking,Expense 920,Reliance Fresh,Ahmedabad
921,2025-12-07,Entertainment,10725.0,4.0,51361.0,Debit Card,Expense 921,Reliance Fresh,Delhi
922,2025-10-15,Health,13147.0,11.0,48981.0,UPI,Expense 922,,Hyderabad
923,2025-08-02,Groceries,17281.0,14.0,48216.0,Wallet,Expense 923,Flipkart,Surat
924,2025-12-05,Medical,17426.0,6.0,57579.0,UPI,Expense 924,DMart,Delhi
925,2025-01-09,Entertainment,17549.0,11.0,59633.0,Wallet,Expense 925,Reliance Fresh,Surat
926,2025-10-28,Shopping,8022.0,3.0,51736.0,Debit Card,Expense 926,DMart,Vadodara
927,2025-07-11,Groceries,14829.0,2.0,37007.0,Wallet,Expense 927,Reliance Fresh,Vadodara
928,2025-10-06,Medical,15900.0,8.0,6525.0,Wallet,Expense 928,Swiggy,Surat
929,2025-01-21,Transport,8665.0,15.0,38175.0,UPI,Expense 929,Ola,Delhi
930,2025-12-25,Travel,12009.0,4.0,30076.0,Net Banking,Expense 930,Amazon,Rajkot
931,2025-09-28,Food,4043.0,1.0,6483.0,Cash,Expense 931,Reliance Fresh,Surat
932,2025-01-19,Transport,11036.0,11.0,10095.0,Wallet,Expense 932,Reliance Fresh,Hyderabad
933,2025-04-20,Rent,10750.0,9.0,6115.0,Net Banking,Expense 933,Zomato,Hyderabad
934,2025-07-27,Medical,,6.0,18859.0,Wallet,Expense 934,,Delhi
935,2025-02-05,Rent,14804.0,7.0,54865.0,UPI,Expense 935,,Vadodara
936,2025-01-18,Bills,15970.0,8.0,19670.0,Credit Card,Expense 936,Ola,Jaipur
937,2025-05-23,Medical,19325.0,7.0,8852.0,Debit Card,Expense 937,Uber,Delhi
938,2025-10-03,Shopping,7639.0,3.0,20242.0,Credit Card,Expense 938,Ola,Pune
939,2025-03-18,Health,325.0,10.0,37366.0,Credit Card,Expense 939,Zomato,Surat
940,2025-12-08,Bills,18443.0,12.0,15611.0,Cash,Expense 940,Flipkart,Ahmedabad
941,2025-07-10,Education,5891.0,12.0,20294.0,Wallet,Expense 941,Amazon,Jaipur
942,2025-12-16,Food,286.0,15.0,33457.0,UPI,Expense 942,Amazon,Hyderabad
943,2025-06-21,Entertainment,3740.0,8.0,6534.0,Net Banking,Expense 943,Flipkart,Pune
944,2025-08-28,Groceries,1265.0,12.0,34755.0,Credit Card,Expense 944,Amazon,Vadodara
945,2025-10-17,Health,3358.0,1.0,38084.0,UPI,Expense 945,Uber,Bangalore
946,2025-08-11,Fuel,17235.0,3.0,35471.0,Cash,Expense 946,Medical Store,Pune
947,2025-07-27,Food,19848.0,4.0,42687.0,Wallet,,Uber,Rajkot
948,2025-10-24,Shopping,13387.0,9.0,47133.0,Cash,Expense 948,Ola,Surat
949,2025-03-11,Food,7098.0,13.0,32111.0,Cash,Expense 949,Amazon,Bangalore
950,2025-01-05,Education,4939.0,14.0,,UPI,Expense 950,Ola,Pune
951,2025-10-26,Food,7358.0,1.0,31962.0,Credit Card,Expense 951,Amazon,Pune
952,2025-02-05,Fuel,2085.0,13.0,20505.0,Credit Card,Expense 952,Flipkart,Rajkot
953,2025-06-10,Transport,10359.0,9.0,27119.0,Credit Card,Expense 953,Ola,Bangalore
954,2025-03-03,Bills,14582.0,3.0,5320.0,Credit Card,Expense 954,Uber,Vadodara
955,2025-06-01,Travel,18704.0,12.0,36048.0,Credit Card,Expense 955,Uber,Vadodara
956,2025-06-01,Travel,10889.0,2.0,,Wallet,Expense 956,DMart,Pune
957,2025-01-20,Groceries,1451.0,6.0,,UPI,Expense 957,Swiggy,Bangalore
958,2025-03-18,Fuel,13339.0,10.0,,Wallet,Expense 958,Reliance Fresh,Pune
959,2025-01-06,Groceries,4576.0,5.0,48031.0,Wallet,Expense 959,Swiggy,Hyderabad
960,2025-10-24,Health,15558.0,12.0,45436.0,Debit Card,Expense 960,Amazon,Ahmedabad
961,2025-12-20,Fuel,17907.0,5.0,47905.0,Credit Card,Expense 961,Swiggy,Bangalore
962,2025-02-15,Bills,16904.0,15.0,26945.0,Debit Card,Expense 962,,Ahmedabad
963,2025-11-22,Shopping,12713.0,,51248.0,Credit Card,Expense 963,DMart,Jaipur
964,2025-02-13,Bills,3885.0,9.0,25577.0,Cash,,Flipkart,Ahmedabad
965,2025-05-25,Shopping,14310.0,12.0,41492.0,Credit Card,Expense 965,Ola,Hyderabad
966,2025-07-24,Rent,11805.0,,42639.0,UPI,Expense 966,DMart,Rajkot
967,2025-06-13,Travel,16190.0,10.0,20517.0,Credit Card,Expense 967,Uber,Ahmedabad
968,2025-08-07,Medical,4212.0,10.0,55185.0,Credit Card,Expense 968,Ola,Mumbai
969,2025-02-05,Shopping,,1.0,24510.0,Debit Card,Expense 969,Swiggy,Pune
970,2025-07-19,Fuel,13640.0,14.0,52141.0,UPI,Expense 970,Zomato,Hyderabad
971,2025-07-27,Health,9595.0,10.0,33529.0,Debit Card,Expense 971,Big Bazaar,Hyderabad
972,2025-08-06,Health,10767.0,2.0,44331.0,Cash,Expense 972,Big Bazaar,Ahmedabad
973,2025-04-08,Fuel,11131.0,4.0,,Wallet,Expense 973,DMart,Surat
974,2025-04-14,Medical,12163.0,14.0,25794.0,Debit Card,Expense 974,DMart,Rajkot
975,2025-05-07,Health,4065.0,5.0,8837.0,Net Banking,Expense 975,Uber,Rajkot
976,2025-03-08,Health,1497.0,14.0,40014.0,UPI,,Flipkart,Pune
977,2025-01-06,Rent,16079.0,15.0,34378.0,Debit Card,Expense 977,Amazon,Jaipur
978,2025-10-10,Fuel,17412.0,13.0,31702.0,Cash,Expense 978,Medical Store,Pune
979,2025-09-08,Entertainment,8422.0,12.0,34513.0,Cash,Expense 979,Ola,Pune
980,2025-11-20,Food,6504.0,3.0,33156.0,Cash,Expense 980,Uber,Ahmedabad
981,2025-06-03,Bills,18335.0,13.0,27715.0,Debit Card,Expense 981,,Bangalore
982,2025-03-09,Fuel,6576.0,10.0,18997.0,Wallet,Expense 982,Zomato,Bangalore
983,2025-03-27,Entertainment,6929.0,7.0,35993.0,UPI,Expense 983,Uber,Jaipur
984,2025-08-02,Health,12495.0,5.0,47992.0,UPI,Expense 984,Zomato,Jaipur
985,2025-04-04,Entertainment,12548.0,15.0,34163.0,Credit Card,Expense 985,Reliance Fresh,Hyderabad
986,2025-07-23,Rent,13139.0,10.0,31511.0,UPI,,Medical Store,Mumbai
987,2025-10-14,Rent,14662.0,13.0,38423.0,Debit Card,Expense 987,Big Bazaar,Pune
988,2025-08-23,Fuel,9301.0,13.0,42236.0,Debit Card,Expense 988,Medical Store,Ahmedabad
989,2025-06-20,Entertainment,19640.0,9.0,43177.0,UPI,,Amazon,Bangalore
990,2025-12-09,Rent,9979.0,1.0,40170.0,Debit Card,Expense 990,Big Bazaar,Bangalore
991,2025-05-18,Fuel,4638.0,10.0,10428.0,Wallet,Expense 991,Zomato,Ahmedabad
992,2025-06-19,Food,12559.0,1.0,48995.0,Credit Card,Expense 992,Swiggy,Delhi
993,2025-09-07,Food,18740.0,12.0,20040.0,UPI,Expense 993,Amazon,Hyderabad
994,2025-06-18,Health,13123.0,3.0,31770.0,Net Banking,Expense 994,Amazon,Delhi
995,2025-01-18,Travel,2932.0,6.0,14260.0,Credit Card,Expense 995,Big Bazaar,Bangalore
996,2025-12-17,Rent,15830.0,1.0,8118.0,Net Banking,Expense 996,Big Bazaar,Hyderabad
997,2025-04-05,Food,2357.0,,15279.0,Debit Card,,Flipkart,Bangalore
998,2025-10-24,Groceries,332.0,2.0,57979.0,Cash,Expense 998,Uber,Pune
999,2025-11-02,Fuel,16794.0,7.0,,UPI,Expense 999,Zomato,Jaipur
1000,2025-07-20,Education,7738.0,1.0,44823.0,Wallet,Expense 1000,Medical Store,Pune
1001,2025-12-11,Entertainment,18476.0,12.0,29826.0,Debit Card,,Medical Store,Mumbai
1002,2025-10-13,Travel,3638.0,11.0,,Net Banking,Expense 1002,Medical Store,Ahmedabad
1003,2025-04-19,Health,7711.0,5.0,53700.0,Credit Card,Expense 1003,,Ahmedabad
1004,2025-08-03,Medical,3760.0,9.0,13600.0,Debit Card,Expense 1004,Flipkart,Jaipur
1005,2025-01-17,Groceries,15831.0,1.0,29144.0,UPI,Expense 1005,Uber,Delhi
1006,2025-01-11,Food,844.0,11.0,50122.0,Cash,Expense 1006,Zomato,Pune
1007,2025-07-24,Health,6464.0,13.0,31173.0,UPI,Expense 1007,Zomato,Vadodara
1008,2025-05-28,Entertainment,2574.0,15.0,9167.0,Cash,Expense 1008,Zomato,Rajkot
1009,2025-06-02,Fuel,,7.0,9623.0,Cash,Expense 1009,Flipkart,Delhi
1010,2025-11-13,Transport,3955.0,13.0,9866.0,Debit Card,Expense 1010,Reliance Fresh,Surat
1011,2025-11-28,Medical,270.0,15.0,16163.0,Cash,Expense 1011,Flipkart,Jaipur
1012,2025-04-19,Transport,2415.0,13.0,28194.0,Net Banking,Expense 1012,,Vadodara
1013,2025-09-13,Health,11216.0,8.0,9602.0,UPI,Expense 1013,Flipkart,Delhi
1014,2025-08-10,Fuel,18612.0,14.0,37839.0,Wallet,Expense 1014,Medical Store,Delhi
1015,2025-11-13,Groceries,7166.0,6.0,21601.0,Cash,Expense 1015,Ola,Rajkot
1016,2025-03-01,Entertainment,19195.0,13.0,24791.0,Wallet,Expense 1016,Medical Store,Ahmedabad
1017,2025-11-19,Shopping,4974.0,14.0,41511.0,Debit Card,Expense 1017,Ola,Pune
1018,2025-08-21,Groceries,5919.0,9.0,33527.0,Wallet,Expense 1018,DMart,Pune
1019,2025-10-12,Entertainment,11012.0,8.0,9522.0,Credit Card,Expense 1019,Zomato,Vadodara
1020,2025-09-18,Fuel,9794.0,11.0,30873.0,Wallet,Expense 1020,Medical Store,Surat
1021,2025-03-11,Rent,13886.0,12.0,28953.0,UPI,Expense 1021,Ola,Pune
1022,2025-07-17,Food,11980.0,11.0,26600.0,Debit Card,Expense 1022,Uber,Mumbai
1023,2025-01-11,Groceries,7304.0,9.0,8635.0,Credit Card,Expense 1023,Reliance Fresh,Hyderabad
1024,2025-06-05,Rent,18861.0,,36298.0,Net Banking,Expense 1024,Reliance Fresh,Ahmedabad
1025,2025-08-17,Fuel,18440.0,6.0,16747.0,Credit Card,Expense 1025,Reliance Fresh,Ahmedabad
1026,2025-06-19,Shopping,8404.0,12.0,39282.0,Net Banking,Expense 1026,Amazon,Bangalore
1027,2025-02-15,Medical,8592.0,14.0,35682.0,UPI,Expense 1027,Zomato,Mumbai
1028,2025-06-08,Shopping,2201.0,2.0,6785.0,Net Banking,Expense 1028,Reliance Fresh,Delhi
1029,2025-06-28,Education,9879.0,,44168.0,UPI,Expense 1029,Swiggy,Mumbai
1030,2025-10-28,Fuel,12553.0,5.0,48698.0,Net Banking,Expense 1030,Ola,Vadodara
1031,2025-08-24,Entertainment,,2.0,29863.0,Credit Card,Expense 1031,Zomato,Surat
1032,2025-01-11,Education,11025.0,2.0,26167.0,Credit Card,Expense 1032,Swiggy,Surat
1033,2025-07-27,Health,18535.0,12.0,55331.0,Debit Card,Expense 1033,Uber,Vadodara
1034,2025-07-10,Shopping,1727.0,12.0,48097.0,Net Banking,Expense 1034,Medical Store,Jaipur
1035,2025-08-08,Education,8788.0,5.0,5308.0,UPI,Expense 1035,Ola,Hyderabad
1036,2025-11-25,Bills,2585.0,9.0,13428.0,Net Banking,Expense 1036,Swiggy,Hyderabad
1037,2025-07-02,Fuel,1644.0,11.0,55735.0,Wallet,,Medical Store,Mumbai
1038,2025-06-25,Health,16095.0,2.0,17358.0,Debit Card,Expense 1038,Ola,Ahmedabad
1039,2025-10-14,Health,15386.0,1.0,13595.0,Wallet,,Flipkart,Pune
1040,2025-03-05,Health,12026.0,,8693.0,Cash,Expense 1040,Zomato,Mumbai
1041,2025-11-07,Rent,10502.0,14.0,20012.0,Debit Card,Expense 1041,Big Bazaar,Vadodara
1042,2025-05-27,Fuel,13487.0,1.0,25363.0,Debit Card,Expense 1042,Reliance Fresh,Hyderabad
1043,2025-08-12,Bills,6153.0,6.0,14055.0,Cash,Expense 1043,Swiggy,Rajkot
1044,2025-08-02,Food,10901.0,11.0,45147.0,Credit Card,Expense 1044,Zomato,Vadodara
1045,2025-12-03,Shopping,18267.0,7.0,5626.0,Debit Card,Expense 1045,Zomato,Ahmedabad
1046,2025-10-25,Health,15626.0,8.0,27062.0,UPI,Expense 1046,Big Bazaar,Jaipur
1047,2025-08-23,Entertainment,6839.0,14.0,44884.0,Cash,Expense 1047,Big Bazaar,Rajkot
1048,2025-10-23,Transport,10761.0,9.0,44140.0,Net Banking,Expense 1048,Uber,Surat
1049,2025-04-20,Travel,18921.0,1.0,50614.0,Credit Card,Expense 1049,Ola,Vadodara
1050,2025-11-25,Shopping,12041.0,2.0,18056.0,Credit Card,Expense 1050,Ola,Vadodara
1051,2025-07-15,Bills,6368.0,1.0,42057.0,UPI,Expense 1051,Amazon,Delhi
1052,2025-10-11,Rent,6949.0,15.0,56778.0,UPI,,Reliance Fresh,Jaipur
1053,2025-05-01,Medical,11550.0,1.0,35750.0,Cash,Expense 1053,Medical Store,Rajkot
1054,2025-05-27,Health,14277.0,11.0,41659.0,UPI,Expense 1054,Flipkart,Ahmedabad
1055,2025-12-14,Shopping,3018.0,15.0,44240.0,Credit Card,Expense 1055,Flipkart,Ahmedabad
1056,2025-07-27,Food,13478.0,14.0,9744.0,Wallet,Expense 1056,Uber,Pune
1057,2025-09-19,Food,19618.0,1.0,15721.0,Wallet,Expense 1057,Uber,Rajkot
1058,2025-02-28,Medical,14377.0,2.0,47688.0,UPI,Expense 1058,Flipkart,Ahmedabad
1059,2025-06-15,Health,19189.0,15.0,10338.0,Debit Card,Expense 1059,,Vadodara
1060,2025-07-21,Health,8092.0,15.0,35041.0,Debit Card,Expense 1060,Medical Store,Ahmedabad
1061,2025-03-28,Fuel,7982.0,11.0,48136.0,UPI,Expense 1061,Big Bazaar,Pune
1062,2025-06-06,Food,13060.0,1.0,8292.0,Credit Card,Expense 1062,Flipkart,Mumbai
1063,2025-06-19,Fuel,18402.0,,39261.0,Cash,Expense 1063,Zomato,Pune
1064,2025-01-07,Transport,15920.0,13.0,39067.0,Credit Card,Expense 1064,Medical Store,Surat
1065,2025-05-21,Food,7703.0,,,Cash,,Uber,Vadodara
1066,2025-11-01,Fuel,10194.0,11.0,5416.0,Credit Card,Expense 1066,DMart,Jaipur
1067,2025-02-02,Education,17359.0,15.0,5415.0,Net Banking,Expense 1067,Ola,Bangalore
1068,2025-11-24,Travel,6970.0,11.0,36567.0,Debit Card,Expense 1068,Big Bazaar,Rajkot
1069,2025-12-21,Education,11668.0,13.0,55616.0,Cash,Expense 1069,Reliance Fresh,Ahmedabad
1070,2025-04-04,Entertainment,16136.0,10.0,,Credit Card,Expense 1070,Reliance Fresh,Pune
1071,2025-11-26,Shopping,17606.0,15.0,56262.0,Debit Card,Expense 1071,Ola,Jaipur
1072,2025-09-16,Transport,8976.0,15.0,50799.0,Wallet,Expense 1072,Swiggy,Jaipur
1073,2025-09-09,Fuel,5274.0,3.0,12373.0,UPI,Expense 1073,Amazon,Vadodara
1074,2025-02-02,Entertainment,15721.0,13.0,,Net Banking,Expense 1074,Flipkart,Surat
1075,2025-09-11,Fuel,15911.0,7.0,6669.0,UPI,Expense 1075,Swiggy,Delhi
1076,2025-05-13,Groceries,14565.0,2.0,29215.0,Credit Card,Expense 1076,Reliance Fresh,Bangalore
1077,2025-05-21,Entertainment,283.0,12.0,45954.0,Net Banking,Expense 1077,DMart,Bangalore
1078,2025-02-28,Travel,19327.0,4.0,34063.0,Wallet,Expense 1078,Swiggy,Mumbai
1079,2025-01-09,Groceries,1172.0,6.0,35520.0,Wallet,Expense 1079,Reliance Fresh,Pune
1080,2025-09-10,Travel,5991.0,8.0,58337.0,Debit Card,Expense 1080,Reliance Fresh,Pune
1081,2025-11-24,Bills,5498.0,6.0,53421.0,Net Banking,Expense 1081,Swiggy,Bangalore
1082,2025-01-01,Transport,1775.0,14.0,38473.0,Debit Card,Expense 1082,Big Bazaar,Surat
1083,2025-05-11,Health,3174.0,2.0,55366.0,UPI,Expense 1083,Uber,Pune
1084,2025-01-17,Fuel,4738.0,5.0,49672.0,Debit Card,Expense 1084,Swiggy,Hyderabad
1085,2025-06-03,Transport,3895.0,4.0,22706.0,Cash,Expense 1085,Flipkart,Mumbai
1086,2025-09-01,Transport,4303.0,12.0,57939.0,Wallet,Expense 1086,Reliance Fresh,Jaipur
1087,2025-03-15,Shopping,16003.0,4.0,24877.0,Debit Card,Expense 1087,Reliance Fresh,Vadodara
1088,2025-08-02,Education,14953.0,6.0,,Net Banking,Expense 1088,Uber,Jaipur
1089,2025-01-08,Medical,786.0,8.0,37968.0,Net Banking,Expense 1089,Big Bazaar,Mumbai
1090,2025-03-28,Medical,137.0,13.0,23738.0,Debit Card,,Big Bazaar,Delhi
1091,2025-03-10,Transport,11087.0,11.0,57031.0,Net Banking,Expense 1091,Big Bazaar,Surat
1092,2025-12-09,Education,11716.0,2.0,27791.0,Cash,Expense 1092,Medical Store,Delhi
1093,2025-03-05,Food,,15.0,43532.0,UPI,,Uber,Rajkot
1094,2025-09-27,Fuel,16306.0,5.0,52821.0,UPI,Expense 1094,Medical Store,Bangalore
1095,2025-12-28,Travel,13701.0,13.0,8464.0,Cash,Expense 1095,Medical Store,Hyderabad
1096,2025-09-16,Transport,11690.0,8.0,39555.0,Credit Card,Expense 1096,Flipkart,Pune
1097,2025-09-03,Rent,5957.0,12.0,41633.0,Net Banking,Expense 1097,Uber,Jaipur
1098,2025-06-17,Food,295.0,6.0,48467.0,Cash,Expense 1098,DMart,Rajkot
1099,2025-08-06,Transport,14316.0,5.0,18406.0,Debit Card,Expense 1099,Uber,Rajkot
1100,2025-07-16,Shopping,1743.0,15.0,17750.0,UPI,Expense 1100,,Pune
1101,2025-08-12,Entertainment,14179.0,,31259.0,Debit Card,Expense 1101,Amazon,Rajkot
1102,2025-12-24,Health,12453.0,14.0,29146.0,Debit Card,Expense 1102,Reliance Fresh,Jaipur
1103,2025-04-26,Travel,5174.0,12.0,54032.0,UPI,Expense 1103,Flipkart,Delhi
1104,2025-09-12,Fuel,,15.0,35915.0,Cash,Expense 1104,Flipkart,Jaipur
1105,2025-01-27,Medical,8272.0,9.0,7976.0,UPI,Expense 1105,Ola,Mumbai
1106,2025-12-18,Bills,311.0,6.0,34682.0,UPI,Expense 1106,Flipkart,Ahmedabad
1107,2025-07-09,Rent,2464.0,7.0,29909.0,Credit Card,Expense 1107,Ola,Hyderabad
1108,2025-03-04,Food,10141.0,6.0,26322.0,Credit Card,Expense 1108,DMart,Surat
1109,2025-03-05,Food,6948.0,2.0,37527.0,UPI,Expense 1109,Flipkart,Hyderabad
1110,2025-06-06,Shopping,4565.0,15.0,11784.0,Debit Card,Expense 1110,,Delhi
1111,2025-06-17,Medical,6004.0,11.0,14526.0,Debit Card,Expense 1111,Reliance Fresh,Mumbai
1112,2025-07-17,Medical,15482.0,11.0,12475.0,Wallet,Expense 1112,Uber,Surat
1113,2025-01-28,Food,7365.0,15.0,15629.0,Credit Card,Expense 1113,Amazon,Hyderabad
1114,2025-11-10,Rent,666.0,13.0,35542.0,Credit Card,Expense 1114,Amazon,Surat
1115,2025-10-10,Medical,3367.0,15.0,56828.0,UPI,Expense 1115,Zomato,Mumbai
1116,2025-02-24,Bills,485.0,2.0,45866.0,Debit Card,Expense 1116,Reliance Fresh,Ahmedabad
1117,2025-07-16,Entertainment,3322.0,13.0,18836.0,Cash,Expense 1117,Amazon,Ahmedabad
1118,2025-08-27,Transport,3062.0,13.0,46912.0,Credit Card,Expense 1118,Reliance Fresh,Ahmedabad
1119,2025-02-20,Food,8756.0,6.0,15957.0,Credit Card,Expense 1119,Zomato,Rajkot
1120,2025-03-02,Bills,5627.0,3.0,26286.0,Debit Card,Expense 1120,Ola,Bangalore
1121,2025-05-20,Health,8390.0,3.0,58092.0,Net Banking,Expense 1121,Zomato,Mumbai
1122,2025-01-25,Travel,19150.0,4.0,18129.0,UPI,Expense 1122,Swiggy,Delhi
1123,2025-04-05,Bills,17006.0,11.0,34423.0,Cash,Expense 1123,Swiggy,Pune
1124,2025-02-22,Shopping,6209.0,8.0,57564.0,Credit Card,Expense 1124,DMart,Pune
1125,2025-02-23,Groceries,6336.0,2.0,19869.0,Credit Card,Expense 1125,Zomato,Hyderabad
1126,2025-01-04,Education,376.0,4.0,6060.0,Wallet,Expense 1126,Uber,Vadodara
1127,2025-12-18,Education,7533.0,15.0,,UPI,Expense 1127,Swiggy,Pune
1128,2025-06-21,Shopping,10685.0,2.0,32992.0,Debit Card,Expense 1128,,Bangalore
1129,2025-12-07,Entertainment,13454.0,,30779.0,Wallet,Expense 1129,Big Bazaar,Delhi
1130,2025-04-12,Travel,3172.0,7.0,7106.0,Wallet,Expense 1130,Medical Store,Rajkot
1131,2025-05-11,Education,13422.0,1.0,36758.0,Wallet,Expense 1131,Medical Store,Bangalore
1132,2025-08-15,Health,763.0,,51989.0,Credit Card,Expense 1132,Flipkart,Surat
1133,2025-07-03,Health,14505.0,5.0,48387.0,UPI,Expense 1133,Reliance Fresh,Jaipur
1134,2025-12-23,Health,13671.0,6.0,40425.0,Cash,Expense 1134,Swiggy,Bangalore
1135,2025-03-03,Education,13246.0,6.0,42770.0,UPI,Expense 1135,DMart,Vadodara
1136,2025-12-17,Fuel,2083.0,14.0,30068.0,Cash,Expense 1136,Uber,Pune
1137,2025-05-05,Travel,15754.0,8.0,44622.0,Cash,Expense 1137,DMart,Hyderabad
1138,2025-01-14,Groceries,5663.0,6.0,11701.0,Credit Card,Expense 1138,Reliance Fresh,Vadodara
1139,2025-10-20,Fuel,3668.0,7.0,26765.0,UPI,Expense 1139,Flipkart,Hyderabad
1140,2025-08-25,Groceries,2680.0,10.0,34799.0,Net Banking,Expense 1140,DMart,Bangalore
1141,2025-03-27,Fuel,1020.0,13.0,46178.0,Credit Card,Expense 1141,Medical Store,Ahmedabad
1142,2025-06-16,Rent,8194.0,8.0,49369.0,Cash,Expense 1142,Big Bazaar,Vadodara
1143,2025-01-23,Entertainment,,1.0,47871.0,Wallet,Expense 1143,Swiggy,Mumbai
1144,2025-02-04,Health,4152.0,7.0,30745.0,Net Banking,Expense 1144,DMart,Delhi
1145,2025-04-22,Fuel,2131.0,,55509.0,Wallet,Expense 1145,DMart,Hyderabad
1146,2025-05-03,Groceries,10641.0,7.0,24086.0,Net Banking,Expense 1146,Flipkart,Surat
1147,2025-06-02,Education,6585.0,6.0,28490.0,Debit Card,Expense 1147,Reliance Fresh,Surat
1148,2025-02-27,Travel,18735.0,14.0,20724.0,Debit Card,Expense 1148,Big Bazaar,Pune
1149,2025-03-12,Fuel,19713.0,5.0,35686.0,UPI,Expense 1149,Ola,Jaipur
1150,2025-08-28,Transport,8428.0,11.0,13202.0,Wallet,Expense 1150,Flipkart,Delhi
1151,2025-02-18,Medical,463.0,14.0,22111.0,UPI,Expense 1151,Medical Store,Bangalore
1152,2025-01-23,Groceries,8758.0,1.0,21896.0,Debit Card,Expense 1152,Big Bazaar,Mumbai
1153,2025-12-07,Rent,14319.0,2.0,47646.0,Debit Card,Expense 1153,Flipkart,Rajkot
1154,2025-08-06,Bills,12377.0,1.0,13045.0,Credit Card,Expense 1154,Big Bazaar,Bangalore
1155,2025-11-22,Food,4630.0,8.0,12399.0,UPI,Expense 1155,DMart,Vadodara
1156,2025-03-15,Shopping,3256.0,8.0,38414.0,Net Banking,Expense 1156,Flipkart,Delhi
1157,2025-09-05,Groceries,13875.0,4.0,51918.0,Cash,Expense 1157,Flipkart,Mumbai
1158,2025-10-16,Bills,18613.0,6.0,55129.0,Wallet,Expense 1158,Flipkart,Surat
1159,2025-09-03,Fuel,5677.0,3.0,47998.0,Credit Card,Expense 1159,DMart,Vadodara
1160,2025-04-01,Bills,542.0,14.0,40017.0,Debit Card,Expense 1160,Zomato,Delhi
1161,2025-09-04,Education,19424.0,15.0,5738.0,Cash,Expense 1161,Ola,Mumbai
1162,2025-04-14,Education,19651.0,10.0,56643.0,Net Banking,Expense 1162,DMart,Ahmedabad
1163,2025-02-25,Shopping,5341.0,11.0,22299.0,Credit Card,Expense 1163,Uber,Mumbai
1164,2025-09-24,Transport,11093.0,8.0,13725.0,Debit Card,Expense 1164,Ola,Surat
1165,2025-03-10,Groceries,4648.0,8.0,19683.0,Cash,Expense 1165,Zomato,Hyderabad
1166,2025-11-26,Groceries,7602.0,7.0,50886.0,Wallet,Expense 1166,Uber,Rajkot
1167,2025-08-04,Fuel,12133.0,12.0,56585.0,Net Banking,Expense 1167,Big Bazaar,Mumbai
1168,2025-11-03,Bills,,2.0,57718.0,Debit Card,Expense 1168,Uber,Jaipur
1169,2025-12-27,Bills,7572.0,11.0,13140.0,Net Banking,Expense 1169,Ola,Rajkot
1170,2025-04-24,Fuel,1833.0,7.0,30511.0,Wallet,Expense 1170,Ola,Ahmedabad
1171,2025-07-28,Health,3819.0,4.0,59003.0,Credit Card,Expense 1171,Flipkart,Delhi
1172,2025-07-25,Food,5061.0,5.0,16610.0,Wallet,Expense 1172,Swiggy,Pune
1173,2025-03-25,Travel,,4.0,25893.0,Debit Card,Expense 1173,DMart,Bangalore
1174,2025-10-02,Transport,2467.0,13.0,23331.0,Net Banking,Expense 1174,Zomato,Hyderabad
1175,2025-04-06,Travel,3799.0,15.0,8536.0,UPI,Expense 1175,DMart,Bangalore
1176,2025-07-18,Bills,,14.0,15270.0,Credit Card,Expense 1176,Medical Store,Hyderabad
1177,2025-06-13,Travel,9492.0,3.0,28437.0,Cash,Expense 1177,Flipkart,Bangalore
1178,2025-03-04,Shopping,3890.0,8.0,34347.0,Credit Card,Expense 1178,Reliance Fresh,Pune
1179,2025-12-16,Fuel,10219.0,10.0,,Credit Card,,Reliance Fresh,Rajkot
1180,2025-02-24,Bills,8757.0,14.0,,Debit Card,Expense 1180,Medical Store,Ahmedabad
1181,2025-12-14,Fuel,10246.0,2.0,14005.0,Wallet,Expense 1181,Swiggy,Ahmedabad
1182,2025-07-13,Transport,3929.0,9.0,11811.0,Wallet,Expense 1182,DMart,Bangalore
1183,2025-09-26,Rent,,11.0,18065.0,Net Banking,Expense 1183,,Rajkot
1184,2025-05-17,Medical,19854.0,12.0,6250.0,UPI,Expense 1184,Uber,Jaipur
1185,2025-11-23,Education,7256.0,5.0,46490.0,Cash,Expense 1185,Amazon,Jaipur
1186,2025-07-21,Food,14657.0,2.0,59418.0,Wallet,Expense 1186,Medical Store,Rajkot
1187,2025-01-01,Medical,,1.0,13289.0,Cash,Expense 1187,Medical Store,Pune
1188,2025-01-12,Food,1353.0,2.0,59499.0,Debit Card,Expense 1188,Medical Store,Mumbai
1189,2025-02-15,Shopping,13022.0,6.0,47060.0,Wallet,Expense 1189,Medical Store,Jaipur
1190,2025-07-17,Rent,1671.0,6.0,52327.0,Cash,Expense 1190,Swiggy,Mumbai
1191,2025-02-21,Transport,11556.0,3.0,6151.0,UPI,Expense 1191,Big Bazaar,Hyderabad
1192,2025-01-01,Transport,15414.0,,51109.0,Cash,Expense 1192,Flipkart,Rajkot
1193,2025-07-05,Entertainment,733.0,6.0,23570.0,Credit Card,Expense 1193,Medical Store,Delhi
1194,2025-09-23,Shopping,9778.0,6.0,48377.0,Cash,Expense 1194,DMart,Pune
1195,2025-04-11,Medical,19339.0,1.0,34071.0,UPI,Expense 1195,Medical Store,Rajkot
1196,2025-04-16,Rent,6705.0,11.0,21425.0,Debit Card,Expense 1196,Ola,Delhi
1197,2025-04-09,Bills,9729.0,15.0,17672.0,Cash,Expense 1197,,Pune
1198,2025-11-13,Bills,14157.0,4.0,14439.0,Cash,Expense 1198,Big Bazaar,Hyderabad
1199,2025-11-12,Shopping,4392.0,10.0,10690.0,Debit Card,Expense 1199,Flipkart,Surat
1200,2025-06-25,Medical,4818.0,10.0,,Debit Card,Expense 1200,Reliance Fresh,Bangalore
1201,2025-09-24,Entertainment,15826.0,4.0,30131.0,Wallet,Expense 1201,Flipkart,Surat
1202,2025-03-25,Bills,13738.0,5.0,33979.0,Credit Card,,Swiggy,Surat
1203,2025-05-09,Shopping,1563.0,14.0,39150.0,Debit Card,Expense 1203,Zomato,Mumbai
1204,2025-07-13,Transport,15902.0,14.0,16762.0,Credit Card,,Flipkart,Delhi
1205,2025-05-08,Travel,2681.0,5.0,35980.0,Net Banking,,Swiggy,Pune
1206,2025-02-23,Rent,,12.0,43513.0,Credit Card,Expense 1206,Medical Store,Pune
1207,2025-12-21,Bills,6001.0,2.0,38560.0,Wallet,Expense 1207,Amazon,Mumbai
1208,2025-08-27,Rent,17561.0,11.0,13753.0,UPI,Expense 1208,DMart,Mumbai
1209,2025-01-26,Bills,4561.0,4.0,6456.0,UPI,Expense 1209,Amazon,Hyderabad
1210,2025-06-19,Entertainment,19900.0,10.0,13364.0,Net Banking,Expense 1210,Uber,Delhi
1211,2025-07-25,Bills,10113.0,10.0,52983.0,Wallet,Expense 1211,Reliance Fresh,Hyderabad
1212,2025-02-04,Health,16811.0,7.0,55227.0,Wallet,Expense 1212,Uber,Pune
1213,2025-08-22,Medical,,8.0,16374.0,Net Banking,Expense 1213,Ola,Pune
1214,2025-03-22,Health,14609.0,10.0,27606.0,Cash,Expense 1214,Ola,Jaipur
1215,2025-02-10,Medical,8774.0,9.0,42006.0,Wallet,,Flipkart,Rajkot
1216,2025-08-19,Rent,14737.0,6.0,40586.0,UPI,,Ola,Surat
1217,2025-10-11,Rent,5174.0,13.0,58907.0,Cash,Expense 1217,Zomato,Ahmedabad
1218,2025-02-28,Shopping,16001.0,10.0,31501.0,Wallet,Expense 1218,Medical Store,Surat
1219,2025-08-17,Groceries,14981.0,4.0,51029.0,Net Banking,Expense 1219,DMart,Hyderabad
1220,2025-11-05,Education,11868.0,,14989.0,UPI,Expense 1220,Medical Store,Ahmedabad
1221,2025-04-17,Medical,3918.0,8.0,11287.0,Credit Card,Expense 1221,Swiggy,Rajkot
1222,2025-10-02,Entertainment,176.0,1.0,15301.0,Credit Card,Expense 1222,Ola,Vadodara
1223,2025-02-25,Fuel,4030.0,7.0,26288.0,Net Banking,Expense 1223,Flipkart,Surat
1224,2025-09-12,Groceries,88.0,2.0,33731.0,Net Banking,Expense 1224,DMart,Ahmedabad
1225,2025-08-13,Transport,17008.0,12.0,16724.0,Cash,Expense 1225,Uber,Delhi
1226,2025-10-15,Fuel,19416.0,9.0,28677.0,Cash,Expense 1226,Uber,Hyderabad
1227,2025-04-17,Shopping,15137.0,13.0,18863.0,Debit Card,Expense 1227,Medical Store,Surat
1228,2025-04-23,Fuel,4285.0,2.0,59047.0,Debit Card,Expense 1228,Swiggy,Rajkot
1229,2025-07-28,Fuel,7881.0,1.0,15098.0,UPI,Expense 1229,Amazon,Mumbai
1230,2025-12-05,Travel,8469.0,13.0,41224.0,UPI,,,Vadodara
1231,2025-05-08,Bills,14094.0,1.0,31700.0,Debit Card,Expense 1231,Big Bazaar,Vadodara
1232,2025-05-18,Shopping,14813.0,13.0,32564.0,UPI,Expense 1232,Ola,Ahmedabad
1233,2025-04-28,Groceries,4622.0,8.0,8395.0,Credit Card,Expense 1233,Uber,Delhi
1234,2025-01-19,Medical,3186.0,8.0,29643.0,Net Banking,,Big Bazaar,Bangalore
1235,2025-05-05,Bills,11231.0,10.0,30801.0,Wallet,Expense 1235,,Mumbai
1236,2025-06-02,Bills,19121.0,,,Credit Card,Expense 1236,DMart,Surat
1237,2025-02-11,Medical,13620.0,15.0,36353.0,Debit Card,Expense 1237,Medical Store,Ahmedabad
1238,2025-04-17,Transport,2039.0,,58471.0,Credit Card,Expense 1238,Big Bazaar,Bangalore
1239,2025-01-23,Transport,9079.0,2.0,35811.0,Wallet,,Medical Store,Vadodara
1240,2025-10-22,Food,10026.0,11.0,59014.0,Wallet,Expense 1240,Amazon,Ahmedabad
1241,2025-04-08,Travel,6070.0,12.0,56725.0,Credit Card,Expense 1241,Zomato,Rajkot
1242,2025-06-03,Medical,3633.0,1.0,54202.0,Credit Card,Expense 1242,Amazon,Vadodara
1243,2025-01-09,Education,15873.0,13.0,8538.0,Cash,Expense 1243,Flipkart,Mumbai
1244,2025-05-20,Groceries,6398.0,15.0,17793.0,Cash,Expense 1244,Uber,Hyderabad
1245,2025-06-18,Transport,3039.0,5.0,29568.0,Debit Card,Expense 1245,Ola,Jaipur
1246,2025-01-27,Fuel,8906.0,12.0,33643.0,UPI,Expense 1246,Big Bazaar,Jaipur
1247,2025-07-24,Food,14282.0,3.0,15013.0,UPI,Expense 1247,Uber,Mumbai
1248,2025-07-18,Transport,160.0,12.0,11120.0,UPI,Expense 1248,Amazon,Mumbai
1249,2025-05-05,Fuel,6502.0,6.0,47355.0,Credit Card,Expense 1249,Flipkart,Vadodara
1250,2025-09-01,Health,18229.0,15.0,46769.0,UPI,Expense 1250,Swiggy,Bangalore
1251,2025-05-12,Rent,3847.0,10.0,11304.0,Credit Card,Expense 1251,Swiggy,Bangalore
1252,2025-12-16,Groceries,18649.0,6.0,38249.0,UPI,Expense 1252,,Delhi
1253,2025-12-19,Health,8542.0,8.0,39901.0,Cash,Expense 1253,Medical Store,Mumbai
1254,2025-12-23,Transport,4022.0,3.0,7178.0,Debit Card,Expense 1254,Ola,Vadodara
1255,2025-02-01,Transport,7246.0,6.0,25116.0,Cash,Expense 1255,Zomato,Hyderabad
1256,2025-07-17,Transport,5109.0,5.0,10811.0,Credit Card,Expense 1256,Amazon,Vadodara
1257,2025-06-21,Shopping,18735.0,3.0,33793.0,Net Banking,Expense 1257,Uber,Mumbai
1258,2025-04-05,Medical,16249.0,12.0,40957.0,Net Banking,Expense 1258,Flipkart,Mumbai
1259,2025-06-08,Rent,2457.0,2.0,45940.0,Credit Card,,Zomato,Pune
1260,2025-10-26,Food,,11.0,51376.0,Debit Card,Expense 1260,Flipkart,Surat
1261,2025-06-28,Rent,10724.0,4.0,36602.0,Cash,Expense 1261,Zomato,Vadodara
1262,2025-02-04,Transport,16445.0,4.0,29967.0,Net Banking,Expense 1262,Medical Store,Ahmedabad
1263,2025-01-16,Travel,11243.0,10.0,34474.0,Wallet,Expense 1263,Uber,Rajkot
1264,2025-11-18,Food,2940.0,5.0,59998.0,UPI,Expense 1264,Medical Store,Pune
1265,2025-12-23,Groceries,15075.0,1.0,59530.0,Debit Card,Expense 1265,Swiggy,Pune
1266,2025-02-13,Education,19077.0,7.0,30545.0,Cash,Expense 1266,Zomato,Hyderabad
1267,2025-01-05,Medical,7927.0,2.0,18704.0,UPI,Expense 1267,Swiggy,Mumbai
1268,2025-12-20,Bills,3931.0,7.0,27928.0,Credit Card,Expense 1268,Big Bazaar,Mumbai
1269,2025-05-20,Groceries,17618.0,6.0,21021.0,UPI,Expense 1269,Medical Store,Bangalore
1270,2025-10-04,Fuel,7510.0,8.0,29812.0,Cash,Expense 1270,DMart,Vadodara
1271,2025-08-22,Transport,18441.0,12.0,,Debit Card,Expense 1271,Uber,Mumbai
1272,2025-11-28,Fuel,8175.0,4.0,30917.0,Net Banking,Expense 1272,Amazon,Bangalore
1273,2025-06-15,Health,9687.0,9.0,24020.0,Debit Card,Expense 1273,Uber,Mumbai
1274,2025-11-03,Food,2565.0,5.0,48377.0,UPI,,Zomato,Ahmedabad
1275,2025-03-04,Medical,6798.0,9.0,19697.0,UPI,Expense 1275,Uber,Delhi
1276,2025-04-13,Groceries,10579.0,2.0,56598.0,Cash,Expense 1276,Flipkart,Pune
1277,2025-05-26,Entertainment,1052.0,13.0,6582.0,Debit Card,Expense 1277,DMart,Rajkot
1278,2025-11-19,Medical,6364.0,4.0,20588.0,Debit Card,Expense 1278,Big Bazaar,Rajkot
1279,2025-11-09,Bills,7224.0,10.0,,Credit Card,Expense 1279,Swiggy,Surat
1280,2025-11-04,Fuel,7950.0,7.0,53639.0,Debit Card,Expense 1280,DMart,Bangalore
1281,2025-06-18,Rent,7043.0,11.0,56732.0,Cash,,Amazon,Pune
1282,2025-12-11,Rent,18670.0,4.0,43161.0,Wallet,Expense 1282,Medical Store,Vadodara
1283,2025-04-22,Groceries,6305.0,14.0,38700.0,Credit Card,Expense 1283,Medical Store,Mumbai
1284,2025-04-23,Fuel,5796.0,8.0,59161.0,UPI,Expense 1284,Medical Store,Delhi
1285,2025-08-04,Entertainment,8800.0,1.0,6599.0,Net Banking,Expense 1285,DMart,Rajkot
1286,2025-09-01,Shopping,4646.0,10.0,37617.0,Wallet,Expense 1286,,Delhi
1287,2025-03-23,Rent,15985.0,15.0,43608.0,Credit Card,Expense 1287,Swiggy,Mumbai
1288,2025-11-26,Entertainment,,12.0,57315.0,UPI,,Medical Store,Rajkot
1289,2025-07-19,Entertainment,3733.0,5.0,9748.0,Debit Card,Expense 1289,,Rajkot
1290,2025-02-25,Food,13538.0,12.0,5182.0,Credit Card,Expense 1290,Uber,Delhi
1291,2025-10-02,Transport,19268.0,1.0,27518.0,UPI,Expense 1291,Ola,Rajkot
1292,2025-06-03,Shopping,11173.0,14.0,5145.0,Wallet,Expense 1292,Big Bazaar,Surat
1293,2025-06-22,Transport,14064.0,4.0,6590.0,Debit Card,Expense 1293,Amazon,Surat
1294,2025-08-09,Rent,19925.0,14.0,11052.0,Debit Card,Expense 1294,DMart,Rajkot
1295,2025-02-03,Health,731.0,5.0,20961.0,UPI,Expense 1295,Swiggy,Surat
1296,2025-10-12,Rent,3959.0,5.0,45952.0,Net Banking,Expense 1296,Amazon,Surat
1297,2025-12-09,Medical,6728.0,2.0,29190.0,Wallet,Expense 1297,Ola,Delhi
1298,2025-12-04,Bills,18448.0,6.0,33783.0,Debit Card,Expense 1298,Reliance Fresh,Vadodara
1299,2025-09-26,Fuel,5440.0,6.0,28517.0,Credit Card,Expense 1299,Flipkart,Rajkot
1300,2025-09-07,Shopping,3712.0,8.0,7960.0,Credit Card,Expense 1300,,Rajkot
1301,2025-09-11,Entertainment,8269.0,10.0,19523.0,UPI,Expense 1301,Big Bazaar,Mumbai
1302,2025-12-07,Travel,13213.0,9.0,20045.0,Net Banking,Expense 1302,Swiggy,Vadodara
1303,2025-03-05,Medical,19550.0,12.0,32706.0,Credit Card,Expense 1303,Uber,Pune
1304,2025-01-01,Shopping,14906.0,5.0,37355.0,Wallet,Expense 1304,Medical Store,Ahmedabad
1305,2025-05-17,Fuel,872.0,13.0,46016.0,UPI,Expense 1305,Uber,Jaipur
1306,2025-08-27,Medical,9005.0,2.0,17604.0,Credit Card,Expense 1306,Uber,Rajkot
1307,2025-05-14,Health,12742.0,5.0,24967.0,Cash,Expense 1307,Flipkart,Mumbai
1308,2025-07-02,Bills,1935.0,4.0,26443.0,Debit Card,Expense 1308,Uber,Bangalore
1309,2025-12-04,Food,17077.0,6.0,32514.0,Net Banking,Expense 1309,Reliance Fresh,Hyderabad
1310,2025-03-14,Shopping,12137.0,12.0,22368.0,Debit Card,Expense 1310,Flipkart,Vadodara
1311,2025-07-25,Medical,3641.0,13.0,58806.0,Net Banking,Expense 1311,Zomato,Delhi
1312,2025-10-12,Groceries,5544.0,13.0,40894.0,UPI,Expense 1312,Ola,Delhi
1313,2025-10-08,Transport,18013.0,6.0,13133.0,Debit Card,Expense 1313,Amazon,Delhi
1314,2025-01-09,Medical,3488.0,10.0,34142.0,Wallet,Expense 1314,Big Bazaar,Vadodara
1315,2025-01-04,Shopping,10309.0,11.0,41430.0,Cash,Expense 1315,Flipkart,Mumbai
1316,2025-02-13,Shopping,2334.0,11.0,34772.0,Net Banking,Expense 1316,Ola,Vadodara
1317,2025-02-14,Entertainment,10743.0,3.0,56709.0,Credit Card,Expense 1317,Swiggy,Bangalore
1318,2025-09-03,Transport,15332.0,7.0,12605.0,Credit Card,Expense 1318,Swiggy,Ahmedabad
1319,2025-09-12,Rent,16146.0,13.0,50844.0,Credit Card,Expense 1319,Big Bazaar,Hyderabad
1320,2025-08-02,Groceries,159.0,11.0,52254.0,UPI,Expense 1320,Zomato,Surat
1321,2025-11-12,Rent,6569.0,14.0,33706.0,Wallet,Expense 1321,Swiggy,Surat
1322,2025-05-24,Entertainment,9608.0,5.0,10107.0,Debit Card,Expense 1322,Medical Store,Surat
1323,2025-01-08,Groceries,6791.0,3.0,5322.0,Debit Card,,Swiggy,Mumbai
1324,2025-12-14,Bills,4163.0,7.0,10466.0,UPI,Expense 1324,Amazon,Mumbai
1325,2025-09-26,Bills,619.0,,15466.0,Credit Card,Expense 1325,Flipkart,Jaipur
1326,2025-01-13,Education,10589.0,4.0,25704.0,Net Banking,Expense 1326,,Vadodara
1327,2025-06-02,Education,4326.0,13.0,44015.0,Wallet,Expense 1327,Zomato,Bangalore
1328,2025-06-17,Medical,8977.0,10.0,50175.0,UPI,Expense 1328,Ola,Mumbai
1329,2025-10-20,Food,13242.0,15.0,41587.0,Debit Card,Expense 1329,Medical Store,Mumbai
1330,2025-08-06,Medical,14905.0,11.0,30718.0,Credit Card,Expense 1330,Uber,Mumbai
1331,2025-02-14,Health,9612.0,2.0,6331.0,Net Banking,Expense 1331,Swiggy,Bangalore
1332,2025-05-12,Food,15502.0,9.0,33045.0,Debit Card,Expense 1332,,Vadodara
1333,2025-09-03,Travel,9102.0,14.0,22804.0,Credit Card,Expense 1333,Big Bazaar,Pune
1334,2025-06-10,Bills,7469.0,,,UPI,Expense 1334,Zomato,Hyderabad
1335,2025-06-02,Fuel,2799.0,4.0,6535.0,Wallet,Expense 1335,DMart,Ahmedabad
1336,2025-12-01,Groceries,19162.0,8.0,52848.0,Wallet,Expense 1336,Swiggy,Rajkot
1337,2025-05-16,Food,4934.0,7.0,53349.0,UPI,Expense 1337,Flipkart,Hyderabad
1338,2025-01-03,Food,3041.0,3.0,47960.0,Wallet,Expense 1338,Medical Store,Surat
1339,2025-09-05,Groceries,13627.0,11.0,32499.0,Net Banking,Expense 1339,Uber,Pune
1340,2025-07-07,Bills,14541.0,8.0,,Wallet,Expense 1340,Ola,Surat
1341,2025-11-17,Shopping,12424.0,13.0,28574.0,Credit Card,Expense 1341,Uber,Delhi
1342,2025-01-23,Rent,4689.0,13.0,,Cash,Expense 1342,,Pune
1343,2025-10-12,Bills,9714.0,2.0,,Net Banking,Expense 1343,DMart,Rajkot
1344,2025-06-03,Education,4219.0,7.0,20499.0,Debit Card,Expense 1344,,Vadodara
1345,2025-08-11,Food,15630.0,5.0,,Wallet,Expense 1345,Amazon,Hyderabad
1346,2025-11-04,Medical,4643.0,15.0,5517.0,Debit Card,Expense 1346,Flipkart,Surat
1347,2025-11-06,Rent,9248.0,3.0,13473.0,Cash,Expense 1347,Big Bazaar,Ahmedabad
1348,2025-02-05,Transport,4826.0,13.0,54335.0,Cash,Expense 1348,Medical Store,Surat
1349,2025-08-03,Transport,15024.0,7.0,21929.0,Credit Card,Expense 1349,Reliance Fresh,Ahmedabad
1350,2025-01-14,Health,7879.0,3.0,12529.0,UPI,Expense 1350,Big Bazaar,Bangalore
1351,2025-11-13,Education,5788.0,13.0,37033.0,Wallet,Expense 1351,Swiggy,Rajkot
1352,2025-07-19,Food,10994.0,13.0,49655.0,Credit Card,,Reliance Fresh,Vadodara
1353,2025-02-03,Bills,13847.0,5.0,39437.0,Cash,Expense 1353,DMart,Jaipur
1354,2025-06-18,Groceries,10764.0,12.0,47239.0,Debit Card,Expense 1354,Flipkart,Mumbai
1355,2025-04-04,Shopping,5726.0,3.0,21235.0,Debit Card,Expense 1355,Swiggy,Ahmedabad
1356,2025-01-06,Groceries,9702.0,9.0,21869.0,Cash,Expense 1356,Uber,Pune
1357,2025-04-22,Entertainment,19522.0,10.0,18503.0,Credit Card,Expense 1357,Big Bazaar,Vadodara
1358,2025-02-27,Food,1687.0,13.0,23661.0,Debit Card,,Medical Store,Ahmedabad
1359,2025-07-16,Transport,16909.0,7.0,57261.0,Debit Card,Expense 1359,Flipkart,Mumbai
1360,2025-10-18,Entertainment,3032.0,8.0,23842.0,Debit Card,Expense 1360,Uber,Mumbai
1361,2025-10-26,Medical,11114.0,13.0,23363.0,UPI,Expense 1361,Zomato,Mumbai
1362,2025-05-12,Rent,11969.0,1.0,49452.0,Credit Card,Expense 1362,Flipkart,Vadodara
1363,2025-09-28,Medical,18231.0,12.0,25528.0,Debit Card,Expense 1363,Swiggy,Vadodara
1364,2025-07-05,Entertainment,12620.0,7.0,10523.0,Debit Card,Expense 1364,DMart,Hyderabad
1365,2025-03-22,Education,905.0,1.0,22357.0,Credit Card,Expense 1365,,Surat
1366,2025-05-20,Fuel,6921.0,4.0,53671.0,UPI,Expense 1366,Big Bazaar,Jaipur
1367,2025-08-03,Entertainment,19205.0,,21480.0,Debit Card,Expense 1367,DMart,Pune
1368,2025-08-05,Rent,19745.0,11.0,,UPI,Expense 1368,Swiggy,Hyderabad
1369,2025-09-22,Food,15515.0,8.0,21266.0,Net Banking,Expense 1369,Reliance Fresh,Delhi
1370,2025-08-03,Entertainment,,13.0,36974.0,Cash,Expense 1370,Flipkart,Delhi
1371,2025-09-28,Travel,6420.0,15.0,57267.0,Wallet,Expense 1371,,Vadodara
1372,2025-04-16,Food,7211.0,10.0,57910.0,Wallet,Expense 1372,Zomato,Rajkot
1373,2025-11-20,Food,601.0,2.0,28144.0,UPI,Expense 1373,,Vadodara
1374,2025-05-04,Rent,5515.0,2.0,17209.0,Credit Card,Expense 1374,Swiggy,Mumbai
1375,2025-01-04,Transport,1607.0,,31903.0,UPI,Expense 1375,DMart,Bangalore
1376,2025-03-18,Travel,19665.0,14.0,22150.0,Debit Card,Expense 1376,Amazon,Rajkot
1377,2025-01-03,Travel,12436.0,14.0,23343.0,Net Banking,Expense 1377,Medical Store,Bangalore
1378,2025-08-25,Travel,14171.0,13.0,25163.0,Cash,Expense 1378,Flipkart,Ahmedabad
1379,2025-10-19,Transport,14296.0,5.0,37915.0,Net Banking,Expense 1379,Ola,Pune
1380,2025-12-05,Medical,12747.0,7.0,,Net Banking,Expense 1380,Big Bazaar,Bangalore
1381,2025-10-06,Education,18194.0,15.0,30289.0,Debit Card,Expense 1381,Swiggy,Jaipur
1382,2025-08-08,Food,16942.0,5.0,25025.0,UPI,Expense 1382,Uber,Mumbai
1383,2025-08-19,Travel,8972.0,13.0,44448.0,Net Banking,Expense 1383,Medical Store,Pune
1384,2025-04-20,Education,11177.0,8.0,42567.0,Net Banking,Expense 1384,Reliance Fresh,Bangalore
1385,2025-11-17,Entertainment,12129.0,10.0,,UPI,Expense 1385,Reliance Fresh,Pune
1386,2025-07-09,Transport,,13.0,22662.0,UPI,Expense 1386,Big Bazaar,Pune
1387,2025-09-15,Bills,15370.0,7.0,47600.0,Credit Card,,Amazon,Rajkot
1388,2025-05-26,Education,7352.0,10.0,10198.0,Debit Card,Expense 1388,DMart,Rajkot
1389,2025-10-03,Education,242.0,9.0,10418.0,UPI,Expense 1389,Amazon,Mumbai
1390,2025-08-01,Groceries,7290.0,12.0,14921.0,Credit Card,Expense 1390,Flipkart,Ahmedabad
1391,2025-09-13,Travel,133.0,14.0,50245.0,Cash,Expense 1391,Swiggy,Vadodara
1392,2025-07-08,Health,19123.0,9.0,59415.0,Wallet,Expense 1392,Big Bazaar,Mumbai
1393,2025-11-25,Entertainment,1709.0,5.0,33926.0,Credit Card,Expense 1393,Zomato,Surat
1394,2025-03-08,Entertainment,5345.0,5.0,55421.0,Net Banking,Expense 1394,Big Bazaar,Bangalore
1395,2025-02-03,Fuel,6098.0,2.0,13288.0,Debit Card,Expense 1395,Reliance Fresh,Mumbai
1396,2025-03-19,Bills,6429.0,12.0,29343.0,Cash,Expense 1396,Swiggy,Pune
1397,2025-06-14,Rent,,4.0,32061.0,Debit Card,Expense 1397,Uber,Delhi
1398,2025-06-15,Entertainment,19881.0,5.0,22882.0,Wallet,Expense 1398,Zomato,Surat
1399,2025-09-27,Rent,11681.0,11.0,35813.0,Cash,,Ola,Rajkot
1400,2025-11-03,Transport,4766.0,,15990.0,Cash,Expense 1400,Reliance Fresh,Vadodara
1401,2025-02-13,Shopping,11591.0,7.0,33305.0,Wallet,Expense 1401,Reliance Fresh,Hyderabad
1402,2025-11-09,Shopping,2699.0,7.0,34975.0,Debit Card,Expense 1402,Uber,Hyderabad
1403,2025-12-28,Education,7029.0,5.0,21050.0,Debit Card,Expense 1403,Ola,Vadodara
1404,2025-09-25,Rent,12040.0,8.0,44259.0,Cash,Expense 1404,Reliance Fresh,Vadodara
1405,2025-03-20,Travel,2821.0,2.0,58094.0,Cash,Expense 1405,,Ahmedabad
1406,2025-08-09,Shopping,19893.0,9.0,47220.0,Cash,Expense 1406,Zomato,Ahmedabad
1407,2025-03-19,Bills,3259.0,15.0,50479.0,UPI,Expense 1407,Big Bazaar,Bangalore
1408,2025-04-12,Shopping,2516.0,12.0,17076.0,Wallet,,Big Bazaar,Pune
1409,2025-05-22,Medical,639.0,13.0,25396.0,Cash,,DMart,Vadodara
1410,2025-02-21,Transport,,8.0,21531.0,Wallet,Expense 1410,Amazon,Ahmedabad
1411,2025-02-02,Groceries,,14.0,29549.0,Wallet,Expense 1411,Reliance Fresh,Ahmedabad
1412,2025-08-04,Health,10611.0,2.0,38470.0,Cash,Expense 1412,Zomato,Vadodara
1413,2025-08-20,Fuel,14329.0,8.0,25441.0,Wallet,Expense 1413,DMart,Jaipur
1414,2025-02-26,Shopping,19631.0,10.0,59891.0,Credit Card,,Amazon,Vadodara
1415,2025-02-21,Shopping,18430.0,11.0,47118.0,Cash,Expense 1415,Medical Store,Bangalore
1416,2025-09-09,Transport,4464.0,1.0,11311.0,UPI,Expense 1416,Amazon,Jaipur
1417,2025-11-12,Medical,17750.0,4.0,56079.0,UPI,Expense 1417,Medical Store,Surat
1418,2025-06-22,Education,2880.0,1.0,,UPI,Expense 1418,Flipkart,Hyderabad
1419,2025-10-16,Health,18182.0,6.0,56314.0,Cash,Expense 1419,DMart,Jaipur
1420,2025-11-13,Fuel,7474.0,3.0,14047.0,Credit Card,Expense 1420,Amazon,Jaipur
1421,2025-06-08,Travel,6870.0,1.0,12744.0,Wallet,Expense 1421,Swiggy,Rajkot
1422,2025-01-27,Medical,5175.0,8.0,12120.0,Credit Card,Expense 1422,Zomato,Pune
1423,2025-02-24,Education,4043.0,3.0,36863.0,Wallet,Expense 1423,Big Bazaar,Jaipur
1424,2025-08-10,Rent,6748.0,6.0,28173.0,UPI,Expense 1424,Flipkart,Hyderabad
1425,2025-12-17,Shopping,14570.0,15.0,38905.0,UPI,Expense 1425,Ola,Ahmedabad
1426,2025-02-06,Rent,6277.0,14.0,38956.0,Wallet,Expense 1426,Medical Store,Hyderabad
1427,2025-02-04,Medical,1867.0,15.0,58472.0,Cash,Expense 1427,Big Bazaar,Bangalore
1428,2025-11-09,Travel,14553.0,12.0,14712.0,Debit Card,Expense 1428,Swiggy,Pune
1429,2025-10-20,Shopping,18767.0,6.0,37161.0,Debit Card,Expense 1429,Ola,Bangalore
1430,2025-11-23,Travel,7040.0,4.0,,Cash,Expense 1430,Amazon,Pune
1431,2025-02-23,Travel,6011.0,10.0,54609.0,Net Banking,Expense 1431,Flipkart,Pune
1432,2025-01-22,Travel,12553.0,14.0,29284.0,Wallet,Expense 1432,Medical Store,Delhi
1433,2025-04-26,Health,8358.0,10.0,43988.0,Cash,Expense 1433,Medical Store,Vadodara
1434,2025-07-25,Shopping,6852.0,12.0,6410.0,Debit Card,Expense 1434,Medical Store,Hyderabad
1435,2025-02-23,Groceries,14223.0,6.0,12658.0,Cash,,Zomato,Bangalore
1436,2025-03-21,Health,18051.0,7.0,32394.0,Debit Card,Expense 1436,Big Bazaar,Surat
1437,2025-03-02,Education,14206.0,2.0,11682.0,Net Banking,Expense 1437,Ola,Ahmedabad
1438,2025-09-23,Medical,10627.0,1.0,45818.0,UPI,Expense 1438,DMart,Ahmedabad
1439,2025-10-02,Rent,5486.0,8.0,5855.0,Credit Card,Expense 1439,Big Bazaar,Jaipur
1440,2025-03-07,Fuel,10818.0,2.0,21526.0,Cash,Expense 1440,Flipkart,Ahmedabad
1441,2025-08-28,Shopping,1065.0,4.0,30616.0,Cash,,Big Bazaar,Bangalore
1442,2025-12-23,Fuel,19888.0,1.0,38802.0,Wallet,Expense 1442,Flipkart,Vadodara
1443,2025-07-12,Rent,12529.0,9.0,24528.0,Net Banking,Expense 1443,Big Bazaar,Bangalore
1444,2025-10-10,Groceries,8479.0,9.0,25236.0,UPI,,Reliance Fresh,Pune
1445,2025-09-06,Shopping,14917.0,14.0,18509.0,Net Banking,Expense 1445,Reliance Fresh,Mumbai
1446,2025-03-23,Fuel,6832.0,15.0,6180.0,Net Banking,Expense 1446,Ola,Ahmedabad
1447,2025-12-04,Fuel,8689.0,11.0,45963.0,Cash,Expense 1447,Big Bazaar,Vadodara
1448,2025-06-21,Health,15776.0,15.0,48515.0,Net Banking,Expense 1448,Swiggy,Vadodara
1449,2025-08-26,Shopping,17867.0,4.0,47226.0,Cash,Expense 1449,Swiggy,Surat
1450,2025-04-26,Rent,13229.0,2.0,19704.0,Net Banking,,Zomato,Jaipur
1451,2025-10-04,Medical,,12.0,26979.0,Cash,Expense 1451,Big Bazaar,Pune
1452,2025-11-23,Food,15035.0,14.0,20335.0,UPI,Expense 1452,Amazon,Rajkot
1453,2025-10-10,Education,18073.0,14.0,26029.0,Net Banking,Expense 1453,Big Bazaar,Surat
1454,2025-09-12,Groceries,17082.0,1.0,47851.0,UPI,Expense 1454,Uber,Delhi
1455,2025-08-05,Groceries,15130.0,4.0,52564.0,Cash,Expense 1455,Zomato,Vadodara
1456,2025-08-10,Fuel,16553.0,15.0,52424.0,Net Banking,Expense 1456,Amazon,Rajkot
1457,2025-12-21,Medical,2721.0,7.0,32129.0,Credit Card,,,Pune
1458,2025-09-10,Travel,723.0,8.0,22835.0,Cash,Expense 1458,Ola,Bangalore
1459,2025-04-10,Entertainment,17528.0,,16552.0,Credit Card,Expense 1459,DMart,Delhi
1460,2025-06-09,Health,12825.0,2.0,33605.0,Wallet,Expense 1460,Uber,Delhi
1461,2025-08-01,Groceries,16810.0,13.0,38812.0,Net Banking,Expense 1461,Reliance Fresh,Mumbai
1462,2025-04-20,Bills,19738.0,15.0,43519.0,Wallet,Expense 1462,Ola,Surat
1463,2025-12-08,Travel,13760.0,6.0,38982.0,Credit Card,Expense 1463,Flipkart,Mumbai
1464,2025-01-21,Fuel,5480.0,5.0,49452.0,Credit Card,Expense 1464,Amazon,Pune
1465,2025-04-20,Fuel,19645.0,7.0,7605.0,UPI,Expense 1465,Flipkart,Rajkot
1466,2025-01-20,Food,18239.0,,41203.0,Net Banking,Expense 1466,Amazon,Delhi
1467,2025-08-05,Shopping,9048.0,13.0,15755.0,Debit Card,Expense 1467,Swiggy,Jaipur
1468,2025-12-13,Education,17838.0,1.0,52973.0,Credit Card,Expense 1468,DMart,Surat
1469,2025-02-01,Education,19059.0,3.0,50712.0,UPI,Expense 1469,DMart,Hyderabad
1470,2025-09-17,Food,13266.0,6.0,5008.0,UPI,Expense 1470,Medical Store,Rajkot
1471,2025-09-12,Medical,12816.0,12.0,5407.0,UPI,Expense 1471,Medical Store,Surat
1472,2025-09-17,Rent,12568.0,8.0,55085.0,Net Banking,Expense 1472,,Ahmedabad
1473,2025-08-20,Medical,10883.0,1.0,10297.0,Cash,Expense 1473,Amazon,Ahmedabad
1474,2025-08-10,Travel,1788.0,15.0,16934.0,Wallet,Expense 1474,Flipkart,Mumbai
1475,2025-04-03,Education,3228.0,5.0,7728.0,Net Banking,Expense 1475,Reliance Fresh,Rajkot
1476,2025-04-10,Medical,11683.0,3.0,,Cash,,DMart,Delhi
1477,2025-10-17,Food,16808.0,9.0,49418.0,Wallet,Expense 1477,DMart,Delhi
1478,2025-11-26,Education,14037.0,5.0,21968.0,Debit Card,Expense 1478,Flipkart,Delhi
1479,2025-06-15,Food,10281.0,4.0,55075.0,UPI,Expense 1479,Medical Store,Bangalore
1480,2025-04-03,Groceries,13068.0,12.0,29280.0,Net Banking,Expense 1480,Medical Store,Hyderabad
1481,2025-09-14,Medical,18405.0,15.0,45462.0,Wallet,Expense 1481,Reliance Fresh,Jaipur
1482,2025-05-18,Groceries,3759.0,1.0,29587.0,Credit Card,Expense 1482,Zomato,Hyderabad
1483,2025-10-18,Food,1674.0,13.0,49826.0,Debit Card,,Medical Store,Hyderabad
1484,2025-07-12,Shopping,14857.0,4.0,27033.0,UPI,Expense 1484,Big Bazaar,Mumbai
1485,2025-11-18,Health,13328.0,14.0,47606.0,Credit Card,Expense 1485,Swiggy,Surat
1486,2025-06-14,Health,5335.0,7.0,26932.0,Wallet,Expense 1486,Zomato,Surat
1487,2025-03-02,Bills,12477.0,5.0,52391.0,Cash,Expense 1487,DMart,Delhi
1488,2025-05-07,Bills,16333.0,1.0,27696.0,Cash,Expense 1488,Reliance Fresh,Hyderabad
1489,2025-11-10,Health,18241.0,10.0,41738.0,Net Banking,Expense 1489,Amazon,Delhi
1490,2025-11-13,Fuel,16612.0,13.0,56064.0,Wallet,Expense 1490,DMart,Mumbai
1491,2025-09-17,Entertainment,12420.0,1.0,18253.0,Credit Card,Expense 1491,Flipkart,Ahmedabad
1492,2025-05-04,Entertainment,,2.0,45344.0,UPI,Expense 1492,DMart,Mumbai
1493,2025-08-03,Travel,13373.0,15.0,52299.0,Wallet,Expense 1493,Uber,Bangalore
1494,2025-04-23,Education,5584.0,1.0,52437.0,Debit Card,Expense 1494,Swiggy,Vadodara
1495,2025-10-19,Bills,3785.0,13.0,24919.0,Net Banking,Expense 1495,Zomato,Ahmedabad
1496,2025-03-16,Fuel,15815.0,6.0,21685.0,Wallet,Expense 1496,Amazon,Vadodara
1497,2025-04-09,Education,12939.0,13.0,26325.0,Wallet,Expense 1497,Zomato,Delhi
1498,2025-08-22,Travel,17899.0,10.0,22401.0,Debit Card,Expense 1498,Swiggy,Bangalore
1499,2025-07-05,Fuel,15137.0,5.0,38340.0,Debit Card,Expense 1499,Medical Store,Rajkot
1500,2025-02-08,Shopping,12151.0,14.0,16285.0,Cash,Expense 1500,Uber,Mumbai
1501,2025-01-25,Medical,1827.0,4.0,16615.0,UPI,Expense 1501,DMart,Hyderabad
1502,2025-05-04,Shopping,7626.0,13.0,,UPI,Expense 1502,Big Bazaar,Mumbai
1503,2025-01-02,Entertainment,12632.0,12.0,15914.0,UPI,Expense 1503,Reliance Fresh,Surat
1504,2025-07-22,Education,12917.0,3.0,44984.0,Debit Card,Expense 1504,Medical Store,Hyderabad
1505,2025-06-25,Food,9733.0,2.0,59284.0,Cash,Expense 1505,Reliance Fresh,Surat
1506,2025-04-20,Travel,1937.0,11.0,55907.0,Debit Card,Expense 1506,Swiggy,Hyderabad
1507,2025-08-08,Entertainment,12622.0,10.0,40891.0,Cash,Expense 1507,DMart,Mumbai
1508,2025-02-06,Medical,2816.0,10.0,43470.0,Credit Card,Expense 1508,Zomato,Rajkot
1509,2025-10-21,Travel,18305.0,13.0,41112.0,UPI,Expense 1509,Big Bazaar,Vadodara
1510,2025-09-08,Entertainment,1969.0,14.0,,Cash,Expense 1510,Reliance Fresh,Vadodara
1511,2025-01-10,Food,17393.0,10.0,15338.0,Net Banking,Expense 1511,Amazon,Mumbai
1512,2025-09-08,Food,17634.0,2.0,32558.0,Debit Card,,Flipkart,Delhi
1513,2025-01-03,Health,3876.0,9.0,29611.0,Credit Card,Expense 1513,Flipkart,Surat
1514,2025-01-18,Groceries,19135.0,9.0,17158.0,UPI,Expense 1514,Ola,Mumbai
1515,2025-12-05,Entertainment,16899.0,8.0,17056.0,Cash,Expense 1515,Zomato,Rajkot
1516,2025-05-27,Health,11525.0,15.0,30582.0,UPI,Expense 1516,Ola,Hyderabad
1517,2025-08-03,Transport,18815.0,2.0,7033.0,UPI,Expense 1517,Amazon,Hyderabad
1518,2025-01-12,Travel,2437.0,2.0,59289.0,Cash,Expense 1518,Uber,Ahmedabad
1519,2025-02-22,Travel,5531.0,14.0,,Net Banking,,Swiggy,Rajkot
1520,2025-06-06,Shopping,2326.0,8.0,49144.0,Credit Card,Expense 1520,Zomato,Jaipur
1521,2025-03-11,Groceries,4344.0,8.0,32659.0,Debit Card,Expense 1521,Big Bazaar,Rajkot
1522,2025-11-15,Entertainment,12489.0,8.0,24638.0,Net Banking,Expense 1522,Swiggy,Delhi
1523,2025-09-13,Travel,7711.0,15.0,51232.0,UPI,Expense 1523,Amazon,Hyderabad
1524,2025-07-10,Health,14102.0,9.0,12180.0,Cash,Expense 1524,Reliance Fresh,Surat
1525,2025-02-20,Rent,5361.0,3.0,26814.0,Wallet,Expense 1525,Ola,Jaipur
1526,2025-10-18,Travel,15622.0,6.0,39483.0,Debit Card,Expense 1526,Zomato,Hyderabad
1527,2025-03-01,Bills,2460.0,4.0,12050.0,UPI,Expense 1527,,Delhi
1528,2025-12-09,Groceries,10757.0,10.0,19627.0,UPI,Expense 1528,Flipkart,Surat
1529,2025-01-01,Medical,17677.0,8.0,12937.0,Cash,Expense 1529,DMart,Ahmedabad
1530,2025-06-10,Education,18859.0,12.0,10892.0,Credit Card,Expense 1530,Zomato,Vadodara
1531,2025-10-05,Shopping,3064.0,14.0,45256.0,Debit Card,,Medical Store,Pune
1532,2025-10-21,Shopping,,,23464.0,Cash,Expense 1532,Ola,Surat
1533,2025-03-06,Medical,5484.0,7.0,39282.0,Debit Card,Expense 1533,Reliance Fresh,Surat
1534,2025-08-19,Rent,19082.0,15.0,7823.0,Net Banking,Expense 1534,Flipkart,Ahmedabad
1535,2025-02-10,Entertainment,19855.0,10.0,35802.0,Credit Card,Expense 1535,Medical Store,Surat
1536,2025-06-22,Travel,16138.0,2.0,11689.0,Debit Card,Expense 1536,Big Bazaar,Hyderabad
1537,2025-11-04,Shopping,427.0,3.0,20023.0,UPI,Expense 1537,DMart,Vadodara
1538,2025-07-09,Entertainment,3526.0,,20781.0,Wallet,Expense 1538,Uber,Ahmedabad
1539,2025-04-11,Health,18237.0,1.0,16064.0,Cash,Expense 1539,Swiggy,Hyderabad
1540,2025-05-12,Fuel,7971.0,12.0,53519.0,Credit Card,Expense 1540,Reliance Fresh,Pune
1541,2025-11-11,Shopping,14921.0,12.0,24177.0,Net Banking,Expense 1541,Big Bazaar,Vadodara
1542,2025-01-07,Fuel,14715.0,9.0,24148.0,Wallet,Expense 1542,Reliance Fresh,Mumbai
1543,2025-04-03,Rent,7861.0,9.0,57942.0,Cash,Expense 1543,Flipkart,Pune
1544,2025-01-19,Bills,5287.0,9.0,44177.0,Cash,Expense 1544,Ola,Jaipur
1545,2025-07-28,Food,18267.0,10.0,37435.0,Wallet,Expense 1545,Uber,Bangalore
1546,2025-05-10,Bills,18964.0,,11309.0,Wallet,Expense 1546,Zomato,Delhi
1547,2025-12-17,Travel,1717.0,11.0,27756.0,Wallet,,Medical Store,Jaipur
1548,2025-01-19,Groceries,17410.0,6.0,21396.0,Net Banking,Expense 1548,Flipkart,Bangalore
1549,2025-06-05,Bills,6015.0,5.0,26460.0,Credit Card,Expense 1549,Uber,Jaipur
1550,2025-01-09,Health,5149.0,5.0,16240.0,Wallet,Expense 1550,Swiggy,Rajkot
1551,2025-08-05,Health,5254.0,11.0,33143.0,Debit Card,Expense 1551,Uber,Pune
1552,2025-10-25,Bills,19689.0,8.0,47212.0,UPI,Expense 1552,Amazon,Ahmedabad
1553,2025-12-25,Shopping,16456.0,11.0,12897.0,Cash,Expense 1553,Medical Store,Rajkot
1554,2025-12-10,Medical,12891.0,3.0,42090.0,UPI,Expense 1554,Big Bazaar,Ahmedabad
1555,2025-03-19,Shopping,738.0,11.0,55815.0,Net Banking,Expense 1555,Zomato,Surat
1556,2025-09-19,Transport,123.0,,47406.0,Debit Card,Expense 1556,Swiggy,Hyderabad
1557,2025-11-09,Bills,8614.0,3.0,17360.0,Wallet,Expense 1557,Swiggy,Delhi
1558,2025-04-16,Food,3977.0,11.0,10175.0,Credit Card,Expense 1558,DMart,Delhi
1559,2025-11-27,Shopping,9569.0,1.0,54242.0,Cash,Expense 1559,Reliance Fresh,Mumbai
1560,2025-02-06,Shopping,15084.0,,39555.0,Debit Card,Expense 1560,Medical Store,Pune
1561,2025-04-08,Shopping,14861.0,4.0,13222.0,Wallet,Expense 1561,Reliance Fresh,Vadodara
1562,2025-05-09,Transport,12112.0,6.0,,Wallet,,Uber,Rajkot
1563,2025-10-09,Medical,12715.0,4.0,59123.0,Net Banking,Expense 1563,Swiggy,Surat
1564,2025-09-13,Bills,8198.0,7.0,5547.0,Cash,Expense 1564,Uber,Delhi
1565,2025-09-22,Groceries,17467.0,11.0,42954.0,Debit Card,Expense 1565,Swiggy,Mumbai
1566,2025-11-28,Entertainment,12649.0,6.0,25863.0,Cash,Expense 1566,Amazon,Vadodara
1567,2025-05-02,Shopping,,8.0,36418.0,Debit Card,Expense 1567,DMart,Hyderabad
1568,2025-08-27,Education,1084.0,,,Cash,Expense 1568,Medical Store,Ahmedabad
1569,2025-07-24,Fuel,18910.0,1.0,49387.0,Debit Card,Expense 1569,Big Bazaar,Bangalore
1570,2025-01-28,Travel,14673.0,7.0,40417.0,Wallet,Expense 1570,Zomato,Bangalore
1571,2025-01-03,Shopping,4658.0,6.0,48507.0,Cash,Expense 1571,,Mumbai
1572,2025-08-20,Transport,11908.0,2.0,42311.0,UPI,Expense 1572,Big Bazaar,Vadodara
1573,2025-02-11,Entertainment,3468.0,8.0,10273.0,Debit Card,Expense 1573,,Jaipur
1574,2025-03-24,Shopping,1436.0,6.0,17160.0,Cash,Expense 1574,Swiggy,Pune
1575,2025-06-10,Health,17138.0,10.0,36404.0,Debit Card,Expense 1575,Big Bazaar,Jaipur
1576,2025-02-05,Groceries,3661.0,1.0,40288.0,Net Banking,Expense 1576,Reliance Fresh,Rajkot
1577,2025-07-11,Rent,9722.0,3.0,23905.0,Cash,Expense 1577,Reliance Fresh,Delhi
1578,2025-08-19,Bills,17803.0,7.0,42215.0,Credit Card,Expense 1578,Big Bazaar,Hyderabad
1579,2025-01-13,Bills,18586.0,6.0,51447.0,Debit Card,Expense 1579,Amazon,Bangalore
1580,2025-06-22,Transport,15900.0,7.0,7022.0,Wallet,Expense 1580,Reliance Fresh,Mumbai
1581,2025-05-23,Health,1070.0,12.0,11077.0,Cash,Expense 1581,Swiggy,Surat
1582,2025-05-01,Food,5082.0,8.0,37036.0,Cash,Expense 1582,,Delhi
1583,2025-10-10,Entertainment,15075.0,3.0,42036.0,Debit Card,Expense 1583,Medical Store,Jaipur
1584,2025-12-13,Medical,10624.0,8.0,37712.0,Cash,Expense 1584,Uber,Bangalore
1585,2025-07-28,Food,10352.0,1.0,34892.0,Wallet,Expense 1585,Zomato,Vadodara
1586,2025-02-07,Bills,10739.0,15.0,8263.0,Net Banking,Expense 1586,Medical Store,Hyderabad
1587,2025-06-24,Fuel,3235.0,8.0,19951.0,Cash,Expense 1587,Zomato,Jaipur
1588,2025-08-12,Fuel,19092.0,9.0,,Cash,Expense 1588,Swiggy,Ahmedabad
1589,2025-01-27,Shopping,11146.0,7.0,54888.0,Net Banking,Expense 1589,Ola,Mumbai
1590,2025-03-06,Travel,9630.0,1.0,11100.0,Cash,Expense 1590,Flipkart,Surat
1591,2025-12-20,Food,14613.0,11.0,53647.0,Wallet,Expense 1591,Big Bazaar,Vadodara
1592,2025-10-22,Transport,8733.0,7.0,17786.0,Wallet,Expense 1592,DMart,Bangalore
1593,2025-08-11,Medical,9043.0,5.0,9361.0,Cash,Expense 1593,Big Bazaar,Bangalore
1594,2025-01-21,Medical,,13.0,16906.0,Wallet,Expense 1594,Flipkart,Bangalore
1595,2025-11-18,Fuel,,12.0,35615.0,Credit Card,Expense 1595,Medical Store,Rajkot
1596,2025-03-03,Shopping,19675.0,4.0,56863.0,Wallet,Expense 1596,Amazon,Jaipur
1597,2025-08-14,Food,10635.0,11.0,9463.0,Cash,Expense 1597,Amazon,Pune
1598,2025-09-04,Travel,14319.0,7.0,28923.0,Cash,Expense 1598,Uber,Jaipur
1599,2025-11-22,Bills,9183.0,6.0,41471.0,Wallet,Expense 1599,Swiggy,Pune
1600,2025-09-17,Travel,9580.0,15.0,37996.0,Net Banking,Expense 1600,Reliance Fresh,Ahmedabad
1601,2025-07-19,Medical,2360.0,6.0,6096.0,Debit Card,Expense 1601,Reliance Fresh,Mumbai
1602,2025-09-13,Food,717.0,8.0,52239.0,Net Banking,Expense 1602,Uber,Vadodara
1603,2025-03-27,Medical,8848.0,13.0,47082.0,Wallet,Expense 1603,,Vadodara
1604,2025-11-20,Bills,12620.0,13.0,52405.0,Credit Card,Expense 1604,Ola,Pune
1605,2025-06-22,Transport,4519.0,3.0,32331.0,Wallet,Expense 1605,Flipkart,Vadodara
1606,2025-09-10,Travel,8567.0,8.0,,Debit Card,Expense 1606,Swiggy,Surat
1607,2025-12-02,Fuel,,10.0,57002.0,Wallet,Expense 1607,Amazon,Vadodara
1608,2025-11-13,Travel,9566.0,1.0,23023.0,UPI,Expense 1608,DMart,Jaipur
1609,2025-11-21,Entertainment,16166.0,6.0,25857.0,Net Banking,Expense 1609,Swiggy,Vadodara
1610,2025-07-10,Food,7513.0,10.0,32794.0,Net Banking,Expense 1610,Big Bazaar,Hyderabad
1611,2025-03-07,Entertainment,6244.0,7.0,,Debit Card,Expense 1611,,Mumbai
1612,2025-12-19,Fuel,3068.0,9.0,18634.0,Wallet,Expense 1612,DMart,Pune
1613,2025-03-22,Travel,1407.0,,19540.0,Debit Card,Expense 1613,Zomato,Rajkot
1614,2025-09-22,Bills,16412.0,3.0,41295.0,Net Banking,Expense 1614,Swiggy,Surat
1615,2025-06-27,Travel,4148.0,3.0,23741.0,Wallet,Expense 1615,Ola,Bangalore
1616,2025-11-15,Medical,8490.0,9.0,24443.0,Net Banking,Expense 1616,Swiggy,Pune
1617,2025-08-22,Food,12861.0,3.0,,Debit Card,Expense 1617,Amazon,Bangalore
1618,2025-06-02,Shopping,1966.0,3.0,43792.0,Net Banking,Expense 1618,Swiggy,Ahmedabad
1619,2025-01-28,Rent,15107.0,5.0,54664.0,Cash,Expense 1619,Amazon,Bangalore
1620,2025-10-06,Shopping,13682.0,15.0,43718.0,Cash,Expense 1620,Amazon,Hyderabad
1621,2025-03-20,Health,18727.0,13.0,10140.0,Wallet,Expense 1621,Flipkart,Vadodara
1622,2025-03-01,Health,1131.0,6.0,47639.0,Wallet,Expense 1622,Big Bazaar,Ahmedabad
1623,2025-04-02,Medical,3464.0,1.0,36837.0,Net Banking,Expense 1623,Uber,Vadodara
1624,2025-01-06,Health,10511.0,9.0,19481.0,Cash,Expense 1624,Medical Store,Vadodara
1625,2025-02-02,Transport,4385.0,7.0,14633.0,UPI,Expense 1625,Uber,Surat
1626,2025-01-05,Bills,5589.0,5.0,7558.0,Cash,Expense 1626,Zomato,Ahmedabad
1627,2025-01-16,Entertainment,13860.0,1.0,35282.0,Cash,Expense 1627,DMart,Delhi
1628,2025-01-27,Groceries,650.0,1.0,48453.0,Credit Card,Expense 1628,Amazon,Hyderabad
1629,2025-12-06,Health,884.0,12.0,32568.0,Debit Card,Expense 1629,Zomato,Hyderabad
1630,2025-10-16,Fuel,16846.0,6.0,52300.0,Credit Card,Expense 1630,Reliance Fresh,Surat
1631,2025-01-23,Food,4705.0,6.0,16169.0,UPI,Expense 1631,Uber,Mumbai
1632,2025-06-20,Food,11940.0,8.0,39717.0,Cash,Expense 1632,,Rajkot
1633,2025-08-27,Fuel,2023.0,4.0,24705.0,Cash,Expense 1633,Zomato,Vadodara
1634,2025-07-12,Travel,12867.0,5.0,9353.0,Net Banking,,Ola,Surat
1635,2025-01-17,Bills,6586.0,2.0,16339.0,Cash,Expense 1635,Uber,Vadodara
1636,2025-03-03,Transport,14249.0,2.0,22284.0,Debit Card,Expense 1636,Big Bazaar,Rajkot
1637,2025-05-16,Travel,5672.0,4.0,27375.0,UPI,Expense 1637,Uber,Jaipur
1638,2025-01-25,Education,8385.0,8.0,34766.0,Cash,Expense 1638,Amazon,Bangalore
1639,2025-02-22,Fuel,9486.0,2.0,55847.0,Net Banking,Expense 1639,Zomato,Bangalore
1640,2025-12-16,Fuel,16400.0,10.0,55832.0,UPI,Expense 1640,Reliance Fresh,Bangalore
1641,2025-02-12,Health,11586.0,7.0,,Wallet,Expense 1641,Big Bazaar,Surat
1642,2025-03-20,Travel,4818.0,9.0,56609.0,Net Banking,Expense 1642,DMart,Ahmedabad
1643,2025-09-18,Entertainment,9701.0,1.0,,Wallet,Expense 1643,Amazon,Rajkot
1644,2025-12-22,Fuel,4487.0,15.0,31463.0,Debit Card,Expense 1644,Flipkart,Delhi
1645,2025-03-02,Food,4605.0,11.0,44398.0,Debit Card,Expense 1645,Amazon,Rajkot
1646,2025-09-07,Food,318.0,8.0,55258.0,Cash,Expense 1646,Flipkart,Mumbai
1647,2025-07-17,Medical,9432.0,12.0,9917.0,Wallet,Expense 1647,Reliance Fresh,Ahmedabad
1648,2025-05-24,Food,9129.0,3.0,25417.0,UPI,Expense 1648,Ola,Rajkot
1649,2025-05-13,Groceries,3208.0,9.0,55831.0,Credit Card,Expense 1649,DMart,Rajkot
1650,2025-10-11,Rent,,7.0,30989.0,UPI,Expense 1650,Reliance Fresh,Bangalore
1651,2025-04-19,Bills,7475.0,8.0,30372.0,Wallet,Expense 1651,Flipkart,Surat
1652,2025-06-20,Health,5267.0,7.0,31305.0,Net Banking,Expense 1652,DMart,Hyderabad
1653,2025-08-25,Travel,2050.0,,45925.0,Debit Card,Expense 1653,Big Bazaar,Rajkot
1654,2025-06-25,Groceries,10690.0,9.0,35896.0,Wallet,,Uber,Bangalore
1655,2025-02-23,Food,12831.0,4.0,33567.0,Net Banking,Expense 1655,,Hyderabad
1656,2025-08-07,Entertainment,1200.0,9.0,16619.0,UPI,Expense 1656,Reliance Fresh,Jaipur
1657,2025-09-07,Education,4606.0,9.0,17159.0,UPI,Expense 1657,Swiggy,Hyderabad
1658,2025-12-10,Health,5816.0,2.0,20225.0,Wallet,,Medical Store,Jaipur
1659,2025-03-20,Medical,18880.0,4.0,57395.0,Wallet,Expense 1659,Amazon,Rajkot
1660,2025-10-03,Medical,11236.0,7.0,14194.0,Credit Card,Expense 1660,Big Bazaar,Mumbai
1661,2025-02-03,Shopping,,14.0,56091.0,UPI,Expense 1661,Swiggy,Mumbai
1662,2025-03-16,Education,14731.0,13.0,38238.0,Wallet,Expense 1662,Uber,Ahmedabad
1663,2025-06-11,Health,6140.0,6.0,26371.0,Wallet,Expense 1663,Medical Store,Hyderabad
1664,2025-09-23,Medical,3122.0,3.0,38265.0,Credit Card,Expense 1664,Big Bazaar,Vadodara
1665,2025-09-18,Bills,5632.0,4.0,29608.0,Wallet,Expense 1665,Amazon,Hyderabad
1666,2025-01-07,Transport,8198.0,1.0,40038.0,Net Banking,Expense 1666,Zomato,Rajkot
1667,2025-11-10,Transport,2396.0,3.0,45252.0,Cash,Expense 1667,Ola,Mumbai
1668,2025-11-15,Rent,19810.0,11.0,7961.0,UPI,Expense 1668,Flipkart,Mumbai
1669,2025-01-03,Food,2381.0,6.0,22546.0,Credit Card,Expense 1669,Medical Store,Surat
1670,2025-10-18,Groceries,17412.0,5.0,49327.0,Cash,Expense 1670,Flipkart,Hyderabad
1671,2025-08-19,Fuel,14963.0,9.0,20189.0,Net Banking,Expense 1671,Medical Store,Hyderabad
1672,2025-09-09,Entertainment,19838.0,13.0,49509.0,Credit Card,,Amazon,Mumbai
1673,2025-05-01,Entertainment,8604.0,7.0,25513.0,Debit Card,Expense 1673,Swiggy,Pune
1674,2025-08-01,Food,3308.0,8.0,30947.0,Credit Card,Expense 1674,DMart,Surat
1675,2025-11-22,Transport,1835.0,14.0,26254.0,Debit Card,Expense 1675,Medical Store,Vadodara
1676,2025-05-28,Groceries,,15.0,52321.0,UPI,Expense 1676,Uber,Delhi
1677,2025-12-07,Groceries,10400.0,10.0,19513.0,Wallet,Expense 1677,Uber,Hyderabad
1678,2025-07-12,Shopping,11499.0,6.0,17049.0,UPI,Expense 1678,Ola,Vadodara
1679,2025-09-07,Entertainment,15555.0,10.0,21084.0,Wallet,Expense 1679,Amazon,Vadodara
1680,2025-04-16,Shopping,11607.0,15.0,41439.0,Credit Card,Expense 1680,Medical Store,Surat
1681,2025-11-03,Medical,6430.0,6.0,23106.0,UPI,Expense 1681,Medical Store,Rajkot
1682,2025-04-19,Food,3777.0,12.0,30133.0,Net Banking,Expense 1682,Zomato,Surat
1683,2025-10-11,Health,2754.0,3.0,39891.0,Debit Card,Expense 1683,Reliance Fresh,Hyderabad
1684,2025-10-19,Education,9452.0,5.0,40530.0,Wallet,Expense 1684,Medical Store,Mumbai
1685,2025-06-12,Medical,2710.0,9.0,33096.0,Debit Card,Expense 1685,Ola,Pune
1686,2025-02-08,Bills,13462.0,15.0,22117.0,Credit Card,Expense 1686,Reliance Fresh,Hyderabad
1687,2025-06-03,Bills,6531.0,6.0,47173.0,Net Banking,Expense 1687,Reliance Fresh,Jaipur
1688,2025-10-17,Health,14412.0,3.0,19142.0,UPI,Expense 1688,,Jaipur
1689,2025-10-02,Travel,17141.0,15.0,6243.0,Debit Card,Expense 1689,Amazon,Surat
1690,2025-04-01,Shopping,13177.0,,38299.0,Wallet,Expense 1690,Reliance Fresh,Vadodara
1691,2025-08-13,Health,17736.0,3.0,24844.0,Credit Card,Expense 1691,Zomato,Mumbai
1692,2025-12-06,Entertainment,15188.0,10.0,24312.0,Debit Card,,Ola,Mumbai
1693,2025-05-14,Health,14277.0,,14384.0,Debit Card,Expense 1693,Medical Store,Pune
1694,2025-05-19,Transport,12362.0,4.0,8691.0,Credit Card,Expense 1694,Reliance Fresh,Pune
1695,2025-06-28,Fuel,7157.0,,41723.0,UPI,Expense 1695,Swiggy,Vadodara
1696,2025-12-27,Rent,15358.0,12.0,39004.0,Debit Card,Expense 1696,Reliance Fresh,Bangalore
1697,2025-10-01,Transport,1251.0,8.0,53102.0,Net Banking,Expense 1697,Uber,Jaipur
1698,2025-05-19,Transport,6515.0,2.0,9642.0,Cash,Expense 1698,Reliance Fresh,Delhi
1699,2025-03-28,Groceries,14820.0,15.0,10977.0,Credit Card,Expense 1699,Amazon,Delhi
1700,2025-09-02,Transport,16611.0,13.0,33996.0,Debit Card,Expense 1700,Flipkart,Pune
1701,2025-09-22,Travel,7355.0,4.0,,Debit Card,Expense 1701,Ola,Mumbai
1702,2025-01-08,Travel,,11.0,13367.0,UPI,Expense 1702,Uber,Delhi
1703,2025-05-02,Fuel,6840.0,15.0,35319.0,Wallet,Expense 1703,DMart,Pune
1704,2025-11-12,Bills,12468.0,13.0,34211.0,Cash,Expense 1704,Reliance Fresh,Delhi
1705,2025-05-16,Fuel,1686.0,12.0,59128.0,UPI,Expense 1705,,Delhi
1706,2025-05-18,Education,,8.0,49895.0,Credit Card,Expense 1706,Ola,Vadodara
1707,2025-10-17,Food,19744.0,13.0,27576.0,Debit Card,Expense 1707,DMart,Mumbai
1708,2025-08-21,Education,8493.0,8.0,47570.0,Cash,Expense 1708,Ola,Rajkot
1709,2025-11-10,Bills,9894.0,5.0,13701.0,UPI,Expense 1709,DMart,Surat
1710,2025-10-11,Transport,12233.0,7.0,45340.0,Cash,Expense 1710,Medical Store,Ahmedabad
1711,2025-07-18,Shopping,6503.0,7.0,12521.0,Wallet,Expense 1711,Amazon,Mumbai
1712,2025-07-02,Fuel,19696.0,15.0,19804.0,Wallet,Expense 1712,Amazon,Mumbai
1713,2025-12-07,Transport,13608.0,12.0,37877.0,Wallet,Expense 1713,DMart,Delhi
1714,2025-11-18,Travel,5458.0,13.0,45032.0,Debit Card,Expense 1714,Flipkart,Delhi
1715,2025-03-28,Shopping,13175.0,14.0,19875.0,Wallet,Expense 1715,Uber,Rajkot
1716,2025-03-24,Transport,9633.0,11.0,47480.0,Debit Card,Expense 1716,Uber,Bangalore
1717,2025-01-18,Education,3682.0,15.0,49869.0,UPI,Expense 1717,,Mumbai
1718,2025-04-22,Food,15030.0,3.0,48468.0,Net Banking,Expense 1718,Swiggy,Pune
1719,2025-05-24,Groceries,4250.0,11.0,13698.0,Debit Card,Expense 1719,Swiggy,Ahmedabad
1720,2025-04-17,Medical,14378.0,10.0,46144.0,Net Banking,Expense 1720,Zomato,Hyderabad
1721,2025-09-05,Groceries,12126.0,15.0,12751.0,Credit Card,,,Rajkot
1722,2025-04-01,Groceries,15771.0,9.0,35618.0,Credit Card,Expense 1722,DMart,Vadodara
1723,2025-09-26,Education,1962.0,10.0,32083.0,Wallet,Expense 1723,Ola,Jaipur
1724,2025-02-03,Rent,18655.0,7.0,29996.0,UPI,Expense 1724,Big Bazaar,Rajkot
1725,2025-07-13,Health,15675.0,1.0,26814.0,Credit Card,Expense 1725,Flipkart,Jaipur
1726,2025-10-15,Travel,6584.0,3.0,33766.0,Credit Card,Expense 1726,Swiggy,Delhi
1727,2025-10-25,Health,4748.0,8.0,57015.0,Debit Card,Expense 1727,Amazon,Delhi
1728,2025-06-22,Bills,1067.0,12.0,57785.0,Credit Card,Expense 1728,Uber,Mumbai
1729,2025-04-08,Shopping,13965.0,6.0,33729.0,Cash,Expense 1729,Reliance Fresh,Vadodara
1730,2025-03-24,Food,3221.0,4.0,27102.0,UPI,Expense 1730,Uber,Rajkot
1731,2025-01-16,Medical,7456.0,8.0,45156.0,Debit Card,Expense 1731,Reliance Fresh,Bangalore
1732,2025-10-04,Bills,19106.0,12.0,7604.0,Credit Card,Expense 1732,,Vadodara
1733,2025-08-03,Shopping,,6.0,35732.0,Debit Card,Expense 1733,,Ahmedabad
1734,2025-09-21,Rent,17301.0,6.0,38130.0,Wallet,Expense 1734,Zomato,Surat
1735,2025-12-24,Shopping,19438.0,11.0,46670.0,Wallet,Expense 1735,Swiggy,Vadodara
1736,2025-09-18,Medical,6307.0,9.0,50559.0,UPI,Expense 1736,Flipkart,Mumbai
1737,2025-04-21,Education,12761.0,12.0,40360.0,Wallet,Expense 1737,DMart,Rajkot
1738,2025-02-07,Transport,12229.0,9.0,15743.0,Net Banking,Expense 1738,Zomato,Rajkot
1739,2025-03-14,Travel,15410.0,8.0,19427.0,Cash,Expense 1739,Uber,Mumbai
1740,2025-05-06,Entertainment,1849.0,8.0,42825.0,Debit Card,Expense 1740,Medical Store,Delhi
1741,2025-02-03,Food,6030.0,4.0,7804.0,Credit Card,Expense 1741,Flipkart,Pune
1742,2025-12-11,Bills,4266.0,15.0,10413.0,Debit Card,Expense 1742,DMart,Bangalore
1743,2025-07-05,Education,18700.0,9.0,,Wallet,Expense 1743,Reliance Fresh,Vadodara
1744,2025-05-24,Travel,19392.0,10.0,32890.0,Wallet,Expense 1744,DMart,Mumbai
1745,2025-07-20,Groceries,,2.0,42604.0,Credit Card,Expense 1745,Swiggy,Jaipur
1746,2025-10-06,Shopping,562.0,7.0,14928.0,Cash,Expense 1746,Medical Store,Ahmedabad
1747,2025-11-06,Food,13302.0,8.0,51475.0,Debit Card,Expense 1747,Medical Store,Hyderabad
1748,2025-12-28,Health,13063.0,10.0,,Net Banking,Expense 1748,Reliance Fresh,Delhi
1749,2025-04-18,Entertainment,10723.0,13.0,53901.0,Credit Card,Expense 1749,Swiggy,Vadodara
1750,2025-08-10,Groceries,125.0,11.0,38209.0,Cash,Expense 1750,Amazon,Surat
1751,2025-03-23,Rent,5625.0,12.0,26493.0,Credit Card,Expense 1751,Swiggy,Bangalore
1752,2025-12-22,Food,,6.0,48747.0,Debit Card,Expense 1752,Flipkart,Pune
1753,2025-10-13,Education,8851.0,1.0,23474.0,Debit Card,Expense 1753,Swiggy,Hyderabad
1754,2025-04-18,Transport,16920.0,,29333.0,Debit Card,Expense 1754,Big Bazaar,Delhi
1755,2025-10-02,Health,11842.0,6.0,51267.0,Debit Card,Expense 1755,Uber,Rajkot
1756,2025-10-15,Rent,1038.0,15.0,41917.0,Debit Card,Expense 1756,Big Bazaar,Pune
1757,2025-03-17,Education,16206.0,12.0,20253.0,Cash,Expense 1757,Zomato,Pune
1758,2025-02-21,Shopping,17692.0,1.0,10328.0,Debit Card,Expense 1758,Swiggy,Rajkot
1759,2025-01-04,Entertainment,3452.0,10.0,7614.0,Net Banking,Expense 1759,Medical Store,Ahmedabad
1760,2025-12-20,Education,11231.0,13.0,44881.0,Debit Card,Expense 1760,Amazon,Bangalore
1761,2025-02-27,Education,17117.0,3.0,46601.0,Credit Card,Expense 1761,Uber,Bangalore
1762,2025-02-15,Transport,14529.0,6.0,6473.0,Credit Card,Expense 1762,Zomato,Pune
1763,2025-10-11,Medical,1563.0,2.0,7869.0,Net Banking,Expense 1763,Zomato,Hyderabad
1764,2025-09-18,Health,11972.0,10.0,57694.0,Cash,Expense 1764,Medical Store,Delhi
1765,2025-09-25,Shopping,17780.0,10.0,20978.0,Wallet,Expense 1765,Swiggy,Jaipur
1766,2025-11-15,Shopping,8841.0,2.0,14495.0,Wallet,Expense 1766,Uber,Ahmedabad
1767,2025-11-21,Travel,,15.0,,Net Banking,Expense 1767,Uber,Surat
1768,2025-07-03,Bills,19672.0,,27744.0,UPI,Expense 1768,Uber,Delhi
1769,2025-12-01,Shopping,1483.0,9.0,36407.0,Credit Card,Expense 1769,Amazon,Delhi
1770,2025-08-10,Food,6204.0,4.0,18155.0,Debit Card,Expense 1770,Swiggy,Vadodara
1771,2025-11-25,Health,10127.0,12.0,12100.0,UPI,Expense 1771,Flipkart,Rajkot
1772,2025-01-07,Transport,7730.0,6.0,35731.0,Debit Card,Expense 1772,Swiggy,Rajkot
1773,2025-04-18,Food,19574.0,8.0,12800.0,Debit Card,Expense 1773,Flipkart,Hyderabad
1774,2025-12-14,Medical,16836.0,,52804.0,Net Banking,Expense 1774,Amazon,Vadodara
1775,2025-02-28,Travel,9779.0,10.0,52985.0,Net Banking,Expense 1775,Big Bazaar,Bangalore
1776,2025-08-06,Education,4883.0,14.0,43287.0,Wallet,Expense 1776,Zomato,Ahmedabad
1777,2025-06-08,Health,2999.0,8.0,42095.0,Cash,Expense 1777,DMart,Vadodara
1778,2025-08-02,Food,1587.0,10.0,55878.0,Net Banking,Expense 1778,,Vadodara
1779,2025-07-25,Groceries,13292.0,10.0,23325.0,Cash,Expense 1779,Zomato,Surat
1780,2025-04-22,Medical,14940.0,8.0,11548.0,Net Banking,Expense 1780,Amazon,Bangalore
1781,2025-05-26,Health,1844.0,15.0,53949.0,Cash,Expense 1781,Flipkart,Mumbai
1782,2025-10-23,Fuel,2623.0,8.0,52157.0,Wallet,Expense 1782,Swiggy,Bangalore
1783,2025-05-03,Transport,11858.0,,19270.0,Credit Card,,Swiggy,Vadodara
1784,2025-12-14,Food,18275.0,,46519.0,Credit Card,Expense 1784,Amazon,Delhi
1785,2025-08-15,Rent,11114.0,15.0,42542.0,Wallet,Expense 1785,Reliance Fresh,Vadodara
1786,2025-05-21,Education,2578.0,11.0,37479.0,Credit Card,Expense 1786,,Mumbai
1787,2025-05-17,Travel,12399.0,15.0,27010.0,Wallet,Expense 1787,,Delhi
1788,2025-12-03,Bills,4384.0,12.0,32997.0,UPI,Expense 1788,Flipkart,Bangalore
1789,2025-06-15,Entertainment,16175.0,1.0,58303.0,Wallet,Expense 1789,DMart,Jaipur
1790,2025-05-16,Fuel,3826.0,11.0,24265.0,Wallet,Expense 1790,Uber,Mumbai
1791,2025-04-27,Groceries,8029.0,13.0,12335.0,Net Banking,Expense 1791,Flipkart,Delhi
1792,2025-10-17,Rent,1991.0,7.0,55442.0,UPI,Expense 1792,DMart,Ahmedabad
1793,2025-03-15,Shopping,13976.0,2.0,25957.0,Cash,Expense 1793,Big Bazaar,Bangalore
1794,2025-01-24,Transport,8270.0,13.0,14633.0,UPI,Expense 1794,Big Bazaar,Jaipur
1795,2025-10-12,Shopping,15114.0,4.0,56581.0,Credit Card,,Uber,Ahmedabad
1796,2025-08-01,Travel,15607.0,14.0,20819.0,Debit Card,Expense 1796,Zomato,Bangalore
1797,2025-07-03,Shopping,7728.0,9.0,44034.0,Debit Card,,Flipkart,Surat
1798,2025-01-18,Bills,3141.0,6.0,39837.0,Wallet,Expense 1798,Big Bazaar,Rajkot
1799,2025-04-05,Rent,9780.0,1.0,15172.0,Credit Card,Expense 1799,DMart,Jaipur
1800,2025-05-15,Health,9344.0,15.0,30834.0,Wallet,Expense 1800,Uber,Bangalore
1801,2025-03-15,Health,19058.0,3.0,53047.0,Cash,Expense 1801,Reliance Fresh,Delhi
1802,2025-10-17,Education,10511.0,4.0,32230.0,Debit Card,Expense 1802,Amazon,Hyderabad
1803,2025-04-12,Rent,15397.0,6.0,20158.0,Wallet,Expense 1803,,Ahmedabad
1804,2025-03-10,Health,11700.0,12.0,27814.0,Debit Card,Expense 1804,Uber,Hyderabad
1805,2025-12-24,Groceries,14327.0,2.0,12680.0,UPI,Expense 1805,Medical Store,Bangalore
1806,2025-05-22,Health,15501.0,15.0,,Net Banking,Expense 1806,Reliance Fresh,Ahmedabad
1807,2025-06-08,Entertainment,9018.0,8.0,47331.0,Net Banking,Expense 1807,Uber,Delhi
1808,2025-02-01,Rent,15948.0,,8255.0,Net Banking,Expense 1808,Uber,Mumbai
1809,2025-02-09,Food,6644.0,13.0,15890.0,UPI,Expense 1809,Medical Store,Rajkot
1810,2025-09-17,Fuel,10725.0,6.0,7464.0,Credit Card,Expense 1810,Medical Store,Surat
1811,2025-01-25,Transport,17488.0,5.0,46231.0,Debit Card,Expense 1811,Medical Store,Mumbai
1812,2025-03-09,Transport,5789.0,5.0,49951.0,Wallet,,DMart,Mumbai
1813,2025-12-03,Shopping,18322.0,9.0,54830.0,UPI,Expense 1813,DMart,Mumbai
1814,2025-07-07,Groceries,1370.0,7.0,8295.0,UPI,Expense 1814,Big Bazaar,Mumbai
1815,2025-11-06,Education,15457.0,8.0,,UPI,Expense 1815,Medical Store,Mumbai
1816,2025-04-25,Rent,13995.0,7.0,14424.0,Debit Card,Expense 1816,Uber,Bangalore
1817,2025-09-06,Rent,12401.0,11.0,15435.0,Credit Card,Expense 1817,Flipkart,Jaipur
1818,2025-04-24,Entertainment,19263.0,15.0,53645.0,UPI,Expense 1818,Reliance Fresh,Rajkot
1819,2025-12-24,Education,11509.0,7.0,32179.0,UPI,Expense 1819,Big Bazaar,Rajkot
1820,2025-04-17,Transport,19650.0,5.0,54626.0,Debit Card,Expense 1820,DMart,Hyderabad
1821,2025-10-25,Fuel,7061.0,11.0,16263.0,Net Banking,Expense 1821,Flipkart,Pune
1822,2025-07-18,Fuel,17307.0,6.0,10179.0,Debit Card,Expense 1822,Uber,Vadodara
1823,2025-09-13,Transport,1867.0,11.0,55376.0,Wallet,Expense 1823,Reliance Fresh,Jaipur
1824,2025-03-20,Travel,19787.0,1.0,43027.0,Net Banking,Expense 1824,Zomato,Bangalore
1825,2025-06-14,Education,3283.0,4.0,22716.0,Net Banking,Expense 1825,Zomato,Surat
1826,2025-02-18,Rent,7339.0,9.0,13405.0,Debit Card,Expense 1826,,Bangalore
1827,2025-08-15,Education,6607.0,7.0,54635.0,Net Banking,Expense 1827,,Jaipur
1828,2025-10-14,Fuel,19480.0,4.0,47314.0,Cash,Expense 1828,Uber,Jaipur
1829,2025-09-07,Bills,9067.0,12.0,54374.0,Net Banking,Expense 1829,Amazon,Jaipur
1830,2025-11-05,Medical,16317.0,4.0,53244.0,UPI,Expense 1830,Reliance Fresh,Surat
1831,2025-07-22,Bills,,9.0,45427.0,Wallet,Expense 1831,Big Bazaar,Vadodara
1832,2025-01-04,Education,14063.0,8.0,20700.0,Debit Card,Expense 1832,Amazon,Pune
1833,2025-11-03,Rent,,3.0,58237.0,Credit Card,Expense 1833,DMart,Delhi
1834,2025-01-24,Travel,10224.0,15.0,21998.0,Net Banking,Expense 1834,Flipkart,Delhi
1835,2025-02-06,Fuel,7705.0,13.0,40357.0,Cash,Expense 1835,Ola,Bangalore
1836,2025-07-19,Bills,5535.0,8.0,44217.0,Cash,Expense 1836,Zomato,Hyderabad
1837,2025-02-04,Groceries,2511.0,10.0,55665.0,Cash,Expense 1837,Amazon,Ahmedabad
1838,2025-04-22,Groceries,5347.0,7.0,50989.0,Wallet,Expense 1838,Zomato,Vadodara
1839,2025-06-25,Fuel,19644.0,6.0,49917.0,Wallet,Expense 1839,Uber,Rajkot
1840,2025-10-19,Entertainment,18511.0,3.0,27458.0,Credit Card,Expense 1840,Reliance Fresh,Rajkot
1841,2025-03-26,Health,,9.0,31594.0,UPI,Expense 1841,Uber,Pune
1842,2025-08-04,Transport,18687.0,2.0,6728.0,Debit Card,Expense 1842,Swiggy,Rajkot
1843,2025-12-14,Health,,4.0,42181.0,UPI,Expense 1843,Swiggy,Ahmedabad
1844,2025-12-10,Fuel,3506.0,10.0,54456.0,Net Banking,Expense 1844,DMart,Mumbai
1845,2025-09-16,Entertainment,1579.0,14.0,29599.0,Cash,Expense 1845,Zomato,Pune
1846,2025-07-27,Groceries,18034.0,11.0,54399.0,Cash,Expense 1846,Reliance Fresh,Delhi
1847,2025-07-16,Travel,18801.0,12.0,56098.0,Credit Card,,Big Bazaar,Delhi
1848,2025-03-13,Fuel,7584.0,6.0,36717.0,Wallet,Expense 1848,Medical Store,Mumbai
1849,2025-07-16,Fuel,272.0,7.0,23617.0,Credit Card,Expense 1849,DMart,Surat
1850,2025-11-11,Shopping,17127.0,5.0,40708.0,UPI,Expense 1850,Uber,Ahmedabad
1851,2025-08-11,Bills,2232.0,9.0,30904.0,UPI,Expense 1851,Ola,Delhi
1852,2025-02-20,Food,5209.0,15.0,14252.0,Net Banking,Expense 1852,,Ahmedabad
1853,2025-04-19,Food,,12.0,13001.0,Net Banking,Expense 1853,Big Bazaar,Jaipur
1854,2025-06-22,Rent,12011.0,10.0,5202.0,Credit Card,Expense 1854,Ola,Ahmedabad
1855,2025-02-17,Shopping,6059.0,10.0,13250.0,Net Banking,Expense 1855,Amazon,Bangalore
1856,2025-11-06,Fuel,13308.0,4.0,27741.0,Debit Card,Expense 1856,Swiggy,Vadodara
1857,2025-07-26,Travel,19912.0,3.0,32509.0,UPI,Expense 1857,Flipkart,Mumbai
1858,2025-12-09,Shopping,13136.0,15.0,21883.0,Debit Card,Expense 1858,Zomato,Jaipur
1859,2025-07-07,Entertainment,2257.0,8.0,51495.0,Net Banking,Expense 1859,Flipkart,Delhi
1860,2025-02-07,Education,2639.0,15.0,30561.0,Credit Card,Expense 1860,,Pune
1861,2025-08-09,Food,7381.0,3.0,19135.0,Cash,Expense 1861,,Surat
1862,2025-05-22,Rent,17780.0,3.0,36608.0,Wallet,Expense 1862,Ola,Surat
1863,2025-12-06,Rent,420.0,8.0,16196.0,UPI,Expense 1863,Reliance Fresh,Delhi
1864,2025-11-11,Fuel,17036.0,10.0,28425.0,Credit Card,Expense 1864,Reliance Fresh,Delhi
1865,2025-04-23,Transport,19244.0,14.0,,Wallet,Expense 1865,Reliance Fresh,Ahmedabad
1866,2025-03-19,Shopping,5525.0,4.0,51428.0,Wallet,Expense 1866,Uber,Delhi
1867,2025-03-22,Rent,13057.0,7.0,18007.0,Net Banking,Expense 1867,Amazon,Surat
1868,2025-03-17,Travel,3906.0,8.0,8021.0,UPI,Expense 1868,DMart,Delhi
1869,2025-03-13,Shopping,17355.0,1.0,44046.0,Net Banking,Expense 1869,Uber,Mumbai
1870,2025-06-05,Bills,11540.0,9.0,37792.0,Debit Card,Expense 1870,Swiggy,Delhi
1871,2025-08-05,Rent,11845.0,15.0,49881.0,Debit Card,Expense 1871,Amazon,Vadodara
1872,2025-06-11,Rent,7897.0,1.0,8367.0,Net Banking,Expense 1872,Flipkart,Jaipur
1873,2025-10-14,Bills,6460.0,6.0,59212.0,Wallet,,Swiggy,Delhi
1874,2025-12-07,Travel,17281.0,5.0,42275.0,Debit Card,Expense 1874,Medical Store,Ahmedabad
1875,2025-02-15,Entertainment,1255.0,13.0,57191.0,UPI,Expense 1875,Reliance Fresh,Bangalore
1876,2025-10-18,Medical,,,11327.0,Wallet,,Flipkart,Rajkot
1877,2025-04-05,Education,12312.0,6.0,23188.0,Wallet,Expense 1877,Zomato,Pune
1878,2025-09-05,Groceries,16058.0,12.0,55072.0,Wallet,Expense 1878,Ola,Ahmedabad
1879,2025-10-18,Education,5129.0,2.0,17980.0,Debit Card,Expense 1879,Medical Store,Ahmedabad
1880,2025-04-09,Food,4198.0,3.0,16758.0,Debit Card,Expense 1880,Swiggy,Mumbai
1881,2025-11-03,Bills,11291.0,7.0,9884.0,Credit Card,Expense 1881,DMart,Pune
1882,2025-12-22,Shopping,9343.0,,57534.0,Net Banking,Expense 1882,Reliance Fresh,Pune
1883,2025-08-02,Medical,674.0,14.0,40644.0,Credit Card,Expense 1883,Ola,Ahmedabad
1884,2025-01-09,Fuel,15160.0,15.0,29485.0,Credit Card,Expense 1884,Amazon,Surat
1885,2025-02-03,Health,11304.0,9.0,44141.0,UPI,Expense 1885,Ola,Ahmedabad
1886,2025-10-01,Fuel,3572.0,7.0,44144.0,UPI,Expense 1886,,Bangalore
1887,2025-07-28,Groceries,7982.0,4.0,40561.0,Wallet,Expense 1887,Uber,Jaipur
1888,2025-09-08,Shopping,17615.0,5.0,45643.0,Credit Card,Expense 1888,Big Bazaar,Jaipur
1889,2025-03-09,Bills,19433.0,2.0,6472.0,Credit Card,Expense 1889,Uber,Jaipur
1890,2025-09-11,Medical,19441.0,5.0,46685.0,Debit Card,Expense 1890,Medical Store,Jaipur
1891,2025-05-03,Food,1988.0,14.0,20059.0,Debit Card,Expense 1891,Ola,Rajkot
1892,2025-08-01,Bills,131.0,13.0,17464.0,Debit Card,Expense 1892,,Delhi
1893,2025-12-10,Groceries,14557.0,9.0,19688.0,Cash,Expense 1893,Amazon,Rajkot
1894,2025-06-27,Entertainment,16771.0,5.0,50096.0,Credit Card,Expense 1894,Uber,Mumbai
1895,2025-10-11,Transport,15778.0,13.0,57676.0,Credit Card,Expense 1895,Big Bazaar,Surat
1896,2025-06-25,Education,17358.0,3.0,47283.0,Cash,,Swiggy,Delhi
1897,2025-06-23,Medical,7618.0,13.0,58529.0,Wallet,Expense 1897,Medical Store,Pune
1898,2025-04-08,Transport,2061.0,14.0,59278.0,Wallet,Expense 1898,Amazon,Ahmedabad
1899,2025-12-03,Bills,18696.0,3.0,11362.0,Credit Card,Expense 1899,Uber,Ahmedabad
1900,2025-09-13,Education,11000.0,10.0,44484.0,Wallet,,Swiggy,Surat
1901,2025-09-13,Entertainment,14686.0,10.0,51142.0,Credit Card,Expense 1901,Zomato,Ahmedabad
1902,2025-09-01,Rent,14356.0,7.0,58927.0,Cash,Expense 1902,Amazon,Ahmedabad
1903,2025-03-16,Entertainment,5974.0,2.0,11711.0,Wallet,Expense 1903,Reliance Fresh,Surat
1904,2025-01-07,Groceries,6951.0,12.0,46693.0,Credit Card,Expense 1904,Big Bazaar,Jaipur
1905,2025-04-12,Transport,14370.0,3.0,58952.0,UPI,Expense 1905,Big Bazaar,Vadodara
1906,2025-01-02,Education,,5.0,13202.0,Cash,Expense 1906,DMart,Bangalore
1907,2025-03-15,Entertainment,11007.0,3.0,6361.0,Debit Card,Expense 1907,Ola,Pune
1908,2025-05-24,Entertainment,454.0,2.0,54160.0,Credit Card,Expense 1908,Zomato,Pune
1909,2025-04-07,Education,90.0,15.0,30454.0,Wallet,Expense 1909,Medical Store,Rajkot
1910,2025-08-06,Rent,12165.0,,51768.0,Net Banking,Expense 1910,Uber,Delhi
1911,2025-01-04,Travel,5699.0,15.0,13254.0,Credit Card,Expense 1911,Ola,Hyderabad
1912,2025-08-19,Travel,14611.0,5.0,47735.0,Cash,Expense 1912,Swiggy,Bangalore
1913,2025-10-23,Education,8084.0,4.0,39838.0,Wallet,Expense 1913,DMart,Vadodara
1914,2025-09-20,Education,16574.0,6.0,33371.0,Debit Card,Expense 1914,Swiggy,Ahmedabad
1915,2025-02-17,Fuel,18440.0,4.0,33060.0,UPI,Expense 1915,DMart,Vadodara
1916,2025-10-27,Food,1712.0,12.0,,Wallet,Expense 1916,DMart,Rajkot
1917,2025-04-12,Travel,,10.0,29423.0,UPI,Expense 1917,Medical Store,Surat
1918,2025-07-26,Shopping,10164.0,13.0,53517.0,Wallet,Expense 1918,Big Bazaar,Pune
1919,2025-07-19,Entertainment,5913.0,4.0,5396.0,Net Banking,Expense 1919,Swiggy,Mumbai
1920,2025-05-16,Medical,11712.0,5.0,49680.0,Credit Card,Expense 1920,,Bangalore
1921,2025-01-18,Entertainment,9155.0,1.0,35732.0,Wallet,Expense 1921,Swiggy,Bangalore
1922,2025-09-15,Shopping,4061.0,5.0,39295.0,Credit Card,Expense 1922,Ola,Delhi
1923,2025-09-07,Education,1109.0,15.0,21604.0,Debit Card,Expense 1923,Uber,Delhi
1924,2025-06-19,Rent,18776.0,4.0,58175.0,Debit Card,Expense 1924,Ola,Delhi
1925,2025-01-10,Rent,4501.0,,11064.0,Credit Card,Expense 1925,Reliance Fresh,Pune
1926,2025-02-02,Groceries,9186.0,9.0,42034.0,Cash,Expense 1926,Big Bazaar,Ahmedabad
1927,2025-11-25,Food,16049.0,6.0,25551.0,Wallet,Expense 1927,Medical Store,Pune
1928,2025-02-28,Fuel,12967.0,4.0,59033.0,UPI,Expense 1928,Medical Store,Surat
1929,2025-05-11,Health,19381.0,8.0,30113.0,Wallet,Expense 1929,Ola,Hyderabad
1930,2025-01-20,Shopping,54.0,10.0,14895.0,UPI,Expense 1930,,Vadodara
1931,2025-01-12,Fuel,4704.0,14.0,13074.0,Net Banking,Expense 1931,Big Bazaar,Pune
1932,2025-03-03,Health,17116.0,3.0,57230.0,Net Banking,Expense 1932,Amazon,Pune
1933,2025-09-15,Food,8504.0,5.0,48668.0,Net Banking,Expense 1933,Reliance Fresh,Delhi
1934,2025-07-21,Education,19429.0,4.0,54192.0,Credit Card,Expense 1934,Amazon,Rajkot
1935,2025-04-09,Transport,8222.0,15.0,26410.0,Credit Card,Expense 1935,Medical Store,Mumbai
1936,2025-02-13,Travel,15633.0,7.0,44780.0,Credit Card,Expense 1936,Reliance Fresh,Vadodara
1937,2025-03-02,Travel,5145.0,4.0,,Net Banking,Expense 1937,Zomato,Bangalore
1938,2025-11-22,Education,2787.0,15.0,22524.0,Net Banking,Expense 1938,DMart,Delhi
1939,2025-08-11,Education,16783.0,5.0,28275.0,UPI,,Reliance Fresh,Mumbai
1940,2025-12-13,Rent,3827.0,11.0,58973.0,UPI,Expense 1940,DMart,Bangalore
1941,2025-06-14,Bills,4972.0,13.0,14543.0,Net Banking,Expense 1941,DMart,Surat
1942,2025-07-26,Groceries,5316.0,10.0,19932.0,Net Banking,Expense 1942,Swiggy,Mumbai
1943,2025-06-26,Rent,17884.0,11.0,41710.0,Credit Card,Expense 1943,Amazon,Pune
1944,2025-11-12,Food,18726.0,10.0,46824.0,Wallet,Expense 1944,Reliance Fresh,Pune
1945,2025-01-25,Fuel,12742.0,10.0,28530.0,Wallet,Expense 1945,Swiggy,Jaipur
1946,2025-10-04,Rent,4990.0,14.0,12127.0,Wallet,Expense 1946,Flipkart,Hyderabad
1947,2025-04-18,Medical,18869.0,4.0,37838.0,UPI,Expense 1947,,Ahmedabad
1948,2025-09-02,Medical,15321.0,9.0,,UPI,Expense 1948,Amazon,Rajkot
1949,2025-03-08,Medical,6178.0,11.0,45444.0,Debit Card,,Zomato,Surat
1950,2025-12-01,Rent,9749.0,12.0,35268.0,Net Banking,Expense 1950,Reliance Fresh,Jaipur
1951,2025-03-22,Education,18555.0,9.0,38301.0,Net Banking,Expense 1951,Amazon,Jaipur
1952,2025-12-12,Rent,1632.0,8.0,23303.0,Credit Card,Expense 1952,Zomato,Pune
1953,2025-09-13,Education,4532.0,5.0,36028.0,Wallet,Expense 1953,Reliance Fresh,Hyderabad
1954,2025-02-16,Medical,11683.0,13.0,20008.0,Net Banking,Expense 1954,Medical Store,Pune
1955,2025-06-06,Groceries,3432.0,11.0,25308.0,Debit Card,Expense 1955,Flipkart,Pune
1956,2025-10-13,Medical,5591.0,5.0,13547.0,Wallet,Expense 1956,Reliance Fresh,Delhi
1957,2025-02-26,Shopping,4677.0,4.0,46732.0,Net Banking,Expense 1957,Amazon,Surat
1958,2025-03-25,Health,12082.0,14.0,19406.0,Debit Card,Expense 1958,Amazon,Pune
1959,2025-02-09,Entertainment,9097.0,11.0,25969.0,Net Banking,Expense 1959,Medical Store,Pune
1960,2025-06-18,Rent,16058.0,13.0,48493.0,Cash,Expense 1960,DMart,Vadodara
1961,2025-01-28,Medical,19320.0,3.0,13725.0,Credit Card,Expense 1961,Flipkart,Delhi
1962,2025-09-25,Health,4197.0,3.0,16755.0,Credit Card,Expense 1962,Swiggy,Hyderabad
1963,2025-09-23,Entertainment,8672.0,8.0,5885.0,Wallet,Expense 1963,Ola,Delhi
1964,2025-04-04,Shopping,3016.0,2.0,17366.0,Wallet,Expense 1964,Ola,Hyderabad
1965,2025-06-23,Medical,15802.0,3.0,52029.0,UPI,Expense 1965,Flipkart,Jaipur
1966,2025-07-26,Groceries,,13.0,6587.0,Wallet,Expense 1966,Swiggy,Ahmedabad
1967,2025-12-01,Fuel,11616.0,12.0,19508.0,Cash,Expense 1967,Reliance Fresh,Bangalore
1968,2025-05-25,Health,7177.0,10.0,34892.0,Net Banking,Expense 1968,Flipkart,Delhi
1969,2025-07-13,Bills,3229.0,4.0,52576.0,UPI,Expense 1969,Uber,Vadodara
1970,2025-10-24,Health,7723.0,8.0,,Wallet,Expense 1970,Uber,Pune
1971,2025-03-10,Health,7868.0,14.0,6450.0,Credit Card,Expense 1971,DMart,Ahmedabad
1972,2025-06-08,Transport,19219.0,6.0,35353.0,Net Banking,Expense 1972,Big Bazaar,Mumbai
1973,2025-11-28,Shopping,,14.0,15994.0,Debit Card,Expense 1973,Big Bazaar,Bangalore
1974,2025-08-06,Shopping,1465.0,1.0,52912.0,Cash,Expense 1974,Medical Store,Delhi
1975,2025-11-03,Shopping,12987.0,11.0,19072.0,Credit Card,Expense 1975,Big Bazaar,Bangalore
1976,2025-07-13,Shopping,16492.0,15.0,54775.0,Net Banking,Expense 1976,Uber,Jaipur
1977,2025-07-06,Health,7423.0,14.0,6790.0,Cash,Expense 1977,Medical Store,Hyderabad
1978,2025-08-21,Entertainment,191.0,15.0,52483.0,Wallet,Expense 1978,Big Bazaar,Rajkot
1979,2025-08-15,Bills,9036.0,9.0,58564.0,Net Banking,Expense 1979,DMart,Mumbai
1980,2025-10-19,Education,14896.0,12.0,11291.0,Credit Card,Expense 1980,Ola,Ahmedabad
1981,2025-01-28,Transport,11952.0,10.0,54521.0,UPI,,Reliance Fresh,Rajkot
1982,2025-01-17,Shopping,18146.0,3.0,24952.0,Cash,Expense 1982,Big Bazaar,Delhi
1983,2025-12-27,Entertainment,9530.0,3.0,7674.0,Net Banking,Expense 1983,Big Bazaar,Jaipur
1984,2025-05-06,Entertainment,13049.0,2.0,30309.0,Wallet,,Uber,Ahmedabad
1985,2025-07-09,Entertainment,19453.0,5.0,23713.0,Wallet,Expense 1985,Flipkart,Pune
1986,2025-05-18,Rent,4534.0,14.0,52649.0,Wallet,Expense 1986,Medical Store,Pune
1987,2025-03-18,Bills,10376.0,6.0,43745.0,UPI,Expense 1987,,Mumbai
1988,2025-07-28,Entertainment,613.0,10.0,53371.0,Wallet,Expense 1988,,Rajkot
1989,2025-03-02,Medical,16509.0,11.0,45201.0,Credit Card,Expense 1989,Amazon,Jaipur
1990,2025-12-25,Education,7485.0,2.0,30429.0,UPI,Expense 1990,Zomato,Ahmedabad
1991,2025-08-23,Rent,107.0,6.0,7678.0,Debit Card,Expense 1991,Big Bazaar,Pune
1992,2025-02-01,Travel,1379.0,6.0,,UPI,Expense 1992,Zomato,Delhi
1993,2025-05-14,Shopping,17636.0,10.0,,UPI,Expense 1993,Uber,Pune
1994,2025-07-26,Medical,18782.0,7.0,14238.0,Debit Card,Expense 1994,Uber,Ahmedabad
1995,2025-04-15,Food,,4.0,35505.0,Credit Card,Expense 1995,Amazon,Delhi
1996,2025-10-07,Entertainment,19618.0,1.0,45287.0,UPI,Expense 1996,Flipkart,Surat
1997,2025-06-04,Bills,6067.0,13.0,9457.0,Credit Card,Expense 1997,Medical Store,Vadodara
1998,2025-06-01,Shopping,17727.0,2.0,16235.0,Wallet,Expense 1998,Zomato,Hyderabad
1999,2025-07-11,Medical,7446.0,6.0,22162.0,UPI,Expense 1999,Amazon,Jaipur
2000,2025-10-18,Education,14488.0,4.0,55829.0,Cash,Expense 2000,Big Bazaar,Rajkot
2001,2025-03-03,Education,14802.0,8.0,49568.0,Cash,Expense 2001,Big Bazaar,Surat
2002,2025-03-10,Transport,17955.0,4.0,54167.0,Debit Card,Expense 2002,Flipkart,Rajkot
2003,2025-05-16,Travel,16793.0,13.0,23176.0,Cash,Expense 2003,Amazon,Jaipur
2004,2025-06-16,Fuel,7937.0,9.0,11295.0,Debit Card,Expense 2004,Swiggy,Ahmedabad
2005,2025-07-26,Food,8865.0,11.0,19670.0,Credit Card,Expense 2005,Big Bazaar,Pune
2006,2025-01-20,Education,19894.0,2.0,47163.0,Net Banking,Expense 2006,Swiggy,Rajkot
2007,2025-02-15,Food,4212.0,6.0,47104.0,UPI,Expense 2007,Reliance Fresh,Rajkot
2008,2025-11-11,Health,1856.0,2.0,11732.0,Debit Card,Expense 2008,Uber,Surat
2009,2025-12-17,Groceries,,10.0,55426.0,Credit Card,Expense 2009,Reliance Fresh,Mumbai
2010,2025-04-02,Travel,17347.0,2.0,32043.0,Wallet,Expense 2010,Swiggy,Delhi
2011,2025-10-16,Fuel,9752.0,15.0,58588.0,UPI,Expense 2011,Medical Store,Pune
2012,2025-11-07,Entertainment,12134.0,5.0,16436.0,UPI,Expense 2012,Reliance Fresh,Ahmedabad
2013,2025-12-24,Rent,4936.0,10.0,58871.0,Debit Card,Expense 2013,DMart,Pune
2014,2025-12-23,Travel,6861.0,4.0,23005.0,Wallet,Expense 2014,Medical Store,Pune
2015,2025-05-12,Travel,10903.0,10.0,29994.0,Net Banking,Expense 2015,Swiggy,Ahmedabad
2016,2025-03-13,Travel,8000.0,14.0,13975.0,Debit Card,Expense 2016,Zomato,Jaipur
2017,2025-09-18,Bills,,14.0,13188.0,Debit Card,Expense 2017,Zomato,Rajkot
2018,2025-01-22,Rent,9956.0,6.0,46941.0,Net Banking,Expense 2018,Big Bazaar,Mumbai
2019,2025-11-05,Bills,5251.0,10.0,27886.0,Cash,Expense 2019,Ola,Hyderabad
2020,2025-01-12,Groceries,3157.0,7.0,15132.0,UPI,Expense 2020,Flipkart,Jaipur
2021,2025-05-24,Travel,6280.0,5.0,8203.0,Cash,Expense 2021,Swiggy,Pune
2022,2025-01-24,Rent,6045.0,8.0,21566.0,Debit Card,Expense 2022,Reliance Fresh,Hyderabad
2023,2025-07-20,Education,968.0,14.0,57003.0,Credit Card,Expense 2023,Swiggy,Surat
2024,2025-06-07,Fuel,16866.0,1.0,11596.0,Wallet,Expense 2024,Reliance Fresh,Hyderabad
2025,2025-11-18,Fuel,16091.0,9.0,39507.0,UPI,Expense 2025,Reliance Fresh,Surat
2026,2025-11-21,Health,18512.0,8.0,7862.0,Net Banking,Expense 2026,Big Bazaar,Rajkot
2027,2025-08-28,Shopping,7932.0,6.0,56413.0,Cash,Expense 2027,DMart,Delhi
2028,2025-07-16,Transport,18141.0,15.0,,Credit Card,Expense 2028,Uber,Bangalore
2029,2025-04-13,Education,11759.0,3.0,14453.0,Net Banking,Expense 2029,Zomato,Mumbai
2030,2025-04-10,Medical,158.0,9.0,53426.0,Wallet,Expense 2030,Swiggy,Ahmedabad
2031,2025-03-01,Education,5828.0,6.0,23734.0,Net Banking,Expense 2031,Medical Store,Hyderabad
2032,2025-02-16,Shopping,13216.0,3.0,,Net Banking,Expense 2032,Big Bazaar,Delhi
2033,2025-05-26,Groceries,,9.0,24332.0,Net Banking,Expense 2033,Reliance Fresh,Rajkot
2034,2025-06-16,Food,7809.0,12.0,8649.0,Cash,Expense 2034,DMart,Mumbai
2035,2025-08-27,Fuel,3449.0,15.0,51289.0,Net Banking,Expense 2035,Ola,Vadodara
2036,2025-11-03,Transport,15604.0,11.0,49590.0,UPI,Expense 2036,Swiggy,Hyderabad
2037,2025-04-01,Medical,4644.0,8.0,6066.0,Debit Card,Expense 2037,Big Bazaar,Rajkot
2038,2025-06-25,Food,16091.0,4.0,37854.0,UPI,,Flipkart,Rajkot
2039,2025-08-14,Bills,2992.0,7.0,23302.0,Credit Card,Expense 2039,Zomato,Pune
2040,2025-03-18,Groceries,6725.0,13.0,42337.0,Wallet,Expense 2040,Reliance Fresh,Bangalore
2041,2025-03-14,Groceries,4167.0,4.0,36798.0,Debit Card,Expense 2041,Amazon,Jaipur
2042,2025-12-16,Transport,12732.0,4.0,48312.0,UPI,Expense 2042,Ola,Surat
2043,2025-02-01,Transport,103.0,13.0,35460.0,Net Banking,Expense 2043,Flipkart,Bangalore
2044,2025-07-26,Shopping,15737.0,2.0,58125.0,Cash,Expense 2044,Big Bazaar,Delhi
2045,2025-05-07,Rent,208.0,10.0,11793.0,UPI,Expense 2045,Swiggy,Bangalore
2046,2025-04-19,Education,15048.0,3.0,57118.0,UPI,Expense 2046,Swiggy,Hyderabad
2047,2025-06-01,Bills,4483.0,10.0,52406.0,Credit Card,Expense 2047,Amazon,Mumbai
2048,2025-04-12,Entertainment,9996.0,13.0,57255.0,UPI,Expense 2048,Uber,Pune
2049,2025-02-22,Health,4687.0,6.0,22120.0,Debit Card,Expense 2049,Reliance Fresh,Pune
2050,2025-04-05,Entertainment,5699.0,13.0,55869.0,Wallet,Expense 2050,Medical Store,Hyderabad
2051,2025-08-08,Entertainment,6908.0,15.0,26279.0,Wallet,Expense 2051,Uber,Mumbai
2052,2025-03-23,Transport,15130.0,3.0,7987.0,Net Banking,Expense 2052,,Rajkot
2053,2025-06-20,Entertainment,13726.0,4.0,58474.0,Wallet,Expense 2053,Amazon,Vadodara
2054,2025-07-24,Entertainment,12786.0,11.0,34159.0,Cash,Expense 2054,Flipkart,Surat
2055,2025-12-05,Rent,14409.0,12.0,41935.0,Credit Card,Expense 2055,Zomato,Mumbai
2056,2025-11-23,Food,8574.0,,51135.0,Debit Card,Expense 2056,Zomato,Rajkot
2057,2025-10-02,Entertainment,,,32549.0,Credit Card,Expense 2057,Zomato,Vadodara
2058,2025-12-15,Rent,8309.0,5.0,34117.0,Cash,Expense 2058,Flipkart,Vadodara
2059,2025-04-24,Groceries,8301.0,5.0,34361.0,Wallet,Expense 2059,Reliance Fresh,Jaipur
2060,2025-01-18,Shopping,,6.0,47880.0,Net Banking,Expense 2060,Flipkart,Surat
2061,2025-12-22,Travel,17920.0,9.0,38009.0,Credit Card,Expense 2061,Uber,Jaipur
2062,2025-04-28,Fuel,4024.0,5.0,24613.0,Debit Card,Expense 2062,DMart,Ahmedabad
2063,2025-11-17,Groceries,6193.0,7.0,5131.0,UPI,Expense 2063,,Surat
2064,2025-04-04,Transport,10734.0,8.0,13220.0,Cash,Expense 2064,Amazon,Surat
2065,2025-11-08,Entertainment,13548.0,10.0,9677.0,Cash,Expense 2065,Swiggy,Rajkot
2066,2025-07-23,Bills,11637.0,12.0,49449.0,Credit Card,Expense 2066,,Rajkot
2067,2025-09-20,Travel,17406.0,2.0,27499.0,Wallet,Expense 2067,Flipkart,Rajkot
2068,2025-11-10,Transport,16017.0,,26410.0,Wallet,,DMart,Surat
2069,2025-10-27,Travel,19406.0,7.0,39242.0,Net Banking,Expense 2069,Swiggy,Hyderabad
2070,2025-08-04,Medical,6592.0,2.0,23153.0,Net Banking,Expense 2070,,Delhi
2071,2025-02-12,Fuel,11110.0,6.0,52173.0,Debit Card,Expense 2071,Ola,Vadodara
2072,2025-11-03,Travel,5503.0,8.0,5462.0,Wallet,Expense 2072,Flipkart,Ahmedabad
2073,2025-09-26,Education,15972.0,13.0,18285.0,Net Banking,,Ola,Jaipur
2074,2025-05-05,Food,7775.0,,32003.0,Net Banking,Expense 2074,Uber,Vadodara
2075,2025-01-08,Shopping,6263.0,13.0,7876.0,Net Banking,Expense 2075,Reliance Fresh,Jaipur
2076,2025-04-11,Travel,16488.0,1.0,6130.0,Wallet,Expense 2076,Zomato,Delhi
2077,2025-02-27,Health,256.0,,50415.0,Cash,Expense 2077,Zomato,Pune
2078,2025-08-11,Education,5335.0,12.0,49826.0,Net Banking,Expense 2078,Zomato,Bangalore
2079,2025-02-13,Fuel,1236.0,2.0,10342.0,Wallet,Expense 2079,Flipkart,Rajkot
2080,2025-08-20,Entertainment,11946.0,4.0,30345.0,Credit Card,Expense 2080,DMart,Delhi
2081,2025-05-18,Bills,17890.0,2.0,32422.0,Debit Card,Expense 2081,Medical Store,Rajkot
2082,2025-03-18,Transport,,5.0,34743.0,UPI,Expense 2082,Amazon,Delhi
2083,2025-02-22,Medical,15045.0,7.0,53848.0,Debit Card,Expense 2083,Swiggy,Vadodara
2084,2025-06-10,Bills,17731.0,11.0,30700.0,UPI,Expense 2084,Zomato,Ahmedabad
2085,2025-08-04,Health,13866.0,11.0,30876.0,Cash,Expense 2085,Medical Store,Hyderabad
2086,2025-04-20,Shopping,15491.0,11.0,44151.0,Debit Card,Expense 2086,DMart,Hyderabad
2087,2025-06-07,Shopping,3995.0,5.0,8124.0,Cash,Expense 2087,Amazon,Pune
2088,2025-04-24,Fuel,10558.0,14.0,13074.0,UPI,Expense 2088,Flipkart,Ahmedabad
2089,2025-06-13,Shopping,4249.0,13.0,44101.0,Cash,Expense 2089,Amazon,Hyderabad
2090,2025-10-18,Entertainment,19467.0,14.0,,Credit Card,Expense 2090,Swiggy,Rajkot
2091,2025-04-05,Education,935.0,8.0,54728.0,Debit Card,Expense 2091,Flipkart,Vadodara
2092,2025-01-14,Education,10000.0,10.0,7349.0,Cash,Expense 2092,Reliance Fresh,Delhi
2093,2025-07-07,Medical,2804.0,15.0,57790.0,UPI,Expense 2093,Ola,Mumbai
2094,2025-02-28,Bills,760.0,11.0,51492.0,Debit Card,Expense 2094,Medical Store,Hyderabad
2095,2025-10-03,Shopping,1254.0,3.0,,UPI,Expense 2095,DMart,Hyderabad
2096,2025-04-25,Education,11479.0,1.0,23486.0,Cash,Expense 2096,Uber,Delhi
2097,2025-08-21,Food,15608.0,9.0,28261.0,Wallet,Expense 2097,Zomato,Rajkot
2098,2025-06-18,Groceries,13317.0,11.0,27889.0,Debit Card,Expense 2098,Medical Store,Mumbai
2099,2025-04-24,Education,16265.0,10.0,59511.0,Net Banking,,Uber,Pune
2100,2025-08-27,Rent,10359.0,12.0,46052.0,Credit Card,Expense 2100,Medical Store,Bangalore
2101,2025-06-10,Travel,18481.0,11.0,,UPI,Expense 2101,Reliance Fresh,Vadodara
2102,2025-02-19,Transport,11352.0,,13211.0,UPI,Expense 2102,,Hyderabad
2103,2025-06-24,Rent,3247.0,7.0,13901.0,Wallet,Expense 2103,Amazon,Delhi
2104,2025-03-03,Rent,5226.0,6.0,17367.0,UPI,Expense 2104,Ola,Ahmedabad
2105,2025-03-16,Entertainment,6650.0,,46715.0,Credit Card,Expense 2105,Flipkart,Jaipur
2106,2025-11-08,Fuel,19804.0,8.0,41435.0,Wallet,Expense 2106,Big Bazaar,Mumbai
2107,2025-08-28,Bills,6919.0,12.0,55209.0,Cash,Expense 2107,Ola,Ahmedabad
2108,2025-09-04,Rent,16246.0,3.0,14541.0,Debit Card,Expense 2108,Amazon,Rajkot
2109,2025-02-08,Food,13451.0,13.0,12592.0,Debit Card,Expense 2109,Swiggy,Surat
2110,2025-02-19,Bills,15082.0,15.0,47934.0,Net Banking,Expense 2110,Flipkart,Surat
2111,2025-03-18,Fuel,10937.0,10.0,18307.0,Debit Card,Expense 2111,Flipkart,Hyderabad
2112,2025-01-22,Health,,4.0,16054.0,Net Banking,Expense 2112,Big Bazaar,Ahmedabad
2113,2025-10-27,Rent,3055.0,,24946.0,UPI,Expense 2113,Zomato,Vadodara
2114,2025-01-10,Fuel,,13.0,55906.0,Cash,Expense 2114,Reliance Fresh,Mumbai
2115,2025-12-09,Bills,2106.0,7.0,7296.0,Credit Card,Expense 2115,Ola,Hyderabad
2116,2025-04-17,Groceries,9780.0,,48010.0,Net Banking,Expense 2116,Swiggy,Surat
2117,2025-11-05,Medical,10291.0,15.0,9740.0,Credit Card,Expense 2117,Amazon,Ahmedabad
2118,2025-09-02,Education,14454.0,12.0,46811.0,Wallet,Expense 2118,Swiggy,Vadodara
2119,2025-08-15,Transport,4250.0,7.0,16390.0,UPI,Expense 2119,Big Bazaar,Bangalore
2120,2025-01-23,Travel,429.0,9.0,50694.0,UPI,,Flipkart,Hyderabad
2121,2025-04-22,Entertainment,2916.0,7.0,38948.0,Wallet,Expense 2121,DMart,Delhi
2122,2025-10-11,Groceries,18840.0,14.0,41384.0,Credit Card,Expense 2122,,Delhi
2123,2025-02-07,Medical,9227.0,5.0,34781.0,Cash,Expense 2123,Zomato,Pune
2124,2025-08-09,Entertainment,18924.0,10.0,44509.0,Wallet,Expense 2124,Amazon,Mumbai
2125,2025-05-02,Groceries,1953.0,7.0,23967.0,Credit Card,Expense 2125,Big Bazaar,Hyderabad
2126,2025-02-04,Health,14458.0,14.0,52435.0,Debit Card,Expense 2126,DMart,Surat
2127,2025-06-07,Groceries,11010.0,10.0,7517.0,Debit Card,Expense 2127,Ola,Rajkot
2128,2025-05-19,Bills,5629.0,14.0,54291.0,Debit Card,Expense 2128,Big Bazaar,Ahmedabad
2129,2025-05-01,Entertainment,5734.0,7.0,13057.0,Credit Card,Expense 2129,Uber,Hyderabad
2130,2025-12-01,Travel,7473.0,8.0,12580.0,Debit Card,Expense 2130,DMart,Ahmedabad
2131,2025-02-28,Education,18265.0,6.0,,Credit Card,Expense 2131,Amazon,Jaipur
2132,2025-03-18,Travel,756.0,,47178.0,Cash,,Medical Store,Pune
2133,2025-07-22,Travel,9964.0,1.0,53690.0,UPI,Expense 2133,Big Bazaar,Bangalore
2134,2025-01-11,Travel,6741.0,6.0,44915.0,Credit Card,Expense 2134,Swiggy,Ahmedabad
2135,2025-12-19,Transport,8236.0,6.0,54499.0,Net Banking,Expense 2135,Swiggy,Surat
2136,2025-02-15,Rent,3888.0,7.0,56464.0,UPI,Expense 2136,Amazon,Surat
2137,2025-08-08,Rent,18116.0,14.0,13413.0,Debit Card,Expense 2137,Amazon,Vadodara
2138,2025-04-10,Travel,2318.0,10.0,26635.0,Net Banking,Expense 2138,Big Bazaar,Delhi
2139,2025-06-21,Bills,15963.0,1.0,8682.0,Wallet,,Reliance Fresh,Hyderabad
2140,2025-09-27,Education,18350.0,6.0,19344.0,Net Banking,Expense 2140,Flipkart,Pune
2141,2025-05-17,Bills,,1.0,30837.0,Cash,Expense 2141,Ola,Mumbai
2142,2025-04-01,Shopping,3763.0,15.0,23748.0,Debit Card,Expense 2142,Amazon,Ahmedabad
2143,2025-01-28,Shopping,17402.0,7.0,8315.0,Credit Card,Expense 2143,Big Bazaar,Jaipur
2144,2025-12-15,Health,11611.0,8.0,39391.0,Cash,Expense 2144,Flipkart,Vadodara
2145,2025-11-06,Medical,,9.0,23328.0,UPI,Expense 2145,Swiggy,Mumbai
2146,2025-11-28,Transport,4298.0,7.0,6238.0,UPI,Expense 2146,Medical Store,Surat
2147,2025-04-06,Bills,19615.0,8.0,37398.0,Wallet,Expense 2147,Swiggy,Rajkot
2148,2025-03-05,Health,14331.0,5.0,30919.0,UPI,Expense 2148,Reliance Fresh,Ahmedabad
2149,2025-10-23,Shopping,1617.0,8.0,27380.0,UPI,Expense 2149,Reliance Fresh,Pune
2150,2025-04-16,Transport,12125.0,13.0,26467.0,Wallet,Expense 2150,Flipkart,Delhi
2151,2025-03-13,Shopping,3308.0,15.0,,Debit Card,Expense 2151,Zomato,Vadodara
2152,2025-10-02,Bills,11105.0,10.0,16437.0,Debit Card,Expense 2152,Reliance Fresh,Jaipur
2153,2025-02-26,Transport,11849.0,7.0,22842.0,UPI,Expense 2153,Amazon,Ahmedabad
2154,2025-07-24,Food,5389.0,12.0,30018.0,Net Banking,Expense 2154,Reliance Fresh,Bangalore
2155,2025-12-19,Entertainment,3260.0,15.0,22737.0,UPI,Expense 2155,Flipkart,Pune
2156,2025-10-04,Shopping,12772.0,13.0,13482.0,Net Banking,Expense 2156,Big Bazaar,Rajkot
2157,2025-12-06,Groceries,13881.0,13.0,41458.0,Wallet,Expense 2157,Medical Store,Jaipur
2158,2025-03-04,Shopping,14542.0,3.0,,Cash,Expense 2158,Zomato,Delhi
2159,2025-11-21,Transport,10348.0,1.0,10437.0,UPI,Expense 2159,Reliance Fresh,Pune
2160,2025-10-16,Entertainment,13641.0,4.0,22618.0,UPI,Expense 2160,Zomato,Pune
2161,2025-01-19,Rent,14519.0,10.0,51153.0,UPI,Expense 2161,Ola,Delhi
2162,2025-07-04,Food,13697.0,,33919.0,Credit Card,Expense 2162,Uber,Ahmedabad
2163,2025-12-02,Entertainment,4759.0,9.0,52898.0,Wallet,Expense 2163,Ola,Surat
2164,2025-06-11,Food,5900.0,11.0,22360.0,Net Banking,Expense 2164,,Delhi
2165,2025-12-12,Food,19381.0,12.0,22077.0,Credit Card,Expense 2165,Big Bazaar,Rajkot
2166,2025-03-25,Travel,872.0,8.0,30470.0,Wallet,Expense 2166,Uber,Surat
2167,2025-09-02,Entertainment,,8.0,35515.0,Debit Card,Expense 2167,,Surat
2168,2025-03-07,Food,13234.0,2.0,26698.0,Debit Card,Expense 2168,Medical Store,Surat
2169,2025-11-08,Transport,18932.0,9.0,55941.0,Wallet,Expense 2169,Amazon,Vadodara
2170,2025-05-19,Travel,14219.0,,42419.0,Net Banking,Expense 2170,Flipkart,Jaipur
2171,2025-05-07,Fuel,1409.0,10.0,5338.0,Debit Card,Expense 2171,Ola,Jaipur
2172,2025-05-28,Rent,474.0,,52672.0,Cash,Expense 2172,DMart,Hyderabad
2173,2025-02-28,Travel,5882.0,10.0,28830.0,Debit Card,Expense 2173,DMart,Mumbai
2174,2025-01-26,Food,9275.0,13.0,22982.0,Net Banking,Expense 2174,DMart,Surat
2175,2025-10-23,Travel,10600.0,8.0,10671.0,Net Banking,Expense 2175,Uber,Mumbai
2176,2025-10-26,Medical,15255.0,11.0,49407.0,Net Banking,Expense 2176,,Surat
2177,2025-04-26,Entertainment,10753.0,8.0,40613.0,Credit Card,Expense 2177,Amazon,Vadodara
2178,2025-12-15,Transport,8724.0,1.0,50898.0,Wallet,Expense 2178,Big Bazaar,Bangalore
2179,2025-11-27,Medical,12890.0,14.0,52334.0,Net Banking,Expense 2179,DMart,Hyderabad
2180,2025-07-06,Medical,8704.0,3.0,43522.0,Cash,Expense 2180,Amazon,Pune
2181,2025-04-22,Shopping,8195.0,1.0,44634.0,Credit Card,Expense 2181,Zomato,Vadodara
2182,2025-08-09,Shopping,2509.0,6.0,28601.0,Wallet,Expense 2182,,Hyderabad
2183,2025-01-10,Education,6184.0,5.0,52555.0,Net Banking,Expense 2183,Amazon,Mumbai
2184,2025-05-19,Travel,2147.0,14.0,37767.0,Debit Card,Expense 2184,Reliance Fresh,Delhi
2185,2025-01-19,Entertainment,15056.0,10.0,26206.0,UPI,Expense 2185,Swiggy,Ahmedabad
2186,2025-03-14,Travel,14669.0,3.0,32170.0,Credit Card,Expense 2186,Reliance Fresh,Jaipur
2187,2025-08-11,Rent,15811.0,,35642.0,Debit Card,Expense 2187,Ola,Mumbai
2188,2025-06-19,Transport,2467.0,1.0,15232.0,Credit Card,Expense 2188,Reliance Fresh,Mumbai
2189,2025-04-09,Rent,3997.0,10.0,39721.0,Debit Card,Expense 2189,DMart,Jaipur
2190,2025-10-03,Medical,18156.0,,8304.0,Credit Card,Expense 2190,Reliance Fresh,Mumbai
2191,2025-07-25,Education,4785.0,15.0,17189.0,Cash,Expense 2191,Ola,Hyderabad
2192,2025-03-23,Entertainment,8802.0,15.0,,Cash,Expense 2192,Zomato,Surat
2193,2025-05-25,Entertainment,16339.0,,,Wallet,Expense 2193,Medical Store,Surat
2194,2025-03-21,Travel,6165.0,14.0,44177.0,Debit Card,Expense 2194,Swiggy,Surat
2195,2025-04-25,Education,14502.0,12.0,46312.0,Cash,Expense 2195,Flipkart,Vadodara
2196,2025-02-11,Education,14817.0,1.0,17858.0,Credit Card,Expense 2196,Amazon,Mumbai
2197,2025-06-08,Shopping,19840.0,13.0,43380.0,UPI,Expense 2197,Amazon,Hyderabad
2198,2025-08-20,Fuel,3648.0,15.0,30189.0,UPI,Expense 2198,Medical Store,Mumbai
2199,2025-07-22,Travel,14316.0,10.0,,Cash,Expense 2199,,Delhi
2200,2025-12-13,Travel,17658.0,12.0,13803.0,Cash,Expense 2200,Reliance Fresh,Ahmedabad
2201,2025-08-22,Health,4395.0,12.0,24277.0,UPI,Expense 2201,Uber,Vadodara
2202,2025-11-20,Groceries,8223.0,1.0,11669.0,Credit Card,Expense 2202,,Surat
2203,2025-06-11,Food,8362.0,5.0,36215.0,Cash,Expense 2203,Swiggy,Vadodara
2204,2025-09-13,Bills,19911.0,1.0,16229.0,Net Banking,Expense 2204,Medical Store,Ahmedabad
2205,2025-06-05,Transport,5493.0,9.0,38916.0,Net Banking,Expense 2205,Amazon,Pune
2206,2025-12-16,Health,6949.0,11.0,49060.0,Credit Card,Expense 2206,Flipkart,Surat
2207,2025-09-26,Health,9706.0,1.0,33353.0,UPI,,Amazon,Pune
2208,2025-10-28,Bills,8291.0,4.0,54937.0,Debit Card,Expense 2208,Amazon,Pune
2209,2025-09-16,Medical,9647.0,4.0,34503.0,Net Banking,Expense 2209,Uber,Hyderabad
2210,2025-04-03,Transport,11547.0,13.0,26150.0,UPI,Expense 2210,Ola,Delhi
2211,2025-06-17,Bills,18606.0,13.0,24419.0,Debit Card,Expense 2211,,Vadodara
2212,2025-10-17,Shopping,10874.0,10.0,36238.0,Net Banking,Expense 2212,Uber,Surat
2213,2025-03-23,Groceries,4928.0,10.0,48713.0,Net Banking,Expense 2213,Flipkart,Rajkot
2214,2025-09-17,Health,8647.0,11.0,17624.0,Cash,,Amazon,Jaipur
2215,2025-04-04,Entertainment,15605.0,13.0,49255.0,Net Banking,Expense 2215,Big Bazaar,Surat
2216,2025-08-18,Shopping,18202.0,4.0,56240.0,UPI,Expense 2216,Amazon,Hyderabad
2217,2025-12-18,Entertainment,4743.0,10.0,27484.0,Net Banking,Expense 2217,Flipkart,Hyderabad
2218,2025-07-06,Travel,19207.0,12.0,53118.0,Debit Card,Expense 2218,Medical Store,Pune
2219,2025-05-13,Bills,3212.0,12.0,,Wallet,Expense 2219,Flipkart,Rajkot
2220,2025-10-28,Medical,14262.0,15.0,43388.0,Wallet,Expense 2220,Swiggy,Rajkot
2221,2025-08-05,Fuel,10621.0,7.0,5579.0,Cash,Expense 2221,Reliance Fresh,Hyderabad
2222,2025-12-03,Shopping,17944.0,9.0,9297.0,UPI,Expense 2222,Swiggy,Surat
2223,2025-10-23,Transport,16019.0,6.0,36072.0,Debit Card,Expense 2223,Medical Store,Mumbai
2224,2025-09-18,Travel,19318.0,2.0,57524.0,Debit Card,Expense 2224,Reliance Fresh,Mumbai
2225,2025-09-01,Rent,12345.0,12.0,18873.0,Wallet,Expense 2225,Amazon,Rajkot
2226,2025-11-01,Bills,4243.0,15.0,21490.0,Net Banking,Expense 2226,Ola,Pune
2227,2025-03-16,Shopping,19918.0,10.0,13162.0,Net Banking,Expense 2227,Reliance Fresh,Jaipur
2228,2025-03-09,Bills,15311.0,12.0,25347.0,Wallet,Expense 2228,Swiggy,Vadodara
2229,2025-03-01,Groceries,1149.0,13.0,13376.0,UPI,Expense 2229,Amazon,Rajkot
2230,2025-05-23,Entertainment,15747.0,13.0,15617.0,Cash,Expense 2230,,Hyderabad
2231,2025-04-17,Fuel,15932.0,4.0,30790.0,Debit Card,Expense 2231,,Mumbai
2232,2025-05-07,Medical,13578.0,9.0,20676.0,Cash,Expense 2232,DMart,Vadodara
2233,2025-04-14,Entertainment,3122.0,14.0,36808.0,Credit Card,Expense 2233,Uber,Bangalore
2234,2025-07-14,Fuel,3856.0,10.0,20471.0,Cash,Expense 2234,Big Bazaar,Surat
2235,2025-05-06,Fuel,2437.0,,55070.0,Cash,Expense 2235,Swiggy,Vadodara
2236,2025-10-04,Travel,7837.0,1.0,30526.0,Credit Card,Expense 2236,Zomato,Jaipur
2237,2025-10-15,Groceries,,9.0,39393.0,UPI,Expense 2237,Big Bazaar,Delhi
2238,2025-07-21,Shopping,4821.0,8.0,30289.0,Wallet,Expense 2238,Flipkart,Rajkot
2239,2025-10-24,Food,10341.0,4.0,34475.0,Cash,Expense 2239,Ola,Jaipur
2240,2025-06-03,Bills,12447.0,11.0,21170.0,Credit Card,Expense 2240,Reliance Fresh,Surat
2241,2025-06-20,Bills,16168.0,12.0,28032.0,Credit Card,Expense 2241,Zomato,Pune
2242,2025-09-03,Bills,10593.0,1.0,35123.0,UPI,Expense 2242,DMart,Ahmedabad
2243,2025-06-24,Groceries,19333.0,2.0,58037.0,UPI,Expense 2243,Big Bazaar,Vadodara
2244,2025-11-06,Rent,13332.0,,45243.0,Debit Card,Expense 2244,Big Bazaar,Ahmedabad
2245,2025-11-03,Bills,8169.0,1.0,39305.0,Cash,Expense 2245,Amazon,Bangalore
2246,2025-11-24,Rent,5583.0,1.0,14269.0,Debit Card,Expense 2246,Amazon,Pune
2247,2025-02-15,Travel,11071.0,2.0,48857.0,Credit Card,Expense 2247,Ola,Rajkot
2248,2025-11-28,Travel,5729.0,14.0,38395.0,Debit Card,Expense 2248,DMart,Ahmedabad
2249,2025-09-19,Travel,5617.0,9.0,39951.0,UPI,Expense 2249,,Rajkot
2250,2025-05-17,Transport,7119.0,10.0,5434.0,Cash,Expense 2250,Uber,Pune
2251,2025-11-20,Shopping,103.0,13.0,21999.0,Net Banking,Expense 2251,Amazon,Ahmedabad
2252,2025-04-22,Health,,13.0,,Debit Card,Expense 2252,DMart,Surat
2253,2025-11-28,Fuel,2260.0,14.0,35147.0,Net Banking,Expense 2253,Flipkart,Delhi
2254,2025-09-09,Entertainment,,3.0,36996.0,Debit Card,Expense 2254,Ola,Bangalore
2255,2025-07-01,Fuel,15412.0,8.0,,Cash,Expense 2255,Flipkart,Jaipur
2256,2025-05-11,Groceries,7173.0,15.0,36996.0,UPI,Expense 2256,Amazon,Pune
2257,2025-03-19,Groceries,9502.0,8.0,10970.0,Net Banking,Expense 2257,Zomato,Mumbai
2258,2025-09-06,Education,14606.0,7.0,39407.0,UPI,Expense 2258,DMart,Pune
2259,2025-06-23,Food,5255.0,12.0,53022.0,UPI,Expense 2259,Amazon,Mumbai
2260,2025-02-26,Medical,7009.0,14.0,31215.0,Wallet,Expense 2260,Reliance Fresh,Delhi
2261,2025-10-26,Travel,957.0,11.0,18852.0,Debit Card,Expense 2261,DMart,Surat
2262,2025-01-17,Travel,659.0,10.0,51052.0,Wallet,Expense 2262,Big Bazaar,Rajkot
2263,2025-10-04,Transport,12107.0,9.0,34677.0,Net Banking,Expense 2263,Amazon,Vadodara
2264,2025-12-16,Food,6867.0,14.0,18108.0,Debit Card,Expense 2264,Ola,Rajkot
2265,2025-12-22,Health,16973.0,8.0,56496.0,UPI,Expense 2265,Big Bazaar,Bangalore
2266,2025-01-26,Education,16518.0,2.0,14693.0,Wallet,Expense 2266,Flipkart,Vadodara
2267,2025-12-18,Rent,2729.0,4.0,33777.0,Net Banking,Expense 2267,Reliance Fresh,Rajkot
2268,2025-05-17,Medical,16819.0,15.0,57905.0,Credit Card,Expense 2268,Medical Store,Pune
2269,2025-10-03,Travel,11682.0,4.0,13574.0,Net Banking,Expense 2269,Zomato,Bangalore
2270,2025-10-02,Health,17986.0,5.0,16182.0,Wallet,Expense 2270,Swiggy,Vadodara
2271,2025-07-01,Groceries,18334.0,11.0,5622.0,UPI,Expense 2271,Swiggy,Ahmedabad
2272,2025-02-21,Transport,2222.0,8.0,32627.0,Debit Card,Expense 2272,,Bangalore
2273,2025-01-23,Health,7218.0,5.0,,Debit Card,Expense 2273,Medical Store,Bangalore
2274,2025-04-21,Transport,18649.0,10.0,31360.0,Net Banking,,Swiggy,Vadodara
2275,2025-03-27,Entertainment,15057.0,12.0,13981.0,Cash,Expense 2275,Reliance Fresh,Pune
2276,2025-02-25,Education,19940.0,2.0,10972.0,Debit Card,Expense 2276,Swiggy,Delhi
2277,2025-09-25,Transport,8034.0,9.0,37712.0,Net Banking,Expense 2277,Uber,Ahmedabad
2278,2025-12-23,Bills,1256.0,14.0,52236.0,Wallet,,Zomato,Jaipur
2279,2025-05-04,Education,1724.0,13.0,59409.0,Wallet,Expense 2279,Amazon,Surat
2280,2025-04-25,Shopping,725.0,2.0,47148.0,Net Banking,,Reliance Fresh,Jaipur
2281,2025-02-03,Medical,17862.0,7.0,12147.0,Wallet,Expense 2281,Uber,Delhi
2282,2025-09-17,Health,14242.0,2.0,59919.0,Debit Card,Expense 2282,Ola,Mumbai
2283,2025-07-19,Bills,,14.0,49675.0,Wallet,Expense 2283,Reliance Fresh,Hyderabad
2284,2025-09-09,Medical,7763.0,8.0,44629.0,Credit Card,,Medical Store,Vadodara
2285,2025-04-26,Health,2797.0,1.0,43017.0,Net Banking,Expense 2285,Flipkart,Surat
2286,2025-04-27,Bills,11140.0,8.0,22356.0,Cash,Expense 2286,Flipkart,Delhi
2287,2025-01-20,Shopping,4526.0,6.0,47761.0,Cash,Expense 2287,Medical Store,Pune
2288,2025-10-21,Fuel,702.0,10.0,20573.0,Credit Card,Expense 2288,Big Bazaar,Jaipur
2289,2025-05-14,Education,16203.0,15.0,17520.0,Net Banking,Expense 2289,Zomato,Mumbai
2290,2025-03-21,Travel,8114.0,14.0,43588.0,Wallet,Expense 2290,Zomato,Ahmedabad
2291,2025-07-13,Rent,11681.0,9.0,54923.0,Debit Card,Expense 2291,Amazon,Bangalore
2292,2025-05-19,Rent,,12.0,32131.0,Wallet,Expense 2292,Zomato,Rajkot
2293,2025-10-23,Rent,8655.0,1.0,50219.0,UPI,Expense 2293,Ola,Rajkot
2294,2025-08-24,Entertainment,14685.0,8.0,51556.0,Debit Card,Expense 2294,Medical Store,Ahmedabad
2295,2025-08-13,Transport,88.0,9.0,36919.0,Debit Card,Expense 2295,Zomato,Pune
2296,2025-04-06,Bills,12667.0,13.0,15423.0,Net Banking,Expense 2296,Ola,Rajkot
2297,2025-08-15,Shopping,1643.0,2.0,31650.0,Credit Card,Expense 2297,Uber,Pune
2298,2025-03-21,Food,19468.0,1.0,26372.0,Credit Card,Expense 2298,Swiggy,Pune
2299,2025-08-10,Health,12847.0,3.0,58882.0,UPI,Expense 2299,Flipkart,Ahmedabad
2300,2025-08-15,Health,9692.0,10.0,38040.0,Cash,Expense 2300,Flipkart,Jaipur
2301,2025-05-12,Medical,10621.0,14.0,55514.0,Wallet,Expense 2301,Medical Store,Mumbai
2302,2025-06-18,Bills,1856.0,3.0,21671.0,Credit Card,Expense 2302,,Hyderabad
2303,2025-06-27,Fuel,18216.0,,28097.0,Wallet,Expense 2303,Medical Store,Pune
2304,2025-12-06,Education,14996.0,7.0,36459.0,Wallet,,Amazon,Jaipur
2305,2025-09-12,Transport,5835.0,15.0,7642.0,Net Banking,Expense 2305,DMart,Vadodara
2306,2025-11-05,Bills,12471.0,8.0,46491.0,Debit Card,Expense 2306,Reliance Fresh,Hyderabad
2307,2025-03-11,Education,917.0,13.0,24332.0,Cash,Expense 2307,Zomato,Ahmedabad
2308,2025-06-05,Medical,9313.0,10.0,,Wallet,Expense 2308,Uber,Surat
2309,2025-03-03,Groceries,13284.0,12.0,39830.0,Wallet,Expense 2309,Ola,Pune
2310,2025-07-24,Bills,13824.0,9.0,22666.0,Credit Card,Expense 2310,Swiggy,Delhi
2311,2025-06-19,Shopping,18745.0,5.0,12808.0,Cash,Expense 2311,Flipkart,Surat
2312,2025-07-06,Health,13143.0,5.0,,Cash,Expense 2312,Big Bazaar,Rajkot
2313,2025-02-21,Fuel,3864.0,2.0,38624.0,Net Banking,Expense 2313,Ola,Ahmedabad
2314,2025-06-05,Travel,7803.0,3.0,11846.0,Cash,Expense 2314,Amazon,Pune
2315,2025-11-22,Food,8808.0,14.0,31804.0,Cash,Expense 2315,Reliance Fresh,Jaipur
2316,2025-12-10,Food,18614.0,11.0,12943.0,UPI,Expense 2316,Big Bazaar,Bangalore
2317,2025-12-26,Shopping,,2.0,40873.0,Debit Card,Expense 2317,Amazon,Mumbai
2318,2025-06-16,Bills,11567.0,15.0,40618.0,Wallet,Expense 2318,Reliance Fresh,Pune
2319,2025-02-16,Entertainment,11068.0,1.0,32523.0,Cash,Expense 2319,Ola,Bangalore
2320,2025-01-06,Education,,3.0,55927.0,UPI,,Swiggy,Mumbai
2321,2025-04-17,Travel,16759.0,7.0,5816.0,Debit Card,,Reliance Fresh,Bangalore
2322,2025-08-16,Food,15690.0,6.0,55654.0,Debit Card,,Medical Store,Hyderabad
2323,2025-11-25,Medical,17952.0,15.0,49239.0,Wallet,Expense 2323,Amazon,Jaipur
2324,2025-06-17,Rent,13510.0,2.0,58414.0,Cash,Expense 2324,DMart,Jaipur
2325,2025-07-06,Travel,17349.0,2.0,5972.0,Debit Card,Expense 2325,Reliance Fresh,Hyderabad
2326,2025-10-04,Rent,2339.0,8.0,58908.0,Debit Card,Expense 2326,Uber,Vadodara
2327,2025-04-08,Food,920.0,9.0,31870.0,Debit Card,Expense 2327,Flipkart,Mumbai
2328,2025-03-19,Travel,19197.0,9.0,47930.0,Cash,Expense 2328,Swiggy,Delhi
2329,2025-12-26,Medical,,6.0,6003.0,Net Banking,,Swiggy,Jaipur
2330,2025-06-24,Bills,14308.0,,13120.0,Net Banking,Expense 2330,Ola,Bangalore
2331,2025-05-21,Bills,5650.0,8.0,40278.0,Debit Card,Expense 2331,,Vadodara
2332,2025-04-09,Fuel,7380.0,6.0,32641.0,Wallet,Expense 2332,Reliance Fresh,Jaipur
2333,2025-09-19,Health,13840.0,4.0,8548.0,Debit Card,Expense 2333,Medical Store,Ahmedabad
2334,2025-12-06,Bills,14226.0,5.0,49894.0,UPI,Expense 2334,Ola,Pune
2335,2025-06-16,Health,10490.0,3.0,45257.0,Debit Card,Expense 2335,DMart,Surat
2336,2025-07-22,Education,11170.0,2.0,18245.0,Credit Card,Expense 2336,Flipkart,Delhi
2337,2025-02-21,Shopping,4299.0,6.0,23998.0,UPI,Expense 2337,Ola,Mumbai
2338,2025-02-26,Education,1007.0,3.0,43017.0,Wallet,Expense 2338,Big Bazaar,Hyderabad
2339,2025-05-03,Shopping,11131.0,15.0,15821.0,UPI,Expense 2339,Uber,Rajkot
2340,2025-05-16,Health,4540.0,10.0,14722.0,Credit Card,Expense 2340,,Vadodara
2341,2025-12-14,Transport,11957.0,7.0,37840.0,UPI,Expense 2341,Ola,Surat
2342,2025-05-05,Education,10074.0,10.0,15118.0,Debit Card,Expense 2342,Medical Store,Bangalore
2343,2025-06-03,Shopping,5909.0,9.0,14859.0,Net Banking,Expense 2343,Swiggy,Surat
2344,2025-12-03,Entertainment,9847.0,7.0,7327.0,Credit Card,Expense 2344,Amazon,Surat
2345,2025-01-13,Medical,11913.0,10.0,9355.0,Net Banking,Expense 2345,Big Bazaar,Delhi
2346,2025-02-16,Bills,10772.0,6.0,34505.0,Wallet,Expense 2346,Big Bazaar,Bangalore
2347,2025-05-15,Rent,17900.0,8.0,33520.0,Cash,Expense 2347,Swiggy,Vadodara
2348,2025-04-10,Travel,9928.0,3.0,8062.0,Debit Card,Expense 2348,Reliance Fresh,Delhi
2349,2025-12-27,Bills,5586.0,,30892.0,Wallet,Expense 2349,Zomato,Hyderabad
2350,2025-08-06,Food,15382.0,13.0,6599.0,Credit Card,Expense 2350,Amazon,Rajkot
2351,2025-09-14,Fuel,4006.0,8.0,54941.0,Wallet,Expense 2351,Amazon,Pune
2352,2025-02-07,Travel,15584.0,5.0,57829.0,Net Banking,Expense 2352,Amazon,Mumbai
2353,2025-04-25,Rent,8468.0,4.0,8316.0,Wallet,Expense 2353,Zomato,Hyderabad
2354,2025-04-07,Fuel,17117.0,2.0,35941.0,Wallet,Expense 2354,Uber,Delhi
2355,2025-06-24,Food,10042.0,5.0,37256.0,Cash,Expense 2355,Zomato,Mumbai
2356,2025-03-24,Food,1820.0,13.0,48726.0,Wallet,Expense 2356,Zomato,Vadodara
2357,2025-06-15,Travel,18987.0,3.0,53919.0,UPI,,Zomato,Bangalore
2358,2025-05-27,Entertainment,716.0,1.0,30860.0,Debit Card,Expense 2358,DMart,Pune
2359,2025-12-07,Entertainment,15334.0,12.0,28509.0,Credit Card,Expense 2359,Uber,Mumbai
2360,2025-08-28,Shopping,19005.0,12.0,51894.0,UPI,Expense 2360,Amazon,Bangalore
2361,2025-06-22,Shopping,7231.0,10.0,50309.0,UPI,Expense 2361,Amazon,Vadodara
2362,2025-04-11,Entertainment,15402.0,2.0,46325.0,Wallet,Expense 2362,Swiggy,Delhi
2363,2025-07-25,Transport,4969.0,8.0,52799.0,Wallet,Expense 2363,Uber,Hyderabad
2364,2025-02-05,Groceries,13532.0,2.0,45540.0,Credit Card,,Amazon,Ahmedabad
2365,2025-06-19,Health,17905.0,11.0,32674.0,Credit Card,Expense 2365,Zomato,Delhi
2366,2025-08-03,Medical,4582.0,2.0,51262.0,Net Banking,Expense 2366,DMart,Pune
2367,2025-03-16,Groceries,13330.0,10.0,19953.0,Credit Card,Expense 2367,Ola,Jaipur
2368,2025-06-25,Shopping,4296.0,2.0,13429.0,Debit Card,Expense 2368,DMart,Hyderabad
2369,2025-04-15,Transport,13928.0,14.0,16319.0,Wallet,Expense 2369,Uber,Ahmedabad
2370,2025-12-15,Bills,6600.0,15.0,6744.0,Net Banking,Expense 2370,Medical Store,Rajkot
2371,2025-08-04,Health,13238.0,1.0,25406.0,Debit Card,Expense 2371,Medical Store,Pune
2372,2025-12-27,Health,1170.0,10.0,56314.0,Credit Card,Expense 2372,Swiggy,Bangalore
2373,2025-05-24,Medical,13638.0,4.0,14164.0,Net Banking,Expense 2373,Uber,Hyderabad
2374,2025-12-14,Groceries,10989.0,15.0,36352.0,Cash,Expense 2374,,Bangalore
2375,2025-03-19,Health,14781.0,13.0,5938.0,Wallet,Expense 2375,Flipkart,Delhi
2376,2025-09-06,Rent,6966.0,3.0,8677.0,Net Banking,Expense 2376,Ola,Jaipur
2377,2025-01-19,Shopping,17765.0,12.0,19626.0,Wallet,Expense 2377,DMart,Surat
2378,2025-01-24,Rent,6508.0,6.0,51014.0,Net Banking,Expense 2378,Amazon,Delhi
2379,2025-04-07,Bills,15468.0,13.0,43364.0,Cash,Expense 2379,Amazon,Rajkot
2380,2025-01-16,Transport,2015.0,3.0,37035.0,Credit Card,Expense 2380,Flipkart,Pune
2381,2025-10-04,Shopping,9800.0,12.0,17229.0,Wallet,Expense 2381,Ola,Vadodara
2382,2025-01-16,Bills,,8.0,52766.0,Cash,,Zomato,Vadodara
2383,2025-11-09,Medical,3301.0,14.0,29655.0,Cash,Expense 2383,Flipkart,Delhi
2384,2025-01-14,Rent,13802.0,4.0,45401.0,UPI,Expense 2384,Flipkart,Surat
2385,2025-08-02,Shopping,,6.0,,Cash,Expense 2385,Medical Store,Ahmedabad
2386,2025-02-18,Rent,1340.0,12.0,,Cash,Expense 2386,Flipkart,Hyderabad
2387,2025-11-11,Health,5897.0,11.0,10041.0,UPI,Expense 2387,Reliance Fresh,Pune
2388,2025-12-01,Food,14725.0,11.0,46609.0,Cash,Expense 2388,Flipkart,Surat
2389,2025-07-20,Health,7600.0,,50890.0,Cash,Expense 2389,Flipkart,Mumbai
2390,2025-11-02,Education,8278.0,10.0,10558.0,Cash,Expense 2390,Uber,Pune
2391,2025-10-02,Health,1644.0,11.0,11018.0,Net Banking,Expense 2391,DMart,Hyderabad
2392,2025-02-11,Shopping,13705.0,13.0,53688.0,UPI,Expense 2392,,Jaipur
2393,2025-10-19,Fuel,12051.0,12.0,20254.0,Credit Card,Expense 2393,Swiggy,Pune
2394,2025-03-01,Education,13823.0,3.0,35930.0,Net Banking,,Medical Store,Hyderabad
2395,2025-07-06,Education,17791.0,15.0,32555.0,UPI,Expense 2395,Big Bazaar,Jaipur
2396,2025-01-23,Rent,,2.0,16682.0,Cash,Expense 2396,Flipkart,Ahmedabad
2397,2025-07-18,Travel,17660.0,5.0,13159.0,Debit Card,Expense 2397,Flipkart,Delhi
2398,2025-09-05,Transport,13387.0,11.0,15780.0,Cash,Expense 2398,Ola,Ahmedabad
2399,2025-04-27,Groceries,11168.0,1.0,14792.0,Wallet,Expense 2399,,Rajkot
2400,2025-11-26,Travel,6411.0,15.0,7802.0,Cash,,Swiggy,Jaipur
2401,2025-06-25,Travel,6880.0,5.0,9546.0,Net Banking,Expense 2401,Uber,Jaipur
2402,2025-12-06,Entertainment,3993.0,9.0,46323.0,Cash,Expense 2402,Uber,Bangalore
2403,2025-01-15,Health,14220.0,9.0,9677.0,Credit Card,Expense 2403,Reliance Fresh,Vadodara
2404,2025-12-17,Shopping,4844.0,7.0,55265.0,Net Banking,Expense 2404,,Vadodara
2405,2025-06-28,Health,5403.0,10.0,51814.0,Wallet,Expense 2405,Big Bazaar,Pune
2406,2025-01-15,Entertainment,,5.0,50817.0,Credit Card,Expense 2406,Ola,Delhi
2407,2025-08-23,Fuel,4527.0,1.0,42569.0,Debit Card,Expense 2407,DMart,Delhi
2408,2025-10-01,Rent,5392.0,5.0,20990.0,Debit Card,Expense 2408,Medical Store,Rajkot
2409,2025-03-03,Entertainment,6754.0,14.0,35541.0,Wallet,Expense 2409,Flipkart,Vadodara
2410,2025-04-05,Medical,1707.0,10.0,17616.0,Wallet,Expense 2410,Medical Store,Mumbai
2411,2025-05-02,Travel,9562.0,3.0,23152.0,Cash,Expense 2411,Reliance Fresh,Mumbai
2412,2025-04-17,Entertainment,6270.0,6.0,45807.0,UPI,Expense 2412,,Pune
2413,2025-03-19,Bills,7768.0,14.0,31492.0,Credit Card,Expense 2413,Reliance Fresh,Surat
2414,2025-06-07,Education,14292.0,10.0,44672.0,Credit Card,Expense 2414,Flipkart,Surat
2415,2025-10-05,Fuel,15914.0,15.0,44021.0,Credit Card,Expense 2415,,Mumbai
2416,2025-08-24,Fuel,14926.0,14.0,7011.0,Net Banking,Expense 2416,Medical Store,Jaipur
2417,2025-05-17,Groceries,15484.0,5.0,59291.0,Wallet,Expense 2417,Zomato,Hyderabad
2418,2025-06-02,Travel,18745.0,3.0,21432.0,UPI,Expense 2418,Swiggy,Jaipur
2419,2025-03-25,Travel,14793.0,10.0,32673.0,UPI,Expense 2419,Flipkart,Jaipur
2420,2025-12-05,Transport,11158.0,2.0,19674.0,Wallet,Expense 2420,Swiggy,Hyderabad
2421,2025-09-23,Transport,14974.0,5.0,36010.0,Cash,Expense 2421,Medical Store,Surat
2422,2025-04-20,Fuel,2156.0,15.0,49045.0,Wallet,Expense 2422,DMart,Jaipur
2423,2025-05-14,Education,,6.0,7937.0,Net Banking,Expense 2423,Amazon,Jaipur
2424,2025-12-18,Fuel,7171.0,2.0,24950.0,UPI,Expense 2424,,Delhi
2425,2025-07-23,Groceries,3077.0,1.0,25071.0,UPI,Expense 2425,Amazon,Vadodara
2426,2025-08-01,Transport,8515.0,6.0,,Wallet,Expense 2426,Reliance Fresh,Mumbai
2427,2025-03-03,Bills,8250.0,2.0,32165.0,Wallet,Expense 2427,Zomato,Bangalore
2428,2025-04-07,Groceries,7107.0,15.0,53962.0,Wallet,Expense 2428,Reliance Fresh,Rajkot
2429,2025-06-09,Shopping,15435.0,2.0,55750.0,UPI,Expense 2429,Zomato,Pune
2430,2025-12-18,Health,2377.0,13.0,15888.0,Credit Card,Expense 2430,Amazon,Surat
2431,2025-06-15,Medical,6570.0,9.0,16380.0,Credit Card,Expense 2431,Ola,Rajkot
2432,2025-01-07,Shopping,144.0,11.0,23898.0,Credit Card,Expense 2432,Reliance Fresh,Jaipur
2433,2025-10-03,Shopping,8810.0,,27724.0,Credit Card,Expense 2433,Uber,Vadodara
2434,2025-08-16,Medical,19148.0,11.0,40799.0,Credit Card,Expense 2434,Zomato,Ahmedabad
2435,2025-02-12,Bills,5860.0,5.0,27586.0,Cash,Expense 2435,Reliance Fresh,Hyderabad
2436,2025-08-08,Groceries,12508.0,,11046.0,Wallet,Expense 2436,Amazon,Rajkot
2437,2025-12-08,Food,,,20453.0,Wallet,Expense 2437,Zomato,Pune
2438,2025-08-17,Health,19900.0,7.0,20319.0,Debit Card,Expense 2438,DMart,Pune
2439,2025-05-26,Groceries,3716.0,14.0,49475.0,UPI,Expense 2439,,Surat
2440,2025-11-07,Medical,6492.0,7.0,9839.0,Wallet,Expense 2440,Big Bazaar,Jaipur
2441,2025-12-22,Entertainment,,4.0,53663.0,Cash,Expense 2441,Swiggy,Vadodara
2442,2025-11-01,Fuel,7603.0,15.0,38070.0,Cash,Expense 2442,DMart,Mumbai
2443,2025-02-12,Rent,8777.0,4.0,20614.0,UPI,Expense 2443,Medical Store,Pune
2444,2025-11-24,Fuel,8528.0,13.0,24301.0,Credit Card,Expense 2444,Swiggy,Rajkot
2445,2025-03-16,Medical,19940.0,5.0,,UPI,Expense 2445,Amazon,Vadodara
2446,2025-08-11,Travel,19313.0,5.0,17362.0,Net Banking,Expense 2446,Medical Store,Delhi
2447,2025-09-09,Health,9975.0,3.0,24173.0,UPI,Expense 2447,Swiggy,Bangalore
2448,2025-03-17,Shopping,4928.0,11.0,46678.0,Credit Card,Expense 2448,Swiggy,Vadodara
2449,2025-07-16,Travel,10699.0,10.0,51575.0,UPI,Expense 2449,Medical Store,Rajkot
2450,2025-11-17,Travel,5138.0,13.0,52860.0,Cash,Expense 2450,,Bangalore
2451,2025-09-26,Food,6065.0,11.0,44241.0,Cash,,Ola,Ahmedabad
2452,2025-09-12,Medical,11658.0,5.0,19344.0,Net Banking,Expense 2452,Big Bazaar,Vadodara
2453,2025-10-23,Groceries,18637.0,11.0,46816.0,Wallet,Expense 2453,Big Bazaar,Bangalore
2454,2025-03-18,Education,6399.0,15.0,33059.0,Debit Card,Expense 2454,Uber,Ahmedabad
2455,2025-09-24,Education,16281.0,12.0,10524.0,Debit Card,Expense 2455,Ola,Ahmedabad
2456,2025-09-14,Transport,16291.0,1.0,16983.0,UPI,Expense 2456,Reliance Fresh,Delhi
2457,2025-07-26,Entertainment,,13.0,10099.0,Cash,Expense 2457,Amazon,Pune
2458,2025-11-07,Travel,15870.0,7.0,28305.0,Net Banking,Expense 2458,Zomato,Delhi
2459,2025-07-19,Health,988.0,1.0,27627.0,UPI,Expense 2459,Zomato,Rajkot
2460,2025-10-04,Health,,4.0,31083.0,Debit Card,Expense 2460,DMart,Rajkot
2461,2025-09-11,Rent,3156.0,7.0,44329.0,Debit Card,Expense 2461,DMart,Rajkot
2462,2025-01-19,Rent,11418.0,15.0,45959.0,Wallet,Expense 2462,Ola,Jaipur
2463,2025-02-27,Entertainment,12170.0,12.0,13638.0,Debit Card,Expense 2463,Medical Store,Ahmedabad
2464,2025-03-07,Education,8547.0,8.0,36348.0,Credit Card,Expense 2464,Flipkart,Delhi
2465,2025-06-04,Education,18582.0,,6178.0,UPI,Expense 2465,Reliance Fresh,Surat
2466,2025-05-02,Food,2216.0,10.0,49743.0,Debit Card,Expense 2466,Medical Store,Vadodara
2467,2025-07-22,Health,6897.0,1.0,33966.0,Cash,Expense 2467,Flipkart,Delhi
2468,2025-03-08,Food,14155.0,1.0,48256.0,Credit Card,Expense 2468,Big Bazaar,Delhi
2469,2025-09-17,Fuel,14704.0,,42178.0,Wallet,Expense 2469,Reliance Fresh,Mumbai
2470,2025-03-24,Education,4183.0,7.0,6770.0,Credit Card,Expense 2470,Amazon,Ahmedabad
2471,2025-03-04,Rent,16211.0,14.0,22702.0,UPI,Expense 2471,Flipkart,Ahmedabad
2472,2025-09-10,Health,13938.0,12.0,42495.0,Wallet,Expense 2472,Uber,Surat
2473,2025-02-05,Food,,10.0,46012.0,Wallet,Expense 2473,Medical Store,Hyderabad
2474,2025-07-10,Food,5487.0,1.0,40658.0,Debit Card,Expense 2474,Zomato,Hyderabad
2475,2025-04-08,Shopping,2959.0,10.0,16870.0,Net Banking,Expense 2475,Amazon,Rajkot
2476,2025-04-27,Fuel,930.0,9.0,37742.0,Wallet,Expense 2476,Zomato,Mumbai
2477,2025-03-24,Shopping,13774.0,10.0,21409.0,Credit Card,Expense 2477,Amazon,Vadodara
2478,2025-03-19,Entertainment,15050.0,1.0,28518.0,Debit Card,Expense 2478,Amazon,Hyderabad
2479,2025-02-01,Entertainment,4049.0,13.0,55483.0,Debit Card,Expense 2479,Zomato,Surat
2480,2025-07-13,Groceries,622.0,2.0,23518.0,UPI,Expense 2480,Reliance Fresh,Pune
2481,2025-07-28,Education,9948.0,1.0,36776.0,Net Banking,Expense 2481,Uber,Mumbai
2482,2025-06-28,Food,17179.0,4.0,33152.0,UPI,Expense 2482,Medical Store,Jaipur
2483,2025-03-22,Fuel,15237.0,,41247.0,UPI,Expense 2483,Flipkart,Delhi
2484,2025-05-22,Health,4570.0,12.0,9898.0,Debit Card,Expense 2484,Medical Store,Ahmedabad
2485,2025-05-12,Bills,18225.0,8.0,21720.0,Cash,Expense 2485,Reliance Fresh,Mumbai
2486,2025-12-19,Rent,13663.0,5.0,,Debit Card,Expense 2486,DMart,Delhi
2487,2025-02-28,Entertainment,17435.0,12.0,19772.0,Net Banking,Expense 2487,Medical Store,Jaipur
2488,2025-03-16,Travel,,11.0,50157.0,UPI,,Reliance Fresh,Surat
2489,2025-01-06,Food,4959.0,13.0,37131.0,Net Banking,Expense 2489,Amazon,Vadodara
2490,2025-02-07,Transport,11366.0,,39216.0,UPI,Expense 2490,Ola,Vadodara
2491,2025-03-07,Transport,9887.0,13.0,11621.0,Debit Card,Expense 2491,Ola,Ahmedabad
2492,2025-05-01,Travel,2022.0,8.0,24752.0,Debit Card,Expense 2492,Uber,Pune
2493,2025-05-27,Health,18800.0,3.0,38026.0,Cash,Expense 2493,Ola,Mumbai
2494,2025-03-16,Rent,11199.0,12.0,29979.0,UPI,Expense 2494,Swiggy,Rajkot
2495,2025-12-08,Shopping,6304.0,13.0,12314.0,UPI,Expense 2495,Big Bazaar,Pune
2496,2025-12-04,Health,9763.0,4.0,15392.0,Credit Card,Expense 2496,Big Bazaar,Pune
2497,2025-09-20,Transport,15272.0,3.0,11596.0,Debit Card,Expense 2497,Big Bazaar,Vadodara
2498,2025-03-18,Education,17681.0,5.0,42788.0,Debit Card,Expense 2498,Ola,Jaipur
2499,2025-12-11,Rent,2889.0,5.0,50406.0,Debit Card,Expense 2499,Uber,Vadodara
2500,2025-06-13,Fuel,4187.0,10.0,54822.0,Cash,Expense 2500,Reliance Fresh,Delhi
2501,2025-10-27,Food,,1.0,53367.0,Debit Card,Expense 2501,Flipkart,Jaipur
2502,2025-01-11,Food,5208.0,6.0,31492.0,UPI,Expense 2502,Flipkart,Delhi
2503,2025-08-26,Transport,8567.0,2.0,29325.0,Credit Card,,Medical Store,Jaipur
2504,2025-11-03,Medical,16181.0,,17390.0,Wallet,Expense 2504,Uber,Jaipur
2505,2025-08-16,Transport,,4.0,25591.0,Credit Card,Expense 2505,Zomato,Hyderabad
2506,2025-08-03,Bills,7640.0,13.0,36221.0,Credit Card,Expense 2506,Medical Store,Hyderabad
2507,2025-02-10,Rent,2034.0,6.0,55801.0,Cash,Expense 2507,Big Bazaar,Hyderabad
2508,2025-07-28,Food,,11.0,8524.0,Wallet,Expense 2508,Swiggy,Pune
2509,2025-08-05,Rent,,1.0,20921.0,UPI,Expense 2509,Flipkart,Hyderabad
2510,2025-02-05,Education,10381.0,4.0,17292.0,Net Banking,Expense 2510,Amazon,Surat
2511,2025-08-27,Transport,18149.0,10.0,5932.0,Cash,Expense 2511,Flipkart,Surat
2512,2025-12-10,Food,96.0,4.0,50715.0,Cash,,Amazon,Rajkot
2513,2025-07-17,Rent,925.0,13.0,38164.0,Debit Card,Expense 2513,Ola,Vadodara
2514,2025-07-01,Health,19619.0,10.0,46223.0,UPI,Expense 2514,Zomato,Pune
2515,2025-03-11,Food,6415.0,10.0,11052.0,Net Banking,Expense 2515,Reliance Fresh,Bangalore
2516,2025-02-24,Transport,19380.0,9.0,5248.0,Cash,Expense 2516,Ola,Mumbai
2517,2025-12-07,Bills,264.0,1.0,,Net Banking,Expense 2517,Flipkart,Jaipur
2518,2025-11-14,Food,3618.0,7.0,15020.0,Wallet,Expense 2518,Zomato,Ahmedabad
2519,2025-09-15,Shopping,523.0,9.0,47490.0,Credit Card,Expense 2519,Big Bazaar,Surat
2520,2025-03-10,Transport,6917.0,7.0,12879.0,Debit Card,Expense 2520,Flipkart,Pune
2521,2025-08-14,Education,1583.0,13.0,23661.0,Debit Card,Expense 2521,Medical Store,Vadodara
2522,2025-12-25,Entertainment,16110.0,14.0,28185.0,Credit Card,Expense 2522,,Bangalore
2523,2025-06-09,Medical,4398.0,15.0,,UPI,Expense 2523,Amazon,Ahmedabad
2524,2025-07-02,Shopping,6879.0,3.0,29214.0,Cash,Expense 2524,Medical Store,Bangalore
2525,2025-11-13,Food,2807.0,15.0,48648.0,Wallet,Expense 2525,Ola,Rajkot
2526,2025-09-02,Transport,11814.0,1.0,53084.0,Wallet,Expense 2526,Uber,Delhi
2527,2025-12-20,Health,4911.0,7.0,15245.0,Cash,Expense 2527,Big Bazaar,Mumbai
2528,2025-08-05,Entertainment,,10.0,41723.0,Wallet,Expense 2528,Flipkart,Pune
2529,2025-07-15,Entertainment,2653.0,1.0,13124.0,Net Banking,Expense 2529,Medical Store,Delhi
2530,2025-08-21,Rent,13437.0,4.0,46414.0,UPI,Expense 2530,Ola,Mumbai
2531,2025-03-01,Entertainment,11808.0,9.0,25817.0,Credit Card,Expense 2531,Swiggy,Surat
2532,2025-08-16,Transport,9423.0,14.0,58871.0,Cash,Expense 2532,Medical Store,Vadodara
2533,2025-06-28,Entertainment,19061.0,9.0,39925.0,UPI,Expense 2533,Amazon,Surat
2534,2025-09-03,Health,19277.0,2.0,54476.0,Debit Card,Expense 2534,Swiggy,Surat
2535,2025-05-13,Entertainment,2036.0,3.0,6046.0,Credit Card,Expense 2535,Reliance Fresh,Pune
2536,2025-07-26,Transport,1156.0,3.0,6184.0,Net Banking,Expense 2536,Flipkart,Mumbai
2537,2025-04-11,Medical,16052.0,14.0,59266.0,Debit Card,Expense 2537,Uber,Bangalore
2538,2025-03-15,Travel,14263.0,8.0,12023.0,Debit Card,Expense 2538,Uber,Jaipur
2539,2025-09-09,Fuel,1117.0,11.0,7709.0,UPI,Expense 2539,Flipkart,Bangalore
2540,2025-09-04,Transport,19967.0,7.0,9531.0,UPI,Expense 2540,Reliance Fresh,Bangalore
2541,2025-01-16,Medical,6371.0,4.0,6464.0,Wallet,Expense 2541,Ola,Pune
2542,2025-10-26,Travel,15763.0,2.0,12913.0,Wallet,Expense 2542,Medical Store,Ahmedabad
2543,2025-06-04,Rent,14770.0,1.0,17312.0,Cash,Expense 2543,Reliance Fresh,Jaipur
2544,2025-07-27,Medical,4630.0,9.0,51948.0,Net Banking,Expense 2544,Ola,Mumbai
2545,2025-05-05,Shopping,1858.0,14.0,58519.0,UPI,Expense 2545,DMart,Rajkot
2546,2025-04-04,Education,18653.0,4.0,53166.0,Debit Card,Expense 2546,Ola,Pune
2547,2025-07-26,Shopping,18612.0,2.0,54299.0,Debit Card,Expense 2547,Flipkart,Jaipur
2548,2025-04-04,Rent,102.0,,33843.0,Credit Card,Expense 2548,DMart,Mumbai
2549,2025-11-02,Rent,19345.0,1.0,14318.0,Cash,Expense 2549,Swiggy,Surat
2550,2025-08-28,Shopping,5263.0,6.0,37357.0,Credit Card,Expense 2550,Big Bazaar,Pune
2551,2025-02-10,Medical,6204.0,10.0,44375.0,Debit Card,Expense 2551,Reliance Fresh,Pune
2552,2025-06-27,Food,15829.0,3.0,29469.0,Net Banking,Expense 2552,Swiggy,Surat
2553,2025-05-10,Food,7972.0,1.0,12682.0,UPI,,Medical Store,Rajkot
2554,2025-02-15,Medical,3926.0,4.0,25650.0,Net Banking,,Medical Store,Ahmedabad
2555,2025-03-17,Rent,17106.0,7.0,23918.0,Wallet,Expense 2555,Zomato,Bangalore
2556,2025-01-27,Groceries,10156.0,5.0,58026.0,Debit Card,Expense 2556,DMart,Ahmedabad
2557,2025-11-19,Medical,18817.0,4.0,9403.0,Debit Card,Expense 2557,Zomato,Bangalore
2558,2025-06-14,Education,18227.0,,6553.0,Debit Card,Expense 2558,Amazon,Bangalore
2559,2025-12-28,Travel,9347.0,3.0,7602.0,Credit Card,Expense 2559,Medical Store,Delhi
2560,2025-04-11,Health,9180.0,4.0,33303.0,Cash,Expense 2560,Zomato,Mumbai
2561,2025-10-15,Travel,193.0,11.0,26722.0,Net Banking,Expense 2561,Medical Store,Jaipur
2562,2025-08-18,Rent,18359.0,9.0,28544.0,Wallet,Expense 2562,Big Bazaar,Rajkot
2563,2025-10-19,Travel,,2.0,,UPI,Expense 2563,Zomato,Pune
2564,2025-11-22,Bills,6897.0,11.0,44575.0,Debit Card,Expense 2564,Zomato,Bangalore
2565,2025-11-10,Groceries,13037.0,4.0,27494.0,Credit Card,,Amazon,Delhi
2566,2025-03-10,Bills,16669.0,15.0,15452.0,Cash,Expense 2566,Medical Store,Ahmedabad
2567,2025-11-24,Rent,18628.0,,35896.0,Cash,Expense 2567,Amazon,Bangalore
2568,2025-04-22,Travel,6093.0,3.0,42867.0,Cash,Expense 2568,Ola,Jaipur
2569,2025-08-19,Travel,7890.0,11.0,58854.0,Credit Card,Expense 2569,Ola,Hyderabad
2570,2025-01-09,Education,7711.0,15.0,18218.0,Debit Card,Expense 2570,Swiggy,Vadodara
2571,2025-01-16,Health,15023.0,4.0,,Net Banking,Expense 2571,DMart,Hyderabad
2572,2025-04-08,Food,,9.0,5776.0,Credit Card,Expense 2572,Uber,Vadodara
2573,2025-06-03,Rent,4319.0,14.0,38167.0,Net Banking,Expense 2573,Medical Store,Surat
2574,2025-04-10,Rent,7029.0,6.0,18113.0,Debit Card,Expense 2574,Amazon,Mumbai
2575,2025-06-07,Groceries,3957.0,7.0,30285.0,Net Banking,,Zomato,Rajkot
2576,2025-05-03,Shopping,19106.0,9.0,26553.0,Debit Card,Expense 2576,Uber,Delhi
2577,2025-07-28,Groceries,4219.0,15.0,45838.0,UPI,Expense 2577,Big Bazaar,Jaipur
2578,2025-06-11,Entertainment,3485.0,2.0,55694.0,Cash,Expense 2578,Uber,Jaipur
2579,2025-12-26,Groceries,,12.0,40258.0,Debit Card,Expense 2579,Swiggy,Rajkot
2580,2025-05-01,Shopping,15904.0,12.0,14135.0,UPI,Expense 2580,Big Bazaar,Delhi
2581,2025-11-13,Groceries,18157.0,8.0,42660.0,Cash,Expense 2581,DMart,Hyderabad
2582,2025-12-22,Bills,724.0,6.0,35153.0,Debit Card,Expense 2582,Swiggy,Mumbai
2583,2025-04-25,Transport,15283.0,11.0,37317.0,Cash,Expense 2583,Big Bazaar,Mumbai
2584,2025-03-11,Entertainment,6182.0,13.0,7544.0,UPI,Expense 2584,Flipkart,Rajkot
2585,2025-03-16,Education,19542.0,7.0,24290.0,Cash,Expense 2585,Amazon,Mumbai
2586,2025-11-18,Health,5540.0,3.0,52446.0,Debit Card,Expense 2586,Medical Store,Mumbai
2587,2025-02-28,Health,282.0,6.0,5928.0,UPI,Expense 2587,Zomato,Bangalore
2588,2025-11-06,Travel,2247.0,12.0,58286.0,UPI,Expense 2588,Uber,Pune
2589,2025-01-20,Health,5403.0,3.0,17534.0,Credit Card,Expense 2589,Reliance Fresh,Vadodara
2590,2025-09-06,Education,13384.0,1.0,43832.0,Net Banking,Expense 2590,Reliance Fresh,Bangalore
2591,2025-08-05,Fuel,5962.0,9.0,59115.0,Net Banking,Expense 2591,Zomato,Pune
2592,2025-12-23,Medical,14575.0,10.0,52335.0,UPI,Expense 2592,Reliance Fresh,Jaipur
2593,2025-04-03,Transport,15969.0,2.0,7102.0,Wallet,Expense 2593,Zomato,Vadodara
2594,2025-11-27,Health,2149.0,5.0,28517.0,UPI,Expense 2594,DMart,Delhi
2595,2025-01-28,Food,7553.0,7.0,23341.0,Net Banking,,Medical Store,Bangalore
2596,2025-04-23,Rent,3697.0,,13901.0,Debit Card,Expense 2596,Uber,Mumbai
2597,2025-08-08,Health,17061.0,3.0,,Wallet,Expense 2597,Flipkart,Bangalore
2598,2025-12-04,Transport,7776.0,6.0,11301.0,UPI,Expense 2598,Flipkart,Bangalore
2599,2025-05-02,Shopping,5697.0,13.0,8828.0,Net Banking,,Uber,Bangalore
2600,2025-09-01,Groceries,9559.0,4.0,50356.0,Debit Card,Expense 2600,Swiggy,Vadodara
2601,2025-11-23,Travel,3856.0,6.0,16634.0,Wallet,Expense 2601,Swiggy,Surat
2602,2025-08-25,Groceries,13105.0,14.0,7237.0,Credit Card,Expense 2602,,Rajkot
2603,2025-08-01,Rent,14140.0,5.0,13643.0,Wallet,Expense 2603,Zomato,Vadodara
2604,2025-08-19,Health,7283.0,4.0,34672.0,Net Banking,Expense 2604,Reliance Fresh,Jaipur
2605,2025-12-25,Entertainment,18869.0,14.0,26846.0,Cash,Expense 2605,Reliance Fresh,Ahmedabad
2606,2025-12-11,Rent,12402.0,14.0,41866.0,UPI,Expense 2606,,Ahmedabad
2607,2025-06-19,Health,16281.0,11.0,23227.0,Wallet,Expense 2607,Big Bazaar,Hyderabad
2608,2025-02-25,Education,9621.0,5.0,9991.0,Credit Card,Expense 2608,Big Bazaar,Jaipur
2609,2025-04-25,Fuel,7929.0,12.0,6294.0,UPI,Expense 2609,Uber,Pune
2610,2025-09-11,Bills,2438.0,4.0,46048.0,Net Banking,,Big Bazaar,Mumbai
2611,2025-04-28,Rent,3738.0,9.0,57047.0,Cash,Expense 2611,Big Bazaar,Vadodara
2612,2025-10-19,Travel,16328.0,5.0,50760.0,UPI,Expense 2612,Zomato,Rajkot
2613,2025-01-17,Medical,,1.0,34318.0,Cash,Expense 2613,Reliance Fresh,Bangalore
2614,2025-06-27,Health,16721.0,4.0,8061.0,Cash,Expense 2614,DMart,Delhi
2615,2025-04-19,Education,19518.0,12.0,15989.0,Net Banking,Expense 2615,Swiggy,Jaipur
2616,2025-01-11,Rent,11147.0,6.0,43385.0,Wallet,Expense 2616,Amazon,Rajkot
2617,2025-07-18,Food,17759.0,10.0,24666.0,Credit Card,Expense 2617,Uber,Hyderabad
2618,2025-04-20,Entertainment,6848.0,6.0,52366.0,Credit Card,Expense 2618,Reliance Fresh,Surat
2619,2025-07-23,Groceries,3543.0,4.0,57595.0,UPI,Expense 2619,DMart,Bangalore
2620,2025-02-24,Education,2229.0,4.0,32454.0,UPI,Expense 2620,Zomato,Delhi
2621,2025-05-26,Entertainment,4630.0,2.0,56776.0,Net Banking,Expense 2621,Swiggy,Vadodara
2622,2025-03-17,Entertainment,15065.0,15.0,26028.0,UPI,Expense 2622,Uber,Ahmedabad
2623,2025-08-08,Food,17886.0,4.0,22521.0,Credit Card,Expense 2623,DMart,Hyderabad
2624,2025-10-01,Health,15515.0,11.0,42245.0,Wallet,Expense 2624,Zomato,Hyderabad
2625,2025-02-20,Medical,12377.0,8.0,11079.0,Credit Card,Expense 2625,DMart,Delhi
2626,2025-08-09,Travel,5439.0,12.0,10065.0,Debit Card,Expense 2626,Medical Store,Jaipur
2627,2025-12-14,Health,18971.0,10.0,44472.0,Debit Card,Expense 2627,Amazon,Vadodara
2628,2025-04-02,Entertainment,4379.0,2.0,45395.0,Wallet,Expense 2628,,Surat
2629,2025-07-14,Groceries,,11.0,36616.0,Cash,Expense 2629,Swiggy,Delhi
2630,2025-08-19,Fuel,12606.0,1.0,52512.0,Credit Card,Expense 2630,Ola,Hyderabad
2631,2025-04-28,Bills,,,10609.0,Wallet,,Big Bazaar,Pune
2632,2025-09-17,Education,9818.0,11.0,5275.0,Credit Card,Expense 2632,,Pune
2633,2025-12-14,Health,12893.0,1.0,16957.0,Net Banking,,Ola,Delhi
2634,2025-08-04,Transport,5102.0,5.0,51672.0,Cash,Expense 2634,Flipkart,Ahmedabad
2635,2025-01-26,Transport,4629.0,4.0,35084.0,Cash,Expense 2635,Flipkart,Rajkot
2636,2025-04-27,Entertainment,13192.0,7.0,53093.0,Net Banking,Expense 2636,Flipkart,Delhi
2637,2025-04-23,Entertainment,9922.0,13.0,,Cash,Expense 2637,Big Bazaar,Pune
2638,2025-01-05,Shopping,13095.0,2.0,13805.0,Debit Card,Expense 2638,Medical Store,Hyderabad
2639,2025-05-26,Health,7472.0,12.0,46919.0,Net Banking,Expense 2639,Amazon,Hyderabad
2640,2025-11-21,Entertainment,19939.0,2.0,53087.0,Debit Card,Expense 2640,Uber,Jaipur
2641,2025-11-15,Travel,15743.0,1.0,35333.0,Debit Card,Expense 2641,Medical Store,Pune
2642,2025-05-17,Shopping,3961.0,7.0,54627.0,Credit Card,Expense 2642,Uber,Mumbai
2643,2025-09-14,Food,18196.0,11.0,30717.0,UPI,Expense 2643,Swiggy,Jaipur
2644,2025-02-10,Bills,16905.0,10.0,14140.0,Credit Card,Expense 2644,Medical Store,Delhi
2645,2025-05-02,Food,4865.0,9.0,28556.0,Cash,,DMart,Jaipur
2646,2025-04-04,Rent,16137.0,,,UPI,Expense 2646,DMart,Rajkot
2647,2025-10-07,Health,13556.0,13.0,55470.0,Debit Card,Expense 2647,Ola,Mumbai
2648,2025-10-11,Food,12516.0,10.0,13016.0,Net Banking,Expense 2648,Uber,Pune
2649,2025-10-12,Travel,5376.0,3.0,27242.0,Wallet,Expense 2649,DMart,Delhi
2650,2025-07-14,Education,19971.0,15.0,46908.0,Wallet,Expense 2650,Zomato,Pune
2651,2025-01-12,Rent,16827.0,6.0,43171.0,Credit Card,Expense 2651,DMart,Jaipur
2652,2025-09-17,Health,15273.0,11.0,30399.0,Cash,Expense 2652,Ola,Mumbai
2653,2025-03-07,Entertainment,18188.0,2.0,46782.0,Credit Card,Expense 2653,Zomato,Jaipur
2654,2025-09-16,Transport,8016.0,13.0,40300.0,Net Banking,Expense 2654,Amazon,Delhi
2655,2025-06-18,Medical,15427.0,3.0,,UPI,Expense 2655,Ola,Jaipur
2656,2025-01-08,Food,15690.0,15.0,50978.0,Cash,Expense 2656,Medical Store,Jaipur
2657,2025-01-26,Entertainment,14591.0,10.0,54479.0,Wallet,Expense 2657,Big Bazaar,Pune
2658,2025-10-05,Education,2023.0,8.0,55007.0,Net Banking,Expense 2658,Reliance Fresh,Jaipur
2659,2025-02-14,Entertainment,17708.0,7.0,57193.0,Wallet,Expense 2659,Uber,Surat
2660,2025-10-27,Fuel,5554.0,7.0,37372.0,Cash,Expense 2660,Big Bazaar,Vadodara
2661,2025-11-02,Transport,17541.0,8.0,55284.0,UPI,Expense 2661,Zomato,Hyderabad
2662,2025-06-26,Education,4268.0,7.0,55740.0,UPI,Expense 2662,,Mumbai
2663,2025-04-11,Entertainment,,6.0,42457.0,Net Banking,Expense 2663,,Surat
2664,2025-01-27,Transport,18275.0,3.0,25002.0,Debit Card,Expense 2664,Swiggy,Delhi
2665,2025-10-10,Education,5816.0,,57721.0,Credit Card,Expense 2665,Reliance Fresh,Mumbai
2666,2025-04-10,Travel,,14.0,,UPI,Expense 2666,Big Bazaar,Delhi
2667,2025-03-13,Medical,2222.0,13.0,17806.0,UPI,Expense 2667,Zomato,Rajkot
2668,2025-06-14,Education,13177.0,7.0,12903.0,UPI,Expense 2668,Reliance Fresh,Hyderabad
2669,2025-02-07,Bills,18737.0,12.0,55232.0,Cash,Expense 2669,Big Bazaar,Hyderabad
2670,2025-09-16,Shopping,11434.0,13.0,14038.0,Wallet,Expense 2670,Big Bazaar,Jaipur
2671,2025-10-14,Shopping,16117.0,8.0,58178.0,UPI,Expense 2671,Zomato,Bangalore
2672,2025-09-21,Travel,10327.0,8.0,12347.0,UPI,Expense 2672,Big Bazaar,Rajkot
2673,2025-02-11,Bills,10356.0,11.0,34589.0,Wallet,Expense 2673,Flipkart,Pune
2674,2025-11-18,Entertainment,13907.0,6.0,6977.0,Credit Card,Expense 2674,DMart,Rajkot
2675,2025-03-09,Travel,4572.0,2.0,,Wallet,Expense 2675,Medical Store,Hyderabad
2676,2025-07-17,Education,19880.0,4.0,21081.0,Net Banking,Expense 2676,Flipkart,Pune
2677,2025-03-24,Education,13896.0,12.0,5629.0,Credit Card,Expense 2677,Amazon,Rajkot
2678,2025-01-07,Travel,14652.0,,27035.0,Wallet,Expense 2678,Big Bazaar,Delhi
2679,2025-08-01,Food,14501.0,6.0,54766.0,Wallet,Expense 2679,Ola,Delhi
2680,2025-11-14,Bills,10247.0,3.0,59759.0,Credit Card,,Uber,Surat
2681,2025-02-17,Travel,17557.0,9.0,47094.0,UPI,Expense 2681,Uber,Ahmedabad
2682,2025-01-06,Education,12569.0,1.0,44505.0,UPI,Expense 2682,Flipkart,Mumbai
2683,2025-01-15,Transport,5973.0,5.0,32046.0,Cash,Expense 2683,Zomato,Bangalore
2684,2025-05-12,Bills,3570.0,7.0,24879.0,Debit Card,Expense 2684,Amazon,Jaipur
2685,2025-12-07,Medical,17636.0,13.0,47520.0,UPI,Expense 2685,Ola,Hyderabad
2686,2025-07-27,Fuel,6423.0,8.0,10836.0,Debit Card,Expense 2686,Big Bazaar,Hyderabad
2687,2025-03-18,Rent,2231.0,9.0,52302.0,Credit Card,Expense 2687,Reliance Fresh,Hyderabad
2688,2025-08-26,Groceries,6425.0,2.0,,Credit Card,Expense 2688,Uber,Vadodara
2689,2025-04-18,Medical,,8.0,8616.0,Debit Card,Expense 2689,DMart,Surat
2690,2025-09-14,Groceries,12403.0,6.0,57215.0,Cash,Expense 2690,Uber,Ahmedabad
2691,2025-08-14,Shopping,,2.0,31657.0,UPI,Expense 2691,Flipkart,Surat
2692,2025-05-06,Shopping,7723.0,14.0,58201.0,Credit Card,,Swiggy,Delhi
2693,2025-02-03,Travel,5518.0,10.0,45722.0,UPI,Expense 2693,Amazon,Rajkot
2694,2025-07-17,Travel,9384.0,14.0,26705.0,Net Banking,Expense 2694,Swiggy,Bangalore
2695,2025-12-05,Groceries,7224.0,14.0,57860.0,UPI,Expense 2695,,Hyderabad
2696,2025-06-15,Transport,3617.0,,13282.0,Cash,Expense 2696,Reliance Fresh,Hyderabad
2697,2025-07-04,Medical,987.0,7.0,31058.0,UPI,Expense 2697,DMart,Hyderabad
2698,2025-07-28,Medical,15018.0,9.0,11918.0,Net Banking,Expense 2698,Flipkart,Jaipur
2699,2025-08-24,Groceries,13979.0,8.0,20738.0,Credit Card,Expense 2699,Uber,Vadodara
2700,2025-10-03,Entertainment,7928.0,10.0,9854.0,UPI,Expense 2700,,Hyderabad
2701,2025-02-28,Health,2994.0,5.0,21167.0,Credit Card,Expense 2701,Amazon,Ahmedabad
2702,2025-07-02,Groceries,11519.0,14.0,,UPI,Expense 2702,Big Bazaar,Bangalore
2703,2025-07-25,Travel,10763.0,15.0,27009.0,Cash,Expense 2703,Reliance Fresh,Hyderabad
2704,2025-11-25,Bills,,14.0,8714.0,Credit Card,Expense 2704,Medical Store,Pune
2705,2025-11-03,Travel,8594.0,,56914.0,Net Banking,Expense 2705,Uber,Mumbai
2706,2025-08-01,Education,6074.0,15.0,32177.0,Net Banking,Expense 2706,Uber,Ahmedabad
2707,2025-03-11,Groceries,15035.0,7.0,34814.0,Credit Card,Expense 2707,Uber,Jaipur
2708,2025-10-25,Transport,16151.0,3.0,31987.0,Wallet,Expense 2708,Zomato,Pune
2709,2025-07-27,Rent,14309.0,15.0,7950.0,Net Banking,Expense 2709,Ola,Mumbai
2710,2025-04-06,Health,2762.0,12.0,34606.0,Cash,Expense 2710,Medical Store,Ahmedabad
2711,2025-01-14,Fuel,14398.0,2.0,43847.0,Credit Card,Expense 2711,Ola,Surat
2712,2025-07-16,Education,4063.0,4.0,23224.0,Debit Card,Expense 2712,Reliance Fresh,Surat
2713,2025-11-14,Shopping,12869.0,8.0,,Credit Card,,Ola,Delhi
2714,2025-10-24,Rent,1010.0,1.0,,UPI,Expense 2714,Uber,Rajkot
2715,2025-05-14,Food,9865.0,10.0,24410.0,Wallet,Expense 2715,Zomato,Pune
2716,2025-10-11,Medical,12969.0,3.0,7979.0,Wallet,Expense 2716,Uber,Surat
2717,2025-04-03,Groceries,1357.0,9.0,48687.0,UPI,Expense 2717,Ola,Pune
2718,2025-02-19,Transport,19952.0,8.0,45901.0,Cash,Expense 2718,Reliance Fresh,Pune
2719,2025-07-04,Health,13507.0,14.0,11932.0,Cash,Expense 2719,,Hyderabad
2720,2025-05-24,Fuel,7159.0,10.0,32042.0,Cash,Expense 2720,Big Bazaar,Surat
2721,2025-04-20,Education,18867.0,10.0,26520.0,Credit Card,Expense 2721,Swiggy,Ahmedabad
2722,2025-01-09,Bills,2056.0,,,Net Banking,Expense 2722,Amazon,Surat
2723,2025-09-23,Travel,12860.0,6.0,9431.0,Debit Card,Expense 2723,Flipkart,Vadodara
2724,2025-10-15,Entertainment,19984.0,13.0,45221.0,Wallet,Expense 2724,Ola,Rajkot
2725,2025-11-26,Food,2156.0,3.0,9612.0,Wallet,Expense 2725,Amazon,Pune
2726,2025-05-08,Entertainment,17995.0,1.0,22862.0,Debit Card,Expense 2726,Uber,Ahmedabad
2727,2025-11-23,Groceries,10918.0,1.0,10692.0,Wallet,Expense 2727,Reliance Fresh,Pune
2728,2025-05-27,Medical,5567.0,11.0,23622.0,Wallet,Expense 2728,DMart,Surat
2729,2025-05-24,Medical,5027.0,10.0,49722.0,Cash,Expense 2729,Ola,Rajkot
2730,2025-09-10,Groceries,2127.0,3.0,59089.0,Cash,Expense 2730,Swiggy,Bangalore
2731,2025-03-25,Entertainment,3740.0,1.0,22754.0,Cash,Expense 2731,Zomato,Mumbai
2732,2025-08-24,Medical,2617.0,2.0,56125.0,Credit Card,Expense 2732,Big Bazaar,Delhi
2733,2025-02-08,Education,12826.0,11.0,,Cash,Expense 2733,Reliance Fresh,Bangalore
2734,2025-05-02,Food,16688.0,7.0,21326.0,Credit Card,Expense 2734,Zomato,Surat
2735,2025-09-04,Education,17582.0,1.0,52570.0,Cash,Expense 2735,Amazon,Jaipur
2736,2025-01-17,Rent,13719.0,10.0,44352.0,Net Banking,Expense 2736,Amazon,Mumbai
2737,2025-12-08,Groceries,9306.0,2.0,12072.0,UPI,Expense 2737,Flipkart,Surat
2738,2025-09-27,Groceries,13752.0,2.0,30500.0,UPI,Expense 2738,Ola,Pune
2739,2025-06-19,Shopping,2387.0,8.0,12664.0,Debit Card,Expense 2739,Amazon,Hyderabad
2740,2025-12-09,Bills,7894.0,13.0,36342.0,Credit Card,Expense 2740,Big Bazaar,Delhi
2741,2025-10-01,Travel,17082.0,8.0,6865.0,Wallet,Expense 2741,Flipkart,Pune
2742,2025-03-11,Health,14886.0,8.0,33493.0,Credit Card,Expense 2742,Flipkart,Bangalore
2743,2025-07-03,Travel,9023.0,13.0,,UPI,Expense 2743,Big Bazaar,Surat
2744,2025-03-18,Travel,17290.0,5.0,12231.0,Cash,Expense 2744,Flipkart,Pune
2745,2025-06-20,Entertainment,9006.0,11.0,58711.0,Credit Card,Expense 2745,Amazon,Rajkot
2746,2025-05-09,Entertainment,18517.0,13.0,,UPI,Expense 2746,,Rajkot
2747,2025-10-23,Food,8802.0,13.0,42819.0,Debit Card,Expense 2747,Reliance Fresh,Jaipur
2748,2025-04-03,Entertainment,15613.0,14.0,39887.0,Debit Card,Expense 2748,Reliance Fresh,Rajkot
2749,2025-05-12,Shopping,9818.0,3.0,15167.0,Wallet,Expense 2749,Swiggy,Rajkot
2750,2025-08-21,Transport,5409.0,6.0,23127.0,Wallet,Expense 2750,DMart,Jaipur
2751,2025-05-09,Groceries,11918.0,6.0,9777.0,UPI,Expense 2751,Zomato,Bangalore
2752,2025-02-22,Groceries,16619.0,9.0,14382.0,Cash,Expense 2752,Big Bazaar,Bangalore
2753,2025-12-04,Fuel,8353.0,11.0,20342.0,Wallet,Expense 2753,Flipkart,Jaipur
2754,2025-05-20,Transport,2544.0,11.0,33053.0,Net Banking,Expense 2754,Uber,Vadodara
2755,2025-09-09,Entertainment,13651.0,6.0,59755.0,Wallet,Expense 2755,Flipkart,Vadodara
2756,2025-01-14,Travel,2895.0,,28822.0,Credit Card,Expense 2756,Swiggy,Bangalore
2757,2025-08-12,Groceries,484.0,13.0,6441.0,Credit Card,Expense 2757,Uber,Mumbai
2758,2025-08-03,Groceries,13714.0,1.0,34461.0,Cash,Expense 2758,DMart,Pune
2759,2025-11-28,Health,8964.0,2.0,54621.0,Credit Card,Expense 2759,Medical Store,Vadodara
2760,2025-01-07,Health,11625.0,4.0,24402.0,Net Banking,Expense 2760,Amazon,Surat
2761,2025-09-17,Education,12484.0,11.0,38180.0,Wallet,Expense 2761,Reliance Fresh,Hyderabad
2762,2025-09-17,Transport,12334.0,1.0,50856.0,Wallet,Expense 2762,DMart,Rajkot
2763,2025-12-24,Rent,1591.0,11.0,16158.0,Cash,Expense 2763,Uber,Jaipur
2764,2025-10-05,Fuel,14712.0,11.0,6574.0,Credit Card,Expense 2764,Amazon,Delhi
2765,2025-07-03,Shopping,14999.0,3.0,22345.0,Net Banking,Expense 2765,Swiggy,Delhi
2766,2025-02-04,Transport,5272.0,4.0,16137.0,Debit Card,Expense 2766,Medical Store,Rajkot
2767,2025-06-02,Rent,,6.0,44616.0,Wallet,Expense 2767,Zomato,Pune
2768,2025-06-08,Rent,16939.0,11.0,12417.0,Net Banking,Expense 2768,Swiggy,Pune
2769,2025-10-26,Entertainment,9897.0,10.0,9318.0,Cash,Expense 2769,Zomato,Jaipur
2770,2025-07-09,Food,15306.0,11.0,43938.0,Debit Card,Expense 2770,Flipkart,Surat
2771,2025-02-24,Education,,12.0,24738.0,Credit Card,Expense 2771,Ola,Ahmedabad
2772,2025-09-13,Shopping,5534.0,10.0,27873.0,Cash,Expense 2772,DMart,Pune
2773,2025-04-27,Groceries,4058.0,10.0,58579.0,Cash,Expense 2773,Zomato,Bangalore
2774,2025-11-02,Entertainment,9474.0,3.0,,Wallet,Expense 2774,DMart,Vadodara
2775,2025-05-16,Medical,17611.0,8.0,29155.0,UPI,Expense 2775,Big Bazaar,Rajkot
2776,2025-11-24,Transport,91.0,,37807.0,Debit Card,Expense 2776,Zomato,Jaipur
2777,2025-09-07,Groceries,9739.0,15.0,8433.0,Cash,Expense 2777,Swiggy,Jaipur
2778,2025-08-16,Transport,10868.0,6.0,29974.0,Credit Card,Expense 2778,Uber,Rajkot
2779,2025-01-18,Travel,18858.0,6.0,22576.0,Debit Card,Expense 2779,Medical Store,Rajkot
2780,2025-01-08,Groceries,5725.0,2.0,,Net Banking,Expense 2780,Uber,Surat
2781,2025-05-26,Rent,6583.0,13.0,39392.0,Wallet,,Flipkart,Ahmedabad
2782,2025-06-03,Bills,7295.0,8.0,6691.0,UPI,,DMart,Hyderabad
2783,2025-03-04,Rent,8565.0,14.0,,UPI,Expense 2783,Reliance Fresh,Hyderabad
2784,2025-03-11,Education,60.0,14.0,24923.0,UPI,Expense 2784,Reliance Fresh,Surat
2785,2025-01-14,Shopping,7602.0,1.0,12608.0,UPI,Expense 2785,Medical Store,Hyderabad
2786,2025-11-09,Health,11363.0,14.0,39959.0,Debit Card,Expense 2786,Big Bazaar,Vadodara
2787,2025-08-19,Bills,8867.0,4.0,36589.0,Debit Card,Expense 2787,Ola,Vadodara
2788,2025-01-12,Health,6012.0,3.0,59954.0,Debit Card,Expense 2788,Medical Store,Ahmedabad
2789,2025-05-03,Health,,11.0,5045.0,Cash,,Zomato,Pune
2790,2025-03-10,Food,17334.0,1.0,16956.0,UPI,Expense 2790,DMart,Hyderabad
2791,2025-11-08,Food,11765.0,3.0,59790.0,Net Banking,Expense 2791,Medical Store,Bangalore
2792,2025-06-13,Shopping,14343.0,12.0,58377.0,Debit Card,Expense 2792,Zomato,Bangalore
2793,2025-12-25,Health,,3.0,19744.0,UPI,Expense 2793,Uber,Mumbai
2794,2025-09-05,Rent,,7.0,9639.0,Net Banking,Expense 2794,,Pune
2795,2025-02-13,Travel,10157.0,5.0,9356.0,Wallet,Expense 2795,Zomato,Ahmedabad
2796,2025-02-28,Medical,16567.0,13.0,,Cash,Expense 2796,Uber,Vadodara
2797,2025-04-24,Transport,9122.0,12.0,33818.0,Cash,Expense 2797,Big Bazaar,Bangalore
2798,2025-10-24,Transport,1087.0,9.0,22323.0,Wallet,,,Ahmedabad
2799,2025-11-21,Fuel,,4.0,22477.0,Debit Card,Expense 2799,Flipkart,Ahmedabad
2800,2025-08-18,Medical,,11.0,46055.0,Credit Card,Expense 2800,Big Bazaar,Hyderabad
2801,2025-12-25,Travel,19781.0,5.0,7598.0,UPI,Expense 2801,Reliance Fresh,Surat
2802,2025-12-24,Food,,2.0,30068.0,Credit Card,Expense 2802,Zomato,Hyderabad
2803,2025-07-28,Fuel,14624.0,2.0,49548.0,UPI,Expense 2803,Medical Store,Surat
2804,2025-09-15,Shopping,19802.0,13.0,37278.0,Cash,Expense 2804,Flipkart,Surat
2805,2025-04-27,Transport,18519.0,4.0,7346.0,Cash,Expense 2805,Ola,Pune
2806,2025-08-12,Groceries,16481.0,15.0,51027.0,Net Banking,Expense 2806,Swiggy,Mumbai
2807,2025-01-11,Bills,,2.0,21019.0,Credit Card,Expense 2807,Swiggy,Rajkot
2808,2025-06-10,Travel,1895.0,4.0,49362.0,Net Banking,Expense 2808,Flipkart,Delhi
2809,2025-08-09,Bills,6883.0,12.0,15645.0,Wallet,Expense 2809,Amazon,Bangalore
2810,2025-01-25,Medical,2286.0,,40614.0,Cash,Expense 2810,Zomato,Rajkot
2811,2025-11-02,Education,1647.0,,17009.0,UPI,Expense 2811,Zomato,Hyderabad
2812,2025-05-09,Travel,2240.0,4.0,37020.0,Cash,Expense 2812,Uber,Rajkot
2813,2025-02-24,Entertainment,6143.0,9.0,9414.0,Debit Card,Expense 2813,Medical Store,Surat
2814,2025-04-21,Transport,1195.0,2.0,46132.0,Debit Card,Expense 2814,,Delhi
2815,2025-08-28,Entertainment,724.0,6.0,7706.0,Wallet,Expense 2815,DMart,Surat
2816,2025-06-04,Groceries,6705.0,8.0,16161.0,Wallet,Expense 2816,DMart,Delhi
2817,2025-06-11,Fuel,18039.0,5.0,13875.0,Wallet,Expense 2817,Zomato,Ahmedabad
2818,2025-07-14,Rent,2793.0,9.0,35328.0,UPI,Expense 2818,DMart,Hyderabad
2819,2025-09-11,Rent,17746.0,12.0,19770.0,Cash,Expense 2819,Reliance Fresh,Pune
2820,2025-11-01,Groceries,10460.0,14.0,14238.0,UPI,Expense 2820,Amazon,Delhi
2821,2025-01-24,Education,9275.0,8.0,19912.0,Debit Card,Expense 2821,Amazon,Hyderabad
2822,2025-03-05,Education,4252.0,14.0,58506.0,Cash,Expense 2822,Ola,Mumbai
2823,2025-12-18,Bills,18173.0,2.0,46001.0,UPI,Expense 2823,Big Bazaar,Rajkot
2824,2025-02-24,Bills,5934.0,2.0,19949.0,Debit Card,Expense 2824,Zomato,Pune
2825,2025-07-06,Medical,7851.0,2.0,56806.0,Debit Card,Expense 2825,DMart,Hyderabad
2826,2025-04-25,Health,1040.0,15.0,12291.0,Cash,Expense 2826,Uber,Vadodara
2827,2025-08-01,Education,8891.0,1.0,42659.0,Credit Card,Expense 2827,DMart,Hyderabad
2828,2025-08-01,Transport,5342.0,15.0,36510.0,Credit Card,Expense 2828,Reliance Fresh,Jaipur
2829,2025-07-26,Health,15853.0,3.0,17897.0,Debit Card,Expense 2829,Zomato,Surat
2830,2025-01-12,Food,1075.0,1.0,47513.0,Wallet,,Flipkart,Pune
2831,2025-10-17,Groceries,7593.0,6.0,39963.0,Wallet,Expense 2831,Swiggy,Vadodara
2832,2025-11-04,Food,19009.0,5.0,25660.0,UPI,Expense 2832,Ola,Bangalore
2833,2025-06-02,Medical,,10.0,16320.0,UPI,Expense 2833,,Pune
2834,2025-03-27,Travel,8359.0,12.0,22405.0,Cash,Expense 2834,DMart,Mumbai
2835,2025-06-24,Fuel,15145.0,,34706.0,Net Banking,Expense 2835,Flipkart,Rajkot
2836,2025-05-18,Food,13870.0,14.0,,Cash,Expense 2836,Swiggy,Mumbai
2837,2025-12-21,Transport,10297.0,5.0,59476.0,Credit Card,Expense 2837,,Pune
2838,2025-07-26,Transport,95.0,7.0,13626.0,Debit Card,Expense 2838,Flipkart,Jaipur
2839,2025-01-16,Groceries,16472.0,8.0,,Cash,Expense 2839,Zomato,Pune
2840,2025-06-28,Bills,17075.0,14.0,58558.0,UPI,Expense 2840,DMart,Vadodara
2841,2025-09-24,Bills,11150.0,10.0,55208.0,Debit Card,Expense 2841,Reliance Fresh,Hyderabad
2842,2025-12-17,Transport,14568.0,10.0,,Credit Card,Expense 2842,Swiggy,Surat
2843,2025-02-25,Medical,11593.0,4.0,48936.0,Wallet,Expense 2843,Reliance Fresh,Hyderabad
2844,2025-04-19,Food,5519.0,15.0,20725.0,Debit Card,Expense 2844,Swiggy,Ahmedabad
2845,2025-12-21,Health,7725.0,13.0,19960.0,UPI,Expense 2845,Swiggy,Jaipur
2846,2025-05-09,Entertainment,1290.0,12.0,,Debit Card,Expense 2846,Zomato,Pune
2847,2025-09-07,Travel,16322.0,8.0,46793.0,Net Banking,Expense 2847,Zomato,Hyderabad
2848,2025-01-20,Transport,15813.0,14.0,29978.0,Wallet,Expense 2848,Reliance Fresh,Bangalore
2849,2025-09-05,Travel,1863.0,7.0,57798.0,Debit Card,Expense 2849,DMart,Ahmedabad
2850,2025-01-04,Bills,19931.0,5.0,43979.0,Credit Card,Expense 2850,,Bangalore
2851,2025-10-16,Food,1005.0,6.0,40179.0,Credit Card,Expense 2851,Amazon,Surat
2852,2025-09-26,Groceries,8096.0,1.0,59618.0,Credit Card,Expense 2852,Flipkart,Vadodara
2853,2025-12-09,Groceries,5755.0,9.0,56159.0,Credit Card,Expense 2853,Ola,Vadodara
2854,2025-05-26,Travel,3394.0,6.0,46418.0,Net Banking,Expense 2854,Swiggy,Jaipur
2855,2025-04-09,Rent,15397.0,7.0,20434.0,Cash,Expense 2855,Big Bazaar,Rajkot
2856,2025-07-14,Travel,7283.0,15.0,41254.0,Wallet,Expense 2856,Zomato,Delhi
2857,2025-11-15,Travel,5860.0,14.0,,Debit Card,Expense 2857,Ola,Hyderabad
2858,2025-06-25,Bills,4149.0,5.0,54503.0,Cash,Expense 2858,Uber,Bangalore
2859,2025-05-12,Health,3909.0,13.0,18131.0,Credit Card,Expense 2859,Uber,Bangalore
2860,2025-05-16,Entertainment,6128.0,7.0,9184.0,Net Banking,Expense 2860,Ola,Ahmedabad
2861,2025-11-11,Transport,5504.0,14.0,26775.0,Net Banking,Expense 2861,Reliance Fresh,Pune
2862,2025-10-20,Rent,16890.0,7.0,7002.0,Debit Card,Expense 2862,DMart,Surat
2863,2025-10-11,Health,2276.0,1.0,53223.0,Debit Card,Expense 2863,Amazon,Hyderabad
2864,2025-11-08,Travel,8744.0,13.0,36887.0,Wallet,Expense 2864,Zomato,Vadodara
2865,2025-03-17,Education,5525.0,1.0,43127.0,Credit Card,Expense 2865,Reliance Fresh,Vadodara
2866,2025-11-15,Travel,9292.0,8.0,52138.0,Credit Card,Expense 2866,DMart,Hyderabad
2867,2025-03-22,Fuel,12260.0,4.0,44205.0,Wallet,Expense 2867,Flipkart,Delhi
2868,2025-12-07,Bills,8509.0,10.0,35904.0,Credit Card,Expense 2868,Zomato,Jaipur
2869,2025-08-13,Entertainment,,5.0,57549.0,Wallet,Expense 2869,Uber,Vadodara
2870,2025-11-04,Entertainment,4865.0,13.0,26666.0,Cash,Expense 2870,Reliance Fresh,Bangalore
2871,2025-10-07,Food,12085.0,12.0,14331.0,Wallet,Expense 2871,Swiggy,Surat
2872,2025-10-22,Health,8171.0,1.0,37396.0,Debit Card,Expense 2872,,Surat
2873,2025-04-01,Bills,12751.0,4.0,12230.0,Cash,Expense 2873,Zomato,Bangalore
2874,2025-11-18,Fuel,2510.0,1.0,40748.0,Credit Card,Expense 2874,DMart,Bangalore
2875,2025-12-13,Medical,13011.0,5.0,5788.0,Net Banking,Expense 2875,Big Bazaar,Rajkot
2876,2025-10-28,Bills,16367.0,13.0,22468.0,Net Banking,Expense 2876,DMart,Pune
2877,2025-10-27,Transport,18205.0,1.0,,Wallet,Expense 2877,Reliance Fresh,Mumbai
2878,2025-06-06,Groceries,1868.0,6.0,5883.0,Debit Card,Expense 2878,Zomato,Mumbai
2879,2025-08-19,Rent,10377.0,8.0,34662.0,Cash,Expense 2879,Amazon,Hyderabad
2880,2025-04-10,Fuel,2883.0,8.0,33521.0,Debit Card,Expense 2880,DMart,Jaipur
2881,2025-04-25,Groceries,6361.0,1.0,5208.0,Net Banking,Expense 2881,DMart,Vadodara
2882,2025-10-11,Transport,515.0,2.0,29076.0,Credit Card,Expense 2882,DMart,Rajkot
2883,2025-05-28,Groceries,7920.0,11.0,,Net Banking,Expense 2883,Amazon,Rajkot
2884,2025-12-04,Shopping,18272.0,5.0,12501.0,UPI,Expense 2884,Big Bazaar,Ahmedabad
2885,2025-09-13,Shopping,1046.0,,39283.0,UPI,Expense 2885,Medical Store,Jaipur
2886,2025-04-06,Shopping,19834.0,4.0,40028.0,UPI,Expense 2886,Flipkart,Jaipur
2887,2025-06-16,Fuel,19784.0,14.0,19964.0,Cash,Expense 2887,Reliance Fresh,Rajkot
2888,2025-02-20,Entertainment,18745.0,4.0,59152.0,Cash,Expense 2888,Swiggy,Vadodara
2889,2025-01-27,Food,11225.0,11.0,12764.0,Credit Card,Expense 2889,Uber,Mumbai
2890,2025-02-28,Travel,,1.0,15670.0,UPI,Expense 2890,Swiggy,Bangalore
2891,2025-06-26,Bills,15691.0,5.0,19377.0,Credit Card,Expense 2891,Flipkart,Ahmedabad
2892,2025-03-15,Travel,12346.0,8.0,12826.0,UPI,Expense 2892,Zomato,Rajkot
2893,2025-04-23,Health,2554.0,15.0,31252.0,Net Banking,Expense 2893,Medical Store,Hyderabad
2894,2025-02-19,Entertainment,2016.0,1.0,36266.0,Wallet,,,Mumbai
2895,2025-03-25,Bills,14229.0,6.0,46543.0,UPI,Expense 2895,Zomato,Bangalore
2896,2025-12-14,Travel,19965.0,12.0,37772.0,Cash,Expense 2896,Amazon,Pune
2897,2025-07-28,Fuel,17619.0,6.0,,Cash,Expense 2897,Ola,Rajkot
2898,2025-04-10,Food,4151.0,14.0,45924.0,Credit Card,Expense 2898,Flipkart,Ahmedabad
2899,2025-06-09,Food,17296.0,15.0,52017.0,UPI,Expense 2899,Medical Store,Jaipur
2900,2025-04-10,Shopping,204.0,1.0,,Net Banking,Expense 2900,Zomato,Rajkot
2901,2025-10-05,Entertainment,5123.0,5.0,53091.0,Net Banking,Expense 2901,Flipkart,Bangalore
2902,2025-11-12,Health,19716.0,7.0,19485.0,Net Banking,Expense 2902,Uber,Vadodara
2903,2025-12-26,Transport,18276.0,15.0,15817.0,UPI,,Reliance Fresh,Delhi
2904,2025-09-15,Travel,2914.0,9.0,12664.0,Debit Card,Expense 2904,Ola,Vadodara
2905,2025-07-12,Fuel,11512.0,10.0,31236.0,Cash,,Ola,Vadodara
2906,2025-11-10,Fuel,19502.0,10.0,,Wallet,Expense 2906,Zomato,Rajkot
2907,2025-04-25,Groceries,8900.0,4.0,54464.0,UPI,Expense 2907,Flipkart,Vadodara
2908,2025-10-20,Shopping,,1.0,41524.0,Debit Card,Expense 2908,Amazon,Hyderabad
2909,2025-05-23,Bills,7497.0,11.0,22126.0,Credit Card,Expense 2909,Reliance Fresh,Jaipur
2910,2025-02-02,Fuel,10733.0,,16549.0,Debit Card,Expense 2910,Uber,Delhi
2911,2025-03-24,Medical,12577.0,8.0,,UPI,Expense 2911,Flipkart,Ahmedabad
2912,2025-02-19,Health,3974.0,7.0,56172.0,Cash,Expense 2912,Flipkart,Rajkot
2913,2025-06-06,Bills,4659.0,13.0,39711.0,Net Banking,Expense 2913,Ola,Vadodara
2914,2025-04-26,Travel,6387.0,8.0,41157.0,Debit Card,Expense 2914,Amazon,Rajkot
2915,2025-06-13,Transport,10575.0,15.0,13583.0,UPI,Expense 2915,Zomato,Rajkot
2916,2025-01-22,Groceries,18903.0,1.0,35006.0,UPI,Expense 2916,Reliance Fresh,Rajkot
2917,2025-01-08,Health,8303.0,3.0,15147.0,UPI,,Amazon,Ahmedabad
2918,2025-01-16,Health,10457.0,5.0,22742.0,Cash,Expense 2918,Uber,Ahmedabad
2919,2025-05-12,Medical,16914.0,3.0,22820.0,Wallet,Expense 2919,Ola,Delhi
2920,2025-06-02,Travel,7892.0,1.0,39303.0,Net Banking,Expense 2920,Big Bazaar,Ahmedabad
2921,2025-07-01,Shopping,5695.0,4.0,,UPI,Expense 2921,DMart,Bangalore
2922,2025-06-02,Travel,,14.0,49837.0,Credit Card,Expense 2922,Medical Store,Bangalore
2923,2025-07-19,Travel,4678.0,2.0,34710.0,Cash,Expense 2923,Flipkart,Ahmedabad
2924,2025-07-15,Travel,11481.0,5.0,21877.0,Debit Card,Expense 2924,Medical Store,Rajkot
2925,2025-04-04,Shopping,6780.0,11.0,10173.0,Cash,Expense 2925,Flipkart,Jaipur
2926,2025-12-07,Shopping,15418.0,13.0,41534.0,Debit Card,Expense 2926,Ola,Ahmedabad
2927,2025-08-10,Groceries,5774.0,6.0,31543.0,UPI,Expense 2927,Amazon,Ahmedabad
2928,2025-12-19,Education,9171.0,3.0,22281.0,Cash,Expense 2928,Reliance Fresh,Pune
2929,2025-08-15,Travel,13724.0,1.0,21565.0,Debit Card,Expense 2929,Uber,Hyderabad
2930,2025-10-12,Groceries,12781.0,12.0,31675.0,UPI,Expense 2930,Swiggy,Jaipur
2931,2025-02-28,Entertainment,7911.0,15.0,53438.0,Net Banking,Expense 2931,Reliance Fresh,Rajkot
2932,2025-07-24,Entertainment,18033.0,14.0,,Wallet,Expense 2932,Medical Store,Jaipur
2933,2025-10-03,Travel,4285.0,8.0,52784.0,Cash,Expense 2933,Reliance Fresh,Bangalore
2934,2025-06-01,Rent,10815.0,9.0,17531.0,Cash,Expense 2934,Amazon,Bangalore
2935,2025-10-10,Health,16472.0,2.0,45558.0,Debit Card,Expense 2935,Uber,Bangalore
2936,2025-02-28,Food,12892.0,6.0,57718.0,Cash,Expense 2936,Uber,Ahmedabad
2937,2025-02-25,Food,14185.0,10.0,40757.0,Cash,Expense 2937,Ola,Jaipur
2938,2025-12-14,Transport,4473.0,1.0,,UPI,Expense 2938,DMart,Surat
2939,2025-11-25,Education,8536.0,14.0,6451.0,Cash,Expense 2939,Flipkart,Ahmedabad
2940,2025-04-19,Health,19829.0,11.0,,Debit Card,Expense 2940,Swiggy,Delhi
2941,2025-08-11,Medical,12516.0,8.0,15668.0,UPI,Expense 2941,Zomato,Bangalore
2942,2025-03-27,Medical,2431.0,4.0,9207.0,Debit Card,Expense 2942,Amazon,Rajkot
2943,2025-09-27,Travel,,13.0,48910.0,UPI,Expense 2943,Zomato,Mumbai
2944,2025-10-13,Food,9975.0,11.0,58121.0,Cash,Expense 2944,Flipkart,Vadodara
2945,2025-04-28,Transport,963.0,4.0,18248.0,Wallet,Expense 2945,Uber,Rajkot
2946,2025-07-22,Transport,4279.0,9.0,25767.0,Credit Card,Expense 2946,Medical Store,Pune
2947,2025-06-04,Rent,4117.0,2.0,8203.0,Debit Card,Expense 2947,Uber,Rajkot
2948,2025-11-08,Shopping,19508.0,11.0,51651.0,UPI,Expense 2948,Amazon,Jaipur
2949,2025-09-27,Shopping,8552.0,5.0,14358.0,Credit Card,Expense 2949,Uber,Pune
2950,2025-07-10,Health,488.0,12.0,6774.0,Net Banking,Expense 2950,Zomato,Vadodara
2951,2025-04-05,Travel,9426.0,8.0,25590.0,UPI,Expense 2951,Amazon,Hyderabad
2952,2025-05-04,Medical,,6.0,8402.0,UPI,Expense 2952,Zomato,Hyderabad
2953,2025-02-19,Food,14155.0,15.0,,UPI,Expense 2953,Flipkart,Rajkot
2954,2025-01-17,Food,15248.0,5.0,35062.0,Net Banking,Expense 2954,Uber,Surat
2955,2025-11-22,Bills,4830.0,,44932.0,UPI,Expense 2955,Ola,Jaipur
2956,2025-02-26,Health,10264.0,4.0,35857.0,Debit Card,Expense 2956,Big Bazaar,Jaipur
2957,2025-11-24,Rent,7283.0,5.0,34474.0,Debit Card,Expense 2957,Zomato,Delhi
2958,2025-07-01,Food,1265.0,1.0,31799.0,Credit Card,Expense 2958,Amazon,Bangalore
2959,2025-10-21,Entertainment,8971.0,14.0,37115.0,Wallet,Expense 2959,Swiggy,Ahmedabad
2960,2025-05-21,Groceries,16233.0,6.0,22995.0,Cash,Expense 2960,Zomato,Vadodara
2961,2025-08-27,Travel,6087.0,4.0,23281.0,Wallet,Expense 2961,Reliance Fresh,Rajkot
2962,2025-08-28,Transport,4514.0,7.0,31295.0,Debit Card,Expense 2962,Amazon,Ahmedabad
2963,2025-11-25,Rent,1146.0,7.0,14095.0,Credit Card,Expense 2963,DMart,Vadodara
2964,2025-08-19,Fuel,7318.0,7.0,35469.0,Wallet,Expense 2964,Amazon,Rajkot
2965,2025-07-19,Transport,5404.0,6.0,18876.0,Cash,Expense 2965,Zomato,Mumbai
2966,2025-05-13,Health,13925.0,11.0,20755.0,Net Banking,Expense 2966,Uber,Hyderabad
2967,2025-03-28,Education,120.0,14.0,55453.0,Net Banking,Expense 2967,Uber,Ahmedabad
2968,2025-09-09,Bills,4373.0,4.0,22997.0,Cash,Expense 2968,Flipkart,Ahmedabad
2969,2025-04-20,Health,3711.0,13.0,30165.0,Debit Card,Expense 2969,Flipkart,Surat
2970,2025-09-10,Groceries,15122.0,3.0,37211.0,Net Banking,Expense 2970,Flipkart,Ahmedabad
2971,2025-02-16,Health,12715.0,2.0,33870.0,Cash,Expense 2971,Big Bazaar,Rajkot
2972,2025-05-17,Medical,3461.0,12.0,19768.0,Debit Card,Expense 2972,Big Bazaar,Jaipur
2973,2025-07-13,Bills,326.0,1.0,28141.0,Wallet,Expense 2973,Swiggy,Rajkot
2974,2025-01-17,Travel,2655.0,12.0,47458.0,UPI,Expense 2974,Flipkart,Surat
2975,2025-12-11,Health,3534.0,14.0,6278.0,Debit Card,Expense 2975,Flipkart,Pune
2976,2025-12-12,Rent,624.0,2.0,30616.0,Wallet,Expense 2976,DMart,Jaipur
2977,2025-08-23,Transport,,4.0,16852.0,Cash,Expense 2977,,Delhi
2978,2025-07-18,Shopping,17960.0,12.0,50447.0,Credit Card,Expense 2978,DMart,Hyderabad
2979,2025-04-23,Shopping,353.0,6.0,54932.0,Cash,Expense 2979,Reliance Fresh,Vadodara
2980,2025-01-05,Groceries,10801.0,6.0,42467.0,UPI,Expense 2980,Ola,Mumbai
2981,2025-06-12,Groceries,19394.0,5.0,37303.0,Net Banking,Expense 2981,Ola,Surat
2982,2025-03-25,Health,17142.0,,,Cash,Expense 2982,Amazon,Mumbai
2983,2025-03-01,Health,15426.0,2.0,48020.0,UPI,Expense 2983,Ola,Pune
2984,2025-10-06,Medical,641.0,10.0,7505.0,Credit Card,Expense 2984,Zomato,Bangalore
2985,2025-06-05,Groceries,9685.0,,47860.0,Net Banking,Expense 2985,Reliance Fresh,Delhi
2986,2025-04-19,Food,7049.0,4.0,38782.0,Debit Card,Expense 2986,,Rajkot
2987,2025-09-11,Travel,10556.0,8.0,37717.0,Cash,Expense 2987,Big Bazaar,Vadodara
2988,2025-03-10,Education,7441.0,15.0,55277.0,Credit Card,Expense 2988,Flipkart,Pune
2989,2025-10-18,Bills,16648.0,13.0,,Net Banking,Expense 2989,Uber,Bangalore
2990,2025-08-14,Rent,,1.0,54981.0,Debit Card,Expense 2990,Flipkart,Delhi
2991,2025-04-19,Education,18208.0,11.0,10981.0,Credit Card,Expense 2991,Ola,Bangalore
2992,2025-07-02,Fuel,18909.0,,34316.0,Credit Card,Expense 2992,Amazon,Jaipur
2993,2025-03-27,Bills,8569.0,8.0,57510.0,Debit Card,Expense 2993,Zomato,Bangalore
2994,2025-04-02,Food,11984.0,,52100.0,UPI,Expense 2994,Medical Store,Vadodara
2995,2025-05-25,Entertainment,17305.0,1.0,48908.0,Net Banking,Expense 2995,Big Bazaar,Vadodara
2996,2025-11-19,Food,8982.0,14.0,16178.0,Debit Card,Expense 2996,Medical Store,Ahmedabad
2997,2025-04-04,Bills,11327.0,11.0,32612.0,Net Banking,Expense 2997,Medical Store,Pune
2998,2025-12-19,Shopping,8445.0,2.0,38144.0,Debit Card,,,Bangalore
2999,2025-10-01,Groceries,13382.0,13.0,47073.0,Credit Card,Expense 2999,Swiggy,Pune
3000,2025-04-02,Food,16899.0,11.0,23584.0,Net Banking,Expense 3000,Zomato,Rajkot
3001,2025-02-05,Rent,13693.0,2.0,5825.0,Cash,,Ola,Jaipur
3002,2025-06-26,Education,14028.0,10.0,23247.0,Cash,Expense 3002,Medical Store,Surat
3003,2025-12-05,Bills,11047.0,6.0,34466.0,Debit Card,Expense 3003,Reliance Fresh,Ahmedabad
3004,2025-02-09,Groceries,1838.0,7.0,43591.0,Cash,Expense 3004,,Ahmedabad
3005,2025-12-09,Groceries,7909.0,8.0,30668.0,UPI,Expense 3005,Uber,Pune
3006,2025-06-11,Rent,2770.0,11.0,57504.0,Cash,Expense 3006,Amazon,Delhi
3007,2025-10-21,Bills,8879.0,15.0,20909.0,Debit Card,Expense 3007,Zomato,Mumbai
3008,2025-01-10,Education,2864.0,10.0,17074.0,Net Banking,Expense 3008,Reliance Fresh,Rajkot
3009,2025-09-07,Medical,7102.0,11.0,43997.0,Credit Card,Expense 3009,Ola,Mumbai
3010,2025-10-20,Rent,14351.0,8.0,57238.0,Debit Card,Expense 3010,Zomato,Rajkot
3011,2025-08-03,Shopping,13586.0,3.0,30946.0,Net Banking,Expense 3011,Big Bazaar,Surat
3012,2025-04-07,Groceries,12467.0,12.0,55085.0,Debit Card,Expense 3012,Big Bazaar,Bangalore
3013,2025-05-08,Transport,15397.0,15.0,21688.0,Credit Card,Expense 3013,DMart,Delhi
3014,2025-07-19,Bills,8435.0,10.0,28831.0,Credit Card,Expense 3014,Big Bazaar,Hyderabad
3015,2025-02-13,Groceries,,7.0,48987.0,UPI,Expense 3015,Uber,Vadodara
3016,2025-05-04,Fuel,16420.0,5.0,28163.0,Wallet,,,Jaipur
3017,2025-12-16,Entertainment,14176.0,11.0,36244.0,Wallet,Expense 3017,Swiggy,Mumbai
3018,2025-06-16,Education,12755.0,9.0,54865.0,UPI,Expense 3018,DMart,Mumbai
3019,2025-07-17,Travel,18777.0,5.0,,Debit Card,Expense 3019,Swiggy,Bangalore
3020,2025-07-07,Entertainment,9266.0,12.0,37828.0,UPI,,Flipkart,Vadodara
3021,2025-01-25,Transport,13492.0,1.0,52878.0,UPI,Expense 3021,Zomato,Vadodara
3022,2025-04-11,Groceries,4620.0,11.0,46511.0,Credit Card,Expense 3022,Reliance Fresh,Surat
3023,2025-12-23,Groceries,6805.0,10.0,14376.0,UPI,Expense 3023,Medical Store,Mumbai
3024,2025-04-09,Bills,11031.0,2.0,16708.0,Debit Card,Expense 3024,Big Bazaar,Delhi
3025,2025-01-09,Health,16380.0,7.0,9128.0,Credit Card,Expense 3025,DMart,Vadodara
3026,2025-03-24,Travel,5774.0,1.0,46613.0,Cash,Expense 3026,Uber,Hyderabad
3027,2025-03-21,Food,13312.0,8.0,,Net Banking,Expense 3027,Zomato,Surat
3028,2025-04-13,Entertainment,9786.0,7.0,49814.0,Cash,Expense 3028,Amazon,Hyderabad
3029,2025-03-18,Food,17008.0,12.0,14954.0,Cash,Expense 3029,Ola,Ahmedabad
3030,2025-10-12,Transport,4852.0,5.0,42228.0,Credit Card,Expense 3030,,Vadodara
3031,2025-06-05,Shopping,4121.0,2.0,58293.0,Debit Card,Expense 3031,Medical Store,Bangalore
3032,2025-03-08,Fuel,9601.0,13.0,31208.0,UPI,Expense 3032,Reliance Fresh,Rajkot
3033,2025-10-03,Travel,11361.0,8.0,6880.0,Credit Card,Expense 3033,Flipkart,Mumbai
3034,2025-06-22,Food,6805.0,13.0,15174.0,Net Banking,Expense 3034,,Surat
3035,2025-06-21,Bills,17582.0,8.0,45890.0,Net Banking,Expense 3035,Big Bazaar,Ahmedabad
3036,2025-07-09,Health,16470.0,5.0,27121.0,Wallet,Expense 3036,Zomato,Jaipur
3037,2025-04-25,Fuel,15800.0,14.0,5547.0,Debit Card,Expense 3037,Uber,Vadodara
3038,2025-04-08,Fuel,1332.0,4.0,35175.0,Wallet,Expense 3038,DMart,Delhi
3039,2025-03-01,Food,11875.0,15.0,46048.0,Net Banking,,Swiggy,Bangalore
3040,2025-05-22,Bills,19794.0,10.0,17186.0,Debit Card,Expense 3040,Big Bazaar,Ahmedabad
3041,2025-07-04,Shopping,16789.0,2.0,46473.0,Cash,Expense 3041,Flipkart,Jaipur
3042,2025-03-19,Medical,2752.0,11.0,10882.0,Wallet,Expense 3042,Amazon,Rajkot
3043,2025-03-15,Education,19280.0,12.0,10090.0,Debit Card,Expense 3043,Amazon,Delhi
3044,2025-10-10,Bills,4057.0,2.0,43307.0,Debit Card,Expense 3044,Amazon,Rajkot
3045,2025-11-16,Medical,15935.0,4.0,49316.0,Debit Card,Expense 3045,Big Bazaar,Vadodara
3046,2025-07-11,Food,4798.0,11.0,20899.0,UPI,Expense 3046,Swiggy,Hyderabad
3047,2025-06-13,Shopping,1776.0,14.0,31075.0,Credit Card,Expense 3047,Ola,Vadodara
3048,2025-09-21,Education,11399.0,12.0,58542.0,Net Banking,Expense 3048,Big Bazaar,Bangalore
3049,2025-03-24,Travel,,14.0,23561.0,Cash,Expense 3049,Swiggy,Bangalore
3050,2025-07-08,Groceries,8126.0,13.0,17233.0,UPI,Expense 3050,DMart,Delhi
3051,2025-03-11,Entertainment,383.0,4.0,16359.0,Cash,Expense 3051,Uber,Mumbai
3052,2025-05-28,Medical,8561.0,13.0,58738.0,UPI,Expense 3052,Flipkart,Mumbai
3053,2025-08-07,Rent,10969.0,8.0,49737.0,UPI,Expense 3053,Big Bazaar,Jaipur
3054,2025-03-14,Education,17123.0,12.0,55120.0,Net Banking,Expense 3054,Medical Store,Delhi
3055,2025-08-13,Fuel,18999.0,15.0,41262.0,Cash,Expense 3055,Ola,Delhi
3056,2025-10-18,Medical,809.0,6.0,30756.0,Credit Card,Expense 3056,Big Bazaar,Jaipur
3057,2025-05-21,Groceries,4031.0,7.0,24042.0,Net Banking,Expense 3057,Swiggy,Pune
3058,2025-08-15,Groceries,17442.0,15.0,31626.0,Wallet,Expense 3058,Reliance Fresh,Ahmedabad
3059,2025-05-23,Medical,2060.0,4.0,48299.0,Debit Card,Expense 3059,Zomato,Ahmedabad
3060,2025-04-10,Health,1302.0,8.0,55072.0,Net Banking,Expense 3060,Flipkart,Hyderabad
3061,2025-02-06,Travel,5329.0,14.0,35180.0,Credit Card,Expense 3061,Reliance Fresh,Bangalore
3062,2025-08-03,Fuel,15382.0,15.0,48901.0,UPI,Expense 3062,Amazon,Pune
3063,2025-03-13,Food,18874.0,1.0,46415.0,Wallet,Expense 3063,Zomato,Mumbai
3064,2025-07-20,Transport,8720.0,4.0,36454.0,Credit Card,Expense 3064,Swiggy,Bangalore
3065,2025-12-23,Bills,18770.0,15.0,30859.0,Net Banking,Expense 3065,Big Bazaar,Mumbai
3066,2025-06-27,Medical,158.0,4.0,16967.0,Net Banking,Expense 3066,,Delhi
3067,2025-03-27,Education,4149.0,6.0,20944.0,Debit Card,Expense 3067,Reliance Fresh,Surat
3068,2025-05-05,Transport,16196.0,12.0,14110.0,Wallet,Expense 3068,DMart,Mumbai
3069,2025-08-19,Bills,4044.0,9.0,18807.0,Net Banking,Expense 3069,Zomato,Surat
3070,2025-02-25,Shopping,7126.0,15.0,53202.0,Debit Card,,Zomato,Bangalore
3071,2025-06-17,Shopping,735.0,10.0,11540.0,Wallet,Expense 3071,Swiggy,Ahmedabad
3072,2025-06-08,Fuel,13130.0,15.0,47892.0,Credit Card,Expense 3072,Swiggy,Bangalore
3073,2025-05-24,Fuel,19397.0,15.0,42615.0,Net Banking,Expense 3073,Uber,Surat
3074,2025-10-26,Education,9936.0,5.0,32751.0,Cash,Expense 3074,Medical Store,Jaipur
3075,2025-03-18,Food,13748.0,6.0,51032.0,Credit Card,Expense 3075,Big Bazaar,Mumbai
3076,2025-06-04,Fuel,5631.0,1.0,25954.0,Credit Card,Expense 3076,,Surat
3077,2025-07-14,Education,,2.0,58347.0,Net Banking,Expense 3077,Zomato,Mumbai
3078,2025-11-25,Medical,6184.0,2.0,25177.0,Debit Card,Expense 3078,Big Bazaar,Rajkot
3079,2025-06-24,Transport,17267.0,4.0,21818.0,Credit Card,Expense 3079,Amazon,Jaipur
3080,2025-04-16,Fuel,19489.0,1.0,38657.0,Cash,Expense 3080,Ola,Rajkot
3081,2025-01-26,Bills,13954.0,12.0,23614.0,Credit Card,,DMart,Jaipur
3082,2025-02-11,Travel,17570.0,13.0,59190.0,Wallet,Expense 3082,Reliance Fresh,Ahmedabad
3083,2025-11-02,Food,1822.0,12.0,36614.0,Cash,Expense 3083,Uber,Bangalore
3084,2025-09-22,Travel,247.0,11.0,54983.0,Debit Card,Expense 3084,Reliance Fresh,Rajkot
3085,2025-12-07,Shopping,,5.0,,Debit Card,Expense 3085,Zomato,Hyderabad
3086,2025-03-27,Groceries,9340.0,6.0,6338.0,Debit Card,Expense 3086,Big Bazaar,Surat
3087,2025-05-19,Medical,8961.0,3.0,36348.0,Debit Card,Expense 3087,Zomato,Delhi
3088,2025-02-01,Rent,14923.0,13.0,8696.0,Wallet,Expense 3088,Uber,Ahmedabad
3089,2025-06-17,Travel,15317.0,13.0,54015.0,Wallet,Expense 3089,Uber,Hyderabad
3090,2025-04-03,Entertainment,13083.0,4.0,51022.0,Wallet,Expense 3090,Uber,Delhi
3091,2025-06-15,Bills,4131.0,4.0,40079.0,Credit Card,Expense 3091,DMart,Mumbai
3092,2025-10-09,Health,,6.0,31896.0,Wallet,Expense 3092,Ola,Vadodara
3093,2025-09-10,Bills,12294.0,6.0,5279.0,Wallet,Expense 3093,Zomato,Jaipur
3094,2025-04-08,Health,4499.0,9.0,48485.0,UPI,Expense 3094,Flipkart,Rajkot
3095,2025-07-25,Travel,13446.0,11.0,31035.0,Credit Card,Expense 3095,Reliance Fresh,Vadodara
3096,2025-04-09,Shopping,17112.0,6.0,43362.0,Credit Card,Expense 3096,Amazon,Hyderabad
3097,2025-01-18,Fuel,18323.0,9.0,51472.0,Debit Card,Expense 3097,,Jaipur
3098,2025-08-06,Medical,7017.0,13.0,52132.0,Wallet,Expense 3098,Uber,Ahmedabad
3099,2025-04-28,Entertainment,7353.0,1.0,21715.0,Cash,Expense 3099,Flipkart,Ahmedabad
3100,2025-08-24,Groceries,14209.0,7.0,20010.0,Net Banking,Expense 3100,Reliance Fresh,Jaipur
3101,2025-01-12,Food,5322.0,15.0,38363.0,Cash,Expense 3101,Uber,Mumbai
3102,2025-07-12,Rent,14168.0,,24646.0,UPI,Expense 3102,Ola,Hyderabad
3103,2025-10-24,Travel,10468.0,15.0,16370.0,UPI,Expense 3103,Zomato,Hyderabad
3104,2025-10-13,Groceries,6971.0,11.0,13540.0,Cash,Expense 3104,Medical Store,Vadodara
3105,2025-06-18,Health,6413.0,14.0,31528.0,Net Banking,Expense 3105,Flipkart,Delhi
3106,2025-04-18,Shopping,13399.0,10.0,43255.0,Debit Card,Expense 3106,Swiggy,Rajkot
3107,2025-10-27,Food,932.0,9.0,21961.0,Debit Card,Expense 3107,Medical Store,Vadodara
3108,2025-05-20,Shopping,4401.0,2.0,50693.0,Wallet,Expense 3108,Ola,Rajkot
3109,2025-01-04,Fuel,19664.0,6.0,5286.0,Wallet,Expense 3109,Zomato,Delhi
3110,2025-05-26,Fuel,9211.0,,22057.0,Debit Card,Expense 3110,Zomato,Pune
3111,2025-03-27,Rent,8767.0,7.0,58715.0,UPI,Expense 3111,Big Bazaar,Pune
3112,2025-08-27,Food,7468.0,13.0,17787.0,Cash,Expense 3112,Swiggy,Ahmedabad
3113,2025-04-14,Transport,12623.0,13.0,44921.0,UPI,Expense 3113,Big Bazaar,Hyderabad
3114,2025-09-13,Rent,2412.0,7.0,32259.0,UPI,Expense 3114,Ola,Bangalore
3115,2025-05-21,Bills,9510.0,4.0,12600.0,Cash,Expense 3115,Reliance Fresh,Hyderabad
3116,2025-03-08,Groceries,19052.0,4.0,31204.0,Net Banking,Expense 3116,Medical Store,Rajkot
3117,2025-07-26,Entertainment,18812.0,11.0,52879.0,Cash,Expense 3117,DMart,Bangalore
3118,2025-06-23,Groceries,485.0,5.0,29745.0,UPI,Expense 3118,Uber,Surat
3119,2025-04-11,Shopping,610.0,12.0,42662.0,Debit Card,Expense 3119,Medical Store,Bangalore
3120,2025-07-26,Shopping,9715.0,7.0,39589.0,Wallet,Expense 3120,Medical Store,Hyderabad
3121,2025-07-08,Education,15691.0,5.0,58557.0,Credit Card,Expense 3121,Big Bazaar,Delhi
3122,2025-03-06,Health,3591.0,3.0,16584.0,UPI,Expense 3122,Uber,Vadodara
3123,2025-06-03,Fuel,3723.0,9.0,,UPI,Expense 3123,Swiggy,Mumbai
3124,2025-02-09,Groceries,4176.0,1.0,26111.0,UPI,Expense 3124,Flipkart,Vadodara
3125,2025-01-12,Entertainment,2555.0,6.0,58257.0,Credit Card,Expense 3125,Medical Store,Rajkot
3126,2025-02-20,Travel,3821.0,11.0,45589.0,Cash,Expense 3126,Swiggy,Surat
3127,2025-08-23,Groceries,17877.0,8.0,34169.0,UPI,Expense 3127,Amazon,Delhi
3128,2025-01-09,Health,9178.0,13.0,45740.0,Cash,Expense 3128,DMart,Surat
3129,2025-09-01,Shopping,15665.0,8.0,45053.0,Debit Card,Expense 3129,Big Bazaar,Hyderabad
3130,2025-08-24,Rent,2747.0,1.0,44696.0,UPI,Expense 3130,Uber,Ahmedabad
3131,2025-03-28,Health,9316.0,12.0,49268.0,Debit Card,Expense 3131,Ola,Bangalore
3132,2025-09-25,Bills,1735.0,14.0,10881.0,Debit Card,Expense 3132,Uber,Jaipur
3133,2025-04-09,Medical,17974.0,10.0,9937.0,Credit Card,Expense 3133,Ola,Hyderabad
3134,2025-06-23,Rent,14240.0,12.0,54783.0,Cash,Expense 3134,Uber,Mumbai
3135,2025-09-04,Rent,3990.0,10.0,55258.0,Credit Card,Expense 3135,,Pune
3136,2025-02-07,Rent,7753.0,3.0,47515.0,Wallet,Expense 3136,Zomato,Hyderabad
3137,2025-10-05,Groceries,19876.0,14.0,42207.0,UPI,Expense 3137,Ola,Delhi
3138,2025-05-14,Bills,14831.0,1.0,18278.0,Cash,Expense 3138,Reliance Fresh,Rajkot
3139,2025-07-04,Rent,372.0,13.0,36670.0,Wallet,Expense 3139,Flipkart,Bangalore
3140,2025-08-08,Fuel,13765.0,11.0,,Wallet,Expense 3140,Swiggy,Vadodara
3141,2025-10-25,Bills,3748.0,1.0,6711.0,Cash,Expense 3141,,Rajkot
3142,2025-12-09,Rent,10945.0,8.0,19377.0,Debit Card,Expense 3142,Ola,Vadodara
3143,2025-08-21,Medical,9364.0,5.0,50135.0,Wallet,Expense 3143,Swiggy,Mumbai
3144,2025-11-16,Food,,2.0,30503.0,UPI,Expense 3144,Reliance Fresh,Jaipur
3145,2025-06-15,Bills,8603.0,2.0,15704.0,Credit Card,Expense 3145,DMart,Vadodara
3146,2025-11-23,Shopping,2006.0,10.0,7390.0,Wallet,Expense 3146,Medical Store,Delhi
3147,2025-02-21,Shopping,4209.0,12.0,9166.0,Wallet,Expense 3147,Ola,Ahmedabad
3148,2025-06-17,Health,1422.0,8.0,48183.0,Net Banking,Expense 3148,Amazon,Pune
3149,2025-10-26,Travel,15826.0,1.0,54706.0,Debit Card,Expense 3149,Ola,Pune
3150,2025-05-12,Shopping,13231.0,14.0,31007.0,UPI,Expense 3150,Big Bazaar,Vadodara
3151,2025-10-19,Fuel,12574.0,10.0,39550.0,Wallet,Expense 3151,Reliance Fresh,Pune
3152,2025-04-20,Groceries,11625.0,3.0,6001.0,Cash,Expense 3152,Medical Store,Bangalore
3153,2025-11-11,Groceries,8284.0,10.0,24643.0,Debit Card,Expense 3153,Uber,Bangalore
3154,2025-03-24,Education,17448.0,15.0,20694.0,Net Banking,Expense 3154,Ola,Bangalore
3155,2025-08-24,Entertainment,237.0,8.0,55867.0,Wallet,Expense 3155,Flipkart,Hyderabad
3156,2025-12-17,Medical,4144.0,14.0,27020.0,UPI,Expense 3156,Uber,Hyderabad
3157,2025-11-03,Groceries,4576.0,14.0,45537.0,Net Banking,Expense 3157,Uber,Delhi
3158,2025-02-18,Shopping,525.0,1.0,30674.0,Net Banking,Expense 3158,DMart,Rajkot
3159,2025-10-24,Education,654.0,5.0,56252.0,UPI,Expense 3159,Swiggy,Surat
3160,2025-07-16,Health,17749.0,10.0,39790.0,Net Banking,Expense 3160,,Pune
3161,2025-03-18,Bills,8363.0,8.0,31525.0,Debit Card,Expense 3161,Flipkart,Bangalore
3162,2025-10-01,Health,12672.0,15.0,54524.0,UPI,,Zomato,Vadodara
3163,2025-09-25,Travel,12243.0,3.0,50530.0,Credit Card,Expense 3163,DMart,Pune
3164,2025-02-13,Bills,2580.0,11.0,39263.0,Cash,Expense 3164,Zomato,Vadodara
3165,2025-06-07,Groceries,8443.0,12.0,31019.0,Credit Card,Expense 3165,Reliance Fresh,Ahmedabad
3166,2025-12-12,Medical,,12.0,27891.0,UPI,Expense 3166,,Jaipur
3167,2025-09-18,Education,19858.0,8.0,10655.0,Credit Card,Expense 3167,Swiggy,Bangalore
3168,2025-09-14,Medical,7330.0,11.0,28273.0,Cash,,Medical Store,Rajkot
3169,2025-09-20,Rent,985.0,6.0,11719.0,UPI,Expense 3169,DMart,Surat
3170,2025-07-09,Medical,1826.0,,33552.0,Cash,Expense 3170,Big Bazaar,Pune
3171,2025-02-13,Food,14869.0,13.0,38916.0,Debit Card,Expense 3171,Big Bazaar,Mumbai
3172,2025-07-15,Transport,14817.0,9.0,51043.0,Net Banking,Expense 3172,Flipkart,Bangalore
3173,2025-02-12,Travel,519.0,1.0,5576.0,Credit Card,Expense 3173,Reliance Fresh,Vadodara
3174,2025-11-18,Groceries,14239.0,8.0,19069.0,UPI,Expense 3174,Amazon,Hyderabad
3175,2025-01-18,Education,16162.0,13.0,15829.0,Debit Card,Expense 3175,Ola,Vadodara
3176,2025-06-18,Travel,5710.0,1.0,55859.0,Cash,Expense 3176,Ola,Rajkot
3177,2025-01-07,Health,16922.0,12.0,5424.0,Debit Card,Expense 3177,Medical Store,Rajkot
3178,2025-11-18,Medical,8919.0,10.0,48667.0,Debit Card,Expense 3178,Zomato,Rajkot
3179,2025-03-24,Food,12536.0,11.0,51263.0,Credit Card,Expense 3179,Reliance Fresh,Surat
3180,2025-06-15,Fuel,12623.0,8.0,49746.0,Debit Card,Expense 3180,Ola,Delhi
3181,2025-06-16,Food,18806.0,13.0,44463.0,Wallet,Expense 3181,DMart,Ahmedabad
3182,2025-11-04,Entertainment,7452.0,4.0,13384.0,Credit Card,Expense 3182,Uber,Delhi
3183,2025-01-19,Health,10762.0,9.0,37739.0,Credit Card,Expense 3183,Uber,Bangalore
3184,2025-12-11,Groceries,11221.0,2.0,19774.0,Net Banking,Expense 3184,Ola,Vadodara
3185,2025-07-19,Bills,,1.0,57097.0,Credit Card,,Reliance Fresh,Ahmedabad
3186,2025-08-19,Food,461.0,9.0,10845.0,Net Banking,Expense 3186,Flipkart,Pune
3187,2025-11-17,Fuel,5792.0,7.0,37232.0,Debit Card,Expense 3187,DMart,Hyderabad
3188,2025-04-18,Entertainment,6398.0,10.0,14755.0,Credit Card,,Amazon,Mumbai
3189,2025-01-19,Groceries,1425.0,3.0,51674.0,UPI,Expense 3189,Ola,Rajkot
3190,2025-11-13,Bills,5710.0,1.0,56099.0,Debit Card,Expense 3190,Swiggy,Vadodara
3191,2025-02-06,Bills,19777.0,11.0,11183.0,UPI,Expense 3191,Medical Store,Delhi
3192,2025-01-11,Bills,15344.0,3.0,44590.0,Wallet,Expense 3192,Swiggy,Ahmedabad
3193,2025-12-16,Bills,4828.0,8.0,20090.0,Wallet,Expense 3193,Swiggy,Surat
3194,2025-12-15,Shopping,6264.0,4.0,25709.0,Wallet,Expense 3194,Swiggy,Mumbai
3195,2025-01-24,Bills,2915.0,15.0,45693.0,Cash,Expense 3195,Amazon,Pune
3196,2025-05-21,Groceries,16730.0,,,Debit Card,Expense 3196,Big Bazaar,Ahmedabad
3197,2025-05-04,Education,3768.0,,12256.0,Debit Card,Expense 3197,Zomato,Rajkot
3198,2025-05-26,Transport,9596.0,12.0,37680.0,Credit Card,Expense 3198,Amazon,Ahmedabad
3199,2025-06-12,Travel,12929.0,2.0,31690.0,Wallet,Expense 3199,Big Bazaar,Delhi
3200,2025-08-25,Entertainment,13029.0,6.0,24657.0,Wallet,Expense 3200,Reliance Fresh,Vadodara
3201,2025-02-06,Fuel,1234.0,1.0,25774.0,UPI,Expense 3201,Reliance Fresh,Hyderabad
3202,2025-04-22,Groceries,11461.0,4.0,36383.0,Net Banking,Expense 3202,Zomato,Hyderabad
3203,2025-01-28,Entertainment,8836.0,4.0,52244.0,Debit Card,Expense 3203,Ola,Jaipur
3204,2025-04-07,Groceries,18985.0,4.0,39356.0,Net Banking,Expense 3204,Medical Store,Rajkot
3205,2025-02-03,Bills,2874.0,15.0,26662.0,Cash,Expense 3205,Big Bazaar,Surat
3206,2025-11-24,Rent,16245.0,13.0,44806.0,Wallet,Expense 3206,Big Bazaar,Delhi
3207,2025-12-25,Groceries,9285.0,8.0,8096.0,UPI,,Reliance Fresh,Pune
3208,2025-05-23,Fuel,19032.0,11.0,16554.0,Wallet,Expense 3208,Uber,Rajkot
3209,2025-01-20,Health,8367.0,15.0,50249.0,Debit Card,,Swiggy,Hyderabad
3210,2025-08-27,Fuel,1011.0,7.0,6817.0,UPI,,Ola,Vadodara
3211,2025-03-11,Education,,12.0,29995.0,Credit Card,,Big Bazaar,Vadodara
3212,2025-03-25,Bills,627.0,3.0,7489.0,UPI,Expense 3212,Zomato,Pune
3213,2025-06-06,Fuel,19426.0,6.0,18029.0,Cash,Expense 3213,Reliance Fresh,Surat
3214,2025-02-28,Rent,10984.0,10.0,33566.0,Net Banking,Expense 3214,Medical Store,Mumbai
3215,2025-11-03,Bills,7260.0,6.0,49532.0,Debit Card,Expense 3215,Swiggy,Hyderabad
3216,2025-07-25,Rent,15164.0,15.0,14771.0,Cash,Expense 3216,Amazon,Hyderabad
3217,2025-05-28,Medical,5652.0,15.0,56185.0,Debit Card,Expense 3217,Uber,Jaipur
3218,2025-07-02,Shopping,16713.0,13.0,18121.0,Wallet,Expense 3218,Swiggy,Surat
3219,2025-08-01,Shopping,10525.0,14.0,16699.0,Net Banking,Expense 3219,Zomato,Mumbai
3220,2025-06-26,Rent,12776.0,11.0,,Net Banking,Expense 3220,Swiggy,Rajkot
3221,2025-11-24,Education,11029.0,10.0,57733.0,Credit Card,Expense 3221,Swiggy,Bangalore
3222,2025-12-19,Entertainment,10278.0,10.0,54639.0,Debit Card,Expense 3222,Big Bazaar,Ahmedabad
3223,2025-11-28,Rent,1176.0,2.0,46413.0,Debit Card,Expense 3223,Amazon,Surat
3224,2025-02-06,Medical,16967.0,13.0,32657.0,Credit Card,Expense 3224,Swiggy,Bangalore
3225,2025-07-05,Transport,2936.0,10.0,20816.0,Cash,Expense 3225,Flipkart,Mumbai
3226,2025-02-08,Health,12846.0,2.0,21607.0,Net Banking,Expense 3226,Zomato,Vadodara
3227,2025-04-22,Travel,10811.0,,50336.0,Credit Card,Expense 3227,Amazon,Jaipur
3228,2025-08-03,Groceries,7868.0,12.0,19947.0,Net Banking,Expense 3228,Ola,Vadodara
3229,2025-04-08,Shopping,5917.0,7.0,9345.0,Wallet,Expense 3229,Medical Store,Jaipur
3230,2025-02-02,Health,498.0,13.0,20675.0,Net Banking,Expense 3230,Medical Store,Surat
3231,2025-11-10,Food,4221.0,11.0,12363.0,Wallet,Expense 3231,Flipkart,Vadodara
3232,2025-06-27,Groceries,14393.0,3.0,57011.0,UPI,Expense 3232,DMart,Vadodara
3233,2025-01-27,Fuel,7352.0,4.0,49753.0,UPI,Expense 3233,Ola,Delhi
3234,2025-10-14,Transport,5675.0,9.0,22607.0,Wallet,Expense 3234,DMart,Rajkot
3235,2025-08-01,Entertainment,17218.0,7.0,32944.0,UPI,Expense 3235,Swiggy,Pune
3236,2025-01-11,Education,18124.0,15.0,40127.0,UPI,Expense 3236,Swiggy,Bangalore
3237,2025-07-22,Rent,9953.0,6.0,,Credit Card,Expense 3237,Big Bazaar,Bangalore
3238,2025-08-01,Health,758.0,10.0,,Net Banking,Expense 3238,DMart,Vadodara
3239,2025-05-02,Food,19194.0,12.0,29507.0,Debit Card,Expense 3239,Amazon,Surat
3240,2025-03-22,Travel,7153.0,15.0,10725.0,UPI,Expense 3240,Big Bazaar,Delhi
3241,2025-11-22,Food,9430.0,1.0,34453.0,UPI,Expense 3241,Amazon,Jaipur
3242,2025-04-08,Groceries,19480.0,,44620.0,Net Banking,Expense 3242,Reliance Fresh,Mumbai
3243,2025-05-20,Travel,18328.0,10.0,28643.0,Net Banking,Expense 3243,Ola,Bangalore
3244,2025-05-02,Medical,10162.0,3.0,49997.0,Debit Card,Expense 3244,,Rajkot
3245,2025-09-16,Shopping,10769.0,4.0,48870.0,Net Banking,Expense 3245,Medical Store,Vadodara
3246,2025-12-04,Medical,1769.0,7.0,12566.0,UPI,Expense 3246,Ola,Ahmedabad
3247,2025-07-09,Bills,10243.0,12.0,51446.0,Credit Card,Expense 3247,,Vadodara
3248,2025-04-26,Health,8661.0,12.0,57621.0,UPI,Expense 3248,Big Bazaar,Mumbai
3249,2025-07-05,Education,2372.0,9.0,13417.0,Credit Card,Expense 3249,Uber,Delhi
3250,2025-05-18,Groceries,17560.0,3.0,12201.0,Wallet,Expense 3250,Amazon,Jaipur
3251,2025-02-03,Food,2926.0,2.0,31547.0,Wallet,Expense 3251,Ola,Pune
3252,2025-01-04,Food,,9.0,6246.0,UPI,Expense 3252,Swiggy,Ahmedabad
3253,2025-01-18,Food,1097.0,7.0,47199.0,UPI,Expense 3253,Ola,Mumbai
3254,2025-06-28,Shopping,17860.0,14.0,17294.0,UPI,Expense 3254,,Ahmedabad
3255,2025-07-28,Groceries,16539.0,,17724.0,Credit Card,Expense 3255,,Ahmedabad
3256,2025-10-25,Travel,12547.0,15.0,45469.0,Credit Card,Expense 3256,Big Bazaar,Surat
3257,2025-07-06,Medical,17677.0,9.0,43325.0,Net Banking,Expense 3257,Flipkart,Jaipur
3258,2025-10-12,Rent,,,55002.0,Cash,Expense 3258,,Hyderabad
3259,2025-02-01,Rent,2496.0,13.0,8823.0,Debit Card,Expense 3259,Amazon,Jaipur
3260,2025-05-05,Fuel,11755.0,5.0,,Credit Card,Expense 3260,Medical Store,Surat
3261,2025-03-28,Shopping,3446.0,1.0,39267.0,Credit Card,Expense 3261,Zomato,Vadodara
3262,2025-06-04,Travel,13361.0,1.0,33948.0,UPI,Expense 3262,Swiggy,Surat
3263,2025-10-09,Rent,9830.0,4.0,53033.0,Debit Card,Expense 3263,Flipkart,Hyderabad
3264,2025-05-26,Fuel,15688.0,2.0,5179.0,UPI,Expense 3264,Swiggy,Pune
3265,2025-02-22,Travel,11596.0,15.0,33939.0,Wallet,Expense 3265,Medical Store,Surat
3266,2025-05-11,Fuel,7117.0,9.0,17183.0,Net Banking,Expense 3266,Flipkart,Mumbai
3267,2025-11-20,Entertainment,,4.0,56932.0,Cash,Expense 3267,Flipkart,Ahmedabad
3268,2025-10-24,Shopping,18347.0,14.0,55644.0,Credit Card,Expense 3268,Swiggy,Vadodara
3269,2025-12-22,Fuel,8711.0,1.0,54224.0,Wallet,,Uber,Jaipur
3270,2025-09-04,Education,,10.0,14359.0,Wallet,Expense 3270,Zomato,Jaipur
3271,2025-02-25,Shopping,8593.0,15.0,7831.0,Cash,Expense 3271,Reliance Fresh,Delhi
3272,2025-05-11,Bills,2066.0,3.0,27717.0,UPI,Expense 3272,Flipkart,Vadodara
3273,2025-08-05,Shopping,10340.0,12.0,36432.0,Net Banking,Expense 3273,DMart,Bangalore
3274,2025-10-05,Shopping,,13.0,55809.0,Net Banking,Expense 3274,Ola,Hyderabad
3275,2025-11-11,Food,15337.0,13.0,33596.0,Debit Card,Expense 3275,,Rajkot
3276,2025-09-11,Education,11702.0,6.0,17724.0,UPI,Expense 3276,DMart,Vadodara
3277,2025-08-28,Education,6593.0,,59354.0,UPI,Expense 3277,Big Bazaar,Vadodara
3278,2025-08-20,Education,14712.0,8.0,40989.0,Cash,Expense 3278,Reliance Fresh,Bangalore
3279,2025-09-11,Fuel,4549.0,4.0,48694.0,UPI,Expense 3279,Flipkart,Vadodara
3280,2025-05-09,Shopping,16248.0,9.0,11514.0,Debit Card,Expense 3280,Amazon,Pune
3281,2025-08-17,Transport,18551.0,1.0,43012.0,Wallet,Expense 3281,Flipkart,Surat
3282,2025-01-02,Shopping,17422.0,12.0,,Net Banking,Expense 3282,Big Bazaar,Bangalore
3283,2025-07-15,Transport,16976.0,12.0,40113.0,Net Banking,Expense 3283,Ola,Vadodara
3284,2025-09-25,Education,17111.0,1.0,18182.0,Wallet,Expense 3284,Zomato,Jaipur
3285,2025-08-09,Food,19591.0,15.0,33815.0,Cash,Expense 3285,Reliance Fresh,Surat
3286,2025-08-01,Medical,10457.0,12.0,9274.0,Credit Card,Expense 3286,Ola,Hyderabad
3287,2025-09-06,Shopping,13954.0,9.0,42269.0,Debit Card,Expense 3287,Uber,Hyderabad
3288,2025-10-09,Education,7588.0,3.0,54254.0,Debit Card,Expense 3288,Zomato,Delhi
3289,2025-10-23,Bills,8042.0,10.0,,UPI,Expense 3289,Zomato,Ahmedabad
3290,2025-07-27,Travel,8643.0,12.0,,Debit Card,Expense 3290,Reliance Fresh,Bangalore
3291,2025-01-16,Rent,12486.0,14.0,43015.0,UPI,,Uber,Hyderabad
3292,2025-12-14,Rent,9412.0,13.0,59772.0,UPI,Expense 3292,Zomato,Jaipur
3293,2025-08-26,Health,3791.0,1.0,18748.0,Debit Card,Expense 3293,Amazon,Mumbai
3294,2025-09-08,Entertainment,1776.0,3.0,38664.0,UPI,Expense 3294,Zomato,Ahmedabad
3295,2025-03-12,Bills,14598.0,6.0,30052.0,Wallet,Expense 3295,Uber,Mumbai
3296,2025-11-19,Transport,19777.0,14.0,14619.0,Credit Card,Expense 3296,Big Bazaar,Ahmedabad
3297,2025-01-16,Shopping,258.0,6.0,59667.0,UPI,Expense 3297,Big Bazaar,Surat
3298,2025-04-18,Education,11420.0,,28062.0,Cash,,Swiggy,Hyderabad
3299,2025-09-16,Education,5663.0,2.0,11043.0,Net Banking,Expense 3299,DMart,Mumbai
3300,2025-02-26,Travel,,2.0,41916.0,Net Banking,Expense 3300,Zomato,Rajkot
3301,2025-10-26,Health,9557.0,15.0,29899.0,Debit Card,Expense 3301,Zomato,Rajkot
3302,2025-10-12,Travel,5437.0,3.0,9448.0,UPI,Expense 3302,Big Bazaar,Vadodara
3303,2025-09-23,Food,5068.0,3.0,,Credit Card,Expense 3303,Reliance Fresh,Jaipur
3304,2025-09-13,Health,7565.0,7.0,58362.0,Net Banking,Expense 3304,Ola,Mumbai
3305,2025-12-24,Food,7673.0,11.0,30640.0,Credit Card,Expense 3305,Zomato,Ahmedabad
3306,2025-08-01,Health,13020.0,13.0,58866.0,Wallet,Expense 3306,Zomato,Mumbai
3307,2025-05-16,Shopping,812.0,10.0,59432.0,Credit Card,,Zomato,Bangalore
3308,2025-03-25,Medical,3520.0,7.0,12297.0,UPI,Expense 3308,Swiggy,Hyderabad
3309,2025-03-27,Groceries,4651.0,1.0,10208.0,Cash,Expense 3309,Flipkart,Delhi
3310,2025-04-26,Food,17376.0,,37539.0,Wallet,Expense 3310,Uber,Vadodara
3311,2025-05-07,Travel,3721.0,1.0,,Debit Card,Expense 3311,Flipkart,Jaipur
3312,2025-10-26,Shopping,7205.0,15.0,,Cash,Expense 3312,Big Bazaar,Hyderabad
3313,2025-02-16,Entertainment,389.0,11.0,39504.0,Credit Card,Expense 3313,Zomato,Ahmedabad
3314,2025-05-16,Fuel,16632.0,15.0,20145.0,UPI,Expense 3314,DMart,Pune
3315,2025-11-21,Fuel,10749.0,15.0,38120.0,Cash,Expense 3315,Medical Store,Rajkot
3316,2025-01-23,Food,,10.0,50169.0,UPI,Expense 3316,Amazon,Delhi
3317,2025-11-14,Transport,7086.0,,52220.0,Net Banking,Expense 3317,Amazon,Delhi
3318,2025-08-20,Food,8139.0,7.0,,Cash,Expense 3318,Medical Store,Pune
3319,2025-09-03,Food,10557.0,3.0,56198.0,Net Banking,Expense 3319,Flipkart,Vadodara
3320,2025-03-24,Bills,7413.0,3.0,35590.0,Wallet,Expense 3320,Medical Store,Rajkot
3321,2025-11-25,Education,12959.0,13.0,9103.0,Credit Card,Expense 3321,Reliance Fresh,Hyderabad
3322,2025-09-27,Transport,1251.0,12.0,5094.0,Cash,Expense 3322,Big Bazaar,Surat
3323,2025-02-17,Medical,17547.0,15.0,35305.0,Debit Card,Expense 3323,Ola,Rajkot
3324,2025-01-24,Transport,3788.0,13.0,17366.0,Debit Card,Expense 3324,DMart,Rajkot
3325,2025-09-07,Medical,15387.0,2.0,43909.0,Cash,Expense 3325,Reliance Fresh,Hyderabad
3326,2025-05-23,Rent,13525.0,8.0,6967.0,Wallet,Expense 3326,,Surat
3327,2025-03-17,Fuel,10917.0,11.0,47054.0,Credit Card,Expense 3327,Ola,Surat
3328,2025-11-15,Medical,19090.0,,35134.0,Debit Card,Expense 3328,Flipkart,Hyderabad
3329,2025-12-28,Groceries,4155.0,12.0,,Debit Card,Expense 3329,Uber,Pune
3330,2025-09-03,Travel,18023.0,,45858.0,Cash,Expense 3330,Uber,Rajkot
3331,2025-12-12,Entertainment,4547.0,5.0,33341.0,Debit Card,Expense 3331,,Mumbai
3332,2025-12-01,Health,3664.0,2.0,59855.0,Cash,Expense 3332,Flipkart,Mumbai
3333,2025-12-13,Medical,3828.0,5.0,33012.0,Debit Card,,Zomato,Surat
3334,2025-02-27,Education,12109.0,4.0,57206.0,Net Banking,Expense 3334,,Rajkot
3335,2025-11-02,Health,10304.0,3.0,42517.0,UPI,Expense 3335,Amazon,Mumbai
3336,2025-05-28,Shopping,,11.0,8954.0,Cash,Expense 3336,Big Bazaar,Mumbai
3337,2025-04-22,Groceries,,4.0,49366.0,Net Banking,Expense 3337,Ola,Hyderabad
3338,2025-06-02,Shopping,11469.0,4.0,39717.0,Net Banking,Expense 3338,DMart,Rajkot
3339,2025-06-28,Entertainment,19866.0,12.0,53207.0,Wallet,Expense 3339,Reliance Fresh,Ahmedabad
3340,2025-11-01,Education,9224.0,7.0,42410.0,Debit Card,Expense 3340,Big Bazaar,Ahmedabad
3341,2025-05-14,Medical,2208.0,13.0,5676.0,Wallet,Expense 3341,Reliance Fresh,Jaipur
3342,2025-09-07,Transport,7284.0,4.0,40233.0,Cash,Expense 3342,Big Bazaar,Rajkot
3343,2025-11-04,Education,16879.0,14.0,54175.0,Net Banking,Expense 3343,Uber,Bangalore
3344,2025-10-11,Transport,8210.0,7.0,22536.0,Credit Card,Expense 3344,Uber,Rajkot
3345,2025-05-03,Groceries,5354.0,7.0,24308.0,Credit Card,Expense 3345,Swiggy,Mumbai
3346,2025-07-09,Medical,5379.0,4.0,36603.0,Credit Card,Expense 3346,Uber,Bangalore
3347,2025-09-02,Medical,18681.0,,17358.0,Cash,Expense 3347,DMart,Pune
3348,2025-12-14,Transport,17189.0,3.0,12344.0,Debit Card,Expense 3348,Amazon,Pune
3349,2025-12-04,Shopping,19449.0,1.0,12530.0,Cash,Expense 3349,Ola,Pune
3350,2025-07-09,Fuel,569.0,15.0,54132.0,UPI,Expense 3350,DMart,Jaipur
3351,2025-06-21,Shopping,11263.0,3.0,58498.0,UPI,Expense 3351,Reliance Fresh,Pune
3352,2025-06-14,Medical,9631.0,5.0,13696.0,Cash,Expense 3352,Big Bazaar,Surat
3353,2025-11-04,Medical,6724.0,9.0,33790.0,UPI,Expense 3353,Amazon,Delhi
3354,2025-05-24,Transport,9701.0,4.0,47560.0,Credit Card,Expense 3354,Reliance Fresh,Ahmedabad
3355,2025-08-10,Shopping,6632.0,13.0,35928.0,Credit Card,Expense 3355,DMart,Delhi
3356,2025-06-28,Rent,9945.0,4.0,20229.0,Debit Card,Expense 3356,Flipkart,Hyderabad
3357,2025-06-12,Groceries,2213.0,4.0,20916.0,UPI,Expense 3357,Big Bazaar,Vadodara
3358,2025-05-15,Health,13798.0,12.0,28662.0,Debit Card,,Flipkart,Pune
3359,2025-06-23,Health,18146.0,15.0,52117.0,UPI,Expense 3359,Ola,Surat
3360,2025-11-06,Transport,15339.0,6.0,59784.0,Debit Card,Expense 3360,Zomato,Hyderabad
3361,2025-11-18,Travel,19045.0,1.0,40875.0,Net Banking,Expense 3361,Ola,Vadodara
3362,2025-03-28,Shopping,540.0,10.0,49797.0,Credit Card,Expense 3362,,Delhi
3363,2025-05-22,Groceries,19745.0,1.0,8521.0,Wallet,Expense 3363,Medical Store,Delhi
3364,2025-12-07,Bills,1683.0,13.0,11515.0,Wallet,Expense 3364,Medical Store,Delhi
3365,2025-06-05,Bills,11831.0,2.0,,Debit Card,,Ola,Mumbai
3366,2025-10-01,Bills,15810.0,9.0,51818.0,Wallet,Expense 3366,Zomato,Mumbai
3367,2025-03-25,Bills,13609.0,2.0,58313.0,Net Banking,Expense 3367,Swiggy,Bangalore
3368,2025-04-08,Bills,9974.0,10.0,15684.0,Credit Card,Expense 3368,Amazon,Ahmedabad
3369,2025-12-18,Travel,3961.0,13.0,50054.0,UPI,Expense 3369,Amazon,Vadodara
3370,2025-10-16,Medical,9175.0,14.0,27837.0,Credit Card,Expense 3370,Uber,Bangalore
3371,2025-05-07,Fuel,1296.0,8.0,52570.0,Credit Card,Expense 3371,Zomato,Pune
3372,2025-06-06,Groceries,6186.0,15.0,,Wallet,Expense 3372,,Pune
3373,2025-03-04,Medical,5155.0,,25044.0,UPI,Expense 3373,Swiggy,Surat
3374,2025-04-18,Entertainment,11412.0,12.0,51680.0,UPI,Expense 3374,Medical Store,Ahmedabad
3375,2025-06-20,Medical,9723.0,6.0,47551.0,Credit Card,Expense 3375,Ola,Mumbai
3376,2025-06-12,Education,18842.0,15.0,21860.0,UPI,Expense 3376,Flipkart,Delhi
3377,2025-04-05,Entertainment,6719.0,14.0,,Credit Card,Expense 3377,Medical Store,Pune
3378,2025-01-03,Travel,2178.0,14.0,7165.0,Cash,Expense 3378,Ola,Ahmedabad
3379,2025-01-16,Bills,8943.0,8.0,20185.0,Wallet,Expense 3379,Ola,Rajkot
3380,2025-07-18,Rent,16182.0,12.0,53168.0,Net Banking,Expense 3380,,Jaipur
3381,2025-07-02,Entertainment,17040.0,2.0,44834.0,Debit Card,,Reliance Fresh,Surat
3382,2025-02-27,Shopping,18522.0,8.0,57531.0,Net Banking,,Flipkart,Pune
3383,2025-11-17,Travel,10412.0,5.0,5244.0,Credit Card,,Uber,Pune
3384,2025-07-06,Groceries,6788.0,3.0,14027.0,UPI,Expense 3384,Amazon,Ahmedabad
3385,2025-06-26,Fuel,162.0,1.0,42842.0,UPI,Expense 3385,Reliance Fresh,Vadodara
3386,2025-01-02,Shopping,1439.0,13.0,33056.0,UPI,Expense 3386,,Rajkot
3387,2025-03-14,Medical,17551.0,9.0,54117.0,Net Banking,Expense 3387,Zomato,Surat
3388,2025-12-03,Shopping,9905.0,9.0,49348.0,Wallet,Expense 3388,Amazon,Ahmedabad
3389,2025-11-13,Health,12061.0,9.0,,Wallet,Expense 3389,Reliance Fresh,Bangalore
3390,2025-10-05,Travel,3092.0,5.0,43972.0,Credit Card,Expense 3390,,Vadodara
3391,2025-01-02,Transport,16173.0,7.0,19144.0,Wallet,Expense 3391,DMart,Hyderabad
3392,2025-10-16,Medical,578.0,13.0,13777.0,Net Banking,Expense 3392,Amazon,Pune
3393,2025-10-10,Travel,7321.0,4.0,14541.0,Credit Card,Expense 3393,,Ahmedabad
3394,2025-04-22,Medical,16497.0,4.0,16328.0,Wallet,Expense 3394,Big Bazaar,Rajkot
3395,2025-04-07,Rent,14331.0,,29791.0,Wallet,Expense 3395,Ola,Bangalore
3396,2025-12-19,Medical,18317.0,12.0,38099.0,Net Banking,Expense 3396,Uber,Jaipur
3397,2025-07-04,Transport,932.0,7.0,28972.0,Debit Card,Expense 3397,,Hyderabad
3398,2025-06-10,Medical,3970.0,9.0,57571.0,Credit Card,Expense 3398,Swiggy,Bangalore
3399,2025-03-07,Health,6227.0,14.0,21606.0,Cash,Expense 3399,Amazon,Ahmedabad
3400,2025-09-01,Medical,12149.0,8.0,49044.0,Cash,Expense 3400,DMart,Rajkot
3401,2025-12-01,Bills,9374.0,6.0,24779.0,Net Banking,Expense 3401,Ola,Bangalore
3402,2025-10-06,Travel,4784.0,8.0,7256.0,Credit Card,Expense 3402,Ola,Delhi
3403,2025-01-21,Bills,7544.0,7.0,33344.0,Wallet,Expense 3403,Flipkart,Delhi
3404,2025-09-23,Medical,5545.0,13.0,26226.0,Net Banking,Expense 3404,Swiggy,Jaipur
3405,2025-01-14,Travel,1271.0,11.0,52070.0,Wallet,Expense 3405,Uber,Rajkot
3406,2025-02-13,Travel,8537.0,1.0,35088.0,Credit Card,Expense 3406,DMart,Surat
3407,2025-11-26,Bills,558.0,7.0,37176.0,UPI,Expense 3407,,Vadodara
3408,2025-02-24,Groceries,8348.0,5.0,31008.0,Cash,Expense 3408,Medical Store,Pune
3409,2025-11-18,Shopping,1242.0,12.0,42471.0,Wallet,Expense 3409,Medical Store,Rajkot
3410,2025-10-20,Education,1582.0,13.0,25937.0,Debit Card,Expense 3410,Reliance Fresh,Mumbai
3411,2025-02-14,Fuel,9521.0,2.0,27189.0,Wallet,Expense 3411,Ola,Hyderabad
3412,2025-09-06,Transport,7723.0,5.0,54157.0,Debit Card,Expense 3412,Ola,Rajkot
3413,2025-03-20,Health,,6.0,50766.0,Wallet,,Flipkart,Mumbai
3414,2025-01-18,Fuel,1745.0,7.0,5455.0,Cash,Expense 3414,Big Bazaar,Bangalore
3415,2025-08-09,Bills,14365.0,12.0,33995.0,Debit Card,Expense 3415,Zomato,Surat
3416,2025-11-10,Shopping,7317.0,,50815.0,Debit Card,,Flipkart,Pune
3417,2025-11-06,Shopping,597.0,,40790.0,Cash,Expense 3417,Medical Store,Mumbai
3418,2025-11-08,Education,,14.0,49091.0,Wallet,Expense 3418,Big Bazaar,Ahmedabad
3419,2025-06-07,Food,18114.0,10.0,44625.0,Net Banking,Expense 3419,Zomato,Vadodara
3420,2025-02-23,Fuel,7248.0,3.0,35748.0,Wallet,Expense 3420,Swiggy,Surat
3421,2025-02-20,Health,5144.0,15.0,12166.0,UPI,Expense 3421,Medical Store,Vadodara
3422,2025-01-21,Medical,15436.0,8.0,7575.0,Cash,Expense 3422,DMart,Mumbai
3423,2025-04-16,Groceries,18538.0,9.0,29172.0,UPI,Expense 3423,Big Bazaar,Bangalore
3424,2025-07-01,Bills,11514.0,5.0,54021.0,UPI,Expense 3424,Amazon,Jaipur
3425,2025-02-05,Bills,13667.0,15.0,,UPI,Expense 3425,Swiggy,Ahmedabad
3426,2025-03-21,Food,6734.0,13.0,57554.0,Wallet,Expense 3426,Zomato,Rajkot
3427,2025-05-23,Travel,12283.0,8.0,39661.0,Credit Card,Expense 3427,Medical Store,Jaipur
3428,2025-12-20,Medical,8708.0,12.0,22954.0,Debit Card,Expense 3428,Big Bazaar,Delhi
3429,2025-01-22,Shopping,8102.0,13.0,42584.0,UPI,Expense 3429,Uber,Delhi
3430,2025-07-25,Shopping,3738.0,3.0,46459.0,UPI,Expense 3430,Swiggy,Mumbai
3431,2025-07-09,Fuel,8972.0,14.0,46846.0,Credit Card,Expense 3431,,Ahmedabad
3432,2025-07-18,Groceries,19412.0,14.0,39502.0,Debit Card,Expense 3432,Flipkart,Rajkot
3433,2025-04-02,Medical,6107.0,14.0,51687.0,Cash,Expense 3433,Flipkart,Jaipur
3434,2025-05-11,Medical,6287.0,12.0,23328.0,Debit Card,Expense 3434,Flipkart,Ahmedabad
3435,2025-09-01,Education,14135.0,2.0,9912.0,Net Banking,Expense 3435,Reliance Fresh,Jaipur
3436,2025-05-14,Medical,8371.0,15.0,45730.0,Debit Card,Expense 3436,,Hyderabad
3437,2025-07-26,Shopping,4803.0,4.0,36844.0,Net Banking,Expense 3437,Amazon,Bangalore
3438,2025-09-01,Rent,5054.0,10.0,18753.0,Cash,Expense 3438,Ola,Ahmedabad
3439,2025-08-09,Medical,19576.0,6.0,14037.0,Debit Card,Expense 3439,Big Bazaar,Mumbai
3440,2025-12-07,Education,8849.0,14.0,22200.0,UPI,Expense 3440,Flipkart,Rajkot
3441,2025-01-18,Food,8646.0,6.0,30617.0,Cash,,,Delhi
3442,2025-04-10,Transport,1366.0,9.0,24653.0,Debit Card,Expense 3442,Ola,Delhi
3443,2025-06-28,Fuel,1827.0,13.0,59821.0,Wallet,,Reliance Fresh,Jaipur
3444,2025-04-12,Bills,8716.0,14.0,5401.0,Debit Card,Expense 3444,Zomato,Jaipur
3445,2025-02-13,Food,17391.0,8.0,51697.0,Debit Card,Expense 3445,Swiggy,Ahmedabad
3446,2025-08-28,Medical,3786.0,5.0,38655.0,Cash,Expense 3446,Amazon,Pune
3447,2025-03-07,Shopping,4742.0,9.0,40883.0,Credit Card,Expense 3447,Flipkart,Vadodara
3448,2025-04-18,Groceries,3686.0,11.0,12138.0,Net Banking,Expense 3448,Big Bazaar,Hyderabad
3449,2025-09-10,Food,12144.0,12.0,23823.0,Debit Card,Expense 3449,Reliance Fresh,Ahmedabad
3450,2025-11-10,Rent,6711.0,11.0,29346.0,Debit Card,Expense 3450,Zomato,Pune
3451,2025-11-26,Transport,17964.0,9.0,32113.0,Wallet,Expense 3451,Swiggy,Rajkot
3452,2025-03-17,Groceries,7703.0,4.0,41809.0,Credit Card,,Zomato,Ahmedabad
3453,2025-04-01,Health,985.0,10.0,,UPI,Expense 3453,Reliance Fresh,Jaipur
3454,2025-07-17,Health,9866.0,11.0,56520.0,Wallet,Expense 3454,Uber,Pune
3455,2025-10-22,Groceries,1743.0,8.0,46362.0,Wallet,Expense 3455,Reliance Fresh,Bangalore
3456,2025-05-22,Health,14209.0,6.0,30988.0,Cash,Expense 3456,Amazon,Pune
3457,2025-10-05,Medical,10011.0,12.0,40551.0,Net Banking,Expense 3457,,Surat
3458,2025-11-13,Entertainment,10287.0,9.0,28896.0,Credit Card,Expense 3458,Big Bazaar,Delhi
3459,2025-12-05,Groceries,205.0,11.0,22169.0,Debit Card,Expense 3459,Zomato,Vadodara
3460,2025-02-27,Medical,15363.0,2.0,50426.0,Cash,Expense 3460,,Ahmedabad
3461,2025-02-11,Travel,10230.0,1.0,37340.0,Cash,Expense 3461,Reliance Fresh,Mumbai
3462,2025-07-23,Entertainment,3315.0,15.0,7222.0,Net Banking,Expense 3462,Flipkart,Jaipur
3463,2025-07-03,Transport,6392.0,5.0,42712.0,Cash,Expense 3463,Reliance Fresh,Ahmedabad
3464,2025-11-08,Rent,1603.0,2.0,12865.0,UPI,Expense 3464,,Delhi
3465,2025-02-05,Entertainment,19440.0,5.0,22668.0,Cash,Expense 3465,Flipkart,Mumbai
3466,2025-12-26,Transport,886.0,5.0,5545.0,Wallet,Expense 3466,,Vadodara
3467,2025-05-07,Shopping,1725.0,15.0,40824.0,UPI,Expense 3467,Amazon,Delhi
3468,2025-08-17,Travel,5391.0,2.0,32032.0,Credit Card,Expense 3468,Uber,Vadodara
3469,2025-12-23,Shopping,4851.0,7.0,27520.0,Wallet,Expense 3469,Big Bazaar,Delhi
3470,2025-10-11,Medical,10176.0,6.0,47235.0,Cash,Expense 3470,Amazon,Surat
3471,2025-01-24,Transport,9034.0,5.0,55157.0,Wallet,Expense 3471,Uber,Rajkot
3472,2025-11-26,Rent,10199.0,10.0,21307.0,Cash,Expense 3472,,Surat
3473,2025-10-25,Fuel,10767.0,1.0,5565.0,Credit Card,Expense 3473,Zomato,Jaipur
3474,2025-02-04,Shopping,14847.0,5.0,33983.0,Cash,Expense 3474,Flipkart,Ahmedabad
3475,2025-03-07,Fuel,3585.0,14.0,48141.0,Debit Card,Expense 3475,Flipkart,Delhi
3476,2025-02-16,Travel,8656.0,4.0,8890.0,Wallet,Expense 3476,DMart,Ahmedabad
3477,2025-03-28,Entertainment,16271.0,2.0,17073.0,Wallet,Expense 3477,Zomato,Hyderabad
3478,2025-08-20,Education,5746.0,3.0,52197.0,Cash,Expense 3478,Zomato,Delhi
3479,2025-04-09,Bills,15397.0,,37520.0,Wallet,Expense 3479,Ola,Bangalore
3480,2025-10-21,Transport,13733.0,4.0,19933.0,Credit Card,Expense 3480,Zomato,Surat
3481,2025-11-10,Health,14707.0,3.0,36673.0,Net Banking,Expense 3481,Uber,Hyderabad
3482,2025-01-28,Groceries,3536.0,13.0,28126.0,Cash,Expense 3482,Swiggy,Pune
3483,2025-11-28,Medical,12912.0,7.0,18668.0,Wallet,Expense 3483,Ola,Rajkot
3484,2025-01-17,Food,967.0,11.0,54586.0,Wallet,Expense 3484,Amazon,Delhi
3485,2025-11-28,Entertainment,11682.0,14.0,44508.0,Net Banking,Expense 3485,Medical Store,Mumbai
3486,2025-03-28,Fuel,7945.0,6.0,47846.0,Net Banking,Expense 3486,Medical Store,Bangalore
3487,2025-07-03,Health,13946.0,6.0,45877.0,UPI,Expense 3487,Reliance Fresh,Bangalore
3488,2025-11-03,Food,8183.0,15.0,51380.0,Debit Card,Expense 3488,Amazon,Vadodara
3489,2025-09-05,Education,12937.0,9.0,35359.0,Cash,,Zomato,Mumbai
3490,2025-08-22,Entertainment,4907.0,5.0,31058.0,UPI,Expense 3490,Swiggy,Jaipur
3491,2025-11-03,Bills,1485.0,1.0,,Credit Card,Expense 3491,Uber,Jaipur
3492,2025-10-20,Transport,9159.0,,14422.0,Credit Card,Expense 3492,DMart,Surat
3493,2025-04-03,Fuel,17373.0,10.0,36177.0,Net Banking,Expense 3493,Swiggy,Delhi
3494,2025-10-25,Groceries,2044.0,9.0,42855.0,Debit Card,Expense 3494,Ola,Bangalore
3495,2025-06-18,Rent,1905.0,14.0,18697.0,Wallet,Expense 3495,Ola,Ahmedabad
3496,2025-05-23,Shopping,18810.0,9.0,16646.0,Credit Card,Expense 3496,DMart,Surat
3497,2025-01-03,Travel,11016.0,12.0,35041.0,Cash,Expense 3497,Big Bazaar,Ahmedabad
3498,2025-06-22,Medical,12507.0,2.0,,Debit Card,Expense 3498,,Delhi
3499,2025-05-14,Shopping,9007.0,5.0,6350.0,Cash,Expense 3499,Amazon,Bangalore
3500,2025-03-11,Travel,19472.0,9.0,48997.0,Credit Card,Expense 3500,Big Bazaar,Surat
3501,2025-07-19,Travel,7740.0,7.0,47578.0,Debit Card,Expense 3501,Medical Store,Jaipur
3502,2025-07-04,Shopping,4597.0,9.0,31770.0,Wallet,Expense 3502,Medical Store,Mumbai
3503,2025-11-03,Fuel,15925.0,12.0,9423.0,UPI,Expense 3503,Ola,Rajkot
3504,2025-01-25,Shopping,18507.0,12.0,26431.0,Debit Card,Expense 3504,Uber,Bangalore
3505,2025-01-25,Groceries,7707.0,6.0,10218.0,Cash,Expense 3505,Amazon,Surat
3506,2025-10-10,Shopping,14117.0,5.0,,Wallet,Expense 3506,Medical Store,Pune
3507,2025-06-21,Shopping,14683.0,2.0,51265.0,Debit Card,Expense 3507,Amazon,Rajkot
3508,2025-10-06,Medical,4642.0,1.0,26175.0,Cash,Expense 3508,,Bangalore
3509,2025-10-02,Food,6129.0,9.0,10519.0,Wallet,Expense 3509,DMart,Mumbai
3510,2025-08-25,Education,,9.0,33901.0,Debit Card,Expense 3510,Uber,Pune
3511,2025-11-02,Bills,10115.0,8.0,28399.0,Cash,Expense 3511,Amazon,Jaipur
3512,2025-09-20,Transport,17437.0,3.0,45312.0,Debit Card,Expense 3512,Medical Store,Vadodara
3513,2025-01-17,Bills,14316.0,12.0,25716.0,Wallet,Expense 3513,Ola,Jaipur
3514,2025-01-10,Shopping,13377.0,13.0,37900.0,Debit Card,Expense 3514,Swiggy,Vadodara
3515,2025-11-14,Entertainment,8901.0,4.0,28981.0,Cash,Expense 3515,Medical Store,Hyderabad
3516,2025-12-22,Entertainment,201.0,4.0,37097.0,Cash,Expense 3516,Ola,Bangalore
3517,2025-03-12,Rent,16174.0,7.0,18614.0,Cash,Expense 3517,Swiggy,Ahmedabad
3518,2025-09-17,Health,18135.0,3.0,19704.0,Net Banking,Expense 3518,Medical Store,Delhi
3519,2025-03-23,Medical,16117.0,6.0,16768.0,Cash,Expense 3519,Uber,Delhi
3520,2025-09-17,Bills,16390.0,2.0,25594.0,Credit Card,Expense 3520,DMart,Hyderabad
3521,2025-08-25,Medical,17726.0,12.0,56551.0,Cash,Expense 3521,Reliance Fresh,Bangalore
3522,2025-06-10,Health,11244.0,12.0,32735.0,Debit Card,Expense 3522,Swiggy,Pune
3523,2025-11-07,Fuel,8614.0,15.0,55413.0,Wallet,Expense 3523,Ola,Pune
3524,2025-10-11,Shopping,11985.0,,6782.0,Net Banking,Expense 3524,Uber,Vadodara
3525,2025-08-23,Groceries,7024.0,3.0,15445.0,Cash,Expense 3525,Swiggy,Bangalore
3526,2025-11-23,Shopping,10561.0,12.0,17393.0,Net Banking,Expense 3526,DMart,Hyderabad
3527,2025-04-18,Rent,5753.0,10.0,15387.0,Credit Card,Expense 3527,Flipkart,Mumbai
3528,2025-05-17,Fuel,17328.0,2.0,37438.0,Wallet,Expense 3528,Medical Store,Vadodara
3529,2025-08-28,Transport,6347.0,13.0,14927.0,Debit Card,Expense 3529,Swiggy,Hyderabad
3530,2025-03-18,Groceries,7267.0,2.0,37006.0,Wallet,Expense 3530,Amazon,Jaipur
3531,2025-11-13,Transport,13000.0,8.0,5793.0,Credit Card,Expense 3531,Ola,Bangalore
3532,2025-11-10,Travel,14194.0,10.0,56156.0,Net Banking,Expense 3532,Reliance Fresh,Pune
3533,2025-01-14,Food,1939.0,9.0,42665.0,Debit Card,Expense 3533,Flipkart,Ahmedabad
3534,2025-11-03,Fuel,16122.0,3.0,25484.0,Wallet,Expense 3534,Reliance Fresh,Mumbai
3535,2025-02-04,Food,13146.0,7.0,32417.0,UPI,Expense 3535,Medical Store,Surat
3536,2025-10-02,Travel,8907.0,4.0,47199.0,Debit Card,Expense 3536,Big Bazaar,Vadodara
3537,2025-05-26,Medical,7832.0,10.0,34468.0,UPI,Expense 3537,Medical Store,Jaipur
3538,2025-04-12,Groceries,3281.0,1.0,36119.0,Wallet,Expense 3538,Reliance Fresh,Vadodara
3539,2025-11-24,Medical,6509.0,13.0,34872.0,Credit Card,Expense 3539,Ola,Bangalore
3540,2025-10-22,Food,18661.0,5.0,31230.0,UPI,Expense 3540,Reliance Fresh,Bangalore
3541,2025-06-19,Bills,16880.0,3.0,11567.0,Wallet,Expense 3541,Zomato,Hyderabad
3542,2025-04-18,Bills,17125.0,1.0,26834.0,Net Banking,Expense 3542,Medical Store,Hyderabad
3543,2025-08-03,Shopping,10775.0,6.0,5641.0,UPI,Expense 3543,Big Bazaar,Hyderabad
3544,2025-10-10,Transport,7068.0,9.0,34383.0,Credit Card,Expense 3544,Reliance Fresh,Mumbai
3545,2025-07-28,Groceries,17826.0,4.0,16293.0,Wallet,Expense 3545,DMart,Delhi
3546,2025-01-09,Entertainment,18082.0,11.0,57462.0,UPI,Expense 3546,Ola,Bangalore
3547,2025-07-20,Transport,10138.0,12.0,25593.0,Wallet,Expense 3547,Big Bazaar,Mumbai
3548,2025-05-10,Bills,10883.0,7.0,,Credit Card,Expense 3548,Reliance Fresh,Surat
3549,2025-01-19,Entertainment,15329.0,3.0,7500.0,Cash,Expense 3549,DMart,Vadodara
3550,2025-09-23,Transport,5040.0,10.0,8692.0,Cash,Expense 3550,DMart,Surat
3551,2025-05-23,Food,7786.0,7.0,45895.0,Cash,Expense 3551,Zomato,Surat
3552,2025-03-03,Education,18816.0,9.0,25688.0,Cash,Expense 3552,DMart,Vadodara
3553,2025-11-06,Rent,19124.0,7.0,28047.0,Cash,Expense 3553,Big Bazaar,Pune
3554,2025-08-15,Shopping,15506.0,9.0,44787.0,Wallet,Expense 3554,Medical Store,Delhi
3555,2025-01-10,Entertainment,7155.0,15.0,47447.0,Cash,Expense 3555,,Pune
3556,2025-02-25,Entertainment,15426.0,15.0,12146.0,UPI,Expense 3556,Swiggy,Jaipur
3557,2025-11-16,Rent,727.0,4.0,24500.0,Net Banking,Expense 3557,Big Bazaar,Rajkot
3558,2025-01-02,Medical,10937.0,13.0,46033.0,Net Banking,Expense 3558,Medical Store,Vadodara
3559,2025-12-07,Entertainment,6899.0,15.0,25138.0,Debit Card,Expense 3559,Swiggy,Rajkot
3560,2025-06-23,Entertainment,13214.0,6.0,15685.0,Cash,Expense 3560,Big Bazaar,Surat
3561,2025-06-08,Groceries,13720.0,15.0,37206.0,Cash,Expense 3561,DMart,Vadodara
3562,2025-05-07,Transport,4111.0,1.0,7781.0,UPI,Expense 3562,Medical Store,Surat
3563,2025-05-19,Entertainment,15605.0,1.0,,Net Banking,Expense 3563,Ola,Jaipur
3564,2025-06-12,Education,7825.0,15.0,55189.0,Credit Card,Expense 3564,Flipkart,Hyderabad
3565,2025-06-16,Rent,16215.0,12.0,39709.0,Cash,Expense 3565,Swiggy,Rajkot
3566,2025-10-27,Groceries,2031.0,8.0,32864.0,UPI,Expense 3566,Flipkart,Pune
3567,2025-03-02,Rent,7693.0,7.0,5366.0,Debit Card,,Zomato,Ahmedabad
3568,2025-11-01,Transport,456.0,13.0,54715.0,Net Banking,Expense 3568,Medical Store,Hyderabad
3569,2025-09-16,Food,16114.0,9.0,22069.0,Wallet,Expense 3569,Uber,Hyderabad
3570,2025-10-04,Entertainment,18835.0,12.0,16483.0,UPI,Expense 3570,DMart,Surat
3571,2025-08-07,Bills,852.0,5.0,9268.0,Debit Card,Expense 3571,Big Bazaar,Jaipur
3572,2025-09-18,Food,10798.0,9.0,,Debit Card,Expense 3572,Swiggy,Vadodara
3573,2025-09-03,Shopping,6308.0,9.0,22086.0,Wallet,Expense 3573,,Jaipur
3574,2025-09-22,Health,916.0,1.0,14801.0,Wallet,Expense 3574,Amazon,Surat
3575,2025-08-15,Transport,14576.0,15.0,9458.0,Debit Card,Expense 3575,Uber,Delhi
3576,2025-11-06,Education,9899.0,10.0,27177.0,Net Banking,Expense 3576,Zomato,Hyderabad
3577,2025-05-02,Transport,18219.0,10.0,51395.0,Net Banking,Expense 3577,Medical Store,Pune
3578,2025-04-15,Food,1474.0,4.0,8830.0,Credit Card,Expense 3578,Ola,Rajkot
3579,2025-01-02,Food,7066.0,,46170.0,UPI,Expense 3579,,Hyderabad
3580,2025-07-16,Shopping,4515.0,7.0,20809.0,Credit Card,Expense 3580,Flipkart,Rajkot
3581,2025-08-06,Transport,18220.0,7.0,38596.0,Wallet,Expense 3581,Ola,Pune
3582,2025-10-06,Education,2797.0,8.0,31098.0,Cash,Expense 3582,Amazon,Surat
3583,2025-02-18,Medical,,11.0,14645.0,Net Banking,,Uber,Vadodara
3584,2025-06-19,Education,15369.0,5.0,16763.0,Net Banking,Expense 3584,Big Bazaar,Surat
3585,2025-10-25,Groceries,3390.0,1.0,25887.0,Credit Card,Expense 3585,Uber,Hyderabad
3586,2025-06-16,Food,8697.0,11.0,13135.0,Net Banking,Expense 3586,Flipkart,Rajkot
3587,2025-02-28,Fuel,9729.0,8.0,44961.0,Credit Card,Expense 3587,Reliance Fresh,Vadodara
3588,2025-12-06,Entertainment,14840.0,11.0,58625.0,UPI,Expense 3588,Amazon,Vadodara
3589,2025-03-12,Education,9241.0,11.0,28560.0,Credit Card,Expense 3589,Ola,Mumbai
3590,2025-01-01,Travel,10901.0,13.0,42323.0,Wallet,Expense 3590,Amazon,Jaipur
3591,2025-12-07,Fuel,16082.0,14.0,27718.0,Cash,Expense 3591,Zomato,Vadodara
3592,2025-04-17,Food,934.0,3.0,27684.0,Wallet,Expense 3592,Amazon,Surat
3593,2025-04-13,Transport,10656.0,8.0,32327.0,Cash,Expense 3593,Ola,Jaipur
3594,2025-09-01,Food,13462.0,7.0,42267.0,Debit Card,Expense 3594,Flipkart,Bangalore
3595,2025-06-05,Medical,11939.0,7.0,23872.0,Cash,Expense 3595,Swiggy,Hyderabad
3596,2025-12-23,Groceries,6923.0,6.0,32155.0,Wallet,Expense 3596,Uber,Rajkot
3597,2025-06-04,Fuel,17888.0,6.0,19695.0,UPI,Expense 3597,DMart,Mumbai
3598,2025-10-18,Shopping,1408.0,10.0,31098.0,Credit Card,Expense 3598,Big Bazaar,Pune
3599,2025-11-02,Rent,17593.0,2.0,,Cash,Expense 3599,Flipkart,Vadodara
3600,2025-02-17,Health,10297.0,8.0,14095.0,Wallet,Expense 3600,,Pune
3601,2025-07-05,Education,4704.0,7.0,50615.0,Net Banking,Expense 3601,Swiggy,Hyderabad
3602,2025-06-25,Medical,10729.0,2.0,45977.0,Net Banking,Expense 3602,Reliance Fresh,Jaipur
3603,2025-11-01,Medical,16973.0,1.0,29043.0,UPI,Expense 3603,Zomato,Surat
3604,2025-03-16,Health,17861.0,13.0,15252.0,Wallet,Expense 3604,Uber,Surat
3605,2025-03-06,Medical,4848.0,8.0,18114.0,Credit Card,Expense 3605,Reliance Fresh,Mumbai
3606,2025-04-27,Education,12697.0,14.0,58565.0,UPI,Expense 3606,Big Bazaar,Mumbai
3607,2025-10-19,Health,9002.0,7.0,32243.0,Wallet,Expense 3607,DMart,Rajkot
3608,2025-08-22,Education,3872.0,8.0,52291.0,Credit Card,Expense 3608,,Mumbai
3609,2025-04-08,Transport,17360.0,,31959.0,Credit Card,Expense 3609,Ola,Bangalore
3610,2025-08-22,Entertainment,15475.0,3.0,25965.0,Wallet,Expense 3610,Zomato,Vadodara
3611,2025-04-08,Fuel,11117.0,13.0,59385.0,Net Banking,Expense 3611,Zomato,Mumbai
3612,2025-11-14,Health,19205.0,14.0,23135.0,Cash,Expense 3612,Swiggy,Vadodara
3613,2025-10-06,Groceries,5735.0,,45609.0,Cash,Expense 3613,Zomato,Surat
3614,2025-04-10,Fuel,8817.0,3.0,29410.0,UPI,Expense 3614,Ola,Surat
3615,2025-06-21,Education,11232.0,1.0,21430.0,Credit Card,Expense 3615,Big Bazaar,Hyderabad
3616,2025-05-19,Health,13313.0,10.0,36169.0,Cash,Expense 3616,Amazon,Ahmedabad
3617,2025-02-14,Rent,8026.0,5.0,,Net Banking,Expense 3617,Uber,Bangalore
3618,2025-02-03,Rent,3268.0,2.0,10667.0,Debit Card,Expense 3618,,Jaipur
3619,2025-08-08,Transport,17373.0,7.0,45845.0,Cash,Expense 3619,Swiggy,Mumbai
3620,2025-12-16,Travel,6891.0,10.0,19138.0,Debit Card,Expense 3620,Flipkart,Vadodara
3621,2025-01-15,Fuel,8091.0,4.0,33684.0,Credit Card,Expense 3621,Big Bazaar,Jaipur
3622,2025-07-24,Rent,13945.0,5.0,46627.0,Credit Card,Expense 3622,Amazon,Vadodara
3623,2025-01-14,Travel,7428.0,6.0,16589.0,Credit Card,Expense 3623,Amazon,Delhi
3624,2025-04-19,Food,9637.0,14.0,7314.0,Credit Card,Expense 3624,,Vadodara
3625,2025-04-04,Shopping,10209.0,12.0,38694.0,Cash,Expense 3625,Big Bazaar,Pune
3626,2025-10-20,Travel,12039.0,7.0,56721.0,UPI,,Uber,Bangalore
3627,2025-09-13,Transport,2263.0,15.0,59508.0,Net Banking,Expense 3627,Amazon,Delhi
3628,2025-03-24,Education,18553.0,2.0,19903.0,Credit Card,Expense 3628,Big Bazaar,Mumbai
3629,2025-04-28,Rent,8793.0,,50755.0,Net Banking,Expense 3629,Reliance Fresh,Bangalore
3630,2025-06-07,Groceries,15774.0,9.0,56477.0,Credit Card,Expense 3630,Flipkart,Delhi
3631,2025-07-09,Fuel,,9.0,16800.0,Credit Card,Expense 3631,Flipkart,Vadodara
3632,2025-11-23,Entertainment,1514.0,5.0,39477.0,Net Banking,Expense 3632,,Ahmedabad
3633,2025-07-03,Education,6104.0,,22086.0,Credit Card,Expense 3633,Ola,Vadodara
3634,2025-12-20,Entertainment,19164.0,8.0,34442.0,Net Banking,Expense 3634,Big Bazaar,Rajkot
3635,2025-06-27,Groceries,9030.0,14.0,17065.0,Wallet,Expense 3635,Reliance Fresh,Mumbai
3636,2025-02-25,Medical,9257.0,2.0,,Debit Card,Expense 3636,Uber,Jaipur
3637,2025-07-13,Medical,19582.0,1.0,25784.0,Cash,Expense 3637,Big Bazaar,Vadodara
3638,2025-09-17,Bills,19756.0,14.0,32272.0,Net Banking,Expense 3638,DMart,Delhi
3639,2025-09-18,Bills,2275.0,2.0,52692.0,Wallet,Expense 3639,Medical Store,Surat
3640,2025-11-14,Health,2049.0,,7745.0,Credit Card,Expense 3640,Uber,Rajkot
3641,2025-07-02,Shopping,5937.0,5.0,52669.0,Wallet,Expense 3641,,Mumbai
3642,2025-08-22,Groceries,2920.0,11.0,25585.0,Wallet,Expense 3642,Medical Store,Jaipur
3643,2025-01-12,Rent,446.0,11.0,25527.0,UPI,Expense 3643,Medical Store,Ahmedabad
3644,2025-05-21,Transport,11241.0,12.0,13610.0,Net Banking,Expense 3644,Swiggy,Pune
3645,2025-01-15,Fuel,16132.0,2.0,27501.0,Debit Card,Expense 3645,Reliance Fresh,Mumbai
3646,2025-09-01,Medical,6265.0,9.0,37995.0,Cash,Expense 3646,Medical Store,Jaipur
3647,2025-08-24,Groceries,17598.0,6.0,26281.0,UPI,Expense 3647,Swiggy,Ahmedabad
3648,2025-09-07,Bills,8614.0,14.0,38117.0,UPI,Expense 3648,DMart,Rajkot
3649,2025-06-24,Rent,19246.0,3.0,50301.0,Debit Card,Expense 3649,Ola,Mumbai
3650,2025-12-23,Entertainment,1311.0,5.0,41315.0,Wallet,Expense 3650,,Delhi
3651,2025-03-07,Shopping,18446.0,13.0,12627.0,Net Banking,Expense 3651,DMart,Hyderabad
3652,2025-04-22,Bills,17685.0,8.0,53444.0,Debit Card,Expense 3652,Ola,Mumbai
3653,2025-12-24,Travel,7431.0,10.0,57737.0,Wallet,Expense 3653,,Delhi
3654,2025-04-13,Fuel,13573.0,1.0,14765.0,Debit Card,Expense 3654,Zomato,Rajkot
3655,2025-03-02,Rent,7926.0,15.0,22654.0,Debit Card,Expense 3655,Reliance Fresh,Pune
3656,2025-11-01,Medical,3376.0,8.0,32132.0,Wallet,Expense 3656,Reliance Fresh,Pune
3657,2025-04-17,Education,16177.0,7.0,16865.0,Wallet,Expense 3657,Uber,Jaipur
3658,2025-11-11,Transport,14869.0,1.0,19212.0,Credit Card,Expense 3658,,Vadodara
3659,2025-12-11,Shopping,1281.0,10.0,,Net Banking,Expense 3659,DMart,Vadodara
3660,2025-09-27,Shopping,2761.0,3.0,30016.0,Cash,Expense 3660,Flipkart,Hyderabad
3661,2025-05-24,Health,9420.0,5.0,38444.0,Credit Card,Expense 3661,Reliance Fresh,Jaipur
3662,2025-11-27,Entertainment,17189.0,4.0,58488.0,Wallet,Expense 3662,Big Bazaar,Jaipur
3663,2025-07-13,Travel,13281.0,13.0,7215.0,Net Banking,Expense 3663,Amazon,Jaipur
3664,2025-02-19,Transport,6607.0,1.0,25732.0,UPI,,Reliance Fresh,Ahmedabad
3665,2025-08-06,Rent,8196.0,8.0,40680.0,UPI,Expense 3665,Zomato,Vadodara
3666,2025-05-27,Rent,15235.0,9.0,42198.0,Debit Card,Expense 3666,DMart,Pune
3667,2025-05-26,Education,17999.0,4.0,45671.0,Net Banking,,Big Bazaar,Delhi
3668,2025-06-03,Fuel,16122.0,7.0,39847.0,Cash,Expense 3668,Big Bazaar,Hyderabad
3669,2025-12-09,Fuel,4216.0,14.0,38532.0,UPI,Expense 3669,Ola,Vadodara
3670,2025-09-17,Education,15112.0,12.0,54524.0,Cash,Expense 3670,Zomato,Ahmedabad
3671,2025-02-07,Groceries,8031.0,10.0,47481.0,Credit Card,,Swiggy,Bangalore
3672,2025-08-02,Bills,13321.0,9.0,19055.0,Cash,Expense 3672,Amazon,Rajkot
3673,2025-02-24,Travel,3511.0,9.0,20550.0,Wallet,Expense 3673,,Jaipur
3674,2025-03-24,Transport,2636.0,15.0,47903.0,UPI,Expense 3674,Zomato,Bangalore
3675,2025-01-09,Medical,6713.0,5.0,29343.0,UPI,Expense 3675,,Rajkot
3676,2025-07-09,Food,10527.0,5.0,48384.0,Cash,Expense 3676,Zomato,Pune
3677,2025-12-05,Shopping,6011.0,15.0,25084.0,Wallet,Expense 3677,Medical Store,Ahmedabad
3678,2025-07-23,Transport,2267.0,9.0,9653.0,Wallet,Expense 3678,Swiggy,Pune
3679,2025-08-09,Transport,19322.0,15.0,41179.0,Debit Card,Expense 3679,DMart,Mumbai
3680,2025-08-15,Shopping,2393.0,11.0,46410.0,Credit Card,Expense 3680,Uber,Surat
3681,2025-06-08,Travel,13026.0,14.0,43506.0,Net Banking,Expense 3681,Medical Store,Pune
3682,2025-12-05,Transport,16773.0,2.0,15624.0,Debit Card,Expense 3682,Uber,Rajkot
3683,2025-12-22,Education,5321.0,7.0,23584.0,Debit Card,Expense 3683,Ola,Delhi
3684,2025-05-09,Groceries,1456.0,13.0,16510.0,Net Banking,Expense 3684,Uber,Delhi
3685,2025-12-25,Rent,8297.0,3.0,26751.0,Net Banking,Expense 3685,Swiggy,Mumbai
3686,2025-03-04,Entertainment,8018.0,2.0,44220.0,Debit Card,Expense 3686,Big Bazaar,Delhi
3687,2025-10-10,Health,11040.0,1.0,36502.0,Net Banking,Expense 3687,Flipkart,Pune
3688,2025-01-11,Bills,15124.0,13.0,58380.0,Wallet,Expense 3688,Ola,Hyderabad
3689,2025-07-01,Entertainment,2162.0,3.0,9507.0,Credit Card,Expense 3689,Medical Store,Rajkot
3690,2025-11-10,Medical,14238.0,6.0,55445.0,Wallet,Expense 3690,Big Bazaar,Bangalore
3691,2025-01-19,Transport,14864.0,2.0,10702.0,Net Banking,Expense 3691,Flipkart,Delhi
3692,2025-08-06,Entertainment,5851.0,8.0,42842.0,Credit Card,Expense 3692,DMart,Rajkot
3693,2025-10-28,Medical,,5.0,29572.0,UPI,Expense 3693,Ola,Mumbai
3694,2025-07-07,Education,13173.0,7.0,30884.0,Cash,Expense 3694,Ola,Delhi
3695,2025-08-13,Shopping,10955.0,11.0,41043.0,Wallet,Expense 3695,Uber,Hyderabad
3696,2025-06-05,Rent,15259.0,10.0,38430.0,UPI,Expense 3696,Zomato,Mumbai
3697,2025-06-25,Fuel,8613.0,1.0,55964.0,Net Banking,Expense 3697,Big Bazaar,Bangalore
3698,2025-04-02,Food,17687.0,3.0,32340.0,Cash,Expense 3698,Reliance Fresh,Bangalore
3699,2025-04-04,Travel,10546.0,6.0,39191.0,Credit Card,Expense 3699,Zomato,Delhi
3700,2025-01-26,Entertainment,19597.0,5.0,31967.0,Wallet,,,Ahmedabad
3701,2025-08-10,Entertainment,12372.0,11.0,26724.0,Debit Card,,Reliance Fresh,Rajkot
3702,2025-11-01,Shopping,19932.0,5.0,32031.0,Wallet,Expense 3702,Reliance Fresh,Vadodara
3703,2025-01-28,Bills,12582.0,6.0,52080.0,Wallet,Expense 3703,Zomato,Rajkot
3704,2025-06-24,Bills,18582.0,7.0,22082.0,Cash,Expense 3704,DMart,Vadodara
3705,2025-09-09,Food,5049.0,10.0,9637.0,Wallet,Expense 3705,Uber,Surat
3706,2025-06-04,Shopping,8366.0,2.0,51975.0,Credit Card,Expense 3706,Flipkart,Ahmedabad
3707,2025-07-03,Medical,1271.0,15.0,6352.0,Net Banking,Expense 3707,DMart,Hyderabad
3708,2025-06-25,Entertainment,15258.0,,21152.0,Credit Card,Expense 3708,Ola,Vadodara
3709,2025-10-26,Food,11768.0,2.0,19534.0,Debit Card,Expense 3709,Big Bazaar,Vadodara
3710,2025-02-09,Fuel,9356.0,12.0,13546.0,Wallet,Expense 3710,Medical Store,Jaipur
3711,2025-03-09,Fuel,15639.0,11.0,19956.0,Credit Card,Expense 3711,Medical Store,Jaipur
3712,2025-11-14,Transport,10986.0,3.0,39790.0,Net Banking,Expense 3712,Zomato,Bangalore
3713,2025-09-13,Fuel,11113.0,2.0,39013.0,Wallet,,Ola,Delhi
3714,2025-02-15,Fuel,8633.0,13.0,44964.0,Credit Card,Expense 3714,Swiggy,Pune
3715,2025-06-03,Bills,10711.0,7.0,35811.0,Cash,Expense 3715,Reliance Fresh,Pune
3716,2025-11-13,Transport,17891.0,13.0,8391.0,UPI,,Uber,Pune
3717,2025-04-28,Food,4140.0,6.0,24713.0,UPI,Expense 3717,Zomato,Mumbai
3718,2025-11-10,Food,14988.0,14.0,,Net Banking,Expense 3718,Zomato,Surat
3719,2025-08-07,Travel,10991.0,1.0,23736.0,Credit Card,Expense 3719,Zomato,Mumbai
3720,2025-11-02,Fuel,16659.0,4.0,29763.0,Wallet,Expense 3720,Flipkart,Ahmedabad
3721,2025-10-06,Bills,8882.0,4.0,49356.0,Net Banking,Expense 3721,Uber,Vadodara
3722,2025-11-01,Bills,,1.0,50905.0,Debit Card,,Uber,Bangalore
3723,2025-10-25,Health,,2.0,40977.0,Debit Card,,Big Bazaar,Mumbai
3724,2025-09-08,Travel,13589.0,14.0,23195.0,Wallet,Expense 3724,Amazon,Ahmedabad
3725,2025-09-18,Shopping,689.0,5.0,34831.0,UPI,Expense 3725,Zomato,Mumbai
3726,2025-12-10,Groceries,6681.0,3.0,25123.0,Credit Card,Expense 3726,Swiggy,Hyderabad
3727,2025-08-04,Education,,,59925.0,Wallet,Expense 3727,Zomato,Pune
3728,2025-08-03,Travel,9165.0,,18182.0,Net Banking,Expense 3728,Big Bazaar,Surat
3729,2025-11-10,Fuel,5976.0,6.0,54638.0,UPI,Expense 3729,Amazon,Ahmedabad
3730,2025-01-11,Entertainment,2032.0,15.0,8852.0,Credit Card,Expense 3730,Swiggy,Surat
3731,2025-11-28,Education,11491.0,1.0,53771.0,UPI,Expense 3731,Reliance Fresh,Jaipur
3732,2025-03-24,Transport,5516.0,2.0,28491.0,Credit Card,Expense 3732,Ola,Vadodara
3733,2025-06-14,Travel,8735.0,15.0,56749.0,Wallet,Expense 3733,Amazon,Vadodara
3734,2025-04-21,Medical,2410.0,1.0,18040.0,Credit Card,Expense 3734,Reliance Fresh,Jaipur
3735,2025-07-18,Fuel,8166.0,11.0,19796.0,Net Banking,Expense 3735,Reliance Fresh,Delhi
3736,2025-12-13,Medical,14063.0,8.0,51585.0,Debit Card,Expense 3736,DMart,Delhi
3737,2025-11-17,Travel,18859.0,5.0,25444.0,UPI,Expense 3737,Reliance Fresh,Surat
3738,2025-07-15,Food,7089.0,3.0,11234.0,Net Banking,Expense 3738,,Vadodara
3739,2025-10-26,Entertainment,6052.0,14.0,45762.0,Cash,Expense 3739,Ola,Rajkot
3740,2025-10-08,Medical,10586.0,10.0,58028.0,UPI,Expense 3740,Big Bazaar,Jaipur
3741,2025-05-05,Bills,7244.0,6.0,36260.0,Wallet,Expense 3741,Zomato,Jaipur
3742,2025-02-22,Food,18206.0,6.0,25826.0,Net Banking,Expense 3742,Zomato,Hyderabad
3743,2025-09-02,Education,18701.0,2.0,28332.0,Net Banking,Expense 3743,DMart,Vadodara
3744,2025-06-10,Transport,6027.0,8.0,18367.0,Net Banking,Expense 3744,DMart,Bangalore
3745,2025-03-04,Medical,16135.0,11.0,6343.0,Credit Card,Expense 3745,Flipkart,Jaipur
3746,2025-01-03,Entertainment,15205.0,15.0,19688.0,UPI,Expense 3746,Swiggy,Vadodara
3747,2025-08-14,Entertainment,16598.0,3.0,26863.0,Cash,Expense 3747,Ola,Mumbai
3748,2025-04-11,Groceries,19578.0,6.0,39472.0,Cash,Expense 3748,DMart,Jaipur
3749,2025-12-27,Health,19108.0,13.0,56243.0,Wallet,Expense 3749,Medical Store,Rajkot
3750,2025-06-02,Health,10530.0,13.0,27358.0,Credit Card,Expense 3750,Big Bazaar,Surat
3751,2025-09-20,Groceries,8395.0,8.0,22114.0,Cash,Expense 3751,Big Bazaar,Bangalore
3752,2025-12-22,Fuel,19380.0,9.0,22668.0,Debit Card,Expense 3752,Flipkart,Ahmedabad
3753,2025-02-22,Rent,10496.0,9.0,53520.0,Net Banking,Expense 3753,Big Bazaar,Bangalore
3754,2025-01-20,Health,8919.0,,59137.0,Debit Card,Expense 3754,Reliance Fresh,Ahmedabad
3755,2025-09-13,Fuel,18961.0,1.0,46948.0,UPI,Expense 3755,Flipkart,Surat
3756,2025-08-12,Education,13242.0,4.0,59952.0,Cash,Expense 3756,Uber,Pune
3757,2025-03-25,Shopping,12575.0,12.0,38856.0,Wallet,Expense 3757,Big Bazaar,Mumbai
3758,2025-07-21,Groceries,12512.0,10.0,6881.0,Wallet,Expense 3758,Uber,Ahmedabad
3759,2025-10-27,Bills,19738.0,12.0,43944.0,Cash,Expense 3759,Zomato,Ahmedabad
3760,2025-08-06,Groceries,11106.0,14.0,21548.0,Net Banking,Expense 3760,Ola,Delhi
3761,2025-03-03,Groceries,11925.0,,46484.0,Cash,Expense 3761,Medical Store,Vadodara
3762,2025-08-06,Transport,14656.0,1.0,41365.0,UPI,Expense 3762,Amazon,Hyderabad
3763,2025-12-15,Medical,18982.0,7.0,,Net Banking,Expense 3763,Zomato,Mumbai
3764,2025-06-21,Travel,6894.0,2.0,54888.0,Net Banking,Expense 3764,Swiggy,Mumbai
3765,2025-05-11,Shopping,9020.0,9.0,35315.0,Wallet,Expense 3765,Flipkart,Bangalore
3766,2025-04-27,Rent,12571.0,11.0,23657.0,Cash,Expense 3766,Big Bazaar,Ahmedabad
3767,2025-06-22,Transport,6362.0,3.0,15014.0,Cash,Expense 3767,,Pune
3768,2025-02-18,Bills,12928.0,15.0,26756.0,Cash,Expense 3768,Reliance Fresh,Surat
3769,2025-07-15,Shopping,1922.0,12.0,23941.0,Debit Card,Expense 3769,,Surat
3770,2025-08-28,Transport,,6.0,27627.0,Debit Card,Expense 3770,Swiggy,Delhi
3771,2025-06-09,Bills,3474.0,7.0,15986.0,Wallet,Expense 3771,Amazon,Hyderabad
3772,2025-01-07,Medical,2330.0,10.0,,Net Banking,,DMart,Delhi
3773,2025-02-02,Food,18195.0,9.0,22692.0,Wallet,,DMart,Vadodara
3774,2025-03-13,Fuel,5348.0,7.0,22261.0,Wallet,Expense 3774,Zomato,Rajkot
3775,2025-04-11,Education,17802.0,15.0,22986.0,Wallet,Expense 3775,Big Bazaar,Rajkot
3776,2025-07-22,Rent,17196.0,7.0,14921.0,Debit Card,Expense 3776,DMart,Hyderabad
3777,2025-10-15,Groceries,19996.0,13.0,,Credit Card,Expense 3777,Ola,Vadodara
3778,2025-02-01,Rent,18175.0,2.0,54466.0,Net Banking,Expense 3778,DMart,Vadodara
3779,2025-03-17,Education,14293.0,12.0,16132.0,Debit Card,Expense 3779,Medical Store,Vadodara
3780,2025-11-15,Groceries,10146.0,7.0,38631.0,Credit Card,Expense 3780,Zomato,Hyderabad
3781,2025-04-21,Education,19369.0,8.0,48225.0,UPI,Expense 3781,Uber,Bangalore
3782,2025-02-24,Rent,12458.0,10.0,39906.0,Credit Card,Expense 3782,Reliance Fresh,Hyderabad
3783,2025-02-15,Fuel,10892.0,8.0,50628.0,Debit Card,Expense 3783,Swiggy,Ahmedabad
3784,2025-02-21,Travel,18862.0,9.0,27619.0,Credit Card,Expense 3784,Swiggy,Delhi
3785,2025-10-13,Entertainment,196.0,11.0,46112.0,Net Banking,Expense 3785,Swiggy,Pune
3786,2025-10-23,Health,,,9131.0,Debit Card,Expense 3786,Medical Store,Pune
3787,2025-04-18,Medical,2737.0,6.0,51496.0,Credit Card,Expense 3787,Ola,Delhi
3788,2025-05-20,Food,19787.0,11.0,58521.0,UPI,Expense 3788,Uber,Delhi
3789,2025-11-17,Fuel,18390.0,9.0,24965.0,UPI,Expense 3789,Reliance Fresh,Delhi
3790,2025-01-27,Medical,12769.0,1.0,43354.0,Credit Card,Expense 3790,DMart,Delhi
3791,2025-08-06,Fuel,9096.0,15.0,36802.0,Debit Card,Expense 3791,Swiggy,Jaipur
3792,2025-06-09,Rent,13018.0,10.0,58819.0,Net Banking,Expense 3792,Amazon,Ahmedabad
3793,2025-03-25,Groceries,19890.0,2.0,17769.0,Credit Card,Expense 3793,DMart,Hyderabad
3794,2025-05-02,Entertainment,8093.0,14.0,41253.0,Credit Card,Expense 3794,Swiggy,Mumbai
3795,2025-04-25,Health,2909.0,4.0,37301.0,Net Banking,Expense 3795,Flipkart,Hyderabad
3796,2025-11-05,Rent,12554.0,11.0,39243.0,Wallet,Expense 3796,Flipkart,Ahmedabad
3797,2025-08-20,Bills,1053.0,14.0,36601.0,Net Banking,Expense 3797,Medical Store,Mumbai
3798,2025-03-01,Bills,3525.0,13.0,52317.0,Debit Card,Expense 3798,Amazon,Jaipur
3799,2025-10-02,Medical,15024.0,2.0,11621.0,Debit Card,Expense 3799,Uber,Jaipur
3800,2025-06-27,Food,8626.0,13.0,7327.0,Cash,Expense 3800,DMart,Surat
3801,2025-01-25,Shopping,1850.0,9.0,32586.0,Wallet,Expense 3801,Zomato,Jaipur
3802,2025-09-21,Shopping,10265.0,1.0,25242.0,Cash,Expense 3802,DMart,Ahmedabad
3803,2025-08-09,Bills,12149.0,11.0,42012.0,Cash,Expense 3803,Amazon,Rajkot
3804,2025-08-26,Rent,4599.0,14.0,33845.0,Net Banking,Expense 3804,,Mumbai
3805,2025-01-03,Education,447.0,15.0,38703.0,Credit Card,Expense 3805,Medical Store,Mumbai
3806,2025-07-17,Transport,18584.0,9.0,15171.0,Wallet,Expense 3806,DMart,Surat
3807,2025-12-11,Bills,7916.0,1.0,59299.0,UPI,Expense 3807,Flipkart,Surat
3808,2025-10-22,Education,16721.0,15.0,26571.0,Cash,Expense 3808,Medical Store,Pune
3809,2025-01-01,Transport,221.0,12.0,29896.0,UPI,Expense 3809,DMart,Hyderabad
3810,2025-09-04,Bills,11407.0,13.0,25217.0,Net Banking,Expense 3810,DMart,Rajkot
3811,2025-03-23,Medical,10987.0,14.0,20571.0,Net Banking,Expense 3811,Swiggy,Mumbai
3812,2025-10-07,Food,10328.0,,13809.0,Credit Card,Expense 3812,DMart,Ahmedabad
3813,2025-05-21,Health,19711.0,12.0,41404.0,Credit Card,Expense 3813,Medical Store,Delhi
3814,2025-04-13,Education,2559.0,9.0,15825.0,UPI,Expense 3814,Reliance Fresh,Ahmedabad
3815,2025-09-04,Medical,13642.0,2.0,49987.0,Cash,Expense 3815,,Hyderabad
3816,2025-07-04,Entertainment,17654.0,1.0,,Credit Card,Expense 3816,Medical Store,Surat
3817,2025-11-04,Medical,4013.0,4.0,30310.0,Cash,Expense 3817,Uber,Delhi
3818,2025-06-07,Health,19701.0,1.0,48669.0,UPI,Expense 3818,Amazon,Pune
3819,2025-01-15,Groceries,19410.0,7.0,54889.0,Net Banking,Expense 3819,,Surat
3820,2025-08-07,Medical,12904.0,12.0,38402.0,Net Banking,Expense 3820,DMart,Jaipur
3821,2025-08-12,Education,15189.0,10.0,31759.0,UPI,Expense 3821,Ola,Ahmedabad
3822,2025-07-10,Rent,11214.0,14.0,18764.0,Debit Card,Expense 3822,Medical Store,Surat
3823,2025-04-05,Education,342.0,5.0,,Wallet,Expense 3823,Flipkart,Hyderabad
3824,2025-01-28,Fuel,,,54784.0,Credit Card,Expense 3824,Swiggy,Bangalore
3825,2025-07-17,Rent,8014.0,5.0,52566.0,UPI,Expense 3825,Ola,Jaipur
3826,2025-05-24,Shopping,13929.0,12.0,46450.0,Net Banking,Expense 3826,,Jaipur
3827,2025-01-18,Education,4985.0,,17623.0,Cash,Expense 3827,Zomato,Jaipur
3828,2025-06-27,Food,14039.0,6.0,31971.0,Debit Card,,Reliance Fresh,Mumbai
3829,2025-04-06,Food,16794.0,6.0,5236.0,Cash,Expense 3829,Big Bazaar,Pune
3830,2025-05-14,Medical,6952.0,7.0,51549.0,Debit Card,Expense 3830,Medical Store,Delhi
3831,2025-08-04,Education,13995.0,3.0,37497.0,Cash,Expense 3831,Flipkart,Bangalore
3832,2025-07-16,Medical,1845.0,15.0,48109.0,Debit Card,Expense 3832,Amazon,Rajkot
3833,2025-06-04,Groceries,16648.0,12.0,33577.0,Credit Card,Expense 3833,,Mumbai
3834,2025-07-21,Bills,4144.0,4.0,56723.0,Net Banking,Expense 3834,Ola,Vadodara
3835,2025-01-28,Health,18196.0,4.0,42922.0,Wallet,Expense 3835,Amazon,Rajkot
3836,2025-01-12,Bills,15207.0,6.0,45404.0,Net Banking,Expense 3836,DMart,Delhi
3837,2025-09-26,Medical,4242.0,4.0,52709.0,Wallet,Expense 3837,Amazon,Ahmedabad
3838,2025-02-14,Health,19853.0,3.0,23582.0,Credit Card,Expense 3838,Uber,Delhi
3839,2025-04-27,Education,12528.0,14.0,53482.0,Net Banking,Expense 3839,Ola,Pune
3840,2025-09-12,Transport,13580.0,15.0,18081.0,Debit Card,Expense 3840,DMart,Vadodara
3841,2025-01-18,Bills,9690.0,15.0,54620.0,Debit Card,Expense 3841,Medical Store,Ahmedabad
3842,2025-02-19,Rent,10487.0,12.0,9524.0,Debit Card,Expense 3842,Amazon,Vadodara
3843,2025-04-15,Education,4177.0,3.0,28765.0,UPI,,Big Bazaar,Hyderabad
3844,2025-07-28,Entertainment,17303.0,9.0,30584.0,Net Banking,Expense 3844,Big Bazaar,Surat
3845,2025-11-13,Food,18004.0,11.0,6005.0,Net Banking,Expense 3845,Ola,Rajkot
3846,2025-06-25,Medical,12652.0,12.0,57527.0,Wallet,Expense 3846,DMart,Surat
3847,2025-08-05,Transport,5469.0,6.0,24483.0,Net Banking,Expense 3847,Amazon,Vadodara
3848,2025-05-25,Travel,11322.0,10.0,,Debit Card,Expense 3848,Flipkart,Rajkot
3849,2025-04-27,Food,5588.0,13.0,7910.0,Debit Card,Expense 3849,Reliance Fresh,Mumbai
3850,2025-08-06,Entertainment,16554.0,13.0,45218.0,Net Banking,Expense 3850,Amazon,Ahmedabad
3851,2025-05-09,Medical,11346.0,7.0,9251.0,UPI,Expense 3851,Reliance Fresh,Delhi
3852,2025-06-05,Education,1666.0,12.0,50246.0,UPI,Expense 3852,Amazon,Mumbai
3853,2025-08-11,Travel,8344.0,1.0,12986.0,Wallet,,,Pune
3854,2025-11-10,Medical,14662.0,7.0,34563.0,Net Banking,Expense 3854,Big Bazaar,Pune
3855,2025-09-03,Education,10144.0,4.0,28524.0,Wallet,Expense 3855,Amazon,Bangalore
3856,2025-07-05,Bills,7210.0,,26769.0,Net Banking,Expense 3856,Zomato,Ahmedabad
3857,2025-11-18,Shopping,11032.0,1.0,52559.0,Debit Card,Expense 3857,Medical Store,Vadodara
3858,2025-07-06,Food,3286.0,2.0,7934.0,Net Banking,Expense 3858,Uber,Mumbai
3859,2025-06-23,Groceries,4851.0,2.0,34760.0,Cash,Expense 3859,Reliance Fresh,Pune
3860,2025-09-01,Shopping,7833.0,10.0,27002.0,UPI,Expense 3860,Medical Store,Bangalore
3861,2025-01-07,Fuel,16222.0,8.0,21012.0,Debit Card,Expense 3861,Amazon,Hyderabad
3862,2025-03-14,Medical,4967.0,,10021.0,UPI,Expense 3862,Swiggy,Pune
3863,2025-08-26,Education,17630.0,,36267.0,Debit Card,Expense 3863,Zomato,Pune
3864,2025-12-19,Rent,16222.0,15.0,41083.0,Wallet,,Big Bazaar,Jaipur
3865,2025-12-12,Shopping,8035.0,14.0,8035.0,Wallet,Expense 3865,Flipkart,Bangalore
3866,2025-07-10,Bills,3217.0,4.0,51829.0,Credit Card,Expense 3866,Reliance Fresh,Bangalore
3867,2025-12-28,Entertainment,9319.0,2.0,35994.0,UPI,Expense 3867,Flipkart,Vadodara
3868,2025-01-04,Groceries,13405.0,12.0,7305.0,Debit Card,Expense 3868,Uber,Vadodara
3869,2025-07-17,Fuel,2141.0,9.0,9895.0,Credit Card,Expense 3869,Big Bazaar,Bangalore
3870,2025-06-08,Bills,,15.0,57437.0,Net Banking,Expense 3870,Swiggy,Rajkot
3871,2025-09-06,Fuel,19702.0,14.0,41433.0,Credit Card,Expense 3871,Flipkart,Hyderabad
3872,2025-11-04,Bills,4548.0,3.0,22850.0,Cash,Expense 3872,Ola,Delhi
3873,2025-06-18,Entertainment,6132.0,15.0,,UPI,Expense 3873,Zomato,Mumbai
3874,2025-10-25,Medical,6651.0,,19986.0,UPI,,Swiggy,Bangalore
3875,2025-04-04,Bills,13293.0,9.0,31965.0,Debit Card,Expense 3875,Big Bazaar,Pune
3876,2025-08-10,Education,12845.0,12.0,24629.0,Credit Card,Expense 3876,,Rajkot
3877,2025-06-02,Entertainment,2961.0,14.0,36764.0,UPI,Expense 3877,,Ahmedabad
3878,2025-03-23,Travel,10367.0,5.0,39119.0,Net Banking,Expense 3878,Medical Store,Hyderabad
3879,2025-11-25,Rent,493.0,9.0,44729.0,Credit Card,,Ola,Bangalore
3880,2025-05-19,Groceries,8584.0,1.0,5506.0,Cash,Expense 3880,Swiggy,Surat
3881,2025-03-25,Health,14647.0,9.0,32411.0,Wallet,Expense 3881,DMart,Vadodara
3882,2025-07-26,Groceries,6910.0,11.0,7361.0,Cash,,Swiggy,Mumbai
3883,2025-06-23,Groceries,14234.0,9.0,56303.0,Debit Card,Expense 3883,Medical Store,Bangalore
3884,2025-12-25,Groceries,3308.0,14.0,55847.0,UPI,Expense 3884,Ola,Vadodara
3885,2025-04-03,Health,9594.0,1.0,53927.0,Net Banking,Expense 3885,Big Bazaar,Rajkot
3886,2025-11-07,Rent,,,32746.0,Net Banking,Expense 3886,Swiggy,Ahmedabad
3887,2025-01-09,Education,338.0,11.0,24725.0,UPI,,Reliance Fresh,Vadodara
3888,2025-05-25,Travel,312.0,3.0,,Wallet,Expense 3888,,Bangalore
3889,2025-02-17,Bills,3775.0,3.0,38004.0,Net Banking,Expense 3889,Amazon,Vadodara
3890,2025-02-19,Travel,11132.0,15.0,45159.0,Wallet,Expense 3890,Swiggy,Pune
3891,2025-09-10,Rent,18352.0,10.0,58968.0,Debit Card,,Medical Store,Surat
3892,2025-04-24,Transport,18565.0,4.0,38554.0,Cash,Expense 3892,Ola,Pune
3893,2025-03-02,Health,14810.0,11.0,,Wallet,Expense 3893,Amazon,Hyderabad
3894,2025-10-25,Groceries,17315.0,3.0,52818.0,Credit Card,Expense 3894,Uber,Ahmedabad
3895,2025-02-28,Health,,5.0,48745.0,Cash,Expense 3895,Flipkart,Bangalore
3896,2025-12-24,Travel,5472.0,1.0,30497.0,Cash,Expense 3896,Medical Store,Bangalore
3897,2025-11-27,Medical,14987.0,2.0,7979.0,Wallet,Expense 3897,Big Bazaar,Pune
3898,2025-05-22,Transport,6703.0,10.0,,Credit Card,Expense 3898,Medical Store,Surat
3899,2025-12-16,Travel,16985.0,8.0,26645.0,UPI,Expense 3899,Swiggy,Delhi
3900,2025-11-06,Food,18489.0,10.0,46948.0,Cash,Expense 3900,Uber,Mumbai
3901,2025-10-16,Shopping,1760.0,,40605.0,Wallet,Expense 3901,Uber,Hyderabad
3902,2025-11-07,Travel,17447.0,11.0,35764.0,Wallet,Expense 3902,Zomato,Surat
3903,2025-10-25,Medical,6074.0,8.0,44368.0,Debit Card,Expense 3903,Flipkart,Surat
3904,2025-06-02,Rent,7219.0,2.0,13202.0,UPI,Expense 3904,Zomato,Bangalore
3905,2025-11-05,Groceries,19143.0,15.0,23707.0,Credit Card,Expense 3905,Ola,Bangalore
3906,2025-08-20,Medical,6077.0,10.0,6024.0,Credit Card,Expense 3906,Medical Store,Jaipur
3907,2025-08-20,Rent,10033.0,14.0,14192.0,Wallet,Expense 3907,Medical Store,Delhi
3908,2025-07-01,Health,8439.0,7.0,16390.0,UPI,Expense 3908,Flipkart,Pune
3909,2025-05-23,Groceries,8093.0,3.0,9403.0,UPI,Expense 3909,Zomato,Vadodara
3910,2025-11-04,Bills,14021.0,11.0,6225.0,Net Banking,Expense 3910,Reliance Fresh,Delhi
3911,2025-11-05,Groceries,3350.0,,29424.0,UPI,Expense 3911,Medical Store,Hyderabad
3912,2025-01-02,Transport,981.0,10.0,58557.0,Cash,Expense 3912,,Bangalore
3913,2025-05-23,Medical,202.0,4.0,46129.0,Debit Card,Expense 3913,Flipkart,Pune
3914,2025-09-10,Shopping,17308.0,12.0,59469.0,Net Banking,Expense 3914,Uber,Jaipur
3915,2025-02-09,Entertainment,15978.0,4.0,21702.0,Net Banking,Expense 3915,DMart,Pune
3916,2025-07-26,Rent,,7.0,11966.0,Net Banking,Expense 3916,Uber,Hyderabad
3917,2025-05-19,Groceries,4301.0,5.0,37779.0,Wallet,Expense 3917,Ola,Pune
3918,2025-05-01,Bills,19090.0,13.0,20387.0,Wallet,Expense 3918,Uber,Hyderabad
3919,2025-03-15,Education,12144.0,2.0,25614.0,Wallet,Expense 3919,Medical Store,Delhi
3920,2025-07-14,Rent,14053.0,10.0,27157.0,Cash,Expense 3920,,Pune
3921,2025-11-19,Rent,15346.0,11.0,31195.0,Cash,Expense 3921,Zomato,Bangalore
3922,2025-05-04,Food,3427.0,2.0,34348.0,Cash,,Reliance Fresh,Vadodara
3923,2025-12-12,Travel,15650.0,2.0,32824.0,Net Banking,Expense 3923,Flipkart,Vadodara
3924,2025-11-11,Medical,17112.0,11.0,6540.0,Credit Card,Expense 3924,Flipkart,Mumbai
3925,2025-06-25,Entertainment,14383.0,7.0,31220.0,Debit Card,Expense 3925,Ola,Ahmedabad
3926,2025-10-19,Shopping,8237.0,15.0,,Cash,Expense 3926,Reliance Fresh,Jaipur
3927,2025-08-15,Rent,2655.0,12.0,39788.0,Credit Card,Expense 3927,Uber,Pune
3928,2025-05-04,Rent,1642.0,1.0,,Debit Card,Expense 3928,Amazon,Pune
3929,2025-03-18,Food,10989.0,,12759.0,UPI,Expense 3929,Medical Store,Ahmedabad
3930,2025-02-02,Transport,2000.0,14.0,10013.0,Credit Card,Expense 3930,Amazon,Bangalore
3931,2025-12-16,Health,14342.0,11.0,41676.0,Cash,Expense 3931,Swiggy,Rajkot
3932,2025-01-07,Rent,9823.0,10.0,23640.0,Cash,Expense 3932,Big Bazaar,Pune
3933,2025-03-02,Transport,6520.0,14.0,46079.0,Cash,Expense 3933,Medical Store,Rajkot
3934,2025-07-13,Medical,2160.0,15.0,22449.0,Cash,Expense 3934,Flipkart,Mumbai
3935,2025-02-03,Fuel,6179.0,11.0,31416.0,UPI,Expense 3935,Reliance Fresh,Ahmedabad
3936,2025-11-07,Rent,16660.0,12.0,43115.0,Cash,Expense 3936,Medical Store,Jaipur
3937,2025-02-20,Food,11151.0,6.0,26565.0,UPI,Expense 3937,Flipkart,Jaipur
3938,2025-03-20,Education,662.0,5.0,44278.0,Debit Card,Expense 3938,Amazon,Jaipur
3939,2025-02-05,Shopping,208.0,2.0,51334.0,Debit Card,Expense 3939,Amazon,Vadodara
3940,2025-04-19,Bills,5237.0,14.0,14951.0,Debit Card,Expense 3940,DMart,Hyderabad
3941,2025-06-25,Groceries,14512.0,7.0,35708.0,Credit Card,Expense 3941,Flipkart,Surat
3942,2025-12-05,Shopping,15910.0,14.0,57714.0,Wallet,Expense 3942,Flipkart,Rajkot
3943,2025-09-03,Health,11057.0,4.0,50020.0,Wallet,Expense 3943,Swiggy,Rajkot
3944,2025-04-22,Entertainment,8390.0,3.0,18292.0,Credit Card,Expense 3944,,Rajkot
3945,2025-08-15,Transport,1090.0,1.0,13036.0,Debit Card,Expense 3945,Flipkart,Rajkot
3946,2025-11-13,Transport,743.0,2.0,41235.0,UPI,Expense 3946,Uber,Ahmedabad
3947,2025-10-01,Entertainment,9003.0,2.0,18570.0,Wallet,Expense 3947,Amazon,Vadodara
3948,2025-08-05,Food,9924.0,15.0,37503.0,Debit Card,Expense 3948,Zomato,Ahmedabad
3949,2025-01-16,Entertainment,15871.0,7.0,16096.0,Cash,Expense 3949,Medical Store,Delhi
3950,2025-06-02,Fuel,8725.0,10.0,,Net Banking,Expense 3950,Ola,Delhi
3951,2025-02-09,Shopping,5763.0,,59604.0,Credit Card,Expense 3951,Ola,Vadodara
3952,2025-03-07,Health,3366.0,7.0,10926.0,Credit Card,Expense 3952,DMart,Rajkot
3953,2025-10-13,Bills,16702.0,11.0,48078.0,Credit Card,Expense 3953,Reliance Fresh,Rajkot
3954,2025-02-14,Travel,18426.0,1.0,15192.0,Debit Card,Expense 3954,DMart,Pune
3955,2025-03-14,Travel,14431.0,13.0,38283.0,Cash,Expense 3955,Zomato,Delhi
3956,2025-06-24,Rent,3555.0,15.0,55308.0,Net Banking,Expense 3956,Ola,Surat
3957,2025-11-03,Food,665.0,15.0,26868.0,Net Banking,Expense 3957,Big Bazaar,Mumbai
3958,2025-12-22,Bills,6611.0,12.0,21671.0,UPI,Expense 3958,Medical Store,Jaipur
3959,2025-08-04,Entertainment,10987.0,5.0,11836.0,Debit Card,Expense 3959,,Surat
3960,2025-10-13,Education,8114.0,14.0,11805.0,Debit Card,Expense 3960,Flipkart,Jaipur
3961,2025-10-06,Shopping,12654.0,5.0,55504.0,Credit Card,Expense 3961,Ola,Jaipur
3962,2025-09-05,Rent,4181.0,10.0,54459.0,Debit Card,Expense 3962,Flipkart,Bangalore
3963,2025-09-05,Rent,8235.0,4.0,14340.0,UPI,Expense 3963,Uber,Ahmedabad
3964,2025-02-23,Medical,1090.0,1.0,46296.0,UPI,Expense 3964,Uber,Hyderabad
3965,2025-06-12,Rent,10948.0,5.0,31185.0,Debit Card,Expense 3965,Medical Store,Mumbai
3966,2025-03-01,Rent,,15.0,50854.0,Credit Card,Expense 3966,,Pune
3967,2025-03-18,Food,11304.0,7.0,44383.0,Wallet,Expense 3967,Swiggy,Surat
3968,2025-08-28,Fuel,17334.0,4.0,23488.0,Cash,Expense 3968,Ola,Bangalore
3969,2025-05-23,Shopping,15084.0,9.0,21700.0,Credit Card,Expense 3969,Flipkart,Rajkot
3970,2025-11-01,Rent,9748.0,4.0,45063.0,Credit Card,Expense 3970,DMart,Delhi
3971,2025-10-18,Health,1283.0,4.0,9730.0,Debit Card,Expense 3971,,Mumbai
3972,2025-04-27,Medical,14920.0,13.0,32538.0,Cash,Expense 3972,Flipkart,Bangalore
3973,2025-10-12,Education,11059.0,5.0,57123.0,Credit Card,Expense 3973,Flipkart,Pune
3974,2025-11-27,Health,6537.0,8.0,14809.0,Wallet,Expense 3974,Medical Store,Delhi
3975,2025-01-03,Groceries,16260.0,2.0,31632.0,Net Banking,Expense 3975,Flipkart,Rajkot
3976,2025-05-08,Medical,8976.0,3.0,39909.0,Cash,Expense 3976,Uber,Ahmedabad
3977,2025-11-28,Rent,19047.0,14.0,37432.0,UPI,Expense 3977,Reliance Fresh,Ahmedabad
3978,2025-10-23,Entertainment,10433.0,,7839.0,Wallet,,Zomato,Vadodara
3979,2025-03-18,Bills,19414.0,2.0,28016.0,Wallet,Expense 3979,,Rajkot
3980,2025-08-18,Health,14969.0,2.0,21504.0,Debit Card,Expense 3980,Big Bazaar,Hyderabad
3981,2025-05-23,Groceries,10190.0,2.0,58778.0,Debit Card,Expense 3981,,Pune
3982,2025-02-12,Food,16551.0,11.0,12038.0,Credit Card,Expense 3982,Medical Store,Jaipur
3983,2025-10-07,Fuel,2451.0,14.0,15450.0,Cash,,Medical Store,Hyderabad
3984,2025-11-05,Travel,12729.0,15.0,18262.0,Wallet,Expense 3984,Swiggy,Rajkot
3985,2025-07-13,Groceries,1590.0,11.0,7827.0,Wallet,Expense 3985,Amazon,Bangalore
3986,2025-12-16,Bills,17073.0,13.0,41685.0,Wallet,Expense 3986,DMart,Jaipur
3987,2025-03-20,Bills,13596.0,9.0,11669.0,Credit Card,Expense 3987,DMart,Delhi
3988,2025-04-02,Entertainment,11871.0,1.0,37840.0,Net Banking,Expense 3988,Amazon,Ahmedabad
3989,2025-01-08,Shopping,3404.0,4.0,31834.0,Wallet,Expense 3989,Ola,Rajkot
3990,2025-01-15,Entertainment,9414.0,1.0,24400.0,Net Banking,Expense 3990,Flipkart,Jaipur
3991,2025-02-01,Bills,822.0,7.0,10290.0,Cash,Expense 3991,,Pune
3992,2025-04-22,Shopping,13301.0,2.0,6381.0,Cash,Expense 3992,Zomato,Jaipur
3993,2025-01-26,Education,17181.0,9.0,31550.0,Net Banking,,Medical Store,Jaipur
3994,2025-02-28,Travel,16591.0,4.0,38019.0,Wallet,Expense 3994,Big Bazaar,Delhi
3995,2025-01-28,Health,19828.0,12.0,26351.0,Debit Card,Expense 3995,Big Bazaar,Rajkot
3996,2025-12-14,Education,6950.0,8.0,57451.0,Wallet,Expense 3996,Big Bazaar,Rajkot
3997,2025-03-15,Travel,19551.0,9.0,36538.0,Debit Card,Expense 3997,Flipkart,Jaipur
3998,2025-07-07,Fuel,3683.0,10.0,34085.0,Debit Card,Expense 3998,Flipkart,Pune
3999,2025-06-13,Education,19282.0,14.0,48293.0,Debit Card,Expense 3999,Amazon,Surat
4000,2025-07-26,Fuel,7826.0,11.0,23107.0,Debit Card,Expense 4000,Big Bazaar,Delhi
4001,2025-08-21,Entertainment,13972.0,11.0,34818.0,Credit Card,Expense 4001,Medical Store,Pune
4002,2025-10-20,Travel,13964.0,15.0,20157.0,Debit Card,Expense 4002,,Delhi
4003,2025-05-03,Food,,8.0,42300.0,Net Banking,Expense 4003,Swiggy,Mumbai
4004,2025-03-23,Rent,4200.0,7.0,10258.0,Wallet,Expense 4004,Ola,Pune
4005,2025-10-21,Entertainment,854.0,5.0,15626.0,Debit Card,Expense 4005,Ola,Mumbai
4006,2025-06-24,Health,7979.0,10.0,47738.0,UPI,Expense 4006,Uber,Surat
4007,2025-07-20,Food,17234.0,12.0,33613.0,Credit Card,Expense 4007,Reliance Fresh,Jaipur
4008,2025-12-10,Rent,17478.0,11.0,42038.0,Credit Card,Expense 4008,Amazon,Ahmedabad
4009,2025-05-01,Bills,19401.0,3.0,45654.0,Credit Card,Expense 4009,Reliance Fresh,Rajkot
4010,2025-03-03,Rent,18124.0,14.0,46577.0,Net Banking,Expense 4010,DMart,Hyderabad
4011,2025-07-26,Health,11596.0,11.0,40573.0,Debit Card,Expense 4011,Uber,Vadodara
4012,2025-11-07,Health,6804.0,,45520.0,Debit Card,Expense 4012,DMart,Rajkot
4013,2025-08-13,Groceries,19148.0,2.0,32838.0,UPI,Expense 4013,DMart,Rajkot
4014,2025-12-01,Medical,3491.0,4.0,30312.0,Credit Card,Expense 4014,Ola,Mumbai
4015,2025-11-22,Medical,18306.0,5.0,21388.0,Cash,Expense 4015,Amazon,Rajkot
4016,2025-11-05,Bills,8441.0,3.0,28292.0,Credit Card,Expense 4016,Amazon,Surat
4017,2025-06-24,Medical,3986.0,6.0,59626.0,Cash,Expense 4017,Ola,Vadodara
4018,2025-10-05,Fuel,9360.0,6.0,22126.0,Credit Card,Expense 4018,Uber,Surat
4019,2025-09-23,Bills,12889.0,1.0,25714.0,Credit Card,Expense 4019,Zomato,Vadodara
4020,2025-08-23,Travel,2184.0,9.0,20952.0,Credit Card,Expense 4020,Reliance Fresh,Jaipur
4021,2025-05-25,Bills,4649.0,9.0,30684.0,UPI,Expense 4021,Swiggy,Ahmedabad
4022,2025-09-07,Bills,9077.0,5.0,54402.0,Credit Card,Expense 4022,Uber,Mumbai
4023,2025-06-14,Bills,12144.0,13.0,39949.0,Net Banking,Expense 4023,,Bangalore
4024,2025-11-08,Education,6363.0,12.0,19521.0,Debit Card,Expense 4024,Swiggy,Jaipur
4025,2025-03-25,Shopping,3351.0,15.0,52892.0,Cash,Expense 4025,Zomato,Bangalore
4026,2025-03-04,Groceries,14489.0,5.0,47183.0,UPI,Expense 4026,Reliance Fresh,Hyderabad
4027,2025-12-07,Entertainment,771.0,15.0,14953.0,Debit Card,Expense 4027,Uber,Rajkot
4028,2025-11-01,Education,13079.0,13.0,58996.0,Credit Card,Expense 4028,Big Bazaar,Pune
4029,2025-07-27,Shopping,7352.0,11.0,5249.0,Credit Card,Expense 4029,Reliance Fresh,Ahmedabad
4030,2025-04-07,Entertainment,,14.0,25388.0,Debit Card,Expense 4030,Big Bazaar,Vadodara
4031,2025-10-08,Food,10193.0,10.0,38056.0,Cash,Expense 4031,Uber,Bangalore
4032,2025-03-06,Transport,10345.0,4.0,51110.0,UPI,Expense 4032,Flipkart,Delhi
4033,2025-03-02,Rent,1766.0,1.0,11720.0,UPI,,Big Bazaar,Hyderabad
4034,2025-10-16,Education,5414.0,14.0,45512.0,Net Banking,Expense 4034,Amazon,Hyderabad
4035,2025-12-14,Bills,10886.0,4.0,47331.0,Credit Card,Expense 4035,Big Bazaar,Vadodara
4036,2025-09-27,Shopping,12196.0,13.0,19458.0,UPI,Expense 4036,Medical Store,Jaipur
4037,2025-10-03,Entertainment,18862.0,7.0,12300.0,UPI,Expense 4037,Ola,Mumbai
4038,2025-09-09,Shopping,12085.0,10.0,27490.0,Wallet,Expense 4038,Big Bazaar,Mumbai
4039,2025-03-01,Transport,891.0,8.0,31856.0,Cash,Expense 4039,Amazon,Mumbai
4040,2025-03-07,Travel,13292.0,12.0,50004.0,UPI,Expense 4040,Ola,Delhi
4041,2025-06-02,Medical,53.0,5.0,6334.0,UPI,Expense 4041,DMart,Bangalore
4042,2025-09-25,Rent,10072.0,9.0,8978.0,Wallet,Expense 4042,Flipkart,Delhi
4043,2025-06-27,Entertainment,485.0,7.0,43578.0,Credit Card,Expense 4043,Flipkart,Mumbai
4044,2025-06-09,Rent,,3.0,29590.0,Net Banking,Expense 4044,DMart,Vadodara
4045,2025-04-24,Fuel,16416.0,14.0,28916.0,Net Banking,Expense 4045,Reliance Fresh,Vadodara
4046,2025-01-14,Travel,19558.0,1.0,10368.0,Wallet,Expense 4046,Reliance Fresh,Bangalore
4047,2025-02-21,Medical,5605.0,15.0,42124.0,Debit Card,Expense 4047,Reliance Fresh,Vadodara
4048,2025-06-07,Travel,18997.0,3.0,37902.0,Debit Card,,Reliance Fresh,Rajkot
4049,2025-11-10,Health,14343.0,3.0,12159.0,Cash,Expense 4049,Flipkart,Rajkot
4050,2025-09-09,Medical,5318.0,14.0,41907.0,Wallet,Expense 4050,Ola,Pune
4051,2025-03-03,Health,2936.0,5.0,31129.0,Wallet,Expense 4051,Swiggy,Bangalore
4052,2025-05-10,Bills,17933.0,1.0,29047.0,Debit Card,Expense 4052,Ola,Mumbai
4053,2025-05-15,Entertainment,18104.0,12.0,15509.0,Wallet,Expense 4053,Reliance Fresh,Bangalore
4054,2025-08-07,Groceries,12512.0,7.0,53615.0,UPI,Expense 4054,Big Bazaar,Hyderabad
4055,2025-05-04,Groceries,13873.0,13.0,14185.0,Credit Card,Expense 4055,Reliance Fresh,Jaipur
4056,2025-03-25,Rent,10480.0,7.0,47710.0,Credit Card,Expense 4056,Uber,Bangalore
4057,2025-06-16,Rent,11792.0,,46073.0,Credit Card,Expense 4057,Reliance Fresh,Jaipur
4058,2025-05-01,Education,6595.0,15.0,36763.0,Wallet,Expense 4058,DMart,Hyderabad
4059,2025-02-28,Fuel,2607.0,8.0,39212.0,Net Banking,Expense 4059,Medical Store,Bangalore
4060,2025-04-07,Transport,19163.0,12.0,30168.0,Cash,Expense 4060,Zomato,Vadodara
4061,2025-02-17,Groceries,6807.0,4.0,19721.0,Wallet,Expense 4061,Big Bazaar,Surat
4062,2025-01-20,Health,18924.0,7.0,33164.0,UPI,Expense 4062,Flipkart,Vadodara
4063,2025-03-06,Groceries,9580.0,12.0,40774.0,Wallet,Expense 4063,Ola,Pune
4064,2025-12-24,Shopping,18743.0,7.0,54012.0,Cash,Expense 4064,Big Bazaar,Surat
4065,2025-11-16,Transport,17496.0,2.0,9619.0,Credit Card,Expense 4065,,Vadodara
4066,2025-10-24,Transport,14662.0,6.0,48132.0,Wallet,Expense 4066,Medical Store,Mumbai
4067,2025-11-07,Education,10425.0,15.0,56666.0,UPI,Expense 4067,DMart,Mumbai
4068,2025-04-20,Medical,1456.0,3.0,49889.0,Net Banking,Expense 4068,Swiggy,Mumbai
4069,2025-10-03,Rent,5299.0,12.0,,Credit Card,Expense 4069,Big Bazaar,Rajkot
4070,2025-07-24,Medical,2344.0,2.0,8723.0,Wallet,Expense 4070,Big Bazaar,Rajkot
4071,2025-07-06,Groceries,3594.0,7.0,43870.0,Wallet,Expense 4071,Amazon,Delhi
4072,2025-01-09,Bills,15791.0,4.0,59459.0,Debit Card,Expense 4072,Medical Store,Jaipur
4073,2025-01-09,Food,2630.0,10.0,58009.0,Wallet,Expense 4073,Medical Store,Bangalore
4074,2025-10-02,Food,8333.0,2.0,39519.0,Net Banking,Expense 4074,Zomato,Jaipur
4075,2025-03-11,Shopping,18525.0,15.0,48820.0,Debit Card,Expense 4075,DMart,Pune
4076,2025-06-28,Bills,2258.0,,10813.0,Cash,Expense 4076,Uber,Jaipur
4077,2025-09-10,Fuel,458.0,7.0,51135.0,Debit Card,Expense 4077,Medical Store,Surat
4078,2025-09-21,Groceries,1870.0,12.0,31002.0,Net Banking,Expense 4078,Flipkart,Delhi
4079,2025-05-23,Rent,10000.0,13.0,26603.0,Wallet,Expense 4079,Amazon,Bangalore
4080,2025-12-28,Travel,19260.0,10.0,35173.0,Net Banking,Expense 4080,Big Bazaar,Bangalore
4081,2025-04-14,Entertainment,8071.0,,10187.0,Cash,Expense 4081,Uber,Mumbai
4082,2025-09-27,Travel,18138.0,6.0,42920.0,Net Banking,Expense 4082,Swiggy,Pune
4083,2025-11-09,Transport,19492.0,9.0,29012.0,Wallet,Expense 4083,Swiggy,Bangalore
4084,2025-08-03,Entertainment,11578.0,12.0,48614.0,Cash,Expense 4084,DMart,Surat
4085,2025-01-25,Medical,11745.0,6.0,44357.0,UPI,Expense 4085,Medical Store,Bangalore
4086,2025-07-02,Transport,,15.0,53601.0,Credit Card,Expense 4086,DMart,Delhi
4087,2025-11-20,Rent,19131.0,6.0,18999.0,UPI,Expense 4087,,Surat
4088,2025-10-15,Transport,8159.0,5.0,34457.0,Wallet,Expense 4088,Reliance Fresh,Hyderabad
4089,2025-06-15,Transport,9472.0,4.0,11247.0,Cash,,Swiggy,Vadodara
4090,2025-11-07,Food,12946.0,10.0,21044.0,Cash,Expense 4090,Uber,Delhi
4091,2025-08-22,Shopping,11523.0,4.0,39437.0,UPI,Expense 4091,Zomato,Delhi
4092,2025-05-27,Education,19404.0,4.0,22718.0,Debit Card,,Flipkart,Surat
4093,2025-05-24,Travel,12202.0,4.0,40520.0,Credit Card,Expense 4093,Zomato,Hyderabad
4094,2025-12-05,Groceries,553.0,7.0,24856.0,UPI,Expense 4094,Flipkart,Bangalore
4095,2025-02-15,Travel,2699.0,14.0,25237.0,Wallet,Expense 4095,Amazon,Bangalore
4096,2025-03-01,Entertainment,9261.0,,38040.0,Net Banking,Expense 4096,Big Bazaar,Bangalore
4097,2025-02-26,Health,16244.0,15.0,58665.0,UPI,Expense 4097,Reliance Fresh,Delhi
4098,2025-11-15,Transport,7833.0,3.0,14394.0,Net Banking,Expense 4098,DMart,Ahmedabad
4099,2025-01-12,Education,14056.0,15.0,27424.0,UPI,Expense 4099,Flipkart,Bangalore
4100,2025-08-08,Food,6357.0,2.0,11670.0,Cash,Expense 4100,Zomato,Bangalore
4101,2025-03-15,Fuel,12807.0,6.0,37882.0,Debit Card,Expense 4101,Swiggy,Bangalore
4102,2025-04-28,Rent,11510.0,11.0,56934.0,Net Banking,Expense 4102,Reliance Fresh,Hyderabad
4103,2025-02-14,Medical,11650.0,9.0,44683.0,Wallet,Expense 4103,Reliance Fresh,Bangalore
4104,2025-03-17,Health,13152.0,7.0,43631.0,Cash,Expense 4104,Big Bazaar,Pune
4105,2025-02-08,Transport,19430.0,12.0,19850.0,Cash,Expense 4105,Zomato,Delhi
4106,2025-11-16,Bills,12857.0,15.0,47209.0,Debit Card,Expense 4106,Big Bazaar,Delhi
4107,2025-03-21,Education,97.0,14.0,58055.0,Net Banking,Expense 4107,DMart,Hyderabad
4108,2025-04-14,Groceries,17485.0,10.0,52053.0,Cash,Expense 4108,Amazon,Rajkot
4109,2025-04-01,Groceries,10603.0,4.0,23329.0,Debit Card,Expense 4109,Swiggy,Surat
4110,2025-09-09,Fuel,81.0,9.0,10241.0,Net Banking,,Big Bazaar,Hyderabad
4111,2025-01-20,Transport,6787.0,3.0,34249.0,Credit Card,Expense 4111,Medical Store,Delhi
4112,2025-06-20,Groceries,9123.0,10.0,37753.0,Credit Card,Expense 4112,Swiggy,Delhi
4113,2025-03-14,Entertainment,2319.0,8.0,36053.0,UPI,Expense 4113,Uber,Mumbai
4114,2025-05-15,Transport,10270.0,14.0,,Debit Card,Expense 4114,Big Bazaar,Ahmedabad
4115,2025-05-12,Medical,19367.0,14.0,16169.0,Net Banking,Expense 4115,Flipkart,Bangalore
4116,2025-10-21,Transport,8891.0,4.0,9351.0,Debit Card,Expense 4116,Big Bazaar,Mumbai
4117,2025-06-26,Entertainment,7435.0,1.0,36032.0,Wallet,Expense 4117,DMart,Ahmedabad
4118,2025-08-15,Groceries,3850.0,15.0,17288.0,Cash,Expense 4118,Swiggy,Vadodara
4119,2025-09-01,Fuel,11963.0,14.0,19717.0,Wallet,Expense 4119,Zomato,Ahmedabad
4120,2025-05-28,Food,17098.0,9.0,50706.0,Wallet,Expense 4120,Uber,Vadodara
4121,2025-03-09,Shopping,,8.0,56736.0,Wallet,Expense 4121,Uber,Surat
4122,2025-09-22,Transport,9297.0,8.0,26837.0,Net Banking,Expense 4122,Big Bazaar,Pune
4123,2025-07-18,Groceries,13635.0,12.0,48825.0,Net Banking,Expense 4123,Amazon,Delhi
4124,2025-07-15,Rent,17776.0,15.0,38326.0,Credit Card,Expense 4124,Uber,Bangalore
4125,2025-01-14,Groceries,7346.0,6.0,43375.0,UPI,Expense 4125,Amazon,Ahmedabad
4126,2025-03-20,Shopping,5879.0,15.0,,Credit Card,Expense 4126,Swiggy,Mumbai
4127,2025-11-20,Education,12664.0,2.0,16872.0,Net Banking,Expense 4127,Flipkart,Mumbai
4128,2025-11-14,Rent,19370.0,2.0,38467.0,Net Banking,Expense 4128,Amazon,Ahmedabad
4129,2025-03-15,Groceries,19993.0,12.0,24688.0,Wallet,Expense 4129,Big Bazaar,Jaipur
4130,2025-09-24,Groceries,3264.0,10.0,32752.0,Wallet,Expense 4130,Big Bazaar,Ahmedabad
4131,2025-07-18,Entertainment,10327.0,15.0,22094.0,Credit Card,Expense 4131,Flipkart,Delhi
4132,2025-07-17,Bills,8100.0,9.0,22346.0,Wallet,Expense 4132,Flipkart,Vadodara
4133,2025-03-18,Food,,4.0,7510.0,Cash,Expense 4133,Swiggy,Jaipur
4134,2025-11-23,Travel,13793.0,6.0,46365.0,Net Banking,Expense 4134,Ola,Surat
4135,2025-05-12,Transport,9397.0,8.0,13039.0,Wallet,Expense 4135,Reliance Fresh,Pune
4136,2025-01-27,Transport,11710.0,7.0,7868.0,UPI,Expense 4136,Swiggy,Bangalore
4137,2025-12-23,Health,14184.0,3.0,35899.0,Cash,Expense 4137,DMart,Hyderabad
4138,2025-06-25,Education,902.0,1.0,35463.0,Wallet,Expense 4138,Reliance Fresh,Pune
4139,2025-05-18,Transport,13658.0,2.0,33593.0,Net Banking,Expense 4139,Zomato,Hyderabad
4140,2025-12-19,Bills,9636.0,9.0,51134.0,Debit Card,Expense 4140,Ola,Ahmedabad
4141,2025-02-16,Fuel,9920.0,4.0,21858.0,UPI,,Reliance Fresh,Vadodara
4142,2025-07-27,Education,16261.0,7.0,41196.0,Debit Card,Expense 4142,Swiggy,Mumbai
4143,2025-01-10,Rent,18530.0,4.0,20159.0,Wallet,Expense 4143,Ola,Rajkot
4144,2025-02-09,Transport,6591.0,10.0,52484.0,Credit Card,Expense 4144,Swiggy,Bangalore
4145,2025-02-24,Groceries,19024.0,15.0,49431.0,UPI,Expense 4145,DMart,Mumbai
4146,2025-11-18,Health,14671.0,,7429.0,Debit Card,Expense 4146,DMart,Mumbai
4147,2025-10-18,Education,6119.0,2.0,57473.0,Credit Card,Expense 4147,Reliance Fresh,Ahmedabad
4148,2025-06-04,Health,8866.0,1.0,16050.0,Wallet,Expense 4148,Reliance Fresh,Ahmedabad
4149,2025-08-12,Entertainment,7785.0,3.0,23057.0,Credit Card,Expense 4149,Zomato,Delhi
4150,2025-10-16,Groceries,15480.0,2.0,46889.0,Net Banking,Expense 4150,Big Bazaar,Rajkot
4151,2025-09-28,Fuel,13779.0,6.0,23489.0,Net Banking,Expense 4151,Ola,Surat
4152,2025-03-04,Fuel,19588.0,3.0,32019.0,UPI,Expense 4152,Flipkart,Jaipur
4153,2025-04-20,Health,17561.0,1.0,52582.0,Wallet,Expense 4153,Big Bazaar,Delhi
4154,2025-06-02,Shopping,6342.0,9.0,41987.0,Credit Card,Expense 4154,,Surat
4155,2025-07-21,Entertainment,18904.0,4.0,,Debit Card,Expense 4155,DMart,Surat
4156,2025-09-15,Groceries,5520.0,8.0,45202.0,UPI,Expense 4156,Flipkart,Delhi
4157,2025-12-18,Groceries,15001.0,2.0,47989.0,Debit Card,Expense 4157,Zomato,Mumbai
4158,2025-01-05,Travel,3412.0,,59912.0,Cash,Expense 4158,Big Bazaar,Jaipur
4159,2025-11-01,Fuel,18520.0,12.0,56719.0,Credit Card,Expense 4159,Ola,Delhi
4160,2025-05-27,Travel,12918.0,12.0,48547.0,Debit Card,Expense 4160,Swiggy,Surat
4161,2025-08-16,Groceries,5167.0,9.0,39255.0,Credit Card,Expense 4161,Zomato,Jaipur
4162,2025-09-20,Entertainment,17115.0,13.0,49084.0,Net Banking,,Zomato,Surat
4163,2025-07-12,Medical,3341.0,6.0,23083.0,UPI,Expense 4163,Ola,Vadodara
4164,2025-02-13,Shopping,4153.0,8.0,15614.0,Net Banking,Expense 4164,Amazon,Bangalore
4165,2025-12-05,Medical,7550.0,4.0,38404.0,Credit Card,Expense 4165,Zomato,Rajkot
4166,2025-09-17,Medical,8790.0,15.0,5069.0,UPI,Expense 4166,DMart,Pune
4167,2025-06-04,Rent,16809.0,2.0,34987.0,Cash,Expense 4167,Amazon,Vadodara
4168,2025-07-17,Bills,6815.0,11.0,33716.0,UPI,Expense 4168,Zomato,Vadodara
4169,2025-03-01,Medical,7143.0,,27848.0,UPI,Expense 4169,DMart,Jaipur
4170,2025-11-05,Food,8440.0,11.0,39738.0,Net Banking,Expense 4170,Flipkart,Rajkot
4171,2025-04-04,Fuel,7273.0,15.0,34087.0,Credit Card,Expense 4171,DMart,Ahmedabad
4172,2025-03-18,Food,431.0,5.0,32658.0,Wallet,Expense 4172,Zomato,Bangalore
4173,2025-11-16,Health,554.0,12.0,45791.0,UPI,Expense 4173,Big Bazaar,Jaipur
4174,2025-02-22,Entertainment,15534.0,11.0,51507.0,Credit Card,Expense 4174,Reliance Fresh,Vadodara
4175,2025-04-17,Fuel,7925.0,8.0,16701.0,Cash,Expense 4175,Flipkart,Surat
4176,2025-06-16,Rent,14513.0,15.0,46060.0,Wallet,Expense 4176,Reliance Fresh,Delhi
4177,2025-10-21,Health,19023.0,,50841.0,UPI,Expense 4177,Ola,Bangalore
4178,2025-09-14,Shopping,3424.0,4.0,56282.0,Wallet,Expense 4178,DMart,Delhi
4179,2025-09-18,Transport,6020.0,12.0,42018.0,Cash,Expense 4179,Medical Store,Rajkot
4180,2025-03-14,Bills,6973.0,7.0,18689.0,UPI,Expense 4180,Flipkart,Delhi
4181,2025-08-10,Food,,4.0,11101.0,UPI,Expense 4181,Uber,Ahmedabad
4182,2025-03-15,Groceries,5776.0,1.0,,Debit Card,,,Vadodara
4183,2025-06-07,Food,11728.0,6.0,21057.0,UPI,Expense 4183,Swiggy,Delhi
4184,2025-07-10,Transport,14055.0,12.0,26068.0,Debit Card,Expense 4184,Flipkart,Pune
4185,2025-11-24,Fuel,9247.0,6.0,16109.0,Net Banking,Expense 4185,Medical Store,Vadodara
4186,2025-01-21,Rent,3064.0,5.0,32498.0,Debit Card,Expense 4186,Medical Store,Vadodara
4187,2025-07-08,Entertainment,13674.0,13.0,36292.0,UPI,Expense 4187,Big Bazaar,Mumbai
4188,2025-11-25,Education,12131.0,1.0,57717.0,Credit Card,Expense 4188,Medical Store,Ahmedabad
4189,2025-03-07,Groceries,16369.0,6.0,13361.0,Wallet,,Ola,Hyderabad
4190,2025-04-04,Bills,14775.0,11.0,18858.0,Net Banking,Expense 4190,Amazon,Hyderabad
4191,2025-06-04,Entertainment,,14.0,30691.0,Credit Card,Expense 4191,Swiggy,Ahmedabad
4192,2025-06-24,Education,19090.0,3.0,28222.0,Wallet,Expense 4192,Reliance Fresh,Hyderabad
4193,2025-12-04,Fuel,11041.0,2.0,17145.0,Cash,Expense 4193,Flipkart,Hyderabad
4194,2025-10-15,Shopping,14176.0,5.0,42023.0,Net Banking,Expense 4194,Medical Store,Hyderabad
4195,2025-07-16,Health,4578.0,14.0,20289.0,Cash,Expense 4195,Amazon,Bangalore
4196,2025-11-18,Travel,17073.0,14.0,38892.0,UPI,Expense 4196,,Pune
4197,2025-03-27,Food,12440.0,3.0,8617.0,Credit Card,Expense 4197,Ola,Pune
4198,2025-11-17,Education,2470.0,11.0,19550.0,Wallet,Expense 4198,Zomato,Delhi
4199,2025-10-21,Groceries,12724.0,1.0,40746.0,Net Banking,Expense 4199,Zomato,Ahmedabad
4200,2025-12-22,Education,12852.0,6.0,35888.0,Credit Card,,Zomato,Vadodara
4201,2025-04-07,Health,16965.0,13.0,48198.0,UPI,Expense 4201,Big Bazaar,Pune
4202,2025-09-28,Shopping,13132.0,12.0,26775.0,Debit Card,Expense 4202,Swiggy,Rajkot
4203,2025-05-04,Shopping,3550.0,15.0,48093.0,Wallet,Expense 4203,Zomato,Jaipur
4204,2025-10-03,Transport,7608.0,9.0,7030.0,UPI,Expense 4204,Ola,Surat
4205,2025-02-10,Fuel,9527.0,5.0,29576.0,UPI,Expense 4205,Uber,Ahmedabad
4206,2025-07-22,Fuel,7716.0,14.0,5966.0,Debit Card,Expense 4206,Ola,Rajkot
4207,2025-02-14,Food,11433.0,9.0,,Credit Card,Expense 4207,Zomato,Vadodara
4208,2025-02-16,Health,7579.0,6.0,50890.0,Debit Card,Expense 4208,Uber,Surat
4209,2025-04-18,Entertainment,10037.0,4.0,57934.0,Cash,Expense 4209,Amazon,Pune
4210,2025-08-05,Health,9800.0,15.0,52902.0,Credit Card,Expense 4210,Reliance Fresh,Rajkot
4211,2025-11-15,Travel,14018.0,7.0,26340.0,UPI,Expense 4211,Medical Store,Rajkot
4212,2025-01-02,Travel,11395.0,4.0,45113.0,UPI,Expense 4212,Flipkart,Delhi
4213,2025-06-13,Groceries,10624.0,12.0,45145.0,Wallet,Expense 4213,DMart,Surat
4214,2025-10-26,Bills,7772.0,7.0,32084.0,UPI,Expense 4214,Swiggy,Surat
4215,2025-09-07,Rent,11343.0,5.0,24827.0,UPI,Expense 4215,Uber,Hyderabad
4216,2025-04-10,Groceries,12319.0,15.0,53882.0,UPI,Expense 4216,Flipkart,Jaipur
4217,2025-08-26,Transport,10544.0,7.0,41978.0,Cash,Expense 4217,,Vadodara
4218,2025-01-13,Groceries,9412.0,5.0,37390.0,Cash,Expense 4218,Uber,Jaipur
4219,2025-01-21,Entertainment,11470.0,8.0,25415.0,Wallet,Expense 4219,Ola,Hyderabad
4220,2025-07-06,Health,9642.0,6.0,53585.0,Credit Card,Expense 4220,Amazon,Mumbai
4221,2025-08-09,Medical,4610.0,7.0,58691.0,Wallet,Expense 4221,Swiggy,Ahmedabad
4222,2025-04-13,Education,2066.0,9.0,59443.0,UPI,Expense 4222,Ola,Pune
4223,2025-11-28,Education,7487.0,6.0,30397.0,Debit Card,Expense 4223,Amazon,Rajkot
4224,2025-06-22,Bills,17657.0,8.0,42385.0,UPI,Expense 4224,DMart,Pune
4225,2025-02-23,Entertainment,7326.0,,15570.0,Debit Card,Expense 4225,Zomato,Bangalore
4226,2025-05-14,Bills,11578.0,5.0,41129.0,Net Banking,Expense 4226,Medical Store,Pune
4227,2025-05-11,Entertainment,17658.0,8.0,35596.0,UPI,Expense 4227,Swiggy,Ahmedabad
4228,2025-11-17,Food,2505.0,13.0,33558.0,Debit Card,Expense 4228,Flipkart,Pune
4229,2025-01-28,Bills,2512.0,8.0,6900.0,Credit Card,Expense 4229,Reliance Fresh,Pune
4230,2025-08-04,Food,15942.0,2.0,5322.0,Cash,Expense 4230,Flipkart,Mumbai
4231,2025-10-03,Education,2533.0,15.0,24853.0,Debit Card,Expense 4231,Zomato,Hyderabad
4232,2025-12-19,Transport,1558.0,11.0,26764.0,Wallet,Expense 4232,Reliance Fresh,Bangalore
4233,2025-05-06,Travel,7312.0,13.0,44832.0,Cash,Expense 4233,Reliance Fresh,Delhi
4234,2025-09-02,Health,5980.0,13.0,23374.0,Net Banking,Expense 4234,Zomato,Delhi
4235,2025-02-03,Rent,5037.0,3.0,23383.0,Wallet,Expense 4235,Flipkart,Pune
4236,2025-11-27,Bills,10269.0,4.0,27921.0,UPI,Expense 4236,Big Bazaar,Pune
4237,2025-01-27,Rent,4875.0,10.0,13710.0,UPI,Expense 4237,Amazon,Bangalore
4238,2025-11-24,Shopping,8843.0,6.0,,UPI,Expense 4238,Zomato,Bangalore
4239,2025-02-23,Health,17316.0,9.0,35074.0,Wallet,Expense 4239,Ola,Bangalore
4240,2025-11-21,Travel,19138.0,12.0,56549.0,Net Banking,Expense 4240,Flipkart,Surat
4241,2025-12-21,Medical,14879.0,4.0,7976.0,Net Banking,Expense 4241,Big Bazaar,Delhi
4242,2025-01-02,Medical,9749.0,5.0,32940.0,UPI,Expense 4242,Swiggy,Pune
4243,2025-01-05,Food,13878.0,2.0,7692.0,Wallet,Expense 4243,Medical Store,Rajkot
4244,2025-08-24,Bills,8685.0,6.0,24308.0,Credit Card,Expense 4244,Reliance Fresh,Rajkot
4245,2025-07-05,Groceries,1677.0,3.0,26543.0,Credit Card,Expense 4245,Swiggy,Vadodara
4246,2025-05-12,Shopping,4465.0,6.0,31569.0,Debit Card,Expense 4246,Swiggy,Vadodara
4247,2025-04-22,Entertainment,19507.0,7.0,20264.0,Wallet,Expense 4247,Ola,Hyderabad
4248,2025-01-13,Medical,17978.0,11.0,55160.0,UPI,Expense 4248,Uber,Surat
4249,2025-05-10,Health,13728.0,4.0,5072.0,Credit Card,Expense 4249,Swiggy,Ahmedabad
4250,2025-08-06,Entertainment,5768.0,13.0,37666.0,Credit Card,Expense 4250,Reliance Fresh,Ahmedabad
4251,2025-12-21,Food,6559.0,2.0,31877.0,Credit Card,Expense 4251,Zomato,Ahmedabad
4252,2025-05-23,Groceries,19736.0,12.0,43651.0,Net Banking,Expense 4252,Big Bazaar,Mumbai
4253,2025-02-28,Food,14328.0,11.0,33825.0,Net Banking,Expense 4253,Big Bazaar,Delhi
4254,2025-06-15,Groceries,1179.0,7.0,16779.0,Credit Card,Expense 4254,Swiggy,Jaipur
4255,2025-10-22,Entertainment,,14.0,52199.0,Net Banking,Expense 4255,Ola,Jaipur
4256,2025-01-27,Entertainment,,9.0,7359.0,Cash,Expense 4256,Reliance Fresh,Delhi
4257,2025-01-14,Bills,11228.0,15.0,37064.0,Credit Card,Expense 4257,Medical Store,Pune
4258,2025-12-05,Rent,794.0,15.0,50192.0,Net Banking,Expense 4258,Amazon,Rajkot
4259,2025-09-11,Shopping,12434.0,2.0,32110.0,Credit Card,Expense 4259,Reliance Fresh,Delhi
4260,2025-03-15,Health,8864.0,8.0,14559.0,Credit Card,Expense 4260,Ola,Bangalore
4261,2025-02-23,Groceries,16202.0,13.0,48756.0,UPI,Expense 4261,Flipkart,Delhi
4262,2025-03-14,Health,15935.0,14.0,10303.0,UPI,Expense 4262,Zomato,Rajkot
4263,2025-10-01,Transport,12754.0,13.0,57037.0,Debit Card,Expense 4263,DMart,Jaipur
4264,2025-03-08,Health,2576.0,6.0,49316.0,Wallet,Expense 4264,Uber,Hyderabad
4265,2025-12-11,Medical,6556.0,2.0,9591.0,UPI,Expense 4265,Flipkart,Delhi
4266,2025-09-01,Education,17328.0,,51067.0,Debit Card,Expense 4266,DMart,Mumbai
4267,2025-09-03,Food,12726.0,1.0,25664.0,Credit Card,Expense 4267,Uber,Bangalore
4268,2025-09-25,Medical,4084.0,11.0,56403.0,Credit Card,Expense 4268,Swiggy,Jaipur
4269,2025-08-19,Food,9875.0,10.0,19753.0,Wallet,Expense 4269,Ola,Jaipur
4270,2025-11-26,Education,4187.0,7.0,53637.0,Credit Card,Expense 4270,Big Bazaar,Delhi
4271,2025-07-19,Shopping,16369.0,9.0,,Credit Card,Expense 4271,Ola,Ahmedabad
4272,2025-10-21,Groceries,6964.0,2.0,7927.0,Net Banking,Expense 4272,Swiggy,Pune
4273,2025-12-20,Transport,19455.0,13.0,20990.0,Cash,Expense 4273,,Mumbai
4274,2025-02-03,Entertainment,11428.0,4.0,6980.0,Debit Card,Expense 4274,Ola,Mumbai
4275,2025-12-11,Health,1596.0,15.0,14931.0,Cash,Expense 4275,Amazon,Vadodara
4276,2025-04-09,Health,13653.0,14.0,39077.0,Wallet,Expense 4276,Flipkart,Rajkot
4277,2025-08-05,Bills,8067.0,12.0,25198.0,Debit Card,Expense 4277,,Jaipur
4278,2025-03-27,Groceries,2375.0,8.0,15231.0,Debit Card,Expense 4278,Big Bazaar,Bangalore
4279,2025-11-19,Groceries,18678.0,3.0,29374.0,Cash,Expense 4279,Big Bazaar,Ahmedabad
4280,2025-07-01,Food,2572.0,4.0,54868.0,Net Banking,Expense 4280,Uber,Delhi
4281,2025-08-27,Travel,4141.0,13.0,14854.0,Net Banking,Expense 4281,Reliance Fresh,Ahmedabad
4282,2025-12-06,Education,12119.0,6.0,55156.0,Net Banking,Expense 4282,DMart,Vadodara
4283,2025-12-05,Shopping,6202.0,11.0,31393.0,Cash,Expense 4283,Ola,Bangalore
4284,2025-07-24,Shopping,18546.0,13.0,45318.0,Wallet,Expense 4284,Amazon,Mumbai
4285,2025-04-18,Medical,9937.0,13.0,9274.0,Wallet,Expense 4285,Ola,Delhi
4286,2025-01-13,Shopping,7130.0,14.0,9420.0,Credit Card,Expense 4286,Reliance Fresh,Hyderabad
4287,2025-05-18,Fuel,8509.0,1.0,44717.0,Wallet,Expense 4287,Zomato,Surat
4288,2025-07-04,Bills,7889.0,10.0,,UPI,Expense 4288,Amazon,Rajkot
4289,2025-10-25,Rent,8200.0,4.0,57168.0,Credit Card,Expense 4289,Ola,Mumbai
4290,2025-08-15,Bills,2516.0,8.0,23038.0,Debit Card,Expense 4290,Reliance Fresh,Rajkot
4291,2025-04-21,Groceries,6917.0,6.0,48790.0,Net Banking,Expense 4291,Swiggy,Vadodara
4292,2025-02-19,Bills,17921.0,12.0,53060.0,UPI,Expense 4292,Flipkart,Hyderabad
4293,2025-10-11,Medical,8752.0,15.0,34637.0,UPI,Expense 4293,Amazon,Ahmedabad
4294,2025-08-18,Fuel,,14.0,,Debit Card,Expense 4294,Big Bazaar,Ahmedabad
4295,2025-08-02,Rent,16261.0,3.0,11327.0,Credit Card,Expense 4295,Uber,Pune
4296,2025-02-26,Education,17071.0,4.0,20638.0,Debit Card,,DMart,Jaipur
4297,2025-06-19,Shopping,14791.0,8.0,21722.0,Debit Card,Expense 4297,Ola,Delhi
4298,2025-01-14,Education,18879.0,8.0,33085.0,Credit Card,Expense 4298,Zomato,Delhi
4299,2025-12-19,Entertainment,4454.0,3.0,17859.0,Net Banking,Expense 4299,Ola,Pune
4300,2025-06-20,Entertainment,17429.0,,55986.0,UPI,Expense 4300,Swiggy,Bangalore
4301,2025-04-28,Entertainment,13484.0,6.0,24940.0,Net Banking,Expense 4301,Reliance Fresh,Rajkot
4302,2025-05-27,Bills,19975.0,14.0,55092.0,UPI,,Medical Store,Hyderabad
4303,2025-07-14,Shopping,5316.0,9.0,45909.0,Cash,Expense 4303,Zomato,Surat
4304,2025-08-04,Travel,1269.0,5.0,24613.0,UPI,Expense 4304,Flipkart,Bangalore
4305,2025-07-25,Bills,5917.0,12.0,23789.0,Cash,Expense 4305,Zomato,Delhi
4306,2025-09-26,Education,4956.0,,49997.0,Credit Card,Expense 4306,Zomato,Vadodara
4307,2025-04-05,Education,16025.0,13.0,37150.0,Wallet,Expense 4307,Ola,Delhi
4308,2025-09-24,Education,17894.0,6.0,33902.0,Credit Card,Expense 4308,,Rajkot
4309,2025-11-04,Food,,,23075.0,UPI,Expense 4309,Amazon,Mumbai
4310,2025-04-24,Health,10810.0,15.0,15482.0,Credit Card,Expense 4310,Flipkart,Mumbai
4311,2025-08-17,Food,10649.0,12.0,57240.0,UPI,Expense 4311,Ola,Pune
4312,2025-10-21,Rent,10058.0,11.0,6171.0,UPI,Expense 4312,Ola,Vadodara
4313,2025-09-24,Fuel,9888.0,8.0,30885.0,UPI,Expense 4313,Amazon,Ahmedabad
4314,2025-02-15,Shopping,10591.0,10.0,21127.0,Cash,Expense 4314,Zomato,Ahmedabad
4315,2025-10-04,Transport,16188.0,1.0,17464.0,Credit Card,Expense 4315,DMart,Bangalore
4316,2025-02-19,Health,3228.0,1.0,16320.0,Cash,Expense 4316,DMart,Mumbai
4317,2025-09-26,Medical,10441.0,4.0,52450.0,Debit Card,Expense 4317,Amazon,Surat
4318,2025-02-26,Travel,16532.0,15.0,17172.0,UPI,Expense 4318,,Bangalore
4319,2025-01-09,Health,17077.0,5.0,17604.0,Net Banking,Expense 4319,Flipkart,Bangalore
4320,2025-12-26,Rent,12848.0,2.0,47944.0,Net Banking,Expense 4320,Flipkart,Jaipur
4321,2025-12-15,Groceries,1367.0,4.0,43062.0,Debit Card,Expense 4321,Medical Store,Delhi
4322,2025-10-27,Travel,7680.0,12.0,16193.0,Debit Card,,Uber,Pune
4323,2025-01-12,Transport,14129.0,12.0,43468.0,Net Banking,Expense 4323,Flipkart,Surat
4324,2025-10-28,Transport,1383.0,15.0,32136.0,Credit Card,Expense 4324,Big Bazaar,Hyderabad
4325,2025-02-26,Shopping,2632.0,11.0,26564.0,Debit Card,Expense 4325,Medical Store,Pune
4326,2025-04-07,Education,15173.0,,29247.0,Wallet,Expense 4326,Zomato,Hyderabad
4327,2025-06-01,Fuel,19080.0,14.0,58622.0,Credit Card,Expense 4327,Swiggy,Rajkot
4328,2025-05-12,Entertainment,,12.0,45810.0,Credit Card,Expense 4328,Flipkart,Mumbai
4329,2025-08-28,Shopping,8425.0,2.0,49946.0,Credit Card,Expense 4329,Flipkart,Pune
4330,2025-10-07,Groceries,119.0,9.0,17741.0,Net Banking,Expense 4330,Big Bazaar,Hyderabad
4331,2025-11-06,Education,16516.0,,30106.0,Net Banking,Expense 4331,Amazon,Jaipur
4332,2025-01-17,Fuel,12069.0,7.0,11554.0,Credit Card,Expense 4332,DMart,Hyderabad
4333,2025-05-09,Medical,8047.0,4.0,14429.0,Net Banking,Expense 4333,Uber,Rajkot
4334,2025-05-17,Rent,5989.0,1.0,47242.0,Cash,Expense 4334,Medical Store,Jaipur
4335,2025-01-05,Entertainment,11119.0,8.0,38471.0,Debit Card,Expense 4335,Big Bazaar,Surat
4336,2025-10-15,Education,6992.0,13.0,26263.0,Credit Card,Expense 4336,Ola,Surat
4337,2025-12-23,Groceries,19332.0,11.0,5980.0,Credit Card,Expense 4337,Swiggy,Vadodara
4338,2025-10-24,Bills,387.0,7.0,52236.0,UPI,Expense 4338,DMart,Ahmedabad
4339,2025-05-21,Medical,18607.0,10.0,19238.0,Net Banking,,Big Bazaar,Rajkot
4340,2025-04-06,Health,17948.0,,49220.0,Cash,Expense 4340,Amazon,Pune
4341,2025-01-07,Groceries,16994.0,1.0,33855.0,Debit Card,Expense 4341,Amazon,Delhi
4342,2025-12-11,Health,18882.0,2.0,28363.0,Credit Card,Expense 4342,Flipkart,Surat
4343,2025-01-15,Travel,19980.0,10.0,30100.0,Net Banking,Expense 4343,Zomato,Bangalore
4344,2025-09-24,Shopping,6706.0,5.0,59886.0,Debit Card,Expense 4344,Flipkart,Vadodara
4345,2025-05-19,Fuel,451.0,2.0,45496.0,Wallet,Expense 4345,Flipkart,Mumbai
4346,2025-08-09,Travel,1253.0,2.0,45215.0,Wallet,Expense 4346,DMart,Ahmedabad
4347,2025-01-26,Rent,8701.0,9.0,29248.0,UPI,Expense 4347,Ola,Surat
4348,2025-03-09,Medical,11835.0,3.0,,UPI,Expense 4348,Reliance Fresh,Delhi
4349,2025-03-06,Health,18012.0,6.0,38372.0,Cash,Expense 4349,Ola,Mumbai
4350,2025-06-26,Food,8030.0,3.0,43215.0,Cash,Expense 4350,Swiggy,Hyderabad
4351,2025-09-27,Entertainment,16750.0,14.0,16539.0,Wallet,Expense 4351,Ola,Delhi
4352,2025-09-22,Transport,5512.0,7.0,21606.0,Net Banking,Expense 4352,Swiggy,Mumbai
4353,2025-03-04,Shopping,9296.0,2.0,47875.0,Cash,Expense 4353,Zomato,Hyderabad
4354,2025-03-16,Health,2676.0,13.0,11329.0,Credit Card,Expense 4354,Swiggy,Pune
4355,2025-08-26,Travel,16814.0,1.0,26562.0,UPI,Expense 4355,Big Bazaar,Ahmedabad
4356,2025-07-24,Transport,14084.0,9.0,32628.0,Net Banking,,Zomato,Hyderabad
4357,2025-11-19,Groceries,824.0,11.0,22501.0,Credit Card,Expense 4357,Zomato,Jaipur
4358,2025-11-24,Rent,,7.0,14899.0,Credit Card,Expense 4358,Swiggy,Pune
4359,2025-09-11,Travel,19394.0,14.0,17770.0,UPI,Expense 4359,Ola,Rajkot
4360,2025-12-04,Education,17801.0,2.0,39473.0,Wallet,Expense 4360,Zomato,Surat
4361,2025-07-07,Shopping,14008.0,5.0,33189.0,UPI,Expense 4361,Ola,Rajkot
4362,2025-07-17,Entertainment,13607.0,4.0,23994.0,Cash,Expense 4362,,Vadodara
4363,2025-09-02,Rent,3432.0,9.0,57765.0,Cash,Expense 4363,,Mumbai
4364,2025-06-27,Groceries,13088.0,12.0,34199.0,Net Banking,Expense 4364,Big Bazaar,Surat
4365,2025-10-25,Food,1656.0,4.0,39657.0,Wallet,Expense 4365,Uber,Mumbai
4366,2025-09-26,Education,8495.0,13.0,24172.0,Wallet,,,Mumbai
4367,2025-01-10,Food,,6.0,23785.0,Cash,Expense 4367,Big Bazaar,Rajkot
4368,2025-02-10,Travel,11666.0,4.0,44958.0,Cash,Expense 4368,Big Bazaar,Delhi
4369,2025-06-15,Bills,3221.0,8.0,45149.0,Credit Card,Expense 4369,Medical Store,Jaipur
4370,2025-02-27,Travel,2883.0,,36569.0,Wallet,Expense 4370,Reliance Fresh,Pune
4371,2025-08-01,Fuel,133.0,11.0,14681.0,Wallet,Expense 4371,Swiggy,Pune
4372,2025-09-23,Transport,5178.0,12.0,22506.0,Cash,Expense 4372,Swiggy,Ahmedabad
4373,2025-04-21,Shopping,13349.0,7.0,40050.0,Debit Card,Expense 4373,Reliance Fresh,Bangalore
4374,2025-06-13,Rent,4462.0,13.0,19334.0,UPI,Expense 4374,Flipkart,Ahmedabad
4375,2025-10-18,Food,12275.0,5.0,47432.0,Credit Card,Expense 4375,Amazon,Vadodara
4376,2025-06-25,Rent,14460.0,1.0,,Wallet,Expense 4376,Swiggy,Rajkot
4377,2025-11-11,Groceries,7768.0,13.0,36094.0,Debit Card,Expense 4377,Medical Store,Rajkot
4378,2025-09-15,Shopping,9500.0,4.0,51576.0,Net Banking,Expense 4378,Amazon,Mumbai
4379,2025-12-28,Food,17326.0,4.0,9774.0,Credit Card,Expense 4379,Reliance Fresh,Surat
4380,2025-06-04,Rent,16756.0,5.0,49031.0,Wallet,Expense 4380,Zomato,Ahmedabad
4381,2025-03-06,Groceries,7291.0,13.0,33241.0,Credit Card,Expense 4381,Swiggy,Bangalore
4382,2025-02-14,Education,906.0,1.0,33578.0,UPI,Expense 4382,Medical Store,Vadodara
4383,2025-05-17,Transport,12225.0,2.0,57971.0,Net Banking,Expense 4383,Reliance Fresh,Rajkot
4384,2025-06-26,Education,2457.0,15.0,32614.0,Net Banking,Expense 4384,Uber,Delhi
4385,2025-09-09,Health,8292.0,4.0,9271.0,Cash,Expense 4385,Uber,Hyderabad
4386,2025-06-20,Shopping,,3.0,12578.0,Wallet,Expense 4386,Medical Store,Bangalore
4387,2025-02-20,Shopping,15199.0,15.0,53069.0,Credit Card,Expense 4387,Medical Store,Jaipur
4388,2025-09-02,Transport,15111.0,9.0,55244.0,Wallet,Expense 4388,Amazon,Bangalore
4389,2025-12-20,Entertainment,18231.0,9.0,23283.0,Wallet,Expense 4389,Big Bazaar,Pune
4390,2025-10-13,Bills,5533.0,4.0,12518.0,Wallet,Expense 4390,Medical Store,Delhi
4391,2025-06-12,Entertainment,18277.0,,54203.0,Wallet,Expense 4391,Reliance Fresh,Delhi
4392,2025-03-27,Bills,16622.0,15.0,38857.0,Credit Card,Expense 4392,,Hyderabad
4393,2025-11-18,Rent,9813.0,4.0,54485.0,Wallet,Expense 4393,DMart,Hyderabad
4394,2025-08-18,Groceries,16910.0,1.0,26827.0,UPI,Expense 4394,Zomato,Mumbai
4395,2025-09-03,Food,17394.0,2.0,57018.0,UPI,Expense 4395,DMart,Delhi
4396,2025-12-24,Food,4780.0,6.0,29626.0,Credit Card,Expense 4396,Amazon,Mumbai
4397,2025-02-19,Transport,16527.0,14.0,51157.0,Wallet,Expense 4397,Ola,Vadodara
4398,2025-03-20,Education,3900.0,14.0,33851.0,Wallet,Expense 4398,Uber,Pune
4399,2025-07-20,Bills,14905.0,13.0,9086.0,Net Banking,Expense 4399,Ola,Jaipur
4400,2025-06-07,Rent,12002.0,5.0,35748.0,Net Banking,Expense 4400,Medical Store,Mumbai
4401,2025-04-18,Shopping,,,25339.0,UPI,Expense 4401,Medical Store,Surat
4402,2025-04-02,Shopping,17413.0,9.0,51991.0,Credit Card,Expense 4402,Swiggy,Bangalore
4403,2025-12-22,Fuel,15536.0,1.0,15622.0,Debit Card,Expense 4403,Big Bazaar,Rajkot
4404,2025-07-16,Shopping,7041.0,11.0,22302.0,Net Banking,Expense 4404,Reliance Fresh,Rajkot
4405,2025-09-14,Health,18902.0,4.0,,Wallet,Expense 4405,Ola,Jaipur
4406,2025-03-14,Medical,17333.0,5.0,37582.0,Wallet,Expense 4406,Amazon,Delhi
4407,2025-09-11,Medical,1962.0,10.0,23331.0,Net Banking,Expense 4407,Swiggy,Mumbai
4408,2025-08-07,Shopping,1597.0,7.0,51039.0,Cash,Expense 4408,Ola,Delhi
4409,2025-12-03,Transport,7570.0,4.0,53311.0,Net Banking,Expense 4409,Big Bazaar,Mumbai
4410,2025-12-18,Travel,3332.0,6.0,7199.0,Wallet,Expense 4410,Swiggy,Jaipur
4411,2025-05-10,Groceries,6367.0,5.0,56466.0,Wallet,Expense 4411,Reliance Fresh,Bangalore
4412,2025-11-26,Transport,3548.0,1.0,6828.0,Net Banking,Expense 4412,Big Bazaar,Surat
4413,2025-02-04,Rent,10670.0,4.0,41849.0,UPI,Expense 4413,Reliance Fresh,Hyderabad
4414,2025-06-10,Shopping,361.0,7.0,40293.0,Debit Card,Expense 4414,Swiggy,Ahmedabad
4415,2025-02-13,Fuel,6420.0,9.0,10189.0,Wallet,Expense 4415,Uber,Surat
4416,2025-10-02,Health,4898.0,10.0,32309.0,Debit Card,,Amazon,Pune
4417,2025-06-14,Bills,6557.0,2.0,47414.0,Debit Card,Expense 4417,Reliance Fresh,Vadodara
4418,2025-04-13,Entertainment,6967.0,9.0,9561.0,Cash,Expense 4418,DMart,Vadodara
4419,2025-05-05,Transport,9244.0,7.0,17346.0,Cash,Expense 4419,,Jaipur
4420,2025-01-11,Shopping,19884.0,12.0,12129.0,Cash,Expense 4420,Zomato,Jaipur
4421,2025-06-08,Travel,7727.0,13.0,29758.0,Cash,Expense 4421,Big Bazaar,Hyderabad
4422,2025-09-22,Food,3106.0,10.0,57276.0,Net Banking,Expense 4422,Amazon,Jaipur
4423,2025-12-26,Bills,7618.0,9.0,25979.0,UPI,Expense 4423,Medical Store,Surat
4424,2025-07-09,Education,950.0,9.0,,Wallet,Expense 4424,Uber,Vadodara
4425,2025-08-23,Travel,7601.0,1.0,57846.0,Credit Card,Expense 4425,Amazon,Mumbai
4426,2025-06-27,Shopping,,5.0,11045.0,Wallet,Expense 4426,Uber,Rajkot
4427,2025-10-06,Groceries,18775.0,14.0,9472.0,Wallet,Expense 4427,Uber,Jaipur
4428,2025-08-10,Bills,9149.0,,,Net Banking,Expense 4428,DMart,Jaipur
4429,2025-09-13,Bills,18343.0,10.0,49481.0,Wallet,Expense 4429,Reliance Fresh,Rajkot
4430,2025-07-19,Groceries,6166.0,11.0,58147.0,UPI,Expense 4430,Swiggy,Ahmedabad
4431,2025-03-11,Shopping,13343.0,6.0,14108.0,Cash,Expense 4431,Uber,Surat
4432,2025-07-24,Transport,16995.0,4.0,28415.0,Debit Card,Expense 4432,Reliance Fresh,Vadodara
4433,2025-04-17,Groceries,2643.0,,45789.0,Wallet,Expense 4433,Big Bazaar,Surat
4434,2025-04-18,Rent,12002.0,10.0,58950.0,Cash,Expense 4434,Medical Store,Ahmedabad
4435,2025-06-13,Health,5268.0,13.0,8332.0,UPI,Expense 4435,Amazon,Pune
4436,2025-05-08,Medical,17134.0,7.0,42149.0,Debit Card,Expense 4436,Flipkart,Pune
4437,2025-05-22,Rent,3699.0,7.0,36405.0,Wallet,Expense 4437,Ola,Bangalore
4438,2025-06-19,Travel,13450.0,13.0,,Net Banking,Expense 4438,Ola,Hyderabad
4439,2025-04-15,Education,8582.0,13.0,36201.0,Credit Card,Expense 4439,DMart,Bangalore
4440,2025-12-09,Bills,4353.0,14.0,34634.0,UPI,Expense 4440,Flipkart,Mumbai
4441,2025-09-16,Health,18361.0,9.0,51556.0,UPI,,Swiggy,Jaipur
4442,2025-06-10,Food,16560.0,15.0,57502.0,Net Banking,Expense 4442,Flipkart,Bangalore
4443,2025-08-09,Rent,4210.0,,57640.0,UPI,Expense 4443,,Bangalore
4444,2025-09-27,Medical,9227.0,10.0,12592.0,Net Banking,Expense 4444,Reliance Fresh,Jaipur
4445,2025-02-08,Medical,13666.0,15.0,16021.0,Credit Card,Expense 4445,Uber,Bangalore
4446,2025-01-03,Bills,4861.0,12.0,8772.0,Credit Card,Expense 4446,Ola,Ahmedabad
4447,2025-03-22,Bills,18012.0,8.0,57802.0,Debit Card,Expense 4447,DMart,Jaipur
4448,2025-01-07,Travel,13875.0,5.0,,Cash,,Flipkart,Jaipur
4449,2025-01-13,Transport,1589.0,2.0,55314.0,Wallet,Expense 4449,Uber,Mumbai
4450,2025-05-11,Rent,7354.0,7.0,53986.0,UPI,Expense 4450,Zomato,Ahmedabad
4451,2025-04-01,Entertainment,8935.0,5.0,11247.0,Net Banking,Expense 4451,DMart,Rajkot
4452,2025-04-14,Entertainment,8479.0,11.0,15159.0,UPI,Expense 4452,Zomato,Bangalore
4453,2025-07-07,Education,11695.0,7.0,10544.0,Cash,Expense 4453,Amazon,Delhi
4454,2025-07-03,Bills,16908.0,10.0,17711.0,Credit Card,Expense 4454,Swiggy,Ahmedabad
4455,2025-06-19,Entertainment,9742.0,3.0,,Credit Card,Expense 4455,Uber,Jaipur
4456,2025-10-01,Bills,5505.0,9.0,23782.0,Net Banking,Expense 4456,Big Bazaar,Pune
4457,2025-10-17,Food,,15.0,21496.0,UPI,Expense 4457,Zomato,Mumbai
4458,2025-12-18,Travel,13732.0,2.0,17649.0,UPI,Expense 4458,Swiggy,Hyderabad
4459,2025-02-05,Entertainment,17222.0,1.0,,UPI,Expense 4459,Medical Store,Hyderabad
4460,2025-12-14,Medical,,7.0,34581.0,Credit Card,Expense 4460,Swiggy,Pune
4461,2025-12-26,Transport,6825.0,4.0,38126.0,Wallet,Expense 4461,Big Bazaar,Rajkot
4462,2025-01-22,Shopping,2463.0,14.0,52052.0,Debit Card,Expense 4462,Big Bazaar,Rajkot
4463,2025-03-18,Groceries,718.0,9.0,33575.0,UPI,Expense 4463,Amazon,Rajkot
4464,2025-03-27,Shopping,13556.0,11.0,5035.0,Debit Card,Expense 4464,DMart,Bangalore
4465,2025-10-18,Groceries,3808.0,1.0,24028.0,Debit Card,Expense 4465,Swiggy,Vadodara
4466,2025-12-16,Medical,9125.0,11.0,25481.0,Net Banking,Expense 4466,Zomato,Jaipur
4467,2025-09-09,Groceries,17576.0,2.0,40214.0,UPI,Expense 4467,Big Bazaar,Vadodara
4468,2025-01-02,Fuel,18011.0,5.0,34724.0,Credit Card,Expense 4468,Amazon,Jaipur
4469,2025-12-18,Food,8884.0,5.0,21278.0,Credit Card,Expense 4469,Uber,Bangalore
4470,2025-01-11,Shopping,10550.0,10.0,55583.0,Cash,Expense 4470,Zomato,Rajkot
4471,2025-03-15,Transport,6196.0,13.0,17870.0,Credit Card,Expense 4471,Swiggy,Mumbai
4472,2025-01-10,Transport,9054.0,13.0,43197.0,Credit Card,Expense 4472,,Rajkot
4473,2025-11-23,Transport,9572.0,4.0,20155.0,Net Banking,Expense 4473,,Bangalore
4474,2025-04-22,Groceries,10402.0,,34564.0,Cash,Expense 4474,Zomato,Ahmedabad
4475,2025-06-16,Bills,5607.0,14.0,16280.0,Debit Card,Expense 4475,DMart,Ahmedabad
4476,2025-04-23,Bills,18798.0,14.0,37124.0,Credit Card,,Zomato,Pune
4477,2025-02-13,Entertainment,4598.0,2.0,11219.0,UPI,Expense 4477,Swiggy,Delhi
4478,2025-06-26,Transport,13711.0,,36494.0,Net Banking,Expense 4478,Zomato,Hyderabad
4479,2025-07-28,Groceries,17910.0,15.0,30278.0,Cash,Expense 4479,Ola,Hyderabad
4480,2025-03-26,Rent,7259.0,11.0,6605.0,Debit Card,Expense 4480,Zomato,Mumbai
4481,2025-05-19,Transport,5163.0,9.0,,Cash,Expense 4481,Ola,Jaipur
4482,2025-11-23,Food,2853.0,10.0,28906.0,Wallet,Expense 4482,Medical Store,Hyderabad
4483,2025-06-28,Medical,14786.0,9.0,25551.0,Wallet,Expense 4483,Swiggy,Mumbai
4484,2025-12-18,Groceries,363.0,13.0,43432.0,Cash,Expense 4484,Uber,Ahmedabad
4485,2025-07-16,Shopping,7944.0,5.0,10908.0,Cash,Expense 4485,Amazon,Hyderabad
4486,2025-09-19,Rent,1125.0,5.0,9375.0,Cash,Expense 4486,Reliance Fresh,Surat
4487,2025-05-05,Shopping,,8.0,49207.0,Credit Card,Expense 4487,Big Bazaar,Hyderabad
4488,2025-12-08,Food,7091.0,,59294.0,Debit Card,Expense 4488,Amazon,Mumbai
4489,2025-06-06,Entertainment,14892.0,6.0,35870.0,Net Banking,Expense 4489,Zomato,Mumbai
4490,2025-01-10,Shopping,13182.0,1.0,25882.0,Credit Card,Expense 4490,Ola,Pune
4491,2025-08-21,Food,13523.0,4.0,34505.0,Debit Card,Expense 4491,Reliance Fresh,Delhi
4492,2025-09-09,Entertainment,3221.0,2.0,33387.0,Wallet,Expense 4492,Flipkart,Hyderabad
4493,2025-03-09,Rent,7652.0,3.0,54080.0,Wallet,Expense 4493,Reliance Fresh,Vadodara
4494,2025-09-19,Medical,13520.0,3.0,52766.0,Cash,Expense 4494,DMart,Delhi
4495,2025-04-28,Health,15656.0,,48639.0,Cash,Expense 4495,DMart,Surat
4496,2025-07-07,Bills,15547.0,,5038.0,Net Banking,Expense 4496,Medical Store,Jaipur
4497,2025-05-27,Rent,16893.0,8.0,57548.0,Cash,Expense 4497,Zomato,Jaipur
4498,2025-01-04,Fuel,7480.0,10.0,22033.0,Net Banking,Expense 4498,Reliance Fresh,Vadodara
4499,2025-09-23,Entertainment,709.0,3.0,,UPI,Expense 4499,DMart,Vadodara
4500,2025-11-14,Fuel,12939.0,9.0,13208.0,Debit Card,Expense 4500,Swiggy,Pune
4501,2025-06-28,Food,8146.0,8.0,12496.0,Credit Card,Expense 4501,DMart,Bangalore
4502,2025-01-18,Travel,6593.0,15.0,40519.0,Debit Card,Expense 4502,Swiggy,Rajkot
4503,2025-11-11,Bills,14672.0,12.0,26180.0,Wallet,Expense 4503,Flipkart,Mumbai
4504,2025-05-20,Medical,2352.0,13.0,56051.0,Debit Card,Expense 4504,Reliance Fresh,Bangalore
4505,2025-03-20,Education,4505.0,9.0,57682.0,Net Banking,Expense 4505,Medical Store,Mumbai
4506,2025-06-09,Education,6586.0,1.0,11364.0,Cash,,Amazon,Pune
4507,2025-08-16,Fuel,7608.0,7.0,28161.0,Net Banking,Expense 4507,Big Bazaar,Bangalore
4508,2025-07-25,Travel,856.0,3.0,30261.0,Debit Card,Expense 4508,Reliance Fresh,Jaipur
4509,2025-12-06,Bills,636.0,9.0,55291.0,Wallet,Expense 4509,Big Bazaar,Delhi
4510,2025-09-06,Rent,7625.0,7.0,30506.0,UPI,Expense 4510,Big Bazaar,Delhi
4511,2025-03-08,Rent,12522.0,14.0,49539.0,Debit Card,Expense 4511,Medical Store,Mumbai
4512,2025-06-07,Health,18807.0,8.0,15970.0,Debit Card,Expense 4512,Big Bazaar,Pune
4513,2025-01-22,Bills,,3.0,53308.0,Credit Card,Expense 4513,Zomato,Jaipur
4514,2025-03-23,Education,1393.0,13.0,45911.0,Debit Card,Expense 4514,Uber,Jaipur
4515,2025-09-02,Groceries,14203.0,6.0,13591.0,Cash,Expense 4515,Uber,Vadodara
4516,2025-09-20,Shopping,11431.0,2.0,30762.0,Cash,Expense 4516,Reliance Fresh,Ahmedabad
4517,2025-10-01,Entertainment,,3.0,53661.0,Wallet,Expense 4517,Zomato,Jaipur
4518,2025-09-18,Fuel,19068.0,1.0,,Wallet,Expense 4518,Reliance Fresh,Vadodara
4519,2025-06-19,Travel,14904.0,8.0,54838.0,Wallet,Expense 4519,Ola,Pune
4520,2025-11-07,Medical,17753.0,6.0,,Credit Card,Expense 4520,,Pune
4521,2025-08-10,Bills,13276.0,11.0,58452.0,Debit Card,Expense 4521,Medical Store,Delhi
4522,2025-08-02,Health,11599.0,13.0,51270.0,Cash,Expense 4522,Medical Store,Delhi
4523,2025-11-16,Food,1379.0,5.0,42530.0,Credit Card,Expense 4523,Big Bazaar,Rajkot
4524,2025-06-20,Shopping,3712.0,6.0,52065.0,Credit Card,Expense 4524,Medical Store,Bangalore
4525,2025-03-03,Entertainment,14243.0,8.0,49561.0,Cash,Expense 4525,Zomato,Hyderabad
4526,2025-06-23,Health,6792.0,11.0,30287.0,Cash,Expense 4526,Big Bazaar,Surat
4527,2025-12-18,Shopping,10254.0,6.0,58298.0,Net Banking,Expense 4527,,Bangalore
4528,2025-07-24,Food,963.0,15.0,31497.0,Net Banking,Expense 4528,Swiggy,Delhi
4529,2025-06-23,Bills,11792.0,7.0,56747.0,Net Banking,Expense 4529,Flipkart,Delhi
4530,2025-12-02,Travel,3779.0,6.0,40832.0,Credit Card,Expense 4530,Big Bazaar,Surat
4531,2025-07-06,Education,5960.0,,35071.0,Credit Card,Expense 4531,Amazon,Rajkot
4532,2025-05-22,Medical,13812.0,,40116.0,Wallet,Expense 4532,Zomato,Ahmedabad
4533,2025-04-28,Health,8569.0,2.0,37161.0,Cash,Expense 4533,,Delhi
4534,2025-11-04,Education,3915.0,10.0,40564.0,Credit Card,Expense 4534,Ola,Ahmedabad
4535,2025-07-01,Travel,10796.0,4.0,33669.0,Cash,Expense 4535,DMart,Mumbai
4536,2025-04-27,Entertainment,6744.0,5.0,11407.0,Net Banking,Expense 4536,Ola,Pune
4537,2025-12-05,Rent,16142.0,9.0,59690.0,UPI,Expense 4537,Reliance Fresh,Bangalore
4538,2025-12-11,Shopping,7578.0,4.0,26963.0,Debit Card,Expense 4538,Amazon,Surat
4539,2025-12-15,Rent,5558.0,6.0,45152.0,Net Banking,,Flipkart,Mumbai
4540,2025-07-21,Fuel,9205.0,2.0,45724.0,Net Banking,,Swiggy,Jaipur
4541,2025-09-07,Medical,15804.0,14.0,46025.0,Debit Card,Expense 4541,Zomato,Pune
4542,2025-11-22,Entertainment,5945.0,,,UPI,Expense 4542,Uber,Ahmedabad
4543,2025-11-12,Health,1425.0,15.0,55470.0,Cash,Expense 4543,Zomato,Vadodara
4544,2025-03-25,Rent,13904.0,8.0,16688.0,Debit Card,Expense 4544,Zomato,Bangalore
4545,2025-01-01,Shopping,7861.0,6.0,7167.0,Wallet,Expense 4545,Flipkart,Pune
4546,2025-09-08,Entertainment,7022.0,15.0,56722.0,Credit Card,Expense 4546,DMart,Delhi
4547,2025-05-23,Shopping,2774.0,15.0,8910.0,Debit Card,Expense 4547,Medical Store,Bangalore
4548,2025-06-19,Food,14924.0,10.0,12720.0,Credit Card,Expense 4548,Flipkart,Vadodara
4549,2025-11-09,Rent,6388.0,1.0,8040.0,Net Banking,Expense 4549,Reliance Fresh,Vadodara
4550,2025-01-17,Bills,19686.0,5.0,56021.0,Credit Card,Expense 4550,Amazon,Pune
4551,2025-10-15,Medical,17744.0,3.0,5581.0,Cash,Expense 4551,DMart,Ahmedabad
4552,2025-08-05,Transport,9509.0,6.0,15457.0,Debit Card,Expense 4552,Flipkart,Pune
4553,2025-07-25,Transport,17639.0,13.0,11143.0,UPI,Expense 4553,Uber,Vadodara
4554,2025-02-08,Education,12921.0,8.0,26162.0,Cash,Expense 4554,Swiggy,Rajkot
4555,2025-07-19,Fuel,380.0,3.0,28096.0,Credit Card,Expense 4555,DMart,Jaipur
4556,2025-02-24,Bills,2085.0,,41592.0,Credit Card,Expense 4556,Zomato,Ahmedabad
4557,2025-12-06,Health,6448.0,12.0,56706.0,UPI,Expense 4557,Flipkart,Jaipur
4558,2025-12-08,Travel,12032.0,,10073.0,Net Banking,Expense 4558,Zomato,Surat
4559,2025-03-28,Groceries,,5.0,6426.0,Net Banking,Expense 4559,DMart,Mumbai
4560,2025-09-25,Shopping,19960.0,2.0,22740.0,Debit Card,Expense 4560,Reliance Fresh,Jaipur
4561,2025-05-09,Transport,18523.0,1.0,11377.0,Debit Card,Expense 4561,Big Bazaar,Jaipur
4562,2025-08-11,Groceries,4322.0,6.0,21005.0,Credit Card,Expense 4562,Reliance Fresh,Pune
4563,2025-04-11,Fuel,7965.0,5.0,37434.0,Credit Card,Expense 4563,Reliance Fresh,Jaipur
4564,2025-01-23,Food,12916.0,9.0,53672.0,Debit Card,Expense 4564,Swiggy,Rajkot
4565,2025-09-18,Food,15107.0,4.0,5579.0,Wallet,Expense 4565,Uber,Hyderabad
4566,2025-02-26,Rent,10515.0,2.0,18530.0,Net Banking,Expense 4566,Medical Store,Hyderabad
4567,2025-04-12,Travel,,7.0,30749.0,UPI,Expense 4567,DMart,Bangalore
4568,2025-06-20,Rent,14057.0,2.0,41067.0,Net Banking,Expense 4568,Uber,Pune
4569,2025-08-07,Medical,13339.0,6.0,11983.0,Wallet,Expense 4569,Swiggy,Delhi
4570,2025-05-10,Health,16986.0,15.0,43580.0,Net Banking,Expense 4570,Big Bazaar,Jaipur
4571,2025-02-27,Travel,8657.0,13.0,47536.0,Wallet,Expense 4571,Swiggy,Mumbai
4572,2025-01-25,Fuel,9596.0,13.0,14833.0,Debit Card,Expense 4572,Flipkart,Mumbai
4573,2025-07-10,Bills,2378.0,8.0,58413.0,Wallet,Expense 4573,Amazon,Jaipur
4574,2025-08-21,Education,3241.0,3.0,17798.0,UPI,Expense 4574,Zomato,Rajkot
4575,2025-07-02,Health,17013.0,4.0,46811.0,Net Banking,Expense 4575,DMart,Surat
4576,2025-04-01,Transport,17680.0,12.0,38568.0,Debit Card,Expense 4576,Swiggy,Rajkot
4577,2025-10-06,Food,9587.0,5.0,11328.0,Credit Card,Expense 4577,Ola,Vadodara
4578,2025-03-02,Fuel,17301.0,7.0,59884.0,Cash,Expense 4578,Ola,Surat
4579,2025-03-08,Health,16053.0,4.0,37211.0,UPI,Expense 4579,Flipkart,Ahmedabad
4580,2025-06-06,Food,18001.0,6.0,41756.0,Cash,Expense 4580,Medical Store,Rajkot
4581,2025-12-01,Shopping,17476.0,10.0,28015.0,Wallet,Expense 4581,Uber,Mumbai
4582,2025-02-11,Groceries,5752.0,12.0,37854.0,Credit Card,Expense 4582,Zomato,Ahmedabad
4583,2025-02-06,Transport,14684.0,6.0,,Credit Card,Expense 4583,Ola,Pune
4584,2025-12-06,Entertainment,18058.0,1.0,53373.0,UPI,Expense 4584,Flipkart,Mumbai
4585,2025-10-23,Fuel,2298.0,5.0,32328.0,UPI,Expense 4585,,Mumbai
4586,2025-03-01,Shopping,15179.0,8.0,10464.0,Wallet,Expense 4586,Big Bazaar,Mumbai
4587,2025-03-19,Travel,18400.0,2.0,28643.0,UPI,Expense 4587,Amazon,Hyderabad
4588,2025-02-22,Travel,16606.0,5.0,35218.0,Debit Card,Expense 4588,Uber,Jaipur
4589,2025-07-15,Bills,18186.0,11.0,33674.0,UPI,Expense 4589,Big Bazaar,Surat
4590,2025-01-15,Food,19570.0,4.0,35564.0,Net Banking,Expense 4590,Ola,Pune
4591,2025-10-09,Health,14059.0,5.0,26921.0,Wallet,Expense 4591,DMart,Mumbai
4592,2025-05-03,Medical,13180.0,11.0,32112.0,Debit Card,Expense 4592,Zomato,Mumbai
4593,2025-08-10,Medical,13698.0,8.0,28714.0,Net Banking,Expense 4593,Reliance Fresh,Hyderabad
4594,2025-05-15,Rent,9460.0,13.0,16719.0,Net Banking,Expense 4594,DMart,Surat
4595,2025-07-23,Education,12247.0,10.0,7184.0,Wallet,,DMart,Pune
4596,2025-12-01,Groceries,,6.0,31604.0,Wallet,Expense 4596,Medical Store,Mumbai
4597,2025-08-12,Fuel,1876.0,4.0,54975.0,UPI,Expense 4597,Uber,Vadodara
4598,2025-05-02,Groceries,2118.0,2.0,56823.0,Debit Card,Expense 4598,Reliance Fresh,Rajkot
4599,2025-02-08,Education,792.0,15.0,8894.0,Credit Card,Expense 4599,Zomato,Pune
4600,2025-12-17,Rent,12028.0,8.0,29707.0,Credit Card,Expense 4600,Zomato,Delhi
4601,2025-05-27,Health,1486.0,3.0,39527.0,UPI,Expense 4601,Medical Store,Ahmedabad
4602,2025-05-17,Shopping,11653.0,6.0,49238.0,Cash,Expense 4602,Medical Store,Delhi
4603,2025-09-07,Transport,4737.0,2.0,46114.0,Debit Card,Expense 4603,Swiggy,Delhi
4604,2025-10-09,Rent,6372.0,10.0,15462.0,Credit Card,Expense 4604,DMart,Rajkot
4605,2025-04-06,Transport,2151.0,5.0,,Net Banking,,Zomato,Ahmedabad
4606,2025-11-16,Groceries,13758.0,8.0,13706.0,Cash,Expense 4606,Big Bazaar,Bangalore
4607,2025-11-20,Health,15700.0,2.0,,Cash,Expense 4607,Big Bazaar,Ahmedabad
4608,2025-05-22,Shopping,19633.0,11.0,8191.0,UPI,Expense 4608,Flipkart,Ahmedabad
4609,2025-12-17,Fuel,6373.0,12.0,31794.0,Cash,Expense 4609,Ola,Surat
4610,2025-07-03,Education,15393.0,5.0,29990.0,Wallet,Expense 4610,Medical Store,Delhi
4611,2025-07-23,Groceries,5974.0,10.0,49100.0,Wallet,Expense 4611,Swiggy,Surat
4612,2025-07-21,Education,15221.0,10.0,54704.0,Wallet,Expense 4612,Big Bazaar,Mumbai
4613,2025-06-15,Fuel,7505.0,4.0,,Credit Card,Expense 4613,Amazon,Surat
4614,2025-02-24,Food,8553.0,7.0,,UPI,Expense 4614,Medical Store,Mumbai
4615,2025-06-02,Health,11511.0,4.0,20701.0,Cash,Expense 4615,Medical Store,Pune
4616,2025-06-19,Transport,11918.0,13.0,14489.0,Debit Card,Expense 4616,Big Bazaar,Bangalore
4617,2025-02-27,Transport,15776.0,6.0,39300.0,Cash,Expense 4617,Big Bazaar,Rajkot
4618,2025-11-08,Travel,2238.0,10.0,51757.0,Cash,Expense 4618,Zomato,Vadodara
4619,2025-07-17,Health,14289.0,,,UPI,Expense 4619,,Delhi
4620,2025-04-16,Health,697.0,2.0,17656.0,Credit Card,Expense 4620,Big Bazaar,Bangalore
4621,2025-05-03,Shopping,12470.0,12.0,55377.0,UPI,Expense 4621,,Hyderabad
4622,2025-10-07,Fuel,4369.0,1.0,54217.0,Debit Card,Expense 4622,Medical Store,Hyderabad
4623,2025-02-03,Groceries,16345.0,12.0,59212.0,UPI,Expense 4623,Big Bazaar,Pune
4624,2025-11-05,Entertainment,9615.0,1.0,35583.0,Cash,Expense 4624,Flipkart,Mumbai
4625,2025-01-20,Education,7038.0,9.0,,Debit Card,Expense 4625,Zomato,Mumbai
4626,2025-07-26,Rent,10312.0,2.0,25175.0,Wallet,Expense 4626,Reliance Fresh,Delhi
4627,2025-08-20,Entertainment,8275.0,7.0,25250.0,Credit Card,Expense 4627,Amazon,Mumbai
4628,2025-05-11,Health,18189.0,5.0,37666.0,Net Banking,Expense 4628,Medical Store,Pune
4629,2025-02-10,Fuel,14752.0,14.0,43647.0,UPI,Expense 4629,Swiggy,Jaipur
4630,2025-04-18,Education,19196.0,7.0,31228.0,Debit Card,Expense 4630,Flipkart,Jaipur
4631,2025-09-20,Rent,2012.0,11.0,35864.0,Wallet,Expense 4631,Zomato,Pune
4632,2025-12-17,Medical,13915.0,,38600.0,Credit Card,Expense 4632,Ola,Rajkot
4633,2025-06-02,Rent,18991.0,10.0,47339.0,Net Banking,Expense 4633,Zomato,Jaipur
4634,2025-12-08,Travel,8562.0,12.0,30260.0,Cash,Expense 4634,Reliance Fresh,Mumbai
4635,2025-10-17,Entertainment,,14.0,25001.0,Debit Card,Expense 4635,Reliance Fresh,Hyderabad
4636,2025-11-22,Entertainment,10529.0,7.0,59742.0,Debit Card,Expense 4636,Zomato,Vadodara
4637,2025-07-15,Groceries,13683.0,9.0,37341.0,Wallet,Expense 4637,DMart,Jaipur
4638,2025-02-05,Bills,6196.0,6.0,18832.0,Wallet,Expense 4638,,Surat
4639,2025-08-18,Travel,9461.0,10.0,58011.0,Cash,Expense 4639,Ola,Surat
4640,2025-03-14,Health,6031.0,12.0,28027.0,Wallet,Expense 4640,,Rajkot
4641,2025-10-09,Health,9488.0,8.0,31848.0,Wallet,,DMart,Hyderabad
4642,2025-08-19,Groceries,8067.0,5.0,51871.0,Credit Card,Expense 4642,Ola,Vadodara
4643,2025-12-27,Groceries,17109.0,15.0,37191.0,Credit Card,Expense 4643,Amazon,Hyderabad
4644,2025-08-07,Groceries,12222.0,15.0,,UPI,Expense 4644,Ola,Jaipur
4645,2025-03-06,Health,,13.0,50000.0,Wallet,Expense 4645,Swiggy,Vadodara
4646,2025-01-15,Groceries,1698.0,1.0,39231.0,Cash,Expense 4646,Amazon,Bangalore
4647,2025-09-20,Shopping,19704.0,9.0,25590.0,Cash,,,Hyderabad
4648,2025-01-09,Bills,13506.0,8.0,45391.0,Cash,Expense 4648,Medical Store,Surat
4649,2025-03-14,Fuel,17562.0,14.0,26653.0,Debit Card,Expense 4649,Ola,Pune
4650,2025-12-24,Bills,,13.0,39827.0,Credit Card,Expense 4650,Ola,Pune
4651,2025-04-13,Rent,9133.0,11.0,58666.0,Net Banking,Expense 4651,Big Bazaar,Mumbai
4652,2025-04-21,Food,9615.0,5.0,50472.0,Debit Card,Expense 4652,Medical Store,Hyderabad
4653,2025-08-15,Shopping,5545.0,3.0,51813.0,Debit Card,Expense 4653,Ola,Vadodara
4654,2025-12-08,Food,6801.0,13.0,6230.0,Net Banking,Expense 4654,Zomato,Surat
4655,2025-06-11,Rent,17290.0,2.0,44273.0,UPI,Expense 4655,Zomato,Bangalore
4656,2025-02-08,Shopping,13934.0,9.0,56198.0,Net Banking,Expense 4656,Zomato,Bangalore
4657,2025-12-11,Travel,7118.0,12.0,20683.0,UPI,Expense 4657,Flipkart,Ahmedabad
4658,2025-09-04,Entertainment,1106.0,8.0,22993.0,Debit Card,Expense 4658,Amazon,Surat
4659,2025-08-16,Shopping,7201.0,13.0,58925.0,Debit Card,Expense 4659,Uber,Mumbai
4660,2025-01-17,Health,3519.0,6.0,21561.0,Wallet,Expense 4660,DMart,Mumbai
4661,2025-05-08,Entertainment,8383.0,15.0,32238.0,UPI,Expense 4661,Reliance Fresh,Jaipur
4662,2025-11-20,Entertainment,13963.0,,18752.0,Wallet,,Reliance Fresh,Mumbai
4663,2025-11-20,Health,680.0,7.0,23023.0,Credit Card,Expense 4663,Zomato,Jaipur
4664,2025-03-27,Shopping,2512.0,2.0,54822.0,Net Banking,Expense 4664,Reliance Fresh,Surat
4665,2025-04-25,Bills,5343.0,14.0,32657.0,Net Banking,Expense 4665,Uber,Mumbai
4666,2025-05-18,Medical,7673.0,12.0,51155.0,Net Banking,Expense 4666,,Pune
4667,2025-04-02,Food,1422.0,14.0,28150.0,Wallet,Expense 4667,Amazon,Pune
4668,2025-10-27,Fuel,600.0,3.0,5515.0,Credit Card,Expense 4668,Uber,Hyderabad
4669,2025-10-07,Travel,8471.0,15.0,40568.0,Credit Card,Expense 4669,,Delhi
4670,2025-08-18,Transport,6401.0,10.0,,Credit Card,Expense 4670,Uber,Bangalore
4671,2025-02-16,Transport,14551.0,4.0,40052.0,Cash,Expense 4671,Flipkart,Ahmedabad
4672,2025-02-21,Shopping,10026.0,12.0,35363.0,Debit Card,Expense 4672,Amazon,Vadodara
4673,2025-02-16,Fuel,12662.0,5.0,19753.0,UPI,Expense 4673,Zomato,Delhi
4674,2025-07-20,Food,5985.0,5.0,18767.0,Credit Card,Expense 4674,Flipkart,Pune
4675,2025-07-21,Transport,9717.0,6.0,41334.0,Cash,Expense 4675,Reliance Fresh,Vadodara
4676,2025-05-12,Medical,12741.0,9.0,16230.0,Net Banking,Expense 4676,DMart,Mumbai
4677,2025-07-11,Shopping,17258.0,12.0,19020.0,Wallet,Expense 4677,Reliance Fresh,Pune
4678,2025-12-28,Health,17038.0,10.0,16010.0,Cash,Expense 4678,Swiggy,Bangalore
4679,2025-10-21,Shopping,5771.0,8.0,23272.0,Cash,,Flipkart,Ahmedabad
4680,2025-09-01,Fuel,19830.0,12.0,53228.0,UPI,,Zomato,Jaipur
4681,2025-09-07,Food,17336.0,12.0,53757.0,Cash,Expense 4681,Reliance Fresh,Mumbai
4682,2025-01-12,Fuel,17201.0,6.0,6437.0,Cash,Expense 4682,Ola,Jaipur
4683,2025-03-17,Travel,9002.0,10.0,22567.0,Cash,Expense 4683,Ola,Vadodara
4684,2025-06-24,Bills,17855.0,11.0,56902.0,Credit Card,Expense 4684,Swiggy,Rajkot
4685,2025-12-11,Food,5759.0,12.0,48368.0,UPI,Expense 4685,Flipkart,Delhi
4686,2025-05-01,Transport,16393.0,12.0,18857.0,Credit Card,Expense 4686,Swiggy,Mumbai
4687,2025-01-25,Fuel,3586.0,9.0,46325.0,Wallet,Expense 4687,,Jaipur
4688,2025-10-09,Shopping,1647.0,14.0,12350.0,Cash,Expense 4688,Zomato,Pune
4689,2025-12-06,Medical,4796.0,9.0,12767.0,Cash,Expense 4689,Big Bazaar,Pune
4690,2025-02-04,Groceries,12359.0,,44909.0,UPI,Expense 4690,Swiggy,Ahmedabad
4691,2025-04-26,Bills,16756.0,5.0,10250.0,UPI,Expense 4691,,Ahmedabad
4692,2025-08-07,Bills,17059.0,10.0,38081.0,Wallet,Expense 4692,Medical Store,Rajkot
4693,2025-11-23,Groceries,12647.0,14.0,41062.0,Debit Card,Expense 4693,Uber,Ahmedabad
4694,2025-02-28,Medical,13496.0,6.0,9705.0,Cash,Expense 4694,Ola,Ahmedabad
4695,2025-05-26,Rent,,9.0,29165.0,Wallet,,Medical Store,Delhi
4696,2025-10-18,Travel,17607.0,7.0,30578.0,Wallet,Expense 4696,,Ahmedabad
4697,2025-09-27,Entertainment,16303.0,1.0,19629.0,Cash,Expense 4697,Ola,Ahmedabad
4698,2025-08-06,Groceries,3873.0,3.0,,Net Banking,Expense 4698,,Mumbai
4699,2025-04-09,Rent,4885.0,4.0,20208.0,Wallet,Expense 4699,Swiggy,Surat
4700,2025-03-13,Education,3615.0,6.0,46017.0,UPI,Expense 4700,Ola,Mumbai
4701,2025-10-02,Education,12956.0,3.0,54306.0,Wallet,Expense 4701,Ola,Surat
4702,2025-10-17,Health,7922.0,11.0,28662.0,UPI,Expense 4702,Flipkart,Delhi
4703,2025-07-02,Medical,9712.0,12.0,24607.0,Cash,Expense 4703,Big Bazaar,Mumbai
4704,2025-05-04,Transport,10791.0,11.0,53907.0,UPI,Expense 4704,,Ahmedabad
4705,2025-05-19,Entertainment,5045.0,13.0,30378.0,Debit Card,Expense 4705,Swiggy,Jaipur
4706,2025-11-09,Entertainment,17694.0,1.0,20327.0,Credit Card,Expense 4706,Reliance Fresh,Bangalore
4707,2025-02-22,Bills,1337.0,2.0,53531.0,Cash,Expense 4707,Big Bazaar,Bangalore
4708,2025-07-02,Health,18383.0,6.0,21650.0,Credit Card,Expense 4708,Medical Store,Vadodara
4709,2025-09-12,Transport,592.0,13.0,35880.0,Net Banking,Expense 4709,Medical Store,Jaipur
4710,2025-11-23,Bills,,5.0,,Wallet,Expense 4710,DMart,Surat
4711,2025-04-09,Shopping,6954.0,4.0,47146.0,Credit Card,Expense 4711,Zomato,Vadodara
4712,2025-01-27,Food,11547.0,8.0,46543.0,Credit Card,Expense 4712,Swiggy,Surat
4713,2025-02-14,Entertainment,7762.0,1.0,48630.0,Debit Card,Expense 4713,Medical Store,Delhi
4714,2025-11-17,Fuel,18322.0,3.0,51097.0,Net Banking,Expense 4714,Reliance Fresh,Vadodara
4715,2025-06-11,Medical,11056.0,13.0,37132.0,Credit Card,Expense 4715,Amazon,Ahmedabad
4716,2025-10-23,Entertainment,12800.0,11.0,18064.0,Cash,Expense 4716,Ola,Mumbai
4717,2025-02-15,Groceries,3509.0,14.0,23178.0,Cash,Expense 4717,Zomato,Bangalore
4718,2025-11-21,Medical,12097.0,1.0,40556.0,Cash,Expense 4718,Uber,Surat
4719,2025-03-07,Shopping,2516.0,12.0,11121.0,Cash,Expense 4719,Amazon,Hyderabad
4720,2025-11-03,Health,3753.0,11.0,9695.0,Cash,Expense 4720,Uber,Jaipur
4721,2025-10-26,Food,6911.0,8.0,19288.0,Wallet,Expense 4721,Ola,Jaipur
4722,2025-04-04,Food,18076.0,5.0,38386.0,Debit Card,Expense 4722,Swiggy,Rajkot
4723,2025-06-16,Education,4375.0,11.0,27602.0,Cash,Expense 4723,Zomato,Jaipur
4724,2025-03-24,Fuel,19767.0,13.0,8150.0,Net Banking,Expense 4724,Swiggy,Mumbai
4725,2025-08-14,Transport,17736.0,4.0,7807.0,Debit Card,Expense 4725,Amazon,Hyderabad
4726,2025-05-22,Health,2788.0,6.0,5112.0,UPI,Expense 4726,Medical Store,Mumbai
4727,2025-01-08,Rent,7471.0,10.0,58790.0,Wallet,Expense 4727,Zomato,Vadodara
4728,2025-09-19,Groceries,19362.0,11.0,11920.0,Credit Card,Expense 4728,Ola,Bangalore
4729,2025-11-19,Health,15283.0,13.0,31069.0,Cash,Expense 4729,Flipkart,Hyderabad
4730,2025-08-05,Travel,4317.0,10.0,17112.0,Cash,Expense 4730,Flipkart,Surat
4731,2025-12-15,Food,14604.0,12.0,15784.0,Wallet,Expense 4731,DMart,Vadodara
4732,2025-02-22,Bills,10878.0,10.0,52517.0,UPI,Expense 4732,Ola,Surat
4733,2025-12-06,Groceries,11873.0,7.0,11661.0,Debit Card,Expense 4733,,Surat
4734,2025-06-23,Rent,17122.0,2.0,22100.0,Wallet,Expense 4734,Amazon,Mumbai
4735,2025-05-17,Fuel,13819.0,2.0,59349.0,Credit Card,Expense 4735,Zomato,Mumbai
4736,2025-02-19,Bills,16718.0,6.0,,Credit Card,Expense 4736,DMart,Delhi
4737,2025-09-01,Groceries,12924.0,11.0,51575.0,Debit Card,Expense 4737,,Ahmedabad
4738,2025-08-04,Education,12532.0,2.0,22407.0,Credit Card,Expense 4738,Uber,Jaipur
4739,2025-12-12,Education,2880.0,7.0,13034.0,UPI,Expense 4739,Amazon,Ahmedabad
4740,2025-01-25,Entertainment,9321.0,7.0,45111.0,Credit Card,Expense 4740,Uber,Ahmedabad
4741,2025-09-15,Health,10777.0,2.0,53977.0,Debit Card,Expense 4741,Reliance Fresh,Ahmedabad
4742,2025-10-21,Entertainment,8793.0,10.0,49852.0,Debit Card,Expense 4742,Zomato,Delhi
4743,2025-05-09,Groceries,18074.0,4.0,17521.0,Cash,Expense 4743,Uber,Pune
4744,2025-01-04,Medical,4697.0,11.0,37544.0,Net Banking,Expense 4744,Big Bazaar,Pune
4745,2025-03-23,Food,8254.0,11.0,6868.0,Net Banking,Expense 4745,DMart,Rajkot
4746,2025-06-28,Health,14433.0,12.0,39643.0,UPI,Expense 4746,Swiggy,Rajkot
4747,2025-10-27,Food,15322.0,9.0,5437.0,Cash,Expense 4747,Amazon,Pune
4748,2025-10-27,Food,3032.0,14.0,19591.0,Cash,Expense 4748,Uber,Jaipur
4749,2025-05-04,Fuel,753.0,7.0,10638.0,Debit Card,Expense 4749,Swiggy,Vadodara
4750,2025-02-04,Travel,11479.0,4.0,42984.0,Credit Card,Expense 4750,Big Bazaar,Bangalore
4751,2025-11-18,Travel,4476.0,15.0,9919.0,Debit Card,Expense 4751,Swiggy,Bangalore
4752,2025-11-06,Food,5664.0,,,Wallet,Expense 4752,Amazon,Jaipur
4753,2025-08-08,Bills,17187.0,7.0,24173.0,UPI,Expense 4753,Flipkart,Rajkot
4754,2025-05-02,Shopping,7934.0,3.0,58698.0,UPI,Expense 4754,,Ahmedabad
4755,2025-02-19,Transport,19551.0,3.0,50082.0,Wallet,Expense 4755,Swiggy,Bangalore
4756,2025-10-28,Rent,13998.0,12.0,,Wallet,Expense 4756,Flipkart,Vadodara
4757,2025-08-16,Food,833.0,15.0,44875.0,Net Banking,Expense 4757,Zomato,Rajkot
4758,2025-01-08,Bills,12443.0,5.0,22429.0,Credit Card,Expense 4758,DMart,Ahmedabad
4759,2025-11-25,Food,2227.0,15.0,56769.0,Cash,Expense 4759,Flipkart,Bangalore
4760,2025-02-27,Medical,15103.0,7.0,22265.0,Net Banking,Expense 4760,Amazon,Delhi
4761,2025-10-18,Entertainment,5136.0,6.0,13892.0,Net Banking,Expense 4761,Ola,Jaipur
4762,2025-12-13,Health,16920.0,14.0,48678.0,Credit Card,Expense 4762,Uber,Rajkot
4763,2025-11-10,Rent,1516.0,5.0,17119.0,Net Banking,Expense 4763,Medical Store,Bangalore
4764,2025-08-01,Transport,15732.0,1.0,49978.0,Net Banking,Expense 4764,DMart,Bangalore
4765,2025-03-27,Medical,7647.0,14.0,58451.0,Credit Card,,Ola,Surat
4766,2025-01-17,Rent,8427.0,2.0,21379.0,UPI,Expense 4766,,Hyderabad
4767,2025-04-10,Groceries,17481.0,11.0,52283.0,Credit Card,Expense 4767,Medical Store,Delhi
4768,2025-03-24,Entertainment,15374.0,9.0,30497.0,Credit Card,Expense 4768,DMart,Mumbai
4769,2025-09-24,Travel,7736.0,12.0,12993.0,Debit Card,Expense 4769,DMart,Bangalore
4770,2025-10-18,Entertainment,19976.0,9.0,50345.0,Wallet,Expense 4770,Uber,Surat
4771,2025-08-19,Groceries,11655.0,14.0,20491.0,Credit Card,Expense 4771,Big Bazaar,Surat
4772,2025-05-18,Health,4329.0,13.0,52352.0,Net Banking,Expense 4772,Reliance Fresh,Surat
4773,2025-06-08,Entertainment,11374.0,7.0,53137.0,UPI,Expense 4773,Swiggy,Surat
4774,2025-06-21,Education,8916.0,7.0,55732.0,Credit Card,Expense 4774,DMart,Ahmedabad
4775,2025-03-14,Shopping,18084.0,4.0,26692.0,Net Banking,Expense 4775,Medical Store,Jaipur
4776,2025-09-07,Rent,5824.0,8.0,23932.0,Wallet,Expense 4776,DMart,Ahmedabad
4777,2025-03-26,Health,2205.0,7.0,42136.0,Credit Card,Expense 4777,Medical Store,Delhi
4778,2025-03-26,Transport,19448.0,14.0,,Net Banking,Expense 4778,Medical Store,Ahmedabad
4779,2025-07-14,Food,2615.0,4.0,,UPI,Expense 4779,Zomato,Jaipur
4780,2025-09-05,Food,9680.0,5.0,18169.0,Cash,Expense 4780,Flipkart,Bangalore
4781,2025-04-05,Medical,5542.0,13.0,24315.0,UPI,Expense 4781,Zomato,Ahmedabad
4782,2025-05-23,Medical,16105.0,3.0,11063.0,UPI,Expense 4782,Flipkart,Hyderabad
4783,2025-06-21,Food,15082.0,3.0,37761.0,Wallet,Expense 4783,Ola,Surat
4784,2025-02-01,Shopping,19522.0,12.0,50381.0,Wallet,Expense 4784,Reliance Fresh,Jaipur
4785,2025-04-06,Fuel,7849.0,15.0,26265.0,UPI,Expense 4785,Flipkart,Ahmedabad
4786,2025-02-24,Shopping,15385.0,4.0,33976.0,Cash,,Flipkart,Bangalore
4787,2025-03-13,Entertainment,9151.0,2.0,12314.0,Cash,Expense 4787,Amazon,Delhi
4788,2025-03-28,Entertainment,538.0,2.0,20317.0,Cash,Expense 4788,Zomato,Surat
4789,2025-03-28,Fuel,11781.0,7.0,9577.0,Net Banking,Expense 4789,Amazon,Jaipur
4790,2025-07-11,Rent,14804.0,4.0,17541.0,Credit Card,Expense 4790,Zomato,Surat
4791,2025-07-07,Fuel,14217.0,15.0,21203.0,Net Banking,Expense 4791,Uber,Bangalore
4792,2025-03-18,Shopping,4403.0,8.0,45509.0,Wallet,Expense 4792,Amazon,Mumbai
4793,2025-06-23,Rent,1623.0,10.0,13009.0,Credit Card,Expense 4793,Amazon,Ahmedabad
4794,2025-09-03,Transport,8093.0,8.0,,Net Banking,Expense 4794,Ola,Ahmedabad
4795,2025-02-28,Health,10296.0,8.0,41974.0,UPI,Expense 4795,Uber,Delhi
4796,2025-08-07,Transport,7083.0,2.0,49330.0,UPI,Expense 4796,Flipkart,Rajkot
4797,2025-07-26,Groceries,15869.0,12.0,34383.0,Credit Card,Expense 4797,Uber,Delhi
4798,2025-12-01,Transport,5118.0,5.0,37131.0,Net Banking,Expense 4798,Swiggy,Surat
4799,2025-01-22,Bills,16099.0,13.0,45198.0,Debit Card,Expense 4799,Amazon,Delhi
4800,2025-08-18,Transport,5868.0,9.0,23854.0,Credit Card,Expense 4800,Zomato,Bangalore
4801,2025-09-19,Transport,10585.0,11.0,17942.0,Debit Card,Expense 4801,Big Bazaar,Vadodara
4802,2025-03-02,Bills,15267.0,6.0,20012.0,Net Banking,Expense 4802,Reliance Fresh,Rajkot
4803,2025-08-25,Entertainment,3707.0,11.0,46345.0,Cash,Expense 4803,Uber,Delhi
4804,2025-07-23,Rent,4259.0,11.0,24097.0,Net Banking,,Ola,Jaipur
4805,2025-02-16,Fuel,9153.0,1.0,25630.0,Wallet,Expense 4805,Flipkart,Vadodara
4806,2025-04-25,Shopping,13321.0,5.0,18798.0,Net Banking,Expense 4806,Uber,Jaipur
4807,2025-10-01,Health,7792.0,,6447.0,Credit Card,Expense 4807,Reliance Fresh,Mumbai
4808,2025-06-27,Health,14384.0,1.0,31150.0,Cash,Expense 4808,Uber,Bangalore
4809,2025-08-28,Education,10480.0,5.0,57236.0,UPI,Expense 4809,Uber,Mumbai
4810,2025-12-13,Education,17442.0,9.0,36361.0,Net Banking,Expense 4810,DMart,Hyderabad
4811,2025-04-05,Health,11746.0,13.0,26204.0,Wallet,Expense 4811,Zomato,Ahmedabad
4812,2025-02-28,Entertainment,635.0,8.0,49342.0,Wallet,Expense 4812,Zomato,Pune
4813,2025-11-11,Food,18064.0,4.0,14858.0,Debit Card,Expense 4813,Zomato,Ahmedabad
4814,2025-05-21,Bills,18049.0,5.0,10217.0,UPI,Expense 4814,Amazon,Jaipur
4815,2025-04-25,Education,12695.0,9.0,13116.0,Net Banking,,Amazon,Surat
4816,2025-03-26,Medical,17702.0,15.0,49623.0,Credit Card,,Amazon,Bangalore
4817,2025-01-15,Food,16433.0,6.0,56271.0,Wallet,Expense 4817,Big Bazaar,Ahmedabad
4818,2025-03-20,Bills,708.0,7.0,44587.0,Credit Card,Expense 4818,Medical Store,Delhi
4819,2025-10-24,Education,8603.0,8.0,,Debit Card,Expense 4819,Big Bazaar,Jaipur
4820,2025-05-04,Travel,7930.0,6.0,44370.0,UPI,Expense 4820,DMart,Pune
4821,2025-08-15,Health,4449.0,8.0,48683.0,Wallet,Expense 4821,Medical Store,Ahmedabad
4822,2025-10-18,Bills,12595.0,,41350.0,Cash,,Uber,Delhi
4823,2025-04-01,Health,8572.0,5.0,52621.0,Cash,Expense 4823,Zomato,Surat
4824,2025-06-06,Medical,,10.0,51644.0,Wallet,Expense 4824,Medical Store,Ahmedabad
4825,2025-04-20,Bills,1937.0,5.0,7126.0,Credit Card,Expense 4825,Zomato,Ahmedabad
4826,2025-01-20,Groceries,5388.0,10.0,27207.0,Credit Card,Expense 4826,Ola,Mumbai
4827,2025-05-10,Food,8702.0,11.0,41532.0,Credit Card,Expense 4827,Ola,Delhi
4828,2025-09-06,Entertainment,9323.0,8.0,27745.0,UPI,Expense 4828,Uber,Pune
4829,2025-10-09,Entertainment,18362.0,12.0,27179.0,Debit Card,Expense 4829,,Vadodara
4830,2025-05-25,Groceries,19378.0,11.0,28446.0,Cash,Expense 4830,Flipkart,Rajkot
4831,2025-04-06,Food,13709.0,9.0,6716.0,Wallet,Expense 4831,Swiggy,Surat
4832,2025-01-28,Groceries,4279.0,15.0,35560.0,Net Banking,Expense 4832,DMart,Delhi
4833,2025-07-26,Food,7304.0,1.0,16234.0,Debit Card,Expense 4833,Zomato,Jaipur
4834,2025-09-14,Food,10777.0,5.0,11819.0,UPI,Expense 4834,Big Bazaar,Rajkot
4835,2025-12-06,Groceries,14335.0,6.0,57789.0,Wallet,Expense 4835,Ola,Bangalore
4836,2025-10-09,Entertainment,13550.0,14.0,32146.0,Debit Card,Expense 4836,DMart,Pune
4837,2025-12-01,Health,15608.0,9.0,20618.0,Cash,Expense 4837,Uber,Delhi
4838,2025-05-05,Medical,3823.0,13.0,47726.0,Debit Card,Expense 4838,Reliance Fresh,Pune
4839,2025-12-03,Medical,12728.0,9.0,12673.0,Debit Card,Expense 4839,Ola,Jaipur
4840,2025-04-20,Bills,12599.0,15.0,40717.0,Cash,Expense 4840,Swiggy,Hyderabad
4841,2025-11-10,Food,2880.0,2.0,49011.0,Net Banking,,Flipkart,Bangalore
4842,2025-12-26,Fuel,13901.0,8.0,7451.0,Cash,Expense 4842,Reliance Fresh,Jaipur
4843,2025-02-07,Medical,1241.0,12.0,50313.0,Debit Card,Expense 4843,Uber,Rajkot
4844,2025-04-15,Travel,5417.0,4.0,21278.0,Credit Card,Expense 4844,Big Bazaar,Rajkot
4845,2025-10-22,Rent,17311.0,8.0,58665.0,Credit Card,Expense 4845,Reliance Fresh,Hyderabad
4846,2025-07-01,Fuel,14315.0,3.0,18866.0,Wallet,Expense 4846,Ola,Mumbai
4847,2025-11-24,Travel,2887.0,14.0,42631.0,UPI,Expense 4847,Medical Store,Rajkot
4848,2025-07-27,Rent,17412.0,13.0,14806.0,Credit Card,Expense 4848,Uber,Mumbai
4849,2025-01-22,Shopping,14504.0,15.0,49920.0,Net Banking,Expense 4849,Reliance Fresh,Jaipur
4850,2025-10-23,Education,17814.0,5.0,57732.0,Cash,Expense 4850,Reliance Fresh,Jaipur
4851,2025-09-10,Medical,14124.0,11.0,31100.0,Credit Card,Expense 4851,Medical Store,Ahmedabad
4852,2025-05-24,Entertainment,,6.0,48521.0,Cash,,Ola,Bangalore
4853,2025-07-23,Shopping,294.0,9.0,47764.0,UPI,Expense 4853,Zomato,Hyderabad
4854,2025-09-01,Groceries,2969.0,8.0,40520.0,UPI,Expense 4854,Swiggy,Jaipur
4855,2025-08-25,Food,11682.0,14.0,52670.0,UPI,Expense 4855,Swiggy,Pune
4856,2025-10-25,Entertainment,7133.0,7.0,47630.0,Wallet,Expense 4856,Zomato,Surat
4857,2025-03-24,Shopping,10254.0,14.0,38321.0,Net Banking,Expense 4857,Uber,Surat
4858,2025-01-27,Food,14661.0,14.0,25579.0,Debit Card,Expense 4858,Medical Store,Vadodara
4859,2025-02-20,Medical,8925.0,4.0,50280.0,Credit Card,Expense 4859,Swiggy,Rajkot
4860,2025-01-12,Transport,9393.0,6.0,17604.0,Debit Card,Expense 4860,Amazon,Jaipur
4861,2025-02-22,Education,6481.0,11.0,29769.0,Wallet,Expense 4861,Zomato,Delhi
4862,2025-12-05,Transport,7680.0,11.0,50748.0,UPI,Expense 4862,DMart,Mumbai
4863,2025-09-28,Health,5405.0,13.0,,Credit Card,Expense 4863,Zomato,Ahmedabad
4864,2025-11-05,Rent,18102.0,11.0,49519.0,Debit Card,Expense 4864,Ola,Delhi
4865,2025-12-25,Health,8735.0,,,Net Banking,Expense 4865,Flipkart,Hyderabad
4866,2025-01-22,Entertainment,17534.0,2.0,48199.0,Debit Card,Expense 4866,Flipkart,Vadodara
4867,2025-09-26,Bills,1359.0,4.0,38484.0,Net Banking,Expense 4867,Amazon,Ahmedabad
4868,2025-08-24,Health,3805.0,2.0,34586.0,UPI,Expense 4868,Reliance Fresh,Pune
4869,2025-08-17,Bills,2699.0,1.0,,Debit Card,Expense 4869,Reliance Fresh,Rajkot
4870,2025-08-26,Medical,3556.0,7.0,30811.0,Net Banking,Expense 4870,Ola,Vadodara
4871,2025-04-26,Travel,19834.0,8.0,43111.0,Credit Card,Expense 4871,Amazon,Delhi
4872,2025-09-07,Bills,13949.0,4.0,56475.0,Cash,Expense 4872,Zomato,Surat
4873,2025-03-23,Education,12109.0,7.0,15017.0,Wallet,Expense 4873,Swiggy,Pune
4874,2025-01-03,Education,6209.0,4.0,26613.0,UPI,Expense 4874,Big Bazaar,Bangalore
4875,2025-06-25,Fuel,16933.0,1.0,32414.0,Cash,Expense 4875,Flipkart,Ahmedabad
4876,2025-02-06,Shopping,13227.0,13.0,26543.0,UPI,Expense 4876,Flipkart,Pune
4877,2025-02-22,Entertainment,8697.0,13.0,16270.0,Cash,Expense 4877,DMart,Hyderabad
4878,2025-08-28,Bills,6148.0,8.0,26474.0,Cash,Expense 4878,DMart,Ahmedabad
4879,2025-05-28,Travel,18897.0,15.0,30647.0,Wallet,Expense 4879,Amazon,Mumbai
4880,2025-12-01,Health,6238.0,9.0,34843.0,Debit Card,Expense 4880,Amazon,Rajkot
4881,2025-07-27,Travel,16190.0,13.0,32573.0,Cash,Expense 4881,Amazon,Vadodara
4882,2025-11-11,Food,10328.0,13.0,24219.0,UPI,Expense 4882,Swiggy,Hyderabad
4883,2025-01-07,Rent,2722.0,3.0,6590.0,Credit Card,Expense 4883,Ola,Jaipur
4884,2025-07-08,Fuel,,4.0,17173.0,Wallet,,Uber,Hyderabad
4885,2025-11-25,Bills,12849.0,12.0,43833.0,Cash,Expense 4885,Medical Store,Ahmedabad
4886,2025-09-15,Shopping,11925.0,15.0,54169.0,Wallet,Expense 4886,Big Bazaar,Vadodara
4887,2025-10-17,Shopping,10146.0,7.0,21452.0,Net Banking,Expense 4887,Ola,Mumbai
4888,2025-02-26,Bills,13392.0,4.0,25153.0,Cash,Expense 4888,Swiggy,Jaipur
4889,2025-02-24,Rent,3375.0,8.0,15129.0,Wallet,Expense 4889,Ola,Jaipur
4890,2025-09-27,Entertainment,2800.0,9.0,7372.0,Debit Card,Expense 4890,Uber,Mumbai
4891,2025-09-14,Education,16354.0,6.0,51703.0,Wallet,Expense 4891,Medical Store,Vadodara
4892,2025-04-01,Transport,19929.0,13.0,15318.0,UPI,Expense 4892,,Jaipur
4893,2025-04-04,Entertainment,6876.0,9.0,57685.0,UPI,Expense 4893,DMart,Jaipur
4894,2025-01-17,Fuel,11145.0,11.0,57091.0,UPI,Expense 4894,Uber,Vadodara
4895,2025-08-15,Education,1348.0,1.0,33049.0,Wallet,Expense 4895,Big Bazaar,Jaipur
4896,2025-04-04,Health,10870.0,,39292.0,Wallet,Expense 4896,Big Bazaar,Jaipur
4897,2025-11-08,Education,10770.0,4.0,26674.0,Wallet,Expense 4897,Big Bazaar,Ahmedabad
4898,2025-11-27,Rent,5553.0,15.0,16939.0,Net Banking,Expense 4898,Medical Store,Pune
4899,2025-06-08,Health,16488.0,8.0,5840.0,UPI,Expense 4899,Amazon,Hyderabad
4900,2025-04-10,Shopping,10500.0,14.0,53265.0,Wallet,Expense 4900,Amazon,Delhi
4901,2025-04-14,Bills,567.0,10.0,17222.0,UPI,Expense 4901,Swiggy,Delhi
4902,2025-08-19,Food,10695.0,6.0,57069.0,Credit Card,Expense 4902,Medical Store,Pune
4903,2025-09-24,Education,8416.0,3.0,41253.0,Net Banking,Expense 4903,Big Bazaar,Bangalore
4904,2025-09-12,Education,11790.0,7.0,22643.0,Wallet,Expense 4904,DMart,Jaipur
4905,2025-11-27,Rent,10983.0,8.0,49722.0,Wallet,Expense 4905,Medical Store,Pune
4906,2025-08-06,Transport,7077.0,1.0,41795.0,Credit Card,Expense 4906,Zomato,Mumbai
4907,2025-09-03,Travel,14139.0,5.0,52233.0,Credit Card,Expense 4907,Big Bazaar,Ahmedabad
4908,2025-02-05,Medical,7896.0,2.0,22493.0,UPI,Expense 4908,Zomato,Hyderabad
4909,2025-05-11,Fuel,5267.0,10.0,16895.0,Cash,Expense 4909,Swiggy,Rajkot
4910,2025-09-21,Transport,10060.0,3.0,23030.0,Net Banking,Expense 4910,Big Bazaar,Surat
4911,2025-06-06,Rent,19775.0,3.0,25189.0,Cash,Expense 4911,,Jaipur
4912,2025-07-12,Rent,9860.0,14.0,41126.0,Wallet,Expense 4912,Reliance Fresh,Vadodara
4913,2025-01-16,Groceries,18956.0,10.0,25622.0,UPI,Expense 4913,Reliance Fresh,Vadodara
4914,2025-02-03,Rent,17281.0,,20542.0,Wallet,Expense 4914,Medical Store,Vadodara
4915,2025-10-17,Health,12073.0,2.0,24344.0,Net Banking,Expense 4915,Swiggy,Hyderabad
4916,2025-01-06,Health,3622.0,11.0,20592.0,Net Banking,Expense 4916,DMart,Vadodara
4917,2025-10-11,Groceries,18836.0,6.0,12278.0,Cash,Expense 4917,Amazon,Delhi
4918,2025-11-03,Entertainment,12356.0,15.0,5460.0,Credit Card,Expense 4918,Big Bazaar,Mumbai
4919,2025-11-03,Education,,15.0,51164.0,UPI,Expense 4919,,Surat
4920,2025-01-25,Shopping,17854.0,14.0,32797.0,Cash,Expense 4920,Medical Store,Rajkot
4921,2025-06-27,Medical,2426.0,4.0,22660.0,Net Banking,Expense 4921,Amazon,Ahmedabad
4922,2025-01-08,Groceries,,1.0,40598.0,Credit Card,Expense 4922,Uber,Vadodara
4923,2025-01-14,Education,14471.0,,33927.0,Debit Card,Expense 4923,Big Bazaar,Hyderabad
4924,2025-11-14,Bills,1584.0,11.0,6525.0,Wallet,Expense 4924,Reliance Fresh,Mumbai
4925,2025-08-08,Food,7819.0,15.0,35274.0,Net Banking,Expense 4925,Uber,Mumbai
4926,2025-11-07,Bills,9796.0,6.0,15067.0,Wallet,Expense 4926,Big Bazaar,Mumbai
4927,2025-05-22,Travel,2693.0,1.0,7955.0,Debit Card,Expense 4927,Medical Store,Mumbai
4928,2025-08-04,Fuel,4070.0,2.0,15238.0,Net Banking,Expense 4928,Big Bazaar,Bangalore
4929,2025-10-23,Fuel,19323.0,12.0,40650.0,UPI,Expense 4929,Medical Store,Mumbai
4930,2025-06-26,Rent,10840.0,10.0,39008.0,Wallet,Expense 4930,Swiggy,Surat
4931,2025-05-23,Travel,8410.0,1.0,7758.0,Wallet,Expense 4931,Uber,Jaipur
4932,2025-08-12,Health,19707.0,7.0,24897.0,UPI,Expense 4932,Zomato,Ahmedabad
4933,2025-10-27,Groceries,19435.0,8.0,33816.0,Wallet,Expense 4933,Ola,Hyderabad
4934,2025-09-20,Travel,16546.0,15.0,9655.0,Net Banking,,Amazon,Surat
4935,2025-11-28,Entertainment,13380.0,6.0,10042.0,Cash,Expense 4935,Zomato,Delhi
4936,2025-05-16,Medical,6821.0,6.0,32064.0,Net Banking,Expense 4936,Ola,Jaipur
4937,2025-08-01,Medical,6094.0,4.0,55527.0,Credit Card,Expense 4937,Ola,Bangalore
4938,2025-11-09,Rent,15839.0,2.0,23608.0,Cash,Expense 4938,,Hyderabad
4939,2025-04-14,Transport,152.0,15.0,42825.0,Net Banking,Expense 4939,Flipkart,Bangalore
4940,2025-09-26,Rent,17917.0,4.0,,Debit Card,Expense 4940,Medical Store,Mumbai
4941,2025-03-20,Fuel,5606.0,8.0,16470.0,Net Banking,Expense 4941,Zomato,Jaipur
4942,2025-12-05,Food,14911.0,3.0,56127.0,Wallet,Expense 4942,Reliance Fresh,Pune
4943,2025-01-20,Rent,13343.0,13.0,,Credit Card,Expense 4943,Flipkart,Ahmedabad
4944,2025-05-22,Food,1695.0,11.0,52467.0,Debit Card,Expense 4944,DMart,Delhi
4945,2025-02-19,Entertainment,17107.0,2.0,29762.0,Cash,Expense 4945,Amazon,Mumbai
4946,2025-12-14,Fuel,7228.0,4.0,43686.0,Wallet,Expense 4946,Reliance Fresh,Pune
4947,2025-10-23,Transport,8364.0,2.0,46970.0,Cash,Expense 4947,Big Bazaar,Delhi
4948,2025-02-21,Groceries,4468.0,2.0,50146.0,Wallet,Expense 4948,Zomato,Ahmedabad
4949,2025-11-03,Bills,8050.0,1.0,28893.0,Cash,Expense 4949,Ola,Rajkot
4950,2025-12-16,Groceries,7277.0,6.0,16747.0,UPI,,Big Bazaar,Mumbai
4951,2025-02-05,Bills,19471.0,,16073.0,Debit Card,Expense 4951,Ola,Delhi
4952,2025-12-17,Travel,643.0,10.0,43907.0,Debit Card,Expense 4952,Reliance Fresh,Mumbai
4953,2025-12-15,Fuel,15457.0,15.0,18167.0,Credit Card,Expense 4953,Uber,Jaipur
4954,2025-04-04,Health,17052.0,,32927.0,Net Banking,Expense 4954,Reliance Fresh,Jaipur
4955,2025-10-06,Groceries,11696.0,15.0,44973.0,Net Banking,Expense 4955,Amazon,Mumbai
4956,2025-11-05,Rent,18786.0,13.0,20319.0,Debit Card,Expense 4956,DMart,Pune
4957,2025-07-22,Health,10506.0,,55468.0,Cash,Expense 4957,Amazon,Surat
4958,2025-02-01,Fuel,17251.0,9.0,50241.0,Cash,Expense 4958,Amazon,Bangalore
4959,2025-10-17,Transport,16597.0,1.0,15954.0,Net Banking,,Zomato,Pune
4960,2025-09-17,Fuel,2137.0,3.0,15200.0,Wallet,,Big Bazaar,Mumbai
4961,2025-10-17,Fuel,3333.0,10.0,47428.0,Debit Card,Expense 4961,Medical Store,Vadodara
4962,2025-10-20,Food,14079.0,6.0,21917.0,Debit Card,Expense 4962,Zomato,Mumbai
4963,2025-07-04,Health,2159.0,3.0,35963.0,Cash,Expense 4963,Medical Store,Ahmedabad
4964,2025-05-06,Groceries,12846.0,9.0,14365.0,Credit Card,Expense 4964,Big Bazaar,Delhi
4965,2025-06-10,Travel,16702.0,7.0,,Credit Card,Expense 4965,Big Bazaar,Hyderabad
4966,2025-12-11,Entertainment,11224.0,10.0,46667.0,Net Banking,Expense 4966,Medical Store,Hyderabad
4967,2025-04-25,Entertainment,9883.0,6.0,34169.0,Credit Card,Expense 4967,Flipkart,Delhi
4968,2025-08-24,Travel,,10.0,7693.0,Debit Card,,Medical Store,Bangalore
4969,2025-01-21,Bills,4241.0,5.0,39102.0,UPI,,Uber,Hyderabad
4970,2025-12-09,Shopping,14202.0,14.0,24200.0,Credit Card,Expense 4970,Amazon,Pune
4971,2025-05-27,Rent,,15.0,28340.0,Net Banking,Expense 4971,Amazon,Jaipur
4972,2025-08-20,Education,14376.0,2.0,9677.0,Debit Card,Expense 4972,Zomato,Hyderabad
4973,2025-02-03,Groceries,19177.0,1.0,50723.0,Cash,Expense 4973,,Ahmedabad
4974,2025-02-25,Medical,,,8314.0,Wallet,Expense 4974,Amazon,Jaipur
4975,2025-03-08,Health,5200.0,15.0,12821.0,UPI,Expense 4975,Zomato,Bangalore
4976,2025-11-03,Health,17752.0,1.0,9698.0,Wallet,Expense 4976,Reliance Fresh,Pune
4977,2025-01-20,Health,17688.0,12.0,52422.0,Wallet,Expense 4977,DMart,Ahmedabad
4978,2025-10-16,Medical,19218.0,6.0,13164.0,Credit Card,Expense 4978,Medical Store,Mumbai
4979,2025-09-10,Travel,2454.0,15.0,6519.0,Net Banking,Expense 4979,Zomato,Hyderabad
4980,2025-09-14,Transport,,9.0,52112.0,Wallet,Expense 4980,Flipkart,Mumbai
4981,2025-10-23,Shopping,508.0,5.0,31955.0,Net Banking,Expense 4981,Swiggy,Hyderabad
4982,2025-12-19,Shopping,8994.0,6.0,51663.0,Credit Card,Expense 4982,Uber,Bangalore
4983,2025-08-24,Travel,9752.0,9.0,27611.0,UPI,Expense 4983,Amazon,Ahmedabad
4984,2025-11-13,Food,11000.0,13.0,11685.0,UPI,Expense 4984,Uber,Hyderabad
4985,2025-07-11,Fuel,12773.0,11.0,19080.0,UPI,Expense 4985,Reliance Fresh,Mumbai
4986,2025-12-02,Rent,11193.0,7.0,32319.0,Wallet,Expense 4986,Uber,Hyderabad
4987,2025-05-09,Fuel,8176.0,12.0,32522.0,Wallet,Expense 4987,DMart,Surat
4988,2025-01-15,Medical,931.0,1.0,27133.0,Net Banking,Expense 4988,Big Bazaar,Mumbai
4989,2025-04-13,Medical,1003.0,8.0,33746.0,Cash,Expense 4989,Swiggy,Vadodara
4990,2025-01-19,Travel,15615.0,1.0,42019.0,Credit Card,Expense 4990,,Mumbai
4991,2025-09-20,Shopping,19187.0,15.0,36222.0,UPI,Expense 4991,Uber,Rajkot
4992,2025-02-24,Bills,,9.0,11070.0,UPI,Expense 4992,Medical Store,Ahmedabad
4993,2025-07-15,Health,13775.0,13.0,53745.0,Net Banking,Expense 4993,Swiggy,Jaipur
4994,2025-10-07,Shopping,17995.0,1.0,50129.0,UPI,Expense 4994,Zomato,Jaipur
4995,2025-09-25,Shopping,13552.0,9.0,25135.0,Debit Card,Expense 4995,Zomato,Ahmedabad
4996,2025-11-04,Travel,10752.0,4.0,7061.0,Debit Card,Expense 4996,Reliance Fresh,Bangalore
4997,2025-10-04,Shopping,19394.0,9.0,12533.0,Debit Card,Expense 4997,Ola,Delhi
4998,2025-08-19,Bills,9745.0,9.0,30539.0,Net Banking,Expense 4998,Zomato,Surat
4999,2025-09-03,Entertainment,8851.0,10.0,55285.0,Debit Card,Expense 4999,Uber,Surat
5000,2025-06-07,Groceries,4855.0,,40859.0,Net Banking,Expense 5000,Flipkart,Rajkot
